ikey,logHenrycc,source
BSYVTEYKTMYBMK-UHFFFAOYSA-N,6.778151250383644,meta37-model
BVAKDOXCVSMKHE-UHFFFAOYSA-N,-2.2365720064370627,meta37-model
IXAVTTRPEXFVSX-UHFFFAOYSA-N,-2.528493501642788,GuthrieSolv-reconciled
ITQTTZVARXURQS-UHFFFAOYSA-N,3.4124550340805593,GuthrieSolv-reconciled
RFZHJHSNHYIRNE-UHFFFAOYSA-N,3.3147151226137264,GuthrieSolv-reconciled
NMWKWBPNKPGATC-UHFFFAOYSA-N,6.730680467950897,GuthrieSolv-reconciled
ASWVTGNCAZCNNR-UHFFFAOYSA-N,10.897627091290442,meta37-model
GZUXJHMPEANEGY-UHFFFAOYSA-N,0.5457836885557581,GuthrieSolv-reconciled
AFPHTEQTJZKQAQ-UHFFFAOYSA-N,5.642362549821772,GuthrieSolv-reconciled
KXRPCFINVWWFHQ-UHFFFAOYSA-N,4.2377612238221465,GuthrieSolv-reconciled
VPRAQYXPZIFIOH-UHFFFAOYSA-N,8.47734917253366,GuthrieSolv-reconciled
PRBHEGAFLDMLAL-UHFFFAOYSA-N,-0.6777807052660807,meta37-model
WGVYCXYGPNNUQA-UHFFFAOYSA-N,1.505149978319906,meta37-model
XOKSLPVRUOBDEW-UHFFFAOYSA-N,-1.154901959985743,meta37-model
ZDXMLEQEMNLCQG-UHFFFAOYSA-N,16.30102999566398,meta37-model
NDSBDLSWTGLNQA-UHFFFAOYSA-N,4.778151250383644,meta37-model
MUDSDYNRBDKLGK-UHFFFAOYSA-N,4.505149978319906,meta37-model
ZQBFAOFFOQMSGJ-UHFFFAOYSA-N,0.146128035678238,meta37-model
SEGLCEQVOFDUPX-UHFFFAOYSA-N,5.778151250383644,meta37-model
FKERUJTUOYLBKB-UHFFFAOYSA-N,7.956914003281807,GuthrieSolv-reconciled
XYBSIYMGXVUVGY-UHFFFAOYSA-N,3.355221288766486,GuthrieSolv-reconciled
ZQUPQXINXTWCQR-UHFFFAOYSA-N,2.354296845047214,GuthrieSolv-reconciled
YATIGPZCMOYEGE-UHFFFAOYSA-N,4.653212513775344,meta37-model
LPSROTXXMWXWOK-UHFFFAOYSA-N,3.307705613035127,GuthrieSolv-reconciled
GSPFUBNBRPVALJ-UHFFFAOYSA-N,11.5910646070265,meta37-model
XAMUDJHXFNRLCY-UHFFFAOYSA-N,6.480056033966662,GuthrieSolv-reconciled
NCKMMSIFQUPKCK-UHFFFAOYSA-N,6.959041392321094,meta37-model
LOCWBQIWHWIRGN-UHFFFAOYSA-N,6.31482735566321,GuthrieSolv-reconciled
SBASXUCJHJRPEV-UHFFFAOYSA-N,5.927008205551262,GuthrieSolv-reconciled
YRHYCMZPEVDGFQ-UHFFFAOYSA-N,1.0879242001167715,GuthrieSolv-reconciled
GBONVOIRPAJSLA-UHFFFAOYSA-N,3.0791812460476247,meta37-model
QPFMBZIOSGYJDE-UHFFFAOYSA-N,1.6814528377835192,GuthrieSolv-reconciled
UWKAYLJWKGQEPM-UHFFFAOYSA-N,2.579009296297209,GuthrieSolv-reconciled
HMKKIXGYKWDQSV-UHFFFAOYSA-N,3.4913616938342726,meta37-model
UENWRTRMUIOCKN-UHFFFAOYSA-N,2.0791812460476247,meta37-model
OZHJEQVYCBTHJT-UHFFFAOYSA-N,3.0,meta37-model
NEKOXWSIMFDGMA-UHFFFAOYSA-N,2.328496645558415,GuthrieSolv-reconciled
OZCMOJQQLBXBKI-UHFFFAOYSA-N,0.9417727577044751,GuthrieSolv-reconciled
DNRJTBAOUJJKDY-UHFFFAOYSA-N,2.230448921378274,meta37-model
PJGJQVRXEUVAFT-UHFFFAOYSA-N,1.402887354222093,GuthrieSolv-reconciled
OWZREIFADZCYQD-UHFFFAOYSA-N,3.690196080028514,meta37-model
AZLAWGCUDHUQDB-UHFFFAOYSA-N,-2.5382341329651212,GuthrieSolv-reconciled
ALKYHXVLJMQRLQ-UHFFFAOYSA-N,7.230448921378274,meta37-model
URFPRAHGGBYNPW-UHFFFAOYSA-N,0.8920946026904804,meta37-model
IKXILDNPCZPPRV-UHFFFAOYSA-N,6.4623979978989565,meta37-model
SUBDBMMJDZJVOS-UHFFFAOYSA-N,16.913813852383715,meta37-model
VJYIFXVZLXQVHO-UHFFFAOYSA-N,12.54931151340689,GuthrieSolv-reconciled
WZHKDGJSXCTSCK-UHFFFAOYSA-N,-1.6575889576745524,GuthrieSolv-reconciled
NWPNXBQSRGKSJB-UHFFFAOYSA-N,3.2303585482035757,GuthrieSolv-reconciled
LRHPLDYGYMQRHN-UHFFFAOYSA-N,3.368024091038663,GuthrieSolv-reconciled
WZDDLAZXUYIVMU-UHFFFAOYSA-N,-0.0665092601273947,GuthrieSolv-reconciled
YBUGOACXDPDUIR-UHFFFAOYSA-N,3.983097082416379,GuthrieSolv-reconciled
OLTYAGNRSNFHLK-UHFFFAOYSA-N,2.863322860120456,meta37-model
FINOAUDUYKVGDS-UHFFFAOYSA-N,1.3979400086720375,meta37-model
MLUCVPSAIODCQM-UHFFFAOYSA-N,3.0435337830232116,GuthrieSolv-reconciled
AZASWMGVGQEVCS-UHFFFAOYSA-N,2.146128035678238,meta37-model
LXIZRZRTWSDLKK-UHFFFAOYSA-N,8.778151250383644,meta37-model
CYEKUDPFXBLGHH-UHFFFAOYSA-N,4.909642735065509,GuthrieSolv-reconciled
KUFFULVDNCHOFZ-UHFFFAOYSA-N,4.290938192680494,GuthrieSolv-reconciled
JBIJLHTVPXGSAM-UHFFFAOYSA-N,5.366804359408714,GuthrieSolv-reconciled
ZVQXQPNJHRNGID-UHFFFAOYSA-N,5.672097857935717,meta37-model
WLLGXSLBOPFWQV-UHFFFAOYSA-N,4.939519252618618,meta37-model
VBCVPMMZEGZULK-UHFFFAOYSA-N,7.568201724066995,meta37-model
FCEHBMOGCRZNNI-UHFFFAOYSA-N,2.0,meta37-model
WFJIVOKAWHGMBH-UHFFFAOYSA-N,7.973127853599698,meta37-model
KWOLFJPFCHCOCG-UHFFFAOYSA-N,3.274636063896986,GuthrieSolv-reconciled
QNRMTGGDHLBXQZ-UHFFFAOYSA-N,-0.4950904102463957,GuthrieSolv-reconciled
DOWJXOHBNXRUOD-UHFFFAOYSA-N,2.6599208327386914,GuthrieSolv-reconciled
XXMIOPMDWAUFGU-UHFFFAOYSA-N,8.041392685158225,meta37-model
BZNDWPRGXNILMS-VQHVLOKHSA-N,5.546546033541053,GuthrieSolv-reconciled
POOSGDOYLQNASK-UHFFFAOYSA-N,-4.107905397309519,meta37-model
KVNYFPKFSJIPBJ-UHFFFAOYSA-N,0.921221176276485,GuthrieSolv-reconciled
FXTKWBZFNQHAAO-UHFFFAOYSA-N,5.230448921378274,meta37-model
XITQUSLLOSKDTB-UHFFFAOYSA-N,3.9138138523837167,meta37-model
FLMIYUXOBAUKJM-UHFFFAOYSA-N,2.672097857935717,meta37-model
CFBYEGUGFPZCNF-UHFFFAOYSA-N,4.665163021518726,GuthrieSolv-reconciled
NTDQQZYCCIDJRK-UHFFFAOYSA-N,3.505149978319906,meta37-model
OSASVXMJTNOKOY-UHFFFAOYSA-N,4.041392685158225,meta37-model
WRMNZCZEMHIOCP-UHFFFAOYSA-N,4.871615909265689,GuthrieSolv-reconciled
VOZKAJLKRJDJLL-UHFFFAOYSA-N,7.414973347970818,meta37-model
KRTSDMXIXPKRQR-UHFFFAOYSA-N,10.57978359661681,meta37-model
OEYKUHBCPJRXGZ-UHFFFAOYSA-N,1.259108453156578,GuthrieSolv-reconciled
MPPOHAUSNPTFAJ-UHFFFAOYSA-N,6.818357543024417,GuthrieSolv-reconciled
XKYICAQFSCFURC-UHFFFAOYSA-N,1.4975909522809265,GuthrieSolv-reconciled
DJHHDLMTUOLVHY-UHFFFAOYSA-N,2.951157649231358,GuthrieSolv-reconciled
DCOPUUMXTXDBNB-UHFFFAOYSA-N,2.5573907732046894,GuthrieSolv-reconciled
RULKYXXCCZZKDZ-UHFFFAOYSA-N,3.612348527661064,GuthrieSolv-reconciled
QHOQHJPRIBSPCY-UHFFFAOYSA-N,4.504811210111563,GuthrieSolv-reconciled
LINPIYWFGCPVIE-UHFFFAOYSA-N,3.862739151281717,GuthrieSolv-reconciled
HORIEOQXBKUKGQ-UHFFFAOYSA-N,2.531478917042255,meta37-model
PNDPGZBMCMUPRI-UHFFFAOYSA-N,1.8388490907372552,meta37-model
QQCWGAMGBCGAQJ-UHFFFAOYSA-N,-2.5964176156615566,GuthrieSolv-reconciled
XOOGZRUBTYCLHG-UHFFFAOYSA-N,-1.3498312369186967,GuthrieSolv-reconciled
PRKTYWJFCODJOA-UHFFFAOYSA-N,2.431363764158988,meta37-model
DJEUXBQAKBLKPO-UHFFFAOYSA-N,1.8641968209256297,GuthrieSolv-reconciled
FAGUFWYHJQFNRV-UHFFFAOYSA-N,17.913813852383715,meta37-model
JPMHUDBOKDBBLG-UHFFFAOYSA-N,2.113943352306837,meta37-model
SFRKSDZMZHIISH-UHFFFAOYSA-N,-2.0409586076789066,meta37-model
UCCUXODGPMAHRL-UHFFFAOYSA-N,0.5324624141014429,GuthrieSolv-reconciled
SPEUIVXLLWOEMJ-UHFFFAOYSA-N,3.4569650493058433,GuthrieSolv-reconciled
YMWUJEATGCHHMB-UHFFFAOYSA-N,0.949484718691235,GuthrieSolv-reconciled
NPFVOOAXDOBMCE-UHFFFAOYSA-N,1.8429865540641337,GuthrieSolv-reconciled
JXMYUMNAEKRMIP-UHFFFAOYSA-N,2.770852011642144,meta37-model
YXIWHUQXZSMYRE-UHFFFAOYSA-N,5.832508912706237,meta37-model
VHOGYURTWQBHIL-UHFFFAOYSA-N,8.301029995663981,meta37-model
AHJKRLASYNVKDZ-UHFFFAOYSA-N,3.568201724066995,meta37-model
YASAKCUCGLMORW-UHFFFAOYSA-N,12.146128035678238,meta37-model
DTQVDTLACAAQTR-UHFFFAOYSA-N,5.114423193269074,GuthrieSolv-reconciled
YOYAIZYFCNQIRF-UHFFFAOYSA-N,3.730774029656081,GuthrieSolv-reconciled
FFWSICBKRCICMR-UHFFFAOYSA-N,2.171868207766901,GuthrieSolv-reconciled
QXJQHYBHAIHNGG-UHFFFAOYSA-N,6.342422680822207,meta37-model
YKOLZVXSPGIIBJ-UHFFFAOYSA-N,0.0,meta37-model
JJXNVYMIYBNZQX-UHFFFAOYSA-N,5.2528066284716015,GuthrieSolv-reconciled
LDVVMCZRFWMZSG-UHFFFAOYSA-N,6.3766041989772235,GuthrieSolv-reconciled
GETTZEONDQJALK-UHFFFAOYSA-N,0.13929585417099408,GuthrieSolv-reconciled
JTXMVXSTHSMVQF-UHFFFAOYSA-N,5.385248698394381,GuthrieSolv-reconciled
INRBXOGZPDFCLQ-UHFFFAOYSA-N,3.0,meta37-model
JPOPEORRMSDUIP-UHFFFAOYSA-N,2.9745013347057006,GuthrieSolv-reconciled
SOBGIMQKWDUEPY-UHFFFAOYSA-N,3.7481880270062,meta37-model
RZJRJXONCZWCBN-UHFFFAOYSA-N,0.1495234734908575,GuthrieSolv-reconciled
TVYVQNHYIHAJTD-UHFFFAOYSA-N,1.462397997898956,meta37-model
UGAZGYFCTFGQQH-UHFFFAOYSA-N,2.740362689494244,meta37-model
JMMWKPVZQRWMSS-UHFFFAOYSA-N,1.8726144550649497,GuthrieSolv-reconciled
RIFKADJTWUGDOV-UHFFFAOYSA-N,2.7810025930914417,GuthrieSolv-reconciled
WQYFETFRIRDUPJ-UHFFFAOYSA-N,9.041392685158224,meta37-model
CBVFSZDQEHBJEQ-UHFFFAOYSA-N,-2.3808037075949646,GuthrieSolv-reconciled
LJIIBBYARMPSMT-UHFFFAOYSA-N,-2.5874310891161647,GuthrieSolv-reconciled
XVBWGQSXLITICX-UHFFFAOYSA-N,3.322219294733919,meta37-model
SCABKEBYDRTODC-UHFFFAOYSA-N,10.897627091290442,meta37-model
DSRNRYQBBJQVCW-UHFFFAOYSA-N,6.0668356547794,GuthrieSolv-reconciled
UQEAIHBTYFGYIE-UHFFFAOYSA-N,-2.219723499779126,GuthrieSolv-reconciled
YKHFZRXJMPLNTJ-UHFFFAOYSA-N,-1.4811090745251274,GuthrieSolv-reconciled
RPNFRXWGMTYOPA-UHFFFAOYSA-N,1.2299446958374538,GuthrieSolv-reconciled
GHXZTYHSJHQHIJ-UHFFFAOYSA-N,28.342422680822207,meta37-model
YLQWCDOCJODRMT-UHFFFAOYSA-N,4.556302500767287,meta37-model
VTTDWGUAWMLHPR-UHFFFAOYSA-N,2.3754644970040903,GuthrieSolv-reconciled
MJUJXFBTEFXVKU-UHFFFAOYSA-N,3.6232492903979,meta37-model
DQOHPSPKVODKLV-UHFFFAOYSA-N,-3.3425849407619608,GuthrieSolv-reconciled
SDAXRHHPNYTELL-UHFFFAOYSA-N,2.6020599913279625,meta37-model
BEIWUHUHJDEMQO-UHFFFAOYSA-N,2.90848501887865,meta37-model
DDBREPKUVSBGFI-UHFFFAOYSA-N,12.146128035678238,meta37-model
MNHVNIJQQRJYDH-UHFFFAOYSA-N,7.732393759822968,meta37-model
BDCFWIDZNLCTMF-UHFFFAOYSA-N,4.806179973983888,meta37-model
UFHLMYOGRXOCSL-UHFFFAOYSA-N,2.4220629205642124,GuthrieSolv-reconciled
TZNRRNKRZXHADL-UHFFFAOYSA-N,-1.958607314841775,meta37-model
CTQNGGLPUBDAKN-UHFFFAOYSA-N,0.6079550483027886,GuthrieSolv-reconciled
LJSQFQKUNVCTIA-UHFFFAOYSA-N,0.9870342167567067,GuthrieSolv-reconciled
PDMFRPIFZAKMLH-UHFFFAOYSA-N,3.230448921378274,meta37-model
KJFMBFZCATUALV-UHFFFAOYSA-N,13.431363764158988,meta37-model
QANMHLXAZMSUEX-UHFFFAOYSA-N,12.30102999566398,meta37-model
QDGZDCVAUDNJFG-UHFFFAOYSA-N,19.17609125905568,meta37-model
CUILPNURFADTPE-UHFFFAOYSA-N,3.505149978319906,meta37-model
AEMRFAOFKBGASW-UHFFFAOYSA-N,-2.127199544473454,GuthrieSolv-reconciled
BCTQJXQXJVLSIG-UHFFFAOYSA-N,6.138718481880723,GuthrieSolv-reconciled
RAUWPNXIALNKQM-UHFFFAOYSA-N,9.518513939877888,meta37-model
KLIHYVJAYWCEDM-UHFFFAOYSA-N,5.32221929473392,meta37-model
PGFXOWRDDHCDTE-UHFFFAOYSA-N,-1.6575773191777938,meta37-model
IRSCQMHQWWYFCW-UHFFFAOYSA-N,21.204119982655925,meta37-model
ZLCUIOWQYBYEBG-UHFFFAOYSA-N,10.30102999566398,meta37-model
SQNZJJAZBFDUTD-UHFFFAOYSA-N,0.013698483069354598,GuthrieSolv-reconciled
DQWPFSLDHJDLRL-UHFFFAOYSA-N,5.419277473033768,GuthrieSolv-reconciled
OPTASPLRGRRNAP-UHFFFAOYSA-N,7.0895204878709945,GuthrieSolv-reconciled
FTPXXARYDFWPGE-UHFFFAOYSA-N,3.255272505103306,meta37-model
CTFRWEPMHUGVMM-UHFFFAOYSA-N,5.826074802700826,meta37-model
PAZDSSMTPLLLIR-UHFFFAOYSA-N,2.949390006644913,meta37-model
OMFRMAHOUUJSGP-UNOMPAQXSA-N,4.3434469466364565,GuthrieSolv-reconciled
RUFPHBVGCFYCNW-UHFFFAOYSA-N,5.22917571065157,GuthrieSolv-reconciled
LQQYOLMGDBGEBC-UHFFFAOYSA-N,3.361727836017593,meta37-model
NWOYYECMNBWCNK-UHFFFAOYSA-N,1.5314789170422551,meta37-model
JEEQUUSFXYRPRK-UHFFFAOYSA-N,-2.5185553435431136,GuthrieSolv-reconciled
BIAVIOIDPRPYJK-UHFFFAOYSA-N,3.0,meta37-model
SVTBMSDMJJWYQN-UHFFFAOYSA-N,4.785329835010767,meta37-model
YAXKTBLXMTYWDQ-UHFFFAOYSA-N,12.863322860120457,meta37-model
CXBMCYHAMVGWJQ-UHFFFAOYSA-N,6.187109091393986,GuthrieSolv-reconciled
QIGBRXMKCJKVMJ-UHFFFAOYSA-N,7.262183853314346,GuthrieSolv-reconciled
XFDJMIHUAHSGKG-UHFFFAOYSA-N,3.763427993562937,meta37-model
PHTQWCKDNZKARW-UHFFFAOYSA-N,3.1615894811871033,GuthrieSolv-reconciled
HPYNZHMRTTWQTB-UHFFFAOYSA-N,3.4490525725931813,GuthrieSolv-reconciled
WSORODGWGUUOBO-UHFFFAOYSA-N,10.146128035678238,meta37-model
SMYMJHWAQXWPDB-UHFFFAOYSA-N,5.54184040564162,GuthrieSolv-reconciled
UEXCJVNBTNXOEH-UHFFFAOYSA-N,1.4929636758999922,GuthrieSolv-reconciled
HARQWLDROVMFJE-UHFFFAOYSA-N,4.079181246047625,meta37-model
LQZZUXJYWNFBMV-UHFFFAOYSA-N,2.8794377977495937,GuthrieSolv-reconciled
DNJIEGIFACGWOD-UHFFFAOYSA-N,0.8925352322905491,GuthrieSolv-reconciled
RTNLUFLDZOAXIC-UHFFFAOYSA-N,1.5185139398778875,meta37-model
KYCZJIBOPKRSOV-UHFFFAOYSA-N,-2.3414460623943048,GuthrieSolv-reconciled
UAHWPYUMFXYFJY-UHFFFAOYSA-N,-0.3719610431307896,GuthrieSolv-reconciled
FITQCDWGUKECBJ-UHFFFAOYSA-N,3.113943352306837,meta37-model
QEPTXDCPBXMWJC-UHFFFAOYSA-N,1.8976270912904407,meta37-model
ROTONRWJLXYJBD-UHFFFAOYSA-N,6.112974893515348,GuthrieSolv-reconciled
MHAJPDPJQMAIIY-UHFFFAOYSA-N,6.229803273213572,GuthrieSolv-reconciled
JCTXKRPTIMZBJT-UHFFFAOYSA-N,4.531478917042255,meta37-model
RRRXPPIDPYTNJG-UHFFFAOYSA-N,-1.853871964321762,meta37-model
IAVREABSGIHHMO-UHFFFAOYSA-N,6.840745843753468,GuthrieSolv-reconciled
MGOHCFMYLBAPRN-UHFFFAOYSA-N,9.431363764158988,meta37-model
CTMHWPIWNRWQEG-UHFFFAOYSA-N,-0.5283009939817421,GuthrieSolv-reconciled
SXCBDZAEHILGLM-UHFFFAOYSA-N,7.690196080028514,meta37-model
AVOLBYOSCILFLL-UHFFFAOYSA-N,3.724275869600789,meta37-model
BUKLLCIUMZELOH-UHFFFAOYSA-N,2.728133433178482,GuthrieSolv-reconciled
WNQKLIFDPFSPIZ-UHFFFAOYSA-N,3.568201724066995,meta37-model
GYFAGKUZYNFMBN-UHFFFAOYSA-N,4.792674928479189,GuthrieSolv-reconciled
OGRAOKJKVGDSFR-UHFFFAOYSA-N,-0.050870844756030924,GuthrieSolv-reconciled
PPQNQXQZIWHJRB-UHFFFAOYSA-N,3.6720978579357175,meta37-model
QBYJBZPUGVGKQQ-AQGYCGNHSA-N,2.614049267075657,GuthrieSolv-reconciled
XTLMVJUSIANHND-UHFFFAOYSA-N,2.8920946026904804,meta37-model
KXGYBSNVFXBPNO-UHFFFAOYSA-N,6.007318818014461,GuthrieSolv-reconciled
PQHZWWBJPCNNGI-UHFFFAOYSA-N,1.2867376925765959,GuthrieSolv-reconciled
NSPMIYGKQJPBQR-UHFFFAOYSA-N,4.204119982655925,meta37-model
BFPYWIDHMRZLRN-UHFFFAOYSA-N,9.491361693834271,meta37-model
MWFMGBPGAXYFAR-UHFFFAOYSA-N,5.301029995663981,meta37-model
XEGGRYVFLWGFHI-UHFFFAOYSA-N,5.711653934733602,GuthrieSolv-reconciled
SIEILFNCEFEENQ-UHFFFAOYSA-N,6.748188027006201,meta37-model
WIMBRKMSNRCNMP-UHFFFAOYSA-N,-3.3221144038917854,GuthrieSolv-reconciled
SGHBRHKBCLLVCI-UHFFFAOYSA-N,6.951901928744365,GuthrieSolv-reconciled
UFBJCMHMOXMLKC-UHFFFAOYSA-N,5.295638678131476,GuthrieSolv-reconciled
UDSJPFPDKCMYBD-UHFFFAOYSA-N,9.182764498871643,GuthrieSolv-reconciled
HIILBTHBHCLUER-UHFFFAOYSA-N,0.146128035678238,meta37-model
VAIZTNZGPYBOGF-UHFFFAOYSA-N,4.742244137178256,GuthrieSolv-reconciled
PUIYMUZLKQOUOZ-UHFFFAOYSA-N,8.020816812413374,GuthrieSolv-reconciled
HVBSAKJJOYLTQU-UHFFFAOYSA-N,10.431363764158988,meta37-model
KGKGSIUWJCAFPX-UHFFFAOYSA-N,7.784946304252312,GuthrieSolv-reconciled
CMWTZPSULFXXJA-UHFFFAOYSA-N,3.8000539890246268,GuthrieSolv-reconciled
HKTCLPBBJDIBGF-UHFFFAOYSA-N,2.0317335962287015,GuthrieSolv-reconciled
LFYXNXGVLGKVCJ-UHFFFAOYSA-N,2.2907622699266508,GuthrieSolv-reconciled
MCVUKOYZUCWLQQ-UHFFFAOYSA-N,-0.8538719643217619,meta37-model
HKOOXMFOFWEVGF-UHFFFAOYSA-N,6.6435934155079455,GuthrieSolv-reconciled
HTVITOHKHWFJKO-UHFFFAOYSA-N,9.30102999566398,meta37-model
ICMAFTSLXCXHRK-UHFFFAOYSA-N,1.7804570646934257,GuthrieSolv-reconciled
SLZWBCGZQRRUNG-UHFFFAOYSA-N,5.732393759822968,meta37-model
FOQABOMYTOFLPZ-UHFFFAOYSA-N,11.265019988549716,GuthrieSolv-reconciled
ZUVPLKVDZNDZCM-UHFFFAOYSA-N,4.204119982655925,meta37-model
XMROPFQWHHUFFS-UHFFFAOYSA-N,-2.3906431164886466,GuthrieSolv-reconciled
LEVCDMVRVMUUKB-UHFFFAOYSA-N,4.828670402160108,GuthrieSolv-reconciled
NHTMVDHEPJAVLT-UHFFFAOYSA-N,-2.1180044169559986,GuthrieSolv-reconciled
QBKSWRVVCFFDOT-UHFFFAOYSA-N,26.041392685158225,meta37-model
ISRGONDNXBCDBM-UHFFFAOYSA-N,1.0791812460476249,meta37-model
JFKUBRAOUZEZSL-UHFFFAOYSA-N,4.131308925757279,GuthrieSolv-reconciled
WQRCEBAZAUAUQC-UHFFFAOYSA-N,5.973602381659294,GuthrieSolv-reconciled
DNVPQKQSNYMLRS-UHFFFAOYSA-N,2.1760912590556813,meta37-model
GTLACDSXYULKMZ-UHFFFAOYSA-N,-1.0604807473813815,meta37-model
GUYMMHOQXYZMJQ-UHFFFAOYSA-N,3.6020599913279625,meta37-model
GFXPLABVZOBCCW-UHFFFAOYSA-N,3.380211241711606,meta37-model
QJYHUJAGJUHXJN-UHFFFAOYSA-N,5.643452676486188,meta37-model
UDSFAEKRVUSQDD-UHFFFAOYSA-N,4.3979400086720375,meta37-model
FDAJTLLBHNHECW-UHFFFAOYSA-N,2.57978359661681,meta37-model
KKKDZZRICRFGSD-UHFFFAOYSA-N,3.877291368129098,GuthrieSolv-reconciled
YXVFYQXJAXKLAK-UHFFFAOYSA-N,4.2152022247248,GuthrieSolv-reconciled
KAVGMUDTWQVPDF-UHFFFAOYSA-N,-4.431798275933005,meta37-model
PSXCGTLGGVDWFU-UHFFFAOYSA-N,3.4273555796552335,GuthrieSolv-reconciled
BLLFVUPNHCTMSV-UHFFFAOYSA-N,2.568201724066995,meta37-model
WTTJVINHCBCLGX-UHFFFAOYSA-N,2.1760912590556813,meta37-model
GGOIYPAZTVTJBE-UHFFFAOYSA-N,3.380211241711606,meta37-model
UHXUZOCRWCRNSJ-UHFFFAOYSA-N,9.002755725549275,GuthrieSolv-reconciled
NBQCNZYJJMBDKY-UHFFFAOYSA-N,8.199159068959025,GuthrieSolv-reconciled
TVBNRFCUTVWHQB-UHFFFAOYSA-N,6.368880059579904,GuthrieSolv-reconciled
XTDKZSUYCXHXJM-UHFFFAOYSA-N,2.85293506982944,GuthrieSolv-reconciled
HCTKORQPUZCIAO-UHFFFAOYSA-N,1.807393025429228,GuthrieSolv-reconciled
RMGHERXMTMUMMV-UHFFFAOYSA-N,1.4088487285750888,GuthrieSolv-reconciled
IUQAXCIUEPFPSF-UHFFFAOYSA-N,13.146128035678238,meta37-model
BZHMBWZPUJHVEE-UHFFFAOYSA-N,-2.12408584697313,GuthrieSolv-reconciled
OAKJQQAXSVQMHS-UHFFFAOYSA-N,6.68971519837087,GuthrieSolv-reconciled
RWNKSTSCBHKHTB-UHFFFAOYSA-N,0.30693068084508435,GuthrieSolv-reconciled
WFVUIONFJOAYPK-UHFFFAOYSA-N,5.44468448391856,GuthrieSolv-reconciled
POFMQEVZKZVAPQ-UHFFFAOYSA-N,17.531478917042254,meta37-model
HGINCPLSRVDWNT-UHFFFAOYSA-N,2.225530592157157,GuthrieSolv-reconciled
CLWAXFZCVYJLLM-UHFFFAOYSA-N,-4.02213313811143,GuthrieSolv-reconciled
HKAPXAUCGXXUEA-UHFFFAOYSA-N,1.8986076996558785,GuthrieSolv-reconciled
HKDCIIMOALDWHF-UHFFFAOYSA-N,-3.0757544761626865,GuthrieSolv-reconciled
SUBRHHYLRGOTHL-UHFFFAOYSA-N,2.1135925368734085,GuthrieSolv-reconciled
CYRHBNRLQMLULE-UHFFFAOYSA-N,5.9084850188786495,meta37-model
RXUSYFJGDZFVND-UHFFFAOYSA-N,6.230448921378274,meta37-model
WVLBCYQITXONBZ-UHFFFAOYSA-N,6.256290657169003,GuthrieSolv-reconciled
FDAYLTPAFBGXAB-UHFFFAOYSA-N,3.113943352306837,meta37-model
IBYHHJPAARCAIE-UHFFFAOYSA-N,1.368239842102625,GuthrieSolv-reconciled
YNTOKMNHRPSGFU-UHFFFAOYSA-N,5.3979400086720375,meta37-model
QAIPRVGONGVQAS-UHFFFAOYSA-N,14.230448921378274,meta37-model
LBVDHZOJOFOXJM-UHFFFAOYSA-N,-6.698970004336019,meta37-model
ANUCHZVCBDOPOX-UHFFFAOYSA-N,7.113943352306837,meta37-model
MWPLVEDNUUSJAV-UHFFFAOYSA-N,3.004997039922906,GuthrieSolv-reconciled
RIOXQFHNBCKOKP-UHFFFAOYSA-N,9.522917681063532,GuthrieSolv-reconciled
IHIDFKLAWYPTKB-UHFFFAOYSA-N,2.0350217018401047,GuthrieSolv-reconciled
MTCFGRXMJLQNBG-UHFFFAOYSA-N,13.991226075692497,meta37-model
DGBIGWXXNGSACT-UHFFFAOYSA-N,10.544068044350276,meta37-model
PURSZYWBIQIANP-UHFFFAOYSA-N,1.6812412373755872,meta37-model
SVONRAPFKPVNKG-UHFFFAOYSA-N,3.6638100762440606,GuthrieSolv-reconciled
TUGYIJVAYAHHHM-UHFFFAOYSA-N,6.230448921378274,meta37-model
MKUXAQIIEYXACX-UHFFFAOYSA-N,19.88081359228079,meta37-model
OFCNXPDARWKPPY-UHFFFAOYSA-N,12.079181246047623,meta37-model
BSFZSQRJGZHMMV-UHFFFAOYSA-N,1.4771212547196624,meta37-model
TZBPRYIIJAJUOY-UHFFFAOYSA-N,2.8595283336268023,GuthrieSolv-reconciled
WURBVZBTWMNKQT-UHFFFAOYSA-N,8.371168816792785,GuthrieSolv-reconciled
CMVQZRLQEOAYSW-UHFFFAOYSA-N,3.3010299956639813,meta37-model
JGEGJYXHCFUMJF-UHFFFAOYSA-N,1.4854150704773035,GuthrieSolv-reconciled
FVHAWXWFPBPFOS-UHFFFAOYSA-N,2.681241237375587,meta37-model
JXHJNEJVUNHLKO-UHFFFAOYSA-N,4.12183070677896,GuthrieSolv-reconciled
QCFYJCYNJLBDRT-UHFFFAOYSA-N,2.641563811525698,GuthrieSolv-reconciled
AZXHAWRMEPZSSV-UHFFFAOYSA-N,2.234441189003846,GuthrieSolv-reconciled
ZXNBBWHRUSXUFZ-UHFFFAOYSA-N,2.8128915608845366,GuthrieSolv-reconciled
RURQAJURNPMSSK-QHCPKHFHSA-N,4.885638649692156,GuthrieSolv-reconciled
WENIXZFPXMQPQQ-UHFFFAOYSA-N,2.903089986991944,meta37-model
ZDWGXBPVPXVXMQ-UHFFFAOYSA-N,2.3010299956639813,meta37-model
VHVOLFRBFDOUSH-UHFFFAOYSA-N,-0.1674910872937636,meta37-model
IOPBNBSKOPJKEG-UHFFFAOYSA-N,0.7558748556724915,meta37-model
SDMSCIWHRZJSRN-UHFFFAOYSA-N,5.6020599913279625,meta37-model
NDFKTBCGKNOHPJ-UHFFFAOYSA-N,2.0791812460476247,meta37-model
VNWKTOKETHGBQD-UHFFFAOYSA-N,-1.4854552829755905,GuthrieSolv-reconciled
FWZUNOYOVVKUNF-UHFFFAOYSA-N,2.229129106998257,GuthrieSolv-reconciled
KMWHQWJVSALJAW-UHFFFAOYSA-N,3.041392685158225,meta37-model
TURXXOIFVABBPW-UHFFFAOYSA-N,3.591064607026499,meta37-model
GDOPTJXRTPNYNR-UHFFFAOYSA-N,-1.1981626016669398,GuthrieSolv-reconciled
CKDDYGBBKXIHRY-UHFFFAOYSA-N,-0.1023729087095585,meta37-model
AUGNBQPSMWGAJE-UHFFFAOYSA-N,2.1555974400702627,GuthrieSolv-reconciled
NDVASEGYNIMXJL-UHFFFAOYSA-N,-0.4000362044617198,GuthrieSolv-reconciled
DMSSTTLDFWKBSX-UHFFFAOYSA-N,7.880813592280791,meta37-model
MSXVEPNJUHWQHW-UHFFFAOYSA-N,3.16759798756342,GuthrieSolv-reconciled
BKIXWRBZCQEZAQ-UHFFFAOYSA-N,3.431363764158988,meta37-model
WNTGYJSOUMFZEP-UHFFFAOYSA-N,7.20668726831604,GuthrieSolv-reconciled
CXKCZFDUOYMOOP-UHFFFAOYSA-N,5.538884392208965,GuthrieSolv-reconciled
DCKVNWZUADLDEH-UHFFFAOYSA-N,1.6995218021666048,GuthrieSolv-reconciled
HVCNXQOWACZAFN-UHFFFAOYSA-N,5.99563519459755,meta37-model
IVRIRQXJSNCSPQ-UHFFFAOYSA-N,0.7708520116421442,meta37-model
DSLZVSRJTYRBFB-UHFFFAOYSA-N,10.730937378264995,GuthrieSolv-reconciled
CRCBRZBVCDKPGA-UHFFFAOYSA-N,1.2867376925765959,GuthrieSolv-reconciled
CHIHQLCVLOXUJW-UHFFFAOYSA-N,4.230448921378274,meta37-model
ACBMYYVZWKYLIP-UHFFFAOYSA-N,3.007460705995301,GuthrieSolv-reconciled
IROINLKCQGIITA-UHFFFAOYSA-N,6.35798565229764,GuthrieSolv-reconciled
IVUXTESCPZUGJC-UHFFFAOYSA-N,7.682974238395857,GuthrieSolv-reconciled
SJQBHPJLLIJASD-UHFFFAOYSA-N,8.707570176097937,meta37-model
FHUDAMLDXFJHJE-UHFFFAOYSA-N,3.4186471056770835,GuthrieSolv-reconciled
HRBKVYFZANMGRE-UHFFFAOYSA-N,3.787613035261816,GuthrieSolv-reconciled
NPWMZOGDXOFZIN-UHFFFAOYSA-N,6.3144067561620965,GuthrieSolv-reconciled
AAPVQEMYVNZIOO-UHFFFAOYSA-N,9.30102999566398,meta37-model
OGTZINCGZYXZCR-UHFFFAOYSA-N,3.447158031342219,meta37-model
CAUBBRCOHHHCNG-UHFFFAOYSA-N,1.8357948149753942,GuthrieSolv-reconciled
WXNZTHHGJRFXKQ-UHFFFAOYSA-N,5.037248236357568,GuthrieSolv-reconciled
UBJVUCKUDDKUJF-UHFFFAOYSA-N,1.3252298220060392,GuthrieSolv-reconciled
MCOQHIWZJUDQIC-UHFFFAOYSA-N,6.227611684299777,GuthrieSolv-reconciled
CRBJBYGJVIBWIY-UHFFFAOYSA-N,0.7585739405055293,GuthrieSolv-reconciled
RGRUUTLDBCWYBL-UHFFFAOYSA-N,3.146128035678238,meta37-model
RTJZWOGSCLVJLD-UHFFFAOYSA-N,2.041392685158225,meta37-model
PITWUHDDNUVBPT-UHFFFAOYSA-N,0.43565208594706606,GuthrieSolv-reconciled
IUTPYMGCWINGEY-UHFFFAOYSA-N,2.145430065603944,GuthrieSolv-reconciled
BBMCTIGTTCKYKF-UHFFFAOYSA-N,3.0199975872952396,GuthrieSolv-reconciled
ZKBKRTZIYOKNRG-UHFFFAOYSA-N,5.079181246047625,meta37-model
WHODQVWERNSQEO-UHFFFAOYSA-N,10.041392685158224,meta37-model
OUBMGJOQLXMSNT-UHFFFAOYSA-N,7.230448921378274,meta37-model
YCWRSOTXXJYCKF-UHFFFAOYSA-N,1.8831316094182275,GuthrieSolv-reconciled
BHFJBHMTEDLICO-UHFFFAOYSA-N,-3.4436974992327127,meta37-model
OHBQPCCCRFSCAX-UHFFFAOYSA-N,0.8450980400142568,meta37-model
XKJCHHZQLQNZHY-UHFFFAOYSA-N,4.725487646805875,GuthrieSolv-reconciled
GOCUAJYOYBLQRH-UHFFFAOYSA-N,4.815030108683709,GuthrieSolv-reconciled
VGVIKVCCUATMNG-UHFFFAOYSA-N,2.019575486744901,GuthrieSolv-reconciled
ZNQVEEAIQZEUHB-UHFFFAOYSA-N,4.749976946000418,GuthrieSolv-reconciled
XKRZDNKKANUBPV-UHFFFAOYSA-N,3.041392685158225,meta37-model
HQWKMYFWGMCJSW-UHFFFAOYSA-N,6.278753600952829,meta37-model
WTPYRCJDOZVZON-UHFFFAOYSA-N,1.6989700043360187,meta37-model
XTHFKEDIFFGKHM-UHFFFAOYSA-N,3.4513045060467222,GuthrieSolv-reconciled
XQQBUAPQHNYYRS-UHFFFAOYSA-N,0.955169978432451,GuthrieSolv-reconciled
URAYPUMNDPQOKB-UHFFFAOYSA-N,6.223984920968853,GuthrieSolv-reconciled
JLTDJTHDQAWBAV-UHFFFAOYSA-N,2.474466455954662,GuthrieSolv-reconciled
NDRKXFLZSRHAJE-UHFFFAOYSA-N,7.0,meta37-model
TYMLOMAKGOJONV-UHFFFAOYSA-N,7.391734922565388,GuthrieSolv-reconciled
MUTGBJKUEZFXGO-UHFFFAOYSA-N,3.0791812460476247,meta37-model
LRQYSMQNJLZKPS-UHFFFAOYSA-N,1.8602969999508259,GuthrieSolv-reconciled
YKBZOVFACRVRJN-UHFFFAOYSA-N,11.57978359661681,meta37-model
WFSMVVDJSNMRAR-UHFFFAOYSA-N,11.707570176097937,meta37-model
PQKBPHSEKWERTG-UHFFFAOYSA-N,6.106364352355716,GuthrieSolv-reconciled
HHOSMYBYIHNXNO-UHFFFAOYSA-N,-2.0262664253044016,GuthrieSolv-reconciled
IANQTJSKSUMEQM-UHFFFAOYSA-N,1.662757831681574,meta37-model
AHFMSNDOYCFEPH-UHFFFAOYSA-N,-1.2006594505464183,meta37-model
WFJSIIHYYLHRHB-UHFFFAOYSA-N,2.845098040014257,meta37-model
CGLVZFOCZLHKOH-UHFFFAOYSA-N,10.30102999566398,meta37-model
MFOCDFTXLCYLKU-UHFFFAOYSA-N,5.959041392321094,meta37-model
PGRHXDWITVMQBC-UHFFFAOYSA-N,4.857332496431268,meta37-model
ZFIQGRISGKSVAG-UHFFFAOYSA-N,7.748188027006201,meta37-model
MIJLZGZLQLAQCM-UHFFFAOYSA-N,8.932452034414732,GuthrieSolv-reconciled
KLOHTAIHCCMZIL-UHFFFAOYSA-N,-8.09151498112135,meta37-model
RPPNJBZNXQNKNM-UHFFFAOYSA-N,1.2041199826559248,meta37-model
HPNMFZURTQLUMO-UHFFFAOYSA-N,2.9085527585843045,GuthrieSolv-reconciled
VPWNQTHUCYMVMZ-UHFFFAOYSA-N,12.959041392321094,meta37-model
XTXRWKRVRITETP-UHFFFAOYSA-N,1.6558528027803225,GuthrieSolv-reconciled
OKCRKWVABWILDR-UHFFFAOYSA-N,-2.410321931375832,GuthrieSolv-reconciled
XBDQKXXYIPTUBI-UHFFFAOYSA-N,4.644817132025234,GuthrieSolv-reconciled
OAWAZQITIZDJRB-UHFFFAOYSA-N,5.785329835010767,meta37-model
DTCJYIIKPVRVDD-UHFFFAOYSA-N,-3.738830665518044,GuthrieSolv-reconciled
HXVNBWAKAOHACI-UHFFFAOYSA-N,1.9386911477244904,GuthrieSolv-reconciled
PIVBPZFQXKMHBD-UHFFFAOYSA-N,2.579075871285277,GuthrieSolv-reconciled
GOLXNESZZPUPJE-UHFFFAOYSA-N,1.6434526764861874,meta37-model
DIBSAOKDLIIVIB-UHFFFAOYSA-O,2.015753003936887,GuthrieSolv-reconciled
PCQCYDNFBUADOK-UHFFFAOYSA-N,2.9822712330395684,meta37-model
JVUSEQPOWCBYNG-UHFFFAOYSA-N,3.397940008672037,meta37-model
KDHCALLFPWZTPN-UHFFFAOYSA-N,-1.494850021680094,meta37-model
ALLOLPOYFRLCCX-UHFFFAOYSA-N,8.342422680822207,meta37-model
GXNNLIMMEXHBKV-UHFFFAOYSA-N,2.1406931767886537,GuthrieSolv-reconciled
UUZZMWZGAZGXSF-UHFFFAOYSA-N,2.9912260756924947,meta37-model
GYUVMLBYMPKZAZ-UHFFFAOYSA-N,6.041392685158225,meta37-model
ZNSMNVMLTJELDZ-UHFFFAOYSA-N,3.1160554046686504,GuthrieSolv-reconciled
LGNMURXRPLMVJI-UHFFFAOYSA-N,4.2552725051033065,meta37-model
ZIKNXBYJTDTRQA-UHFFFAOYSA-N,3.113943352306837,meta37-model
SHOJXDKTYKFBRD-UHFFFAOYSA-N,2.78719651377301,GuthrieSolv-reconciled
DOJXGHGHTWFZHK-UHFFFAOYSA-N,5.414973347970818,meta37-model
MARKPJMFLDWCID-UHFFFAOYSA-N,4.5910646070265,meta37-model
XMGQYMWWDOXHJM-SNVBAGLBSA-N,-0.05489249431521296,GuthrieSolv-reconciled
LAIUFBWHERIJIH-UHFFFAOYSA-N,-2.1923858808090864,GuthrieSolv-reconciled
ZAGRQXMWMRUYRB-UHFFFAOYSA-N,3.139464499989982,GuthrieSolv-reconciled
FQKUGOMFVDPBIZ-UHFFFAOYSA-N,6.321793932313985,GuthrieSolv-reconciled
GNXFOGHNGIVQEH-UHFFFAOYSA-N,13.57978359661681,meta37-model
CCRCUPLGCSFEDV-UHFFFAOYSA-N,3.310713391678432,GuthrieSolv-reconciled
YMZIFDLWYUSZCC-UHFFFAOYSA-N,7.301029995663981,meta37-model
AMFGTOFWMRQMEM-UHFFFAOYSA-N,5.7221864950290655,GuthrieSolv-reconciled
KZVBBTZJMSWGTK-UHFFFAOYSA-N,3.939519252618618,meta37-model
GWQOOADXMVQEFT-UHFFFAOYSA-N,1.0758392273741233,GuthrieSolv-reconciled
QQQYTWIFVNKMRW-UHFFFAOYSA-N,6.6702884598228875,GuthrieSolv-reconciled
NMHGOXYVOKDNHF-UHFFFAOYSA-N,9.041392685158224,meta37-model
NXQDBZGWYSEGFL-UHFFFAOYSA-N,-3.981732885642216,GuthrieSolv-reconciled
WXZOXVVKILCOPG-UHFFFAOYSA-N,4.161540815472245,GuthrieSolv-reconciled
JYGLAHSAISAEAL-UHFFFAOYSA-N,8.078098565793677,GuthrieSolv-reconciled
ZRCQYAQOWIQUBA-UHFFFAOYSA-N,7.505149978319906,meta37-model
UYVBJPIPRAJEKW-UHFFFAOYSA-N,2.3944012920053055,GuthrieSolv-reconciled
AIFARXRIYKCEEV-UHFFFAOYSA-N,3.255272505103306,meta37-model
NTAHCMPOMKHKEU-AATRIKPKSA-N,4.28956272658648,GuthrieSolv-reconciled
VGQXTTSVLMQFHM-UHFFFAOYSA-N,1.8901244273922968,GuthrieSolv-reconciled
XXROGKLTLUQVRX-UHFFFAOYSA-N,3.607657132972798,GuthrieSolv-reconciled
KYPYTERUKNKOLP-UHFFFAOYSA-N,9.939519252618618,meta37-model
SUAKHGWARZSWIH-UHFFFAOYSA-N,5.440081952934319,GuthrieSolv-reconciled
RJMUSRYZPJIFPJ-UHFFFAOYSA-N,9.469506089660394,GuthrieSolv-reconciled
IZCBNTYXTMZSDP-UHFFFAOYSA-N,19.230448921378272,meta37-model
GIUGGRUEPHPVNR-UHFFFAOYSA-N,2.4725717940099847,GuthrieSolv-reconciled
GRPRVIYRYGLIJU-UHFFFAOYSA-N,5.841820386977849,GuthrieSolv-reconciled
WKQBIIUOSATALN-UHFFFAOYSA-N,-2.7251824324142637,GuthrieSolv-reconciled
RWZYAGGXGHYGMB-UHFFFAOYSA-N,8.806179973983888,meta37-model
RGXWDWUGBIJHDO-UHFFFAOYSA-N,1.8794830717372182,GuthrieSolv-reconciled
IVSZLXZYQVIEFR-UHFFFAOYSA-N,0.5564873221461902,GuthrieSolv-reconciled
PFCHFHIRKBAQGU-UHFFFAOYSA-N,2.1628731500511553,GuthrieSolv-reconciled
QXZHEJWDLVUFFB-UHFFFAOYSA-N,1.505149978319906,meta37-model
ILQGIJDYSLHIOX-UHFFFAOYSA-N,3.4149733479708178,meta37-model
GYCMBHHDWRMZGG-UHFFFAOYSA-N,1.9724412479598668,GuthrieSolv-reconciled
NPUACKRELIJTFM-UHFFFAOYSA-N,0.7781512503836436,meta37-model
JJVKJJNCIILLRP-UHFFFAOYSA-N,3.8976270912904414,meta37-model
FQGSQKFVAAJWFY-UHFFFAOYSA-N,4.7689852454425035,GuthrieSolv-reconciled
YZANRISAORXTHU-UHFFFAOYSA-N,2.0619269345110993,GuthrieSolv-reconciled
XGCHAIDDPMFRLJ-UHFFFAOYSA-N,3.0486718472801093,GuthrieSolv-reconciled
HNJJXZKZRAWDPF-UHFFFAOYSA-N,4.949390006644912,meta37-model
ZDXPYRJPNDTMRX-UHFFFAOYSA-N,6.797946596676875,GuthrieSolv-reconciled
IMUDHTPIFIBORV-UHFFFAOYSA-N,10.568201724066997,meta37-model
IKCLCGXPQILATA-UHFFFAOYSA-N,5.4733201424729,GuthrieSolv-reconciled
CICQUFBZCADHHX-UHFFFAOYSA-N,1.4621894612011106,GuthrieSolv-reconciled
LAHWLEDBADHJGA-UHFFFAOYSA-N,2.024774725794526,GuthrieSolv-reconciled
YWTYJOPNNQFBPC-UHFFFAOYSA-N,12.675860404570502,GuthrieSolv-reconciled
FVNIMHIOIXPIQT-UHFFFAOYSA-N,1.2065110488416202,GuthrieSolv-reconciled
LGUZHRODIJCVOC-UHFFFAOYSA-N,-3.318758762624413,meta37-model
QUMBMXSBTOTSPG-UHFFFAOYSA-N,1.4041239292684462,GuthrieSolv-reconciled
STMMVKNOSKBEEI-UHFFFAOYSA-N,6.785863412512349,GuthrieSolv-reconciled
YYUGBYFBCFRGNZ-UHFFFAOYSA-N,2.880813592280792,meta37-model
ICOAEPDGFWLUTI-UHFFFAOYSA-N,1.0162949580988083,GuthrieSolv-reconciled
CJDNEKOMKXLSBN-UHFFFAOYSA-N,2.0791812460476247,meta37-model
DCEPGADSNJKOJK-UHFFFAOYSA-N,1.863322860120456,meta37-model
XLMFDCKSFJWJTP-UHFFFAOYSA-N,7.863322860120456,meta37-model
UCDPMNSCCRBWIC-UHFFFAOYSA-N,7.518513939877887,meta37-model
MLFHJEHSLIIPHL-UHFFFAOYSA-N,1.5576042894550106,GuthrieSolv-reconciled
AQWROZBAYZBWIH-UHFFFAOYSA-N,1.380211241711606,meta37-model
WOFDVDFSGLBFAC-UHFFFAOYSA-N,3.397940008672037,meta37-model
GNVDAZSPJWCIQZ-UHFFFAOYSA-N,7.5635086609172975,GuthrieSolv-reconciled
QWUWMCYKGHVNAV-UHFFFAOYSA-N,1.9949445148548588,GuthrieSolv-reconciled
FLKPEMZONWLCSK-UHFFFAOYSA-N,4.521801122154226,GuthrieSolv-reconciled
MIBBFRQOCRYDDB-UHFFFAOYSA-N,2.9444826721501687,meta37-model
KXDAEFPNCMNJSK-UHFFFAOYSA-N,7.911152273281422,GuthrieSolv-reconciled
HSRJKNPTNIJEKV-UHFFFAOYSA-N,8.7481880270062,meta37-model
GGCSSNBKKAUURC-UHFFFAOYSA-N,12.778151250383644,meta37-model
YBOXGRMAQIYMGV-UHFFFAOYSA-N,-2.6759855469367055,GuthrieSolv-reconciled
BDNFHGUXBRZLRQ-UHFFFAOYSA-N,1.380211241711606,meta37-model
WURFKUQACINBSI-UHFFFAOYSA-N,-0.40675722072562304,GuthrieSolv-reconciled
MDBGGTQNNUOQRC-UHFFFAOYSA-N,5.297541025703044,GuthrieSolv-reconciled
RTGDFNSFWBGLEC-UHFFFAOYSA-N,12.643452676486188,meta37-model
KAQBNBSMMVTKRN-UHFFFAOYSA-N,11.968482948553936,meta37-model
HKAMKLBXTLTVCN-UHFFFAOYSA-N,7.695018606319153,GuthrieSolv-reconciled
HPKXJYOQYRMNRI-UHFFFAOYSA-N,4.001660812880993,GuthrieSolv-reconciled
JZBKRUIGSVOOIC-UHFFFAOYSA-N,-2.567752309648166,GuthrieSolv-reconciled
ONUFSRWQCKNVSL-UHFFFAOYSA-N,1.230448921378274,meta37-model
UHOVQNZJYSORNB-UHFFFAOYSA-N,0.5913663147429241,GuthrieSolv-reconciled
KLAPGAOQRZTCBI-UHFFFAOYSA-N,3.041392685158225,meta37-model
NKTOLZVEWDHZMU-UHFFFAOYSA-N,4.232348843978212,GuthrieSolv-reconciled
UNFUYWDGSFDHCW-UHFFFAOYSA-N,0.8590401282528913,GuthrieSolv-reconciled
IDOWTHOLJBTAFI-UHFFFAOYSA-N,10.293898140216214,GuthrieSolv-reconciled
JWUJQDFVADABEY-UHFFFAOYSA-N,2.3462484349426855,GuthrieSolv-reconciled
DGLIBALSRMUQDD-UHFFFAOYSA-N,4.222149705704976,GuthrieSolv-reconciled
GCGFXFIPOBRMQT-UHFFFAOYSA-N,-2.557912918416181,GuthrieSolv-reconciled
WNRZBFNPJUBEMS-UHFFFAOYSA-N,3.407945785217595,GuthrieSolv-reconciled
ZEYHEAKUIGZSGI-UHFFFAOYSA-N,5.022947655520742,GuthrieSolv-reconciled
ADAKRBAJFHTIEW-UHFFFAOYSA-N,2.146128035678238,meta37-model
QARVLSVVCXYDNA-UHFFFAOYSA-N,1.0147553600000987,GuthrieSolv-reconciled
XYLGPCWDPLOBGP-UHFFFAOYSA-N,0.0,meta37-model
HEFNNWSXXWATRW-UHFFFAOYSA-N,4.267667546012023,GuthrieSolv-reconciled
NMMAFYSZGOFZCM-UHFFFAOYSA-N,6.880813592280791,meta37-model
CSKNSYBAZOQPLR-UHFFFAOYSA-N,3.447158031342219,meta37-model
LLHKCFNBLRBOGN-UHFFFAOYSA-N,3.7988212024461325,GuthrieSolv-reconciled
OKUGPJPKMAEJOE-UHFFFAOYSA-N,2.599703807047861,GuthrieSolv-reconciled
GTVWRXDRKAHEAD-UHFFFAOYSA-N,5.3973015637129915,GuthrieSolv-reconciled
IYFMQUDCYNWFTL-UHFFFAOYSA-N,1.5440680443502757,meta37-model
MXLMTQWGSQIYOW-UHFFFAOYSA-N,3.0799548577217712,GuthrieSolv-reconciled
KQWGXHWJMSMDJJ-UHFFFAOYSA-N,1.146128035678238,meta37-model
JRSRWACZUFLWKF-UHFFFAOYSA-N,2.556302500767288,meta37-model
SZKKRCSOSQAJDE-UHFFFAOYSA-N,14.5910646070265,meta37-model
DVVGIUUJYPYENY-UHFFFAOYSA-N,7.210939346947668,GuthrieSolv-reconciled
SJTBRFHBXDZMPS-UHFFFAOYSA-N,4.342422680822207,meta37-model
ITXDBGLYYSJNPK-UHFFFAOYSA-N,0.8806560105003809,GuthrieSolv-reconciled
NQBXSWAWVZHKBZ-UHFFFAOYSA-N,3.6993719584920948,GuthrieSolv-reconciled
NPOJQCVWMSKXDN-UHFFFAOYSA-N,4.013481909578381,GuthrieSolv-reconciled
HYAFETHFCAUJAY-UHFFFAOYSA-N,10.146128035678238,meta37-model
BOBYQFFCQPQLOB-UHFFFAOYSA-N,3.1760912590556813,meta37-model
WNMJYKCGWZFFKR-UHFFFAOYSA-N,17.414973347970818,meta37-model
XVIZMMSINIOIQP-UHFFFAOYSA-N,1.399813985757968,GuthrieSolv-reconciled
ZLSWBLPERHFHIS-UHFFFAOYSA-N,7.986771734266245,meta37-model
XHQLXCFUPJSGOE-UHFFFAOYSA-N,3.4771212547196626,meta37-model
RECUKUPTGUEGMW-UHFFFAOYSA-N,3.926019788245856,GuthrieSolv-reconciled
ONNCPBRWFSKDMQ-UHFFFAOYSA-N,1.8715897947015274,GuthrieSolv-reconciled
VEVZCONIUDBCDC-UHFFFAOYSA-N,7.036181196946735,GuthrieSolv-reconciled
FTOVXSOBNPWTSH-UHFFFAOYSA-N,4.457571979085656,GuthrieSolv-reconciled
WWGQHTJIFOQAOC-UHFFFAOYSA-N,3.08987393866926,GuthrieSolv-reconciled
BPPMIQPXQVIZNJ-UHFFFAOYSA-N,5.5910646070265,meta37-model
BHIWKHZACMWKOJ-UHFFFAOYSA-N,1.9084850188786493,meta37-model
LDCRTTXIJACKKU-UHFFFAOYSA-N,4.763427993562937,meta37-model
XFOHWECQTFIEIX-UHFFFAOYSA-N,4.929418925714293,meta37-model
JWUCHKBSVLQQCO-UHFFFAOYSA-N,10.931480529299414,GuthrieSolv-reconciled
YCKRFDGAMUMZLT-UHFFFAOYSA-N,-0.3010299956639812,meta37-model
LPEPZBJOKDYZAD-UHFFFAOYSA-N,2.6504677377474133,GuthrieSolv-reconciled
YNLBBDHDNIXQNL-UHFFFAOYSA-N,-2.439840146429592,GuthrieSolv-reconciled
JUHPMUOWCYBMEY-UHFFFAOYSA-N,1.4760564231012179,GuthrieSolv-reconciled
NYPJDWWKZLNGGM-UHFFFAOYSA-N,5.705490410640891,GuthrieSolv-reconciled
GYCRUUSYQLIIBA-UHFFFAOYSA-N,3.361727836017593,meta37-model
XVLCNKFGFHUQNL-UHFFFAOYSA-N,2.643452676486187,meta37-model
INMGJWCKWKKMPN-UHFFFAOYSA-N,3.322219294733919,meta37-model
JARKCYVAAOWBJS-UHFFFAOYSA-N,1.9904014740610723,GuthrieSolv-reconciled
DPSPPJIUMHPXMA-UHFFFAOYSA-N,10.959041392321094,meta37-model
NZNRRXXETLSZRO-UHFFFAOYSA-N,5.785329835010767,meta37-model
SWXVUIWOUIDPGS-UHFFFAOYSA-N,6.763427993562937,meta37-model
PKEGIXYNAGGYPN-UHFFFAOYSA-N,2.2618449537019862,GuthrieSolv-reconciled
QAPPZLVGIXQUJW-UHFFFAOYSA-N,1.5044553321048382,GuthrieSolv-reconciled
LNEPOXFFQSENCJ-UHFFFAOYSA-N,12.041392685158224,meta37-model
OLZQTUCTGLHFTQ-UHFFFAOYSA-N,5.472064697018182,GuthrieSolv-reconciled
HIGGFWFRAWSMBR-UHFFFAOYSA-N,2.0,meta37-model
QGTYWWGEWOBMAK-UHFFFAOYSA-N,1.9551891655158364,GuthrieSolv-reconciled
JZQKKSLKJUAGIC-UHFFFAOYSA-N,4.5134739384332105,GuthrieSolv-reconciled
KFRVYYGHSPLXSZ-UHFFFAOYSA-N,0.7816508240784695,GuthrieSolv-reconciled
XZDMJRIWJSNEGC-UHFFFAOYSA-N,3.113943352306837,meta37-model
FBCQUCJYYPMKRO-UHFFFAOYSA-N,1.7781512503836436,meta37-model
IWWCSDGEIDYEJV-JFGNBEQYSA-N,3.6530455697204385,GuthrieSolv-reconciled
XWKRJSMNDOXIHS-UHFFFAOYSA-N,3.0791812460476247,meta37-model
OKKJLVBELUTLKV-UHFFFAOYSA-N,3.6556796187829605,GuthrieSolv-reconciled
ONXPZLFXDMAPRO-UHFFFAOYSA-N,0.4729398390724087,GuthrieSolv-reconciled
OWYWGLHRNBIFJP-UHFFFAOYSA-N,6.431952504006831,GuthrieSolv-reconciled
CETBSQOFQKLHHZ-UHFFFAOYSA-N,1.1331001462581,GuthrieSolv-reconciled
ODVTZUKCEYGBAT-UHFFFAOYSA-N,3.513946497857894,GuthrieSolv-reconciled
LRDFRRGEGBBSRN-UHFFFAOYSA-N,2.361727836017593,meta37-model
NBUMCEJRJRRLCA-UHFFFAOYSA-N,-2.050609993355087,meta37-model
QWVCIORZLNBIIC-UHFFFAOYSA-N,5.5910646070265,meta37-model
UMJSXTUELCDYKZ-UHFFFAOYSA-N,-3.3176951630513423,GuthrieSolv-reconciled
BATOPAZDIZEVQF-UHFFFAOYSA-N,3.352315973845241,GuthrieSolv-reconciled
OUCCVXVYGFBXSV-UHFFFAOYSA-N,5.380211241711606,meta37-model
QRMPKOFEUHIBNM-UHFFFAOYSA-N,-1.570576391759985,GuthrieSolv-reconciled
IJJVMEJXYNJXOJ-UHFFFAOYSA-N,8.797428041117033,GuthrieSolv-reconciled
VJHINFRRDQUWOJ-UHFFFAOYSA-N,2.462397997898956,meta37-model
AMCBMCWLCDERHY-UHFFFAOYSA-N,1.9294189257142929,meta37-model
FDMFUZHCIRHGRG-UHFFFAOYSA-N,-1.494850021680094,meta37-model
ROASJEHPZNKHOF-UHFFFAOYSA-N,4.574082003810602,GuthrieSolv-reconciled
ICKISBPYFVBVQG-UHFFFAOYSA-N,6.880813592280791,meta37-model
AJKLKINFZLWHQE-UHFFFAOYSA-N,1.0,meta37-model
KIZJVNGSIWXYTL-UHFFFAOYSA-N,11.0,meta37-model
VAYOSLLFUXYJDT-UHFFFAOYSA-N,14.204119982655923,meta37-model
CNMFHDIDIMZHKY-UHFFFAOYSA-N,1.6951477178761918,GuthrieSolv-reconciled
XIUROWKZWPIAIB-UHFFFAOYSA-N,3.8985268433697393,GuthrieSolv-reconciled
DYIZJUDNMOIZQO-UHFFFAOYSA-N,18.832508912706235,meta37-model
HBZFBSFGXQBQTB-UHFFFAOYSA-N,-3.958607314841775,meta37-model
HJLSLZFTEKNLFI-UHFFFAOYSA-N,8.672097857935718,meta37-model
NGHOLYJTSCBCGC-UHFFFAOYSA-N,4.869231719730976,meta37-model
HPPDPHZGXWMRHN-UHFFFAOYSA-N,-0.769551078621726,meta37-model
KHUFHLFHOQVFGB-UHFFFAOYSA-N,7.473464849426285,GuthrieSolv-reconciled
MDCCBJLCTOTLKM-UHFFFAOYSA-N,0.146128035678238,meta37-model
VGGMROOHXNLMTP-UHFFFAOYSA-N,3.230448921378274,meta37-model
KCVGVSIBBGIJNZ-UHFFFAOYSA-N,3.146128035678238,meta37-model
PQHNRODYYLFLRE-UHFFFAOYSA-N,-3.3333660357586066,GuthrieSolv-reconciled
XQSPYNMVSIKCOC-UHFFFAOYSA-N,15.342422680822208,meta37-model
UEZWYKZHXASYJN-UHFFFAOYSA-N,5.57978359661681,meta37-model
WDFQBORIUYODSI-UHFFFAOYSA-N,4.431363764158987,meta37-model
CBENFWSGALASAD-UHFFFAOYSA-N,-0.6020599913279624,meta37-model
WIIZWVCIJKGZOK-UHFFFAOYSA-N,16.041392685158225,meta37-model
RQSRPDGSUDRYLH-UHFFFAOYSA-N,1.8626184258068639,GuthrieSolv-reconciled
AFTSHZRGGNMLHC-UHFFFAOYSA-N,-0.6020599913279624,meta37-model
FQDIANVAWVHZIR-OWOJBTEDSA-N,1.5498562130806832,GuthrieSolv-reconciled
VAMXMNNIEUEQDV-UHFFFAOYSA-N,4.113943352306837,meta37-model
GUHWHNUGIGOSCN-UHFFFAOYSA-N,2.9190780923760737,meta37-model
XAIPTRIXGHTTNT-UHFFFAOYSA-N,6.441844041620113,GuthrieSolv-reconciled
YSMRWXYRXBRSND-UHFFFAOYSA-N,2.815575478532941,GuthrieSolv-reconciled
AYMUQTNXKPEMLM-UHFFFAOYSA-N,0.2787536009528289,meta37-model
IRIAEXORFWYRCZ-UHFFFAOYSA-N,4.201555107369394,GuthrieSolv-reconciled
RWRBSYOTDDOXKC-UHFFFAOYSA-N,0.939042648385856,GuthrieSolv-reconciled
OEBRKCOSUFCWJD-UHFFFAOYSA-N,4.942333294764388,GuthrieSolv-reconciled
BOTUVXISJHKZKJ-UHFFFAOYSA-N,7.146128035678238,meta37-model
AVMSWPWPYJVYKY-UHFFFAOYSA-N,1.563663693251517,GuthrieSolv-reconciled
HXHWSAZORRCQMX-UHFFFAOYSA-N,11.505149978319906,meta37-model
UEMGWPRHOOEKTA-UHFFFAOYSA-N,0.5033967532131967,GuthrieSolv-reconciled
OCKPCBLVNKHBMX-UHFFFAOYSA-N,0.2414328549474795,GuthrieSolv-reconciled
NHUHCSRWZMLRLA-UHFFFAOYSA-N,10.17609125905568,meta37-model
VLTRZXGMWDSKGL-UHFFFAOYSA-N,7.380211241711606,meta37-model
SBAJRGRUGUQKAF-UHFFFAOYSA-N,9.690196080028514,meta37-model
FNAZRRHPUDJQCJ-UHFFFAOYSA-N,-3.744727494896694,meta37-model
WSDISUOETYTPRL-UHFFFAOYSA-N,9.531478917042255,meta37-model
BTAGRXWGMYTPBY-UHFFFAOYSA-N,2.8264521911290537,GuthrieSolv-reconciled
BDFAOUQQXJIZDG-UHFFFAOYSA-N,0.7781512503836436,meta37-model
GIIBBZMGSATJLN-UHFFFAOYSA-N,11.35694187949817,GuthrieSolv-reconciled
NIHNNTQXNPWCJQ-UHFFFAOYSA-N,2.4386397170103047,GuthrieSolv-reconciled
DJKGDNKYTKCJKD-UHFFFAOYSA-N,11.913813852383717,meta37-model
OHCSZUQRNNNMRG-UHFFFAOYSA-N,6.556302500767287,meta37-model
NIFKBBMCXCMCAO-UHFFFAOYSA-N,14.342422680822208,meta37-model
YWECCEXWKFHHQJ-UHFFFAOYSA-N,8.929418925714293,meta37-model
JBQRJHVXZMSLNH-UHFFFAOYSA-N,-1.769551078621726,meta37-model
OGYFATSSENRIKG-UHFFFAOYSA-N,9.421431059457767,GuthrieSolv-reconciled
GLZPCOQZEFWAFX-UHFFFAOYSA-N,2.6127838567197355,meta37-model
HXQDUXXBVMMIKL-UHFFFAOYSA-N,-2.410321931375832,GuthrieSolv-reconciled
QUKRIOLKOHUUBM-UHFFFAOYSA-N,-3.769551078621726,meta37-model
WBRFDUJXCLCKPX-UHFFFAOYSA-N,-2.446223487674456,GuthrieSolv-reconciled
ZSPJEACWUWSAGS-UHFFFAOYSA-N,3.204119982655925,meta37-model
BNWJOHGLIBDBOB-UHFFFAOYSA-N,4.653212513775344,meta37-model
QGBSISYHAICWAH-UHFFFAOYSA-N,13.180220327638262,GuthrieSolv-reconciled
AXNUJYHFQHQZBE-UHFFFAOYSA-N,7.414973347970818,meta37-model
FWCBATIDXGJRMF-UHFFFAOYSA-N,14.113943352306835,meta37-model
MXMOTZIXVICDSD-UHFFFAOYSA-N,3.4913616938342726,meta37-model
HOPMUCXYRNOABF-UHFFFAOYSA-N,3.545354890341677,GuthrieSolv-reconciled
CYXIKYKBLDZZNW-UHFFFAOYSA-N,-0.08996787544079515,GuthrieSolv-reconciled
UWSDONTXWQOZFN-UHFFFAOYSA-N,4.388032555813057,GuthrieSolv-reconciled
QTXHFDHVLBDJIO-UHFFFAOYSA-N,6.377971531534743,GuthrieSolv-reconciled
IBLKWZIFZMJLFL-UHFFFAOYSA-N,5.924279286061882,meta37-model
QSVYJSJPLCSACO-UHFFFAOYSA-N,3.4913616938342726,meta37-model
STJLVHWMYQXCPB-UHFFFAOYSA-N,6.699279947450473,GuthrieSolv-reconciled
MWBPRDONLNQCFV-UHFFFAOYSA-N,3.094016049520317,GuthrieSolv-reconciled
GYSCXPVAKHVAAY-UHFFFAOYSA-N,2.869231719730976,meta37-model
YYTSGNJTASLUOY-UHFFFAOYSA-N,4.146128035678238,meta37-model
LCFKURIJYIJNRU-UHFFFAOYSA-N,3.230448921378274,meta37-model
PKJBWOWQJHHAHG-UHFFFAOYSA-N,2.1760912590556813,meta37-model
RYLHNOVXKPXDIP-UHFFFAOYSA-N,9.397914594327561,GuthrieSolv-reconciled
UUIQMZJEGPQKFD-UHFFFAOYSA-N,2.00138111925837,GuthrieSolv-reconciled
CXXRQFOKRZJAJA-UHFFFAOYSA-N,1.8878409940402545,GuthrieSolv-reconciled
ZYHMJXZULPZUED-UHFFFAOYSA-N,4.57978359661681,meta37-model
JRUIYWSZTLWHME-UHFFFAOYSA-N,-3.300460175625688,GuthrieSolv-reconciled
UGCSPKPEHQEOSR-UHFFFAOYSA-N,-0.6361456478023466,GuthrieSolv-reconciled
LGRFSURHDFAFJT-UHFFFAOYSA-N,6.0148008203744405,GuthrieSolv-reconciled
BBDKZWKEPDTENS-UHFFFAOYSA-N,-0.28921095814386694,GuthrieSolv-reconciled
ZLCSFXXPPANWQY-UHFFFAOYSA-N,-1.8216310844223293,GuthrieSolv-reconciled
RUMACXVDVNRZJZ-UHFFFAOYSA-N,1.651860387276011,GuthrieSolv-reconciled
ZWJINEZUASEZBH-UHFFFAOYSA-N,2.273814666181199,GuthrieSolv-reconciled
IPCSVZSSVZVIGE-UHFFFAOYSA-N,3.1172873297921897,GuthrieSolv-reconciled
JLBJTVDPSNHSKJ-UHFFFAOYSA-N,0.7687986517252711,GuthrieSolv-reconciled
RWSOTUBLDIXVET-UHFFFAOYSA-N,0.4600889678329279,GuthrieSolv-reconciled
YTKUWDBFDASYHO-UHFFFAOYSA-N,10.799340549453582,meta37-model
FQHLOOOXLDQLPF-UHFFFAOYSA-N,-5.3979400086720375,meta37-model
RUDINRUXCKIXAJ-UHFFFAOYSA-N,0.6020599913279624,meta37-model
RRVIAQKBTUQODI-UHFFFAOYSA-N,7.2895491666910965,GuthrieSolv-reconciled
VXQBJTKSVGFQOL-UHFFFAOYSA-N,5.0967458916241775,GuthrieSolv-reconciled
NLHHRLWOUZZQLW-UHFFFAOYSA-N,2.2520942116508063,GuthrieSolv-reconciled
HJWLCRVIBGQPNF-UHFFFAOYSA-N,0.5446398676566551,GuthrieSolv-reconciled
CHLICZRVGGXEOD-UHFFFAOYSA-N,0.7160033436347992,meta37-model
QCPASDYEQAVIJF-UHFFFAOYSA-N,3.5185139398778875,meta37-model
KWMDHCLJYMVBNS-UHFFFAOYSA-N,7.977723605288848,meta37-model
ZXKRJDVULNWTML-UHFFFAOYSA-N,4.59148850950939,GuthrieSolv-reconciled
GMRQFYUYWCNGIN-UHFFFAOYSA-N,4.897627091290442,meta37-model
JHIVVAPYMSGYDF-UHFFFAOYSA-N,3.4936800465215807,GuthrieSolv-reconciled
TUAMRELNJMMDMT-UHFFFAOYSA-N,4.491561537977321,GuthrieSolv-reconciled
MJVAVZPDRWSRRC-UHFFFAOYSA-N,6.897627091290442,meta37-model
XBCXJKGHPABGSD-UHFFFAOYSA-N,10.09313479103266,GuthrieSolv-reconciled
ZFTBZKVVGZNMJR-UHFFFAOYSA-N,9.802439202523132,GuthrieSolv-reconciled
JIVANURAWUCQIG-UHFFFAOYSA-N,0.0,meta37-model
ZVKOASAVGLETCT-UHFFFAOYSA-N,14.57978359661681,meta37-model
NDUPDOJHUQKPAG-UHFFFAOYSA-N,11.939519252618618,meta37-model
BAYUSCHCCGXLAY-UHFFFAOYSA-N,4.918845043349455,GuthrieSolv-reconciled
LCGLNKUTAGEVQW-UHFFFAOYSA-N,1.33669440283513,GuthrieSolv-reconciled
SKZKKFZAGNVIMN-UHFFFAOYSA-N,7.924279286061882,meta37-model
PLLBRTOLHQQAQQ-UHFFFAOYSA-N,2.643452676486187,meta37-model
XYLMUPLGERFSHI-UHFFFAOYSA-N,0.8547274004626572,GuthrieSolv-reconciled
WRYIIOKOQSICTB-UHFFFAOYSA-N,-2.795880017344075,meta37-model
CBEQRNSPHCCXSH-UHFFFAOYSA-N,2.7781512503836434,meta37-model
AZFKQCNGMSSWDS-UHFFFAOYSA-N,2.9789862461577568,GuthrieSolv-reconciled
WEGYGNROSJDEIW-UHFFFAOYSA-N,5.938980673032989,GuthrieSolv-reconciled
OSAGMAAQMRQLLW-UHFFFAOYSA-N,-1.5898492534335833,GuthrieSolv-reconciled
RXKJFZQQPQGTFL-UHFFFAOYSA-N,9.643452676486188,meta37-model
OFZCIYFFPZCNJE-UHFFFAOYSA-N,7.531478917042255,meta37-model
AAMGDUBBVGQEKV-UHFFFAOYSA-N,-1.7469170430997047,GuthrieSolv-reconciled
COKIAYPRHYHYCH-UHFFFAOYSA-N,3.397940008672037,meta37-model
BXKKQFGRMSOANI-UHFFFAOYSA-N,3.179857030820319,GuthrieSolv-reconciled
HGMYRFJAJNYBRX-UHFFFAOYSA-N,2.3106169054459653,GuthrieSolv-reconciled
MJSYSGSEEADMTK-UHFFFAOYSA-N,5.4623979978989565,meta37-model
CATSNJVOTSVZJV-UHFFFAOYSA-N,2.152921470107273,GuthrieSolv-reconciled
ISPYQTSUDJAMAB-UHFFFAOYSA-N,3.251661286119562,GuthrieSolv-reconciled
HQOVXPHOJANJBR-UHFFFAOYSA-N,1.4771212547196624,meta37-model
GSWMXIIUDJOXNF-UHFFFAOYSA-N,2.322219294733919,meta37-model
XNKLLVCARDGLGL-UHFFFAOYSA-N,13.041392685158224,meta37-model
JPMIIZHYYWMHDT-UHFFFAOYSA-N,5.983801641924331,GuthrieSolv-reconciled
ZOCSXAVNDGMNBV-UHFFFAOYSA-N,7.2836928957340605,GuthrieSolv-reconciled
HAORKNGNJCEJBX-UHFFFAOYSA-N,5.38575772748083,GuthrieSolv-reconciled
JTGMTYWYUZDRBK-UHFFFAOYSA-N,0.5434970831571896,GuthrieSolv-reconciled
MWKFXSUHUHTGQN-UHFFFAOYSA-N,2.594853147044771,GuthrieSolv-reconciled
IMIDOCRTMDIQIJ-UHFFFAOYSA-N,7.463072646076612,GuthrieSolv-reconciled
QCRFMSUKWRQZEM-UHFFFAOYSA-N,3.9284684175682134,GuthrieSolv-reconciled
CJPQIRJHIZUAQP-UHFFFAOYSA-N,5.222872124110036,GuthrieSolv-reconciled
ICTXINQOXPMQPM-UHFFFAOYSA-N,3.0791812460476247,meta37-model
BPKAHTKRCLCHEA-UHFFFAOYSA-N,4.806179973983888,meta37-model
TXEYQDLBPFQVAA-UHFFFAOYSA-N,-2.307379844087479,GuthrieSolv-reconciled
HQUQLFOMPYWACS-UHFFFAOYSA-N,3.869231719730976,meta37-model
KCOCSOWTADCKOL-UHFFFAOYSA-N,11.544068044350276,meta37-model
GBOYJIHYACSLGN-UHFFFAOYSA-N,7.342422680822207,meta37-model
LOTKRQAVGJMPNV-UHFFFAOYSA-N,5.3979400086720375,meta37-model
MHIHRIPETCJEMQ-UHFFFAOYSA-N,5.278753600952829,meta37-model
BUHNCQOJJZAOMJ-UHFFFAOYSA-N,4.923483517180991,GuthrieSolv-reconciled
VEUUMBGHMNQHGO-UHFFFAOYSA-N,2.744039722022401,GuthrieSolv-reconciled
RNABGKOKSBUFHW-UHFFFAOYSA-N,3.322219294733919,meta37-model
YLKFDHTUAUWZPQ-UHFFFAOYSA-N,3.7701105308723735,GuthrieSolv-reconciled
ANOOTOPTCJRUPK-UHFFFAOYSA-N,-0.10123041784662715,GuthrieSolv-reconciled
HWWYDZCSSYKIAD-UHFFFAOYSA-N,3.46109457297149,GuthrieSolv-reconciled
NBUKAOOFKZFCGD-UHFFFAOYSA-N,3.5017834508247074,GuthrieSolv-reconciled
SWTZSHBOMGAQKX-UHFFFAOYSA-N,-6.657577319177793,meta37-model
XBVSGJGMWSKAKL-UHFFFAOYSA-N,1.1068976478858727,GuthrieSolv-reconciled
MCTWTZJPVLRJOU-UHFFFAOYSA-N,6.0468711931301895,GuthrieSolv-reconciled
ZPTVNYMJQHSSEA-UHFFFAOYSA-N,3.323549747156336,GuthrieSolv-reconciled
HXKKHQJGJAFBHI-UHFFFAOYSA-N,8.0,meta37-model
ZAIDIVBQUMFXEC-UHFFFAOYSA-N,0.014939971162691168,GuthrieSolv-reconciled
UZILCZKGXMQEQR-UHFFFAOYSA-N,-0.7747740458834698,GuthrieSolv-reconciled
VXKWYPOMXBVZSJ-UHFFFAOYSA-N,-1.6383434383362243,GuthrieSolv-reconciled
QJOOIMSFFIUFKX-UHFFFAOYSA-N,2.1760912590556813,meta37-model
UCRQJBCLZKHOGX-UHFFFAOYSA-N,3.230448921378274,meta37-model
BSWWXRFVMJHFBN-UHFFFAOYSA-N,5.707570176097937,meta37-model
GWYFCOCPABKNJV-UHFFFAOYSA-N,4.368618046897705,GuthrieSolv-reconciled
JYDYHSHPBDZRPU-UHFFFAOYSA-N,3.4149733479708178,meta37-model
XXJWXESWEXIICW-UHFFFAOYSA-N,6.041205844557826,GuthrieSolv-reconciled
DMWVYCCGCQPJEA-UHFFFAOYSA-N,0.9777236052888476,meta37-model
JNMRHUJNCSQMMB-UHFFFAOYSA-N,11.6232492903979,meta37-model
RZXZIZDRFQFCTA-UHFFFAOYSA-N,-0.41303593423138135,GuthrieSolv-reconciled
YVXHZKKCZYLQOP-UHFFFAOYSA-N,-0.48079876507891045,GuthrieSolv-reconciled
NCSVCMFDHINRJE-UHFFFAOYSA-N,1.414973347970818,meta37-model
XBBRGUHRZBZMPP-UHFFFAOYSA-N,1.6334684555795864,meta37-model
MPYQJQDSICRCJJ-UHFFFAOYSA-N,-2.577591699882087,GuthrieSolv-reconciled
GBPAQIZWHVCENQ-UHFFFAOYSA-N,3.792391689498254,meta37-model
ABVVEAHYODGCLZ-UHFFFAOYSA-N,2.342422680822206,meta37-model
XIABRRSOFYFDSF-UHFFFAOYSA-N,6.723892379744417,GuthrieSolv-reconciled
MQHNKCZKNAJROC-UHFFFAOYSA-N,4.715143479285302,GuthrieSolv-reconciled
XBTHILIDLBPRPM-UHFFFAOYSA-N,1.8771175519802368,GuthrieSolv-reconciled
GIEZWIDCIFCQPS-UHFFFAOYSA-N,-2.243051882630536,GuthrieSolv-reconciled
ORILYTVJVMAKLC-UHFFFAOYSA-N,0.3010299956639812,meta37-model
OWZREIFADZCYQD-NSHGMRRFSA-N,4.840653484738502,GuthrieSolv-reconciled
ZERULLAPCVRMCO-UHFFFAOYSA-N,0.8829384811258953,GuthrieSolv-reconciled
XKABJYQDMJTNGQ-UHFFFAOYSA-N,8.146128035678238,meta37-model
KDYFGRWQOYBRFD-UHFFFAOYSA-N,10.657839733425787,GuthrieSolv-reconciled
IHZAEIHJPNTART-UHFFFAOYSA-N,0.568201724066995,meta37-model
VXBHNYIEBLRXAW-UHFFFAOYSA-N,2.146128035678238,meta37-model
DHHVAGZRUROJKS-UHFFFAOYSA-N,4.230448921378274,meta37-model
PAPBSGBWRJIAAV-UHFFFAOYSA-N,2.146128035678238,meta37-model
XMNIXWIUMCBBBL-UHFFFAOYSA-N,2.740362689494244,meta37-model
RQKFYFNZSHWXAW-UHFFFAOYSA-N,4.079181246047625,meta37-model
JGHZJRVDZXSNKQ-UHFFFAOYSA-N,1.4308410121865516,GuthrieSolv-reconciled
DPIZKMGPXNXSGL-UHFFFAOYSA-N,8.6232492903979,meta37-model
FJKIXWOMBXYWOQ-UHFFFAOYSA-N,0.6550189092657628,GuthrieSolv-reconciled
JPGQOUSTVILISH-UHFFFAOYSA-N,-0.16526002194198125,GuthrieSolv-reconciled
OAEQTHQGPZKTQP-UHFFFAOYSA-N,2.487513787860869,GuthrieSolv-reconciled
ZRSNZINYAWTAHE-UHFFFAOYSA-N,4.947875512290916,GuthrieSolv-reconciled
IUTLEBGNGJJQJX-GYTVYBDHSA-N,3.2012720196468702,GuthrieSolv-reconciled
DMEDNTFWIHCBRK-UHFFFAOYSA-N,0.7634279935629372,meta37-model
TZTDJBMGPQLSLI-UHFFFAOYSA-N,0.5501465598760177,GuthrieSolv-reconciled
SSZWWUDQMAHNAQ-UHFFFAOYSA-N,5.6020599913279625,meta37-model
OALYTRUKMRCXNH-UHFFFAOYSA-N,2.643452676486187,meta37-model
HZAXFHJVJLSVMW-UHFFFAOYSA-N,7.966868021419639,GuthrieSolv-reconciled
BWWVXHRLMPBDCK-UHFFFAOYSA-N,2.401169464773924,GuthrieSolv-reconciled
LLQPHQFNMLZJMP-UHFFFAOYSA-N,8.237396221073393,GuthrieSolv-reconciled
MRHQOXCYYPFGEE-UHFFFAOYSA-N,1.1258275556195094,GuthrieSolv-reconciled
PSVQKOKKLWHNRP-UHFFFAOYSA-N,-2.4004825244161925,GuthrieSolv-reconciled
QTYCMDBMOLSEAM-UHFFFAOYSA-N,6.885399240900485,GuthrieSolv-reconciled
AWZVYNHQGTZJIH-UHFFFAOYSA-N,3.832508912706236,meta37-model
BBJPZPLAZVZTGR-UHFFFAOYSA-N,7.703586389421532,GuthrieSolv-reconciled
NJBCRXCAPCODGX-UHFFFAOYSA-N,1.5872912263899943,GuthrieSolv-reconciled
JGTNAGYHADQMCM-UHFFFAOYSA-N,3.6989700043360174,meta37-model
AXINNNJHLJWMTC-UHFFFAOYSA-N,3.342422680822206,meta37-model
SLBTUZZYJLBZQV-UHFFFAOYSA-N,-3.3356522415062844,GuthrieSolv-reconciled
VDFVNEFVBPFDSB-UHFFFAOYSA-N,3.707570176097936,meta37-model
AZSZCFSOHXEJQE-UHFFFAOYSA-N,-0.0861861476162833,meta37-model
IMSSROKUHAOUJS-UHFFFAOYSA-N,6.732393759822968,meta37-model
ATHHXGZTWNVVOU-UHFFFAOYSA-N,7.19325593551902,GuthrieSolv-reconciled
ULIKDJVNUXNQHS-UHFFFAOYSA-N,1.462397997898956,meta37-model
OALHHIHQOFIMEF-UHFFFAOYSA-N,16.977723605288848,meta37-model
YNJBWRMUSHSURL-UHFFFAOYSA-N,6.136229047522203,GuthrieSolv-reconciled
DENRZWYUOJLTMF-UHFFFAOYSA-N,3.3530457673522016,GuthrieSolv-reconciled
FTZDEZOARSJHGU-UHFFFAOYSA-N,2.5804504686457768,GuthrieSolv-reconciled
RMLPZKRPSQVRAB-UHFFFAOYSA-N,2.4399924072548953,GuthrieSolv-reconciled
OMQBXAQAHHFSST-UHFFFAOYSA-N,5.612783856719736,meta37-model
KNAHARQHSZJURB-UHFFFAOYSA-N,7.342422680822207,meta37-model
ZYIBVBKZZZDFOY-UHFFFAOYSA-N,16.556302500767288,meta37-model
VGCXGMAHQTYDJK-UHFFFAOYSA-N,2.041392685158225,meta37-model
RENMDAKOXSCIGH-UHFFFAOYSA-N,3.361727836017593,meta37-model
JJYPMNFTHPTTDI-UHFFFAOYSA-N,4.051103245440055,GuthrieSolv-reconciled
NHOWDZOIZKMVAI-UHFFFAOYSA-N,6.138844607615949,GuthrieSolv-reconciled
GSNKRSKIWFBWEG-UHFFFAOYSA-N,1.9294189257142929,meta37-model
SLGOCMATMKJJCE-UHFFFAOYSA-N,-0.7930066706525504,GuthrieSolv-reconciled
HOBRTVXSIVSXIA-UHFFFAOYSA-N,2.0392040410512946,GuthrieSolv-reconciled
OKIJSNGRQAOIGZ-UHFFFAOYSA-N,5.7160033436348,meta37-model
CSXDVUGDFSYXTD-UHFFFAOYSA-N,3.204119982655925,meta37-model
WBNQDOYYEUMPFS-UHFFFAOYSA-N,3.775847351434625,GuthrieSolv-reconciled
HYFLWBNQFMXCPA-UHFFFAOYSA-N,0.7065694091607109,GuthrieSolv-reconciled
IYXGSMUGOJNHAZ-UHFFFAOYSA-N,4.0097239105513784,GuthrieSolv-reconciled
WSGYTJNNHPZFKR-UHFFFAOYSA-N,7.7558748556724915,meta37-model
YFTHZRPMJXBUME-UHFFFAOYSA-N,1.7571663670335396,GuthrieSolv-reconciled
QEGNUYASOUJEHD-UHFFFAOYSA-N,-1.2577542938667496,GuthrieSolv-reconciled
CTKINSOISVBQLD-UHFFFAOYSA-N,6.623249290397901,meta37-model
KNTFAYXQHRNXSM-UHFFFAOYSA-N,2.7558748556724915,meta37-model
BBXXLROWFHWFQY-UHFFFAOYSA-N,6.752979277280115,GuthrieSolv-reconciled
ZQCCHNBMSHOJAT-UHFFFAOYSA-N,1.6369871015471302,GuthrieSolv-reconciled
CNJGWCQEGROXEE-UHFFFAOYSA-N,6.505149978319906,meta37-model
ANLVZYYGYBXMIX-UHFFFAOYSA-N,1.3732461907860853,GuthrieSolv-reconciled
ZSBOIPHQFKYRMG-UHFFFAOYSA-N,4.505149978319906,meta37-model
WOYWLLHHWAMFCB-UHFFFAOYSA-N,1.4313637641589874,meta37-model
TYFQFVWCELRYAO-UHFFFAOYSA-N,11.278753600952829,meta37-model
IBXNCJKFFQIKKY-UHFFFAOYSA-N,-0.04778030634850311,GuthrieSolv-reconciled
OHMHBGPWCHTMQE-UHFFFAOYSA-N,-0.03492911559605836,GuthrieSolv-reconciled
YHQRYZGDQCSHFO-UHFFFAOYSA-N,1.8357948149753955,GuthrieSolv-reconciled
KMAQZIILEGKYQZ-UHFFFAOYSA-N,2.814041502702145,GuthrieSolv-reconciled
LNTHITQWFMADLM-UHFFFAOYSA-N,17.462397997898957,meta37-model
OEYOMNZEMCPTKN-UHFFFAOYSA-N,2.6819809763827944,GuthrieSolv-reconciled
JUINSXZKUKVTMD-UHFFFAOYSA-N,2.385788146183465,GuthrieSolv-reconciled
SNICXCGAKADSCV-UHFFFAOYSA-N,5.277974609219719,GuthrieSolv-reconciled
CWZVMVIHYSYLSI-UHFFFAOYSA-N,12.30102999566398,meta37-model
MVBGKYGTNGPFHT-UHFFFAOYSA-N,3.2723014715390226,GuthrieSolv-reconciled
PPLBPDUKNRCHGG-UHFFFAOYSA-N,-4.302534275420763,GuthrieSolv-reconciled
DHCSBRKYHMINPB-UHFFFAOYSA-N,6.4623979978989565,meta37-model
ZVEZMVFBMOOHAT-UHFFFAOYSA-N,0.4623979978989561,meta37-model
FUSUHKVFWTUUBE-UHFFFAOYSA-N,2.9056003538163173,GuthrieSolv-reconciled
QYDYPVFESGNLHU-KHPPLWFESA-N,1.7762816209287078,GuthrieSolv-reconciled
WXZVAROIGSFCFJ-UHFFFAOYSA-N,7.371144520564997,GuthrieSolv-reconciled
KAATUXNTWXVJKI-UHFFFAOYSA-N,4.540869881276731,GuthrieSolv-reconciled
PYZHTHZEHQHHEN-UHFFFAOYSA-N,3.109494276348393,GuthrieSolv-reconciled
QHLDBFLIDFTHQI-UHFFFAOYSA-N,-2.4791977528430618,GuthrieSolv-reconciled
AVTLBBWTUPQRAY-UHFFFAOYSA-N,8.041392685158225,meta37-model
AGYUOJIYYGGHKV-UHFFFAOYSA-N,4.351111092963691,GuthrieSolv-reconciled
NMJJFJNHVMGPGM-UHFFFAOYSA-N,1.626686885069942,GuthrieSolv-reconciled
CLKZWXHKFXZIMA-UHFFFAOYSA-N,14.113943352306835,meta37-model
FFGPTBGBLSHEPO-UHFFFAOYSA-N,8.342422680822207,meta37-model
UGFAIRIUMAVXCW-UHFFFAOYSA-N,-1.6462359442597234,GuthrieSolv-reconciled
IMACFCSSMIZSPP-UHFFFAOYSA-N,3.845098040014257,meta37-model
LCZUOKDVTBMCMX-UHFFFAOYSA-N,4.2552725051033065,meta37-model
HGCMMKIIGJXXMW-UHFFFAOYSA-N,4.992306338024153,GuthrieSolv-reconciled
SXKBHOQOOGRFJF-UHFFFAOYSA-N,1.4015212139772322,GuthrieSolv-reconciled
PLAZTCDQAHEYBI-UHFFFAOYSA-N,2.5589324652241205,GuthrieSolv-reconciled
XKRFYHLGVUSROY-UHFFFAOYSA-N,-1.4495905860322722,GuthrieSolv-reconciled
ICNFHJVPAJKPHW-UHFFFAOYSA-N,9.799340549453582,meta37-model
HOLHYSJJBXSLMV-UHFFFAOYSA-N,3.873217130781538,GuthrieSolv-reconciled
HQABUPZFAYXKJW-UHFFFAOYSA-N,3.0610736235400147,GuthrieSolv-reconciled
YCOXTKKNXUZSKD-UHFFFAOYSA-N,4.6601457760523814,GuthrieSolv-reconciled
SPANOECCGNXGNR-UITAMQMPSA-N,3.828857376491425,GuthrieSolv-reconciled
BEYGZFVOTUDDJK-UHFFFAOYSA-N,0.9395192526186184,meta37-model
BEYOBVMPDRKTNR-UHFFFAOYSA-N,7.4497939269747295,GuthrieSolv-reconciled
GOQYKNQRPGWPLP-UHFFFAOYSA-N,2.0257177279389644,GuthrieSolv-reconciled
KLIDCXVFHGNTTM-UHFFFAOYSA-N,4.9596687749503,GuthrieSolv-reconciled
LMYRWZFENFIFIT-UHFFFAOYSA-N,4.7160033436348,meta37-model
RLPGDEORIPLBNF-UHFFFAOYSA-N,-1.894839183424378,GuthrieSolv-reconciled
VUMFTWNZYFBYEB-UHFFFAOYSA-N,2.633468455579586,meta37-model
WOXKDUGGOYFFRN-UHFFFAOYSA-N,15.690196080028514,meta37-model
JZZBTMVTLBHJHL-UHFFFAOYSA-N,6.973127853599698,meta37-model
ZRDUSMYWDRPZRM-UHFFFAOYSA-N,5.091749809806771,GuthrieSolv-reconciled
HSFWRNGVRCDJHI-UHFFFAOYSA-N,-0.037341235267264516,GuthrieSolv-reconciled
WDMKCPIVJOGHBF-UHFFFAOYSA-N,3.230448921378274,meta37-model
NKTDTMONXHODTI-UHFFFAOYSA-N,-0.0094821374451147,GuthrieSolv-reconciled
BOJLCKCCKQMGKD-UHFFFAOYSA-N,3.204119982655925,meta37-model
REQPQFUJGGOFQL-UHFFFAOYSA-N,3.146128035678238,meta37-model
YGCFIWIQZPHFLU-UHFFFAOYSA-N,6.3979400086720375,meta37-model
FOHHWGVAOVDVLP-UHFFFAOYSA-N,6.643452676486188,meta37-model
RPNUMPOLZDHAAY-UHFFFAOYSA-N,12.380211241711606,meta37-model
ZYEMGPIYFIJGTP-UHFFFAOYSA-N,3.643452676486187,meta37-model
CZZZABOKJQXEBO-UHFFFAOYSA-N,3.770852011642144,meta37-model
DYSUSQZPGJXVAL-UHFFFAOYSA-N,1.5991203044370046,GuthrieSolv-reconciled
JKIJEFPNVSHHEI-UHFFFAOYSA-N,2.1760912590556813,meta37-model
HQSMEHLVLOGBCK-UHFFFAOYSA-N,4.799340549453582,meta37-model
OXYNQEOLHRWEPE-UHFFFAOYSA-N,6.897627091290442,meta37-model
QSHDDOUJBYECFT-UHFFFAOYSA-N,13.97633371871251,GuthrieSolv-reconciled
QSSJZLPUHJDYKF-UHFFFAOYSA-N,2.812913356642856,meta37-model
IBZHOAONZVJLOB-UHFFFAOYSA-N,2.8395312049978676,GuthrieSolv-reconciled
RAASUWZPTOJQAY-UHFFFAOYSA-N,4.672097857935717,meta37-model
UVZICZIVKIMRNE-UHFFFAOYSA-N,11.7481880270062,meta37-model
KTTXLLZIBIDUCR-UHFFFAOYSA-N,1.255272505103306,meta37-model
ORFPWVRKFLOQHK-UHFFFAOYSA-N,10.568201724066997,meta37-model
LVBXEMGDVWVTGY-UHFFFAOYSA-N,2.490992761928142,GuthrieSolv-reconciled
HONIICLYMWZJFZ-UHFFFAOYSA-N,3.9841126329560685,GuthrieSolv-reconciled
BZHJMEDXRYGGRV-UHFFFAOYSA-N,0.371813264478798,GuthrieSolv-reconciled
JQZFYIGAYWLRCC-UHFFFAOYSA-N,-1.3467874862246565,meta37-model
KTJJIBIRZGQFQZ-UHFFFAOYSA-N,3.9242792860618816,meta37-model
HJJVPARKXDDIQD-UHFFFAOYSA-N,7.8157115887171305,GuthrieSolv-reconciled
YVBCULSIZWMTFY-UHFFFAOYSA-N,2.8579811426065134,GuthrieSolv-reconciled
XFRVVPUIAFSTFO-UHFFFAOYSA-N,2.278753600952829,meta37-model
SEQRDAAUNCRFIT-UHFFFAOYSA-N,0.46139515254623803,GuthrieSolv-reconciled
DIOQZVSQGTUSAI-UHFFFAOYSA-N,-2.332209781063706,GuthrieSolv-reconciled
QCOGKXLOEWLIDC-UHFFFAOYSA-N,2.431363764158988,meta37-model
OHZNMGSGEFVFTI-UHFFFAOYSA-N,-2.705503681290356,GuthrieSolv-reconciled
STUSTWKEFDQFFZ-UHFFFAOYSA-N,4.781547329009413,GuthrieSolv-reconciled
BDXKVABZWRZKOS-UHFFFAOYSA-N,3.1760912590556813,meta37-model
PSWSPFSDVZVVDC-UHFFFAOYSA-N,5.832508912706237,meta37-model
JLYFCTQDENRSOL-UHFFFAOYSA-N,5.415611406083263,GuthrieSolv-reconciled
SXZSFWHOSHAKMN-UHFFFAOYSA-N,2.2628850530232945,GuthrieSolv-reconciled
UZVHFVZFNXBMQJ-UHFFFAOYSA-N,10.5910646070265,meta37-model
BHGNYYIOYPFWKC-UHFFFAOYSA-N,-2.5480735261879075,GuthrieSolv-reconciled
IMNFDUFMRHMDMM-UHFFFAOYSA-N,-1.9419995170709972,GuthrieSolv-reconciled
OAZWDJGLIYNYMU-UHFFFAOYSA-N,8.204119982655925,meta37-model
WNLRTRBMVRJNCN-UHFFFAOYSA-N,9.553895878184267,GuthrieSolv-reconciled
ZFRKQXVRDFCRJG-UHFFFAOYSA-N,4.234186383545418,GuthrieSolv-reconciled
SEOVTRFCIGRIMH-UHFFFAOYSA-N,5.1350059217027,GuthrieSolv-reconciled
IYKFYARMMIESOX-UHFFFAOYSA-N,3.1852612772180637,GuthrieSolv-reconciled
HTIRHQRTDBPHNZ-UHFFFAOYSA-N,0.932315947189089,GuthrieSolv-reconciled
RGNPBRKPHBKNKX-UHFFFAOYSA-N,3.36300476807954,GuthrieSolv-reconciled
IBZZDPVVVSNQOY-UHFFFAOYSA-N,8.690196080028514,meta37-model
KKQWHYGECTYFIA-UHFFFAOYSA-N,1.7861512281505645,GuthrieSolv-reconciled
JLKIGFTWXXRPMT-UHFFFAOYSA-N,10.57978359661681,meta37-model
JVFGXWCLGNACOG-UHFFFAOYSA-N,2.2807813912289654,GuthrieSolv-reconciled
RMBUNHOAKTUXTC-UHFFFAOYSA-N,2.785329835010767,meta37-model
KWIXNFOTNVKIGM-UHFFFAOYSA-N,6.643452676486188,meta37-model
HTLZVHNRZJPSMI-UHFFFAOYSA-N,2.977723605288848,meta37-model
HUPGRQWHZOWFPQ-UHFFFAOYSA-N,-5.886056647693163,meta37-model
GATVIKZLVQHOMN-UHFFFAOYSA-N,1.3184576117523477,GuthrieSolv-reconciled
GJNGXPDXRVXSEH-UHFFFAOYSA-N,2.7993405494535817,meta37-model
HKPHPIREJKHECO-UHFFFAOYSA-N,5.6098382143904235,GuthrieSolv-reconciled
FDDDEECHVMSUSB-UHFFFAOYSA-N,8.204119982655925,meta37-model
KBCNUEXDHWDIFX-UHFFFAOYSA-N,3.0791812460476247,meta37-model
YDNLKBDXQCHOTH-UHFFFAOYSA-N,5.770852011642144,meta37-model
YFMFNYKEUDLDTL-UHFFFAOYSA-N,-1.4685210829577449,meta37-model
RLSSMJSEOOYNOY-UHFFFAOYSA-N,3.9519644444882642,GuthrieSolv-reconciled
YJIRZJAZKDWEIJ-UHFFFAOYSA-N,4.3979400086720375,meta37-model
XWALNWXLMVGSFR-UHFFFAOYSA-N,7.041392685158225,meta37-model
XUGNVMKQXJXZCD-UHFFFAOYSA-N,-0.2757241303992109,meta37-model
XERJKGMBORTKEO-UHFFFAOYSA-N,7.751125571446389,GuthrieSolv-reconciled
IOGXOCVLYRDXLW-UHFFFAOYSA-N,1.2787536009528289,meta37-model
HOMGKSMUEGBAAB-UHFFFAOYSA-N,9.230448921378274,meta37-model
YAFOVCNAQTZDQB-UHFFFAOYSA-N,4.991226075692495,meta37-model
WLJVNTCWHIRURA-UHFFFAOYSA-N,11.30102999566398,meta37-model
FGIWFCGDPUIBEZ-UHFFFAOYSA-N,4.370793733109873,GuthrieSolv-reconciled
NUMQCACRALPSHD-UHFFFAOYSA-N,1.1107353390934196,GuthrieSolv-reconciled
OMIGHNLMNHATMP-UHFFFAOYSA-N,6.491361693834273,meta37-model
XIFJZJPMHNUGRA-UHFFFAOYSA-N,3.733951746549207,GuthrieSolv-reconciled
SFTBUGPDOJDENF-UHFFFAOYSA-N,1.6843212218173502,GuthrieSolv-reconciled
WVYWICLMDOOCFB-UHFFFAOYSA-N,2.662674409076507,GuthrieSolv-reconciled
FXHGMKSSBGDXIY-UHFFFAOYSA-N,1.8898886856654666,GuthrieSolv-reconciled
PQNFLJBBNBOBRQ-UHFFFAOYSA-N,1.0288325279388895,GuthrieSolv-reconciled
ZCXHZKNWIYVQNC-UHFFFAOYSA-N,1.1706027773842858,GuthrieSolv-reconciled
UJAHPBDUQZFDLA-UHFFFAOYSA-N,6.146128035678238,meta37-model
XNEFYCZVKIDDMS-UHFFFAOYSA-N,8.079181246047625,meta37-model
FBQQHUGEACOBDN-UHFFFAOYSA-N,5.44042293753642,GuthrieSolv-reconciled
SUSRORUBZHMPCO-UHFFFAOYSA-N,5.209823906938583,GuthrieSolv-reconciled
LGXVIGDEPROXKC-UHFFFAOYSA-N,-0.2025917180131592,GuthrieSolv-reconciled
MKQSWTQPLLCSOB-UHFFFAOYSA-N,4.922615879637205,GuthrieSolv-reconciled
PXMNMQRDXWABCY-UHFFFAOYSA-N,7.9510240546839395,GuthrieSolv-reconciled
UPMXNNIRAGDFEH-UHFFFAOYSA-N,6.473403263755865,GuthrieSolv-reconciled
CWFOCCVIPCEQCK-UHFFFAOYSA-N,6.633468455579586,meta37-model
GYLDXXLJMRTVSS-UHFFFAOYSA-N,6.682011588261866,GuthrieSolv-reconciled
KDVYCTOWXSLNNI-UHFFFAOYSA-N,4.939519252618618,meta37-model
MXWJVTOOROXGIU-UHFFFAOYSA-N,6.9474289172977475,GuthrieSolv-reconciled
DPCILIMHENXHQX-UHFFFAOYSA-N,3.1392892973776774,GuthrieSolv-reconciled
SESFRYSPDFLNCH-UHFFFAOYSA-N,2.9440727603320465,GuthrieSolv-reconciled
AGEZXYOZHKGVCM-UHFFFAOYSA-N,1.6780883838438474,GuthrieSolv-reconciled
ZRTXVJYJVBTXHE-UHFFFAOYSA-N,-2.6267886360185195,GuthrieSolv-reconciled
BZTYNSQSZHARAZ-UHFFFAOYSA-N,1.8885634481583629,GuthrieSolv-reconciled
CZZYITDELCSZES-UHFFFAOYSA-N,1.9975708215937094,GuthrieSolv-reconciled
YKKYCYQDUUXNLN-UHFFFAOYSA-N,1.7747017931900073,GuthrieSolv-reconciled
ZOGDSYNXUXQGHF-UHFFFAOYSA-N,7.385078527579371,GuthrieSolv-reconciled
DWRKFAJEBUWTQM-UHFFFAOYSA-N,7.301029995663981,meta37-model
GPSDUZXPYCFOSQ-UHFFFAOYSA-N,5.152031497971121,GuthrieSolv-reconciled
XOFYZVNMUHMLCC-UHFFFAOYSA-N,7.939519252618618,meta37-model
XDNBJTQLKCIJBV-UHFFFAOYSA-N,6.2154711456500085,GuthrieSolv-reconciled
HFFLGKNGCAIQMO-UHFFFAOYSA-N,6.825748399348245,GuthrieSolv-reconciled
HUBANNPOLNYSAD-UHFFFAOYSA-N,7.292368441726228,GuthrieSolv-reconciled
PQOSNJHBSNZITJ-UHFFFAOYSA-N,2.8573324964312685,meta37-model
HVLLSGMXQDNUAL-UHFFFAOYSA-N,4.662757831681574,meta37-model
FHKSXSQHXQEMOK-UHFFFAOYSA-N,6.623249290397901,meta37-model
APSMUYYLXZULMS-UHFFFAOYSA-N,2.316565485615809,GuthrieSolv-reconciled
QSNSCYSYFYORTR-UHFFFAOYSA-N,4.233299842038985,GuthrieSolv-reconciled
WFAUFYAGXAXBEG-UHFFFAOYSA-N,1.968482948553935,meta37-model
BPEWUONYVDABNZ-UHFFFAOYSA-N,5.6020599913279625,meta37-model
AGDYNDJUZRMYRG-UHFFFAOYSA-N,1.1992852169230581,GuthrieSolv-reconciled
ZPUCINDJVBIVPJ-UHFFFAOYSA-N,8.763427993562937,meta37-model
DLHQZZUEERVIGQ-UHFFFAOYSA-N,3.322219294733919,meta37-model
WHHGLZMJPXIBIX-UHFFFAOYSA-N,4.658246961446091,GuthrieSolv-reconciled
HWHZTSGXJYKIPK-UHFFFAOYSA-N,1.8512583487190752,meta37-model
VHGHHZZTMJLTJX-UHFFFAOYSA-N,2.006209929290702,GuthrieSolv-reconciled
AMBJXYFIMKHOQE-UHFFFAOYSA-N,5.857332496431268,meta37-model
AFTPEBDOGXRMNQ-UHFFFAOYSA-N,-2.3217672340432,GuthrieSolv-reconciled
KVGLBTYUCJYMND-UHFFFAOYSA-N,3.51621537961825,GuthrieSolv-reconciled
ZBTMRBYMKUEVEU-UHFFFAOYSA-N,0.9630664109226698,GuthrieSolv-reconciled
YLQLIQIAXYRMDL-UHFFFAOYSA-N,2.99563519459755,meta37-model
DIVBBSLQUDHECU-UHFFFAOYSA-N,3.0,meta37-model
YKPUWZUDDOIDPM-UHFFFAOYSA-N,11.380211241711606,meta37-model
OFCFYWOKHPOXKF-UHFFFAOYSA-N,5.113943352306837,meta37-model
OIXUJRCCNNHWFI-UHFFFAOYSA-N,3.644330493584703,GuthrieSolv-reconciled
YZKLGRAIIIGOHB-UHFFFAOYSA-N,3.045760473009226,GuthrieSolv-reconciled
IWWVOLGZHKFWKK-UHFFFAOYSA-N,2.9912260756924947,meta37-model
RUPAXCPQAAOIPB-UHFFFAOYSA-N,1.5440680443502757,meta37-model
IVRDRRWQABCXLY-UHFFFAOYSA-N,3.204119982655925,meta37-model
RVDDYBGRQLZMSB-UHFFFAOYSA-N,2.449271393536642,GuthrieSolv-reconciled
YAWIAFUBXXPJMQ-UHFFFAOYSA-N,2.322219294733919,meta37-model
ODLMAHJVESYWTB-UHFFFAOYSA-N,0.3374674860683175,GuthrieSolv-reconciled
WLGQZUOHEXTWFH-UHFFFAOYSA-N,3.5185139398778875,meta37-model
DLFVBJFMPXGRIB-UHFFFAOYSA-N,6.990549495663269,GuthrieSolv-reconciled
JVSWJIKNEAIKJW-UHFFFAOYSA-N,-2.157625711775687,GuthrieSolv-reconciled
SQBHGDSDVWCPHN-UHFFFAOYSA-N,9.32221929473392,meta37-model
QGDKRLQRLFUJPP-UHFFFAOYSA-N,1.380211241711606,meta37-model
OJUZRFGUKHQNJX-UHFFFAOYSA-N,5.380211241711606,meta37-model
GUXACCKTQWVTLG-UHFFFAOYSA-N,8.278753600952829,meta37-model
SMTWTJYCBGXSQW-UHFFFAOYSA-O,8.988649288336763,GuthrieSolv-reconciled
GVGCUCJTUSOZKP-UHFFFAOYSA-N,-1.7515675372327932,GuthrieSolv-reconciled
KKCMIUYVWAITDU-UHFFFAOYSA-N,4.850153485240705,GuthrieSolv-reconciled
ZOJBYZNEUISWFT-UHFFFAOYSA-N,1.9829499234546109,GuthrieSolv-reconciled
KHOITXIGCFIULA-UHFFFAOYSA-N,9.531478917042255,meta37-model
WHUUTDBJXJRKMK-UHFFFAOYSA-N,14.380211241711606,meta37-model
DMLAVOWQYNRWNQ-UHFFFAOYSA-N,3.230448921378274,meta37-model
SDXUIOOHCIQXRP-UHFFFAOYSA-N,0.14691659676515728,GuthrieSolv-reconciled
KGHYGBGIWLNFAV-UHFFFAOYSA-N,5.949390006644912,meta37-model
VEFNQGLEDJPUJF-UHFFFAOYSA-N,3.3934585755860964,GuthrieSolv-reconciled
BOHCMQZJWOGWTA-UHFFFAOYSA-N,2.633468455579586,meta37-model
FPZWZCWUIYYYBU-UHFFFAOYSA-N,6.041392685158225,meta37-model
SRMWNTGHXHOWBT-UHFFFAOYSA-N,-2.221848749616356,meta37-model
AQONCPKMJSBHQT-UHFFFAOYSA-N,2.644027180764212,GuthrieSolv-reconciled
VXPLXMJHHKHSOA-UHFFFAOYSA-N,5.650051482318717,GuthrieSolv-reconciled
IBOFVQJTBBUKMU-UHFFFAOYSA-N,9.342422680822208,meta37-model
ZEATXTCWXKQPHO-UHFFFAOYSA-N,2.8846939495440718,GuthrieSolv-reconciled
BZNDWPRGXNILMS-UHFFFAOYSA-N,5.707570176097937,meta37-model
NTHGIYFSMNNHSC-UHFFFAOYSA-N,0.9898627217816142,GuthrieSolv-reconciled
HYNYIQBCBHJTOZ-UHFFFAOYSA-N,1.3222192947339193,meta37-model
YGAUDDDVMBIHGB-UHFFFAOYSA-N,-2.8131355979814976,GuthrieSolv-reconciled
FPEYJPVHPGDXDD-UHFFFAOYSA-N,0.45391897568043293,GuthrieSolv-reconciled
ISTJMQSHILQAEC-UHFFFAOYSA-N,2.770762744188772,GuthrieSolv-reconciled
VHNPZYZQKWIWOD-UHFFFAOYSA-N,4.245502135837078,GuthrieSolv-reconciled
JRBJSXQPQWSCCF-UHFFFAOYSA-N,8.7160033436348,meta37-model
HDWLUGYOLUHEMN-UHFFFAOYSA-N,6.176091259055681,meta37-model
XEKOWRVHYACXOJ-UHFFFAOYSA-N,2.1935959296744527,GuthrieSolv-reconciled
YMTYZTXUZLQUSF-UHFFFAOYSA-N,9.342422680822208,meta37-model
IZZULMOBRTYHMH-UHFFFAOYSA-N,2.2997178918296117,GuthrieSolv-reconciled
CGHIBGNXEGJPQZ-UHFFFAOYSA-N,-0.25453140226234783,GuthrieSolv-reconciled
OJDKRASKNKPYDH-UHFFFAOYSA-N,-2.5087159473474427,GuthrieSolv-reconciled
OGBQILNBLMPPDP-UHFFFAOYSA-N,3.690196080028514,meta37-model
VTNQPKFIQCLBDU-UHFFFAOYSA-N,7.959041392321094,meta37-model
KDIAMAVWIJYWHN-UHFFFAOYSA-N,-1.5850159436495477,GuthrieSolv-reconciled
HFEJHAAIJZXXRE-UHFFFAOYSA-N,9.456068402487222,GuthrieSolv-reconciled
NUFNQYOELLVIPL-UHFFFAOYSA-N,10.688348989741774,GuthrieSolv-reconciled
ZIUSEGSNTOUIPT-UHFFFAOYSA-N,4.857235174220172,GuthrieSolv-reconciled
VGGSQFUCUMXWEO-UHFFFAOYSA-N,-0.9673620326771742,GuthrieSolv-reconciled
VSVAQRUUFVBBFS-UHFFFAOYSA-N,4.380211241711606,meta37-model
ZCVAOQKBXKSDMS-UHFFFAOYSA-N,5.217378617623433,GuthrieSolv-reconciled
QSLJIVKCVHQPLV-UHFFFAOYSA-N,6.041392685158225,meta37-model
DDUIUBPJPOKOMV-UHFFFAOYSA-N,8.493336020826392,GuthrieSolv-reconciled
KWGUFOITWDSNQY-UHFFFAOYSA-N,-5.6235209975725775,GuthrieSolv-reconciled
POOXVKSDWCXIBU-UHFFFAOYSA-N,1.7884586216572138,GuthrieSolv-reconciled
QYKIQEUNHZKYBP-UHFFFAOYSA-N,0.31717065743517747,GuthrieSolv-reconciled
JLVWYWVLMFVCDI-UHFFFAOYSA-N,4.792391689498253,meta37-model
RTRZHEPXWQXCCI-UHFFFAOYSA-N,3.342422680822206,meta37-model
ZFSLODLOARCGLH-UHFFFAOYSA-N,5.91782546048681,GuthrieSolv-reconciled
BPPVUXSMLBXYGG-UHFFFAOYSA-N,15.414973347970818,meta37-model
OBTWBSRJZRCYQV-UHFFFAOYSA-N,6.9630569195012235,GuthrieSolv-reconciled
WJBLNOPPDWQMCH-UHFFFAOYSA-N,14.146128035678238,meta37-model
TYYBFXNZMFNZJT-UHFFFAOYSA-N,38.819543935541866,meta37-model
GRSMWKLPSNHDHA-UHFFFAOYSA-N,4.5910646070265,meta37-model
UFGXCDQXRUFDMA-UHFFFAOYSA-N,1.646453870741514,GuthrieSolv-reconciled
DQFPEYARZIQXRM-UHFFFAOYSA-N,7.74750361117808,GuthrieSolv-reconciled
KXOJXWNARBQHNX-UHFFFAOYSA-N,1.9399365250284062,GuthrieSolv-reconciled
BZUDVELGTZDOIG-UHFFFAOYSA-N,0.2304489213782739,meta37-model
GILIYJDBJZWGBG-UHFFFAOYSA-N,2.9767025780304706,GuthrieSolv-reconciled
GZFGOTFRPZRKDS-UHFFFAOYSA-N,5.112236163276414,GuthrieSolv-reconciled
BDNKZNFMNDZQMI-UHFFFAOYSA-N,1.3979400086720375,meta37-model
TZMHVHLTPWKZCI-UHFFFAOYSA-N,2.202921117836068,GuthrieSolv-reconciled
NOMWSTMYQKABST-UHFFFAOYSA-N,1.792391689498254,meta37-model
DFOXKPDFWGNLJU-UHFFFAOYSA-N,2.9604867209146,GuthrieSolv-reconciled
HXJUTPCZVOIRIF-UHFFFAOYSA-N,3.707570176097936,meta37-model
CTISQZXTUUHJNC-UHFFFAOYSA-N,2.6693039930978406,GuthrieSolv-reconciled
PZBPKYOVPCNPJY-UHFFFAOYSA-N,6.846867063349178,GuthrieSolv-reconciled
ULPMRIXXHGUZFA-UHFFFAOYSA-N,1.9590413923210936,meta37-model
GUMULFRCHLJNDY-UHFFFAOYSA-N,-2.3414460623943048,GuthrieSolv-reconciled
XTCHLXABLZQNNN-UHFFFAOYSA-N,4.4488510508853185,GuthrieSolv-reconciled
RWNUSVWFHDHRCJ-UHFFFAOYSA-N,3.256717789694536,GuthrieSolv-reconciled
PLQDLOBGKJCDSZ-UHFFFAOYSA-N,6.973127853599698,meta37-model
NIPDVSLAMPAWTP-UHFFFAOYSA-N,6.278753600952829,meta37-model
JUHXTONDLXIGGK-UHFFFAOYSA-N,5.146128035678238,meta37-model
BXJHOKLLMOYSRQ-UHFFFAOYSA-N,2.204119982655925,meta37-model
PTFJIKYUEPWBMS-UHFFFAOYSA-N,2.256858120621231,GuthrieSolv-reconciled
HZYHMHHBBBSGHB-UHFFFAOYSA-N,2.1876861581572746,GuthrieSolv-reconciled
RXPQRKFMDQNODS-UHFFFAOYSA-N,4.3733203774875795,GuthrieSolv-reconciled
LFHQKYSBKVWWOS-UHFFFAOYSA-N,3.1760912590556813,meta37-model
OKIBNKKYNPBDRS-UHFFFAOYSA-N,9.278753600952829,meta37-model
IZFZCMFMJKDHJZ-UHFFFAOYSA-N,13.755874855672491,meta37-model
QMVPMAAFGQKVCJ-UHFFFAOYSA-N,3.1913927440591454,GuthrieSolv-reconciled
MNFMIVVPXOGUMX-UHFFFAOYSA-N,3.2853190002612043,GuthrieSolv-reconciled
DICRHEJCQXFJBY-UHFFFAOYSA-N,8.939519252618618,meta37-model
FZXISNSWEXTPMF-UHFFFAOYSA-N,6.078500847822938,GuthrieSolv-reconciled
WZCQRUWWHSTZEM-UHFFFAOYSA-N,7.142514681803039,GuthrieSolv-reconciled
JGXAONSRHOSPTJ-UHFFFAOYSA-N,2.441743515730859,GuthrieSolv-reconciled
QSJXEFYPDANLFS-UHFFFAOYSA-N,3.178253372906159,GuthrieSolv-reconciled
OIBKGNPMOMMSSI-UHFFFAOYSA-N,3.230448921378274,meta37-model
PLSMHHUFDLYURK-UHFFFAOYSA-N,3.278753600952829,meta37-model
PHSUVQBHRAWOQD-UHFFFAOYSA-N,2.6727950711776365,GuthrieSolv-reconciled
JLLJHQLUZAKJFH-UHFFFAOYSA-N,7.750179332682071,GuthrieSolv-reconciled
YVPYQUNUQOZFHG-UHFFFAOYSA-N,15.939519252618618,meta37-model
ZPUCINDJVBIVPJ-LJISPDSOSA-N,8.648837297116565,GuthrieSolv-reconciled
NPHCXUPGMINOPP-UHFFFAOYSA-N,3.380211241711606,meta37-model
PBGKNXWGYQPUJK-UHFFFAOYSA-N,5.301029995663981,meta37-model
SIKJAQJRHWYJAI-UHFFFAOYSA-N,4.592490240015621,GuthrieSolv-reconciled
QFQLZVAAQOJUFS-UHFFFAOYSA-N,2.3799606815409593,GuthrieSolv-reconciled
DGEMPTLPTFNEHJ-UHFFFAOYSA-N,-2.528394738749598,GuthrieSolv-reconciled
BPIUIOXAFBGMNB-UHFFFAOYSA-N,0.6627578316815741,meta37-model
INDOGKYZYLAGEM-UHFFFAOYSA-N,2.278753600952829,meta37-model
LNGAGQAGYITKCW-UHFFFAOYSA-N,5.3979400086720375,meta37-model
UZOSVZSBPTTWIG-UHFFFAOYSA-N,4.414973347970818,meta37-model
BXSVYGKOUULJCL-UHFFFAOYSA-N,1.6532125137753435,meta37-model
PJANXHGTPQOBST-UHFFFAOYSA-N,1.5314789170422551,meta37-model
RZKYEQDPDZUERB-UHFFFAOYSA-N,9.414973347970818,meta37-model
HFEHLDPGIKPNKL-UHFFFAOYSA-N,0.9684829485539352,meta37-model
RYHBNJHYFVUHQT-UHFFFAOYSA-N,3.61929743549847,GuthrieSolv-reconciled
LFQSCWFLJHTTHZ-UHFFFAOYSA-N,3.5764196639063823,GuthrieSolv-reconciled
DYRDKSSFIWVSNM-UHFFFAOYSA-N,9.763427993562935,meta37-model
PWRBCZZQRRPXAB-UHFFFAOYSA-N,2.8620335738406295,GuthrieSolv-reconciled
FVQITOLOYMWVFU-UHFFFAOYSA-N,10.230448921378274,meta37-model
GVEUEBXMTMZVSD-UHFFFAOYSA-N,-3.657577319177794,meta37-model
KGIGUEBEKRSTEW-UHFFFAOYSA-N,3.832508912706236,meta37-model
QGHREAKMXXNCOA-UHFFFAOYSA-N,7.301029995663981,meta37-model
PGJBQBDNXAZHBP-UHFFFAOYSA-N,6.041392685158225,meta37-model
XBPCUCUWBYBCDP-UHFFFAOYSA-N,2.643452676486187,meta37-model
VKNITLPENCJQOP-UHFFFAOYSA-N,2.8195439355418688,meta37-model
RMOGWMIKYWRTKW-UHFFFAOYSA-N,8.130281017142343,GuthrieSolv-reconciled
XZZNDPSIHUTMOC-UHFFFAOYSA-N,3.8152834187125895,GuthrieSolv-reconciled
PDIVDRVTPZNRDZ-UHFFFAOYSA-N,2.7993405494535817,meta37-model
WEEGYLXZBRQIMU-UHFFFAOYSA-N,2.322603727832648,GuthrieSolv-reconciled
DIKBFYAXUHHXCS-UHFFFAOYSA-N,1.431150224026892,GuthrieSolv-reconciled
MGNZXYYWBUKAII-UHFFFAOYSA-N,-0.32055563655299674,GuthrieSolv-reconciled
XGWFJBFNAQHLEF-UHFFFAOYSA-N,4.957087305117541,GuthrieSolv-reconciled
WAZUWHGJMMZVHH-UHFFFAOYSA-N,0.7634279935629372,meta37-model
NYQDCVLCJXRDSK-UHFFFAOYSA-N,4.082431456248075,GuthrieSolv-reconciled
VHCNQEUWZYOAEV-UHFFFAOYSA-N,10.443979460320072,GuthrieSolv-reconciled
OQIQSTLJSLGHID-UHFFFAOYSA-N,11.230448921378274,meta37-model
XTFNPKDYCLFGPV-UHFFFAOYSA-N,5.961761535708661,GuthrieSolv-reconciled
ZCJLOOJRNPHKAV-UHFFFAOYSA-N,6.1858880122557025,GuthrieSolv-reconciled
MRBKEAMVRSLQPH-UHFFFAOYSA-N,4.32221929473392,meta37-model
LJQOBQLZTUSEJA-UHFFFAOYSA-N,3.1144278800462337,GuthrieSolv-reconciled
RQVYBGPQFYCBGX-UHFFFAOYSA-N,6.952568777910273,GuthrieSolv-reconciled
NLXGURFLBLRZRO-UHFFFAOYSA-N,3.7993405494535817,meta37-model
TVQGDYNRXLTQAP-UHFFFAOYSA-N,1.6238589972289077,GuthrieSolv-reconciled
QXTXMOPIHLUPAB-UHFFFAOYSA-N,3.8072077970638674,GuthrieSolv-reconciled
XPOQHMRABVBWPR-UHFFFAOYSA-N,6.544068044350276,meta37-model
WSTVMACYLXUQIM-UHFFFAOYSA-N,1.760057203442524,GuthrieSolv-reconciled
RAPZEAPATHNIPO-UHFFFAOYSA-N,14.041392685158224,meta37-model
LSFRFLVWCKLQTO-UHFFFAOYSA-N,5.509264799480567,GuthrieSolv-reconciled
YTPLMLYBLZKORZ-UHFFFAOYSA-N,0.976664586983694,GuthrieSolv-reconciled
PTTPXKJBFFKCEK-UHFFFAOYSA-N,2.2613195805780015,GuthrieSolv-reconciled
QVAPRJWSOUITIF-UHFFFAOYSA-N,2.568201724066995,meta37-model
PPTYJKAXVCCBDU-UHFFFAOYSA-N,9.041392685158224,meta37-model
AMIMRNSIRUDHCM-UHFFFAOYSA-N,1.3923501920914272,GuthrieSolv-reconciled
RVHUMFJSCJBNGS-UHFFFAOYSA-N,11.146128035678238,meta37-model
WNYADZVDBIBLJJ-UHFFFAOYSA-N,5.8596970656050935,GuthrieSolv-reconciled
XQZXYNRDCRIARQ-UHFFFAOYSA-N,23.342422680822207,meta37-model
VDHAWDNDOKGFTD-UHFFFAOYSA-N,5.041392685158225,meta37-model
CXOFVDLJLONNDW-UHFFFAOYSA-N,9.380211241711606,meta37-model
KFUSEUYYWQURPO-UHFFFAOYSA-N,0.7237483687385052,GuthrieSolv-reconciled
KLIHWYNSISMOMR-UHFFFAOYSA-N,3.383592865353686,GuthrieSolv-reconciled
IAQRGUVFOMOMEM-UHFFFAOYSA-N,-0.8538719643217619,meta37-model
LLCSWKVOHICRDD-UHFFFAOYSA-N,0.6901960800285137,meta37-model
FHNKBSDJERHDHZ-UHFFFAOYSA-N,2.505149978319906,meta37-model
JMDHCJDATBJFJS-UHFFFAOYSA-N,3.9657302388781748,GuthrieSolv-reconciled
UMFJAHHVKNCGLG-UHFFFAOYSA-N,4.09932232384097,GuthrieSolv-reconciled
VITXVDNQHXYQSK-UHFFFAOYSA-N,2.2861402453730046,GuthrieSolv-reconciled
VYMPLPIFKRHAAC-UHFFFAOYSA-N,2.3010299956639813,meta37-model
UGAYZIDINJCENU-UHFFFAOYSA-N,8.457340520733796,GuthrieSolv-reconciled
UDMZPLROONOSEF-UHFFFAOYSA-N,2.3274572549604575,GuthrieSolv-reconciled
GYSSRZJIHXQEHQ-UHFFFAOYSA-N,7.83273044127354,GuthrieSolv-reconciled
JVJUWCMBRUMDDQ-UHFFFAOYSA-N,7.404042197202053,GuthrieSolv-reconciled
KYWIYKKSMDLRDC-UHFFFAOYSA-N,1.5193069363948457,GuthrieSolv-reconciled
JIWAGFGPBKDFQN-UHFFFAOYSA-N,5.681241237375588,meta37-model
FZQMZRXKWHQJAG-UHFFFAOYSA-N,-1.5528419686577808,meta37-model
HTOYXTGJEOUKPM-UHFFFAOYSA-N,2.7075701760979363,meta37-model
KZUBXUKRWLMPIO-UHFFFAOYSA-N,3.0791812460476247,meta37-model
DFWFIQKMSFGDCQ-UHFFFAOYSA-N,7.204119982655925,meta37-model
PYKLUAIDKVVEOS-UHFFFAOYSA-N,7.431363764158987,meta37-model
WASQWSOJHCZDFK-UHFFFAOYSA-N,1.6020599913279625,meta37-model
WPDAVTSOEQEGMS-UHFFFAOYSA-N,2.806426329642944,GuthrieSolv-reconciled
FERIUCNNQQJTOY-UHFFFAOYSA-N,4.564205876423612,GuthrieSolv-reconciled
VACCAVUAMIDAGB-UHFFFAOYSA-N,11.9731278535997,meta37-model
AUHHYELHRWCWEZ-UHFFFAOYSA-N,4.113943352306837,meta37-model
CDAISMWEOUEBRE-UHFFFAOYSA-N,9.629427396833453,GuthrieSolv-reconciled
VTLYHLREPCPDKX-UHFFFAOYSA-N,2.1757628760000096,GuthrieSolv-reconciled
PNLQPWWBHXMFCA-UHFFFAOYSA-N,-0.4559319556497244,meta37-model
NICWAKGKDIAMOD-UHFFFAOYSA-N,3.851258348719076,meta37-model
RVWLHPJFOKUPNM-UHFFFAOYSA-N,2.5333972373726303,GuthrieSolv-reconciled
YBYYCWMPXZRBNJ-UHFFFAOYSA-N,1.0791812460476249,meta37-model
SLGBZMMZGDRARJ-UHFFFAOYSA-N,3.216992418151627,GuthrieSolv-reconciled
YESXTECNXIKUMM-UHFFFAOYSA-N,7.878242251556983,GuthrieSolv-reconciled
STCOOQWBFONSKY-UHFFFAOYSA-N,5.137474819205517,GuthrieSolv-reconciled
PUPZLCDOIYMWBV-UHFFFAOYSA-N,7.230448921378274,meta37-model
VWONRLCRTWBFHH-UHFFFAOYSA-N,10.36291689747162,GuthrieSolv-reconciled
KDWRBXBBKAGNRS-UHFFFAOYSA-N,3.677441180799883,GuthrieSolv-reconciled
ISWSIDIOOBJBQZ-UHFFFAOYSA-N,4.727271469335942,GuthrieSolv-reconciled
RMQHJMMCLSJULX-UHFFFAOYSA-N,-2.6267886360185195,GuthrieSolv-reconciled
OMVULLGMZOYNDL-UHFFFAOYSA-N,4.188616853992404,GuthrieSolv-reconciled
GNBHRKFJIUUOQI-UHFFFAOYSA-N,14.431363764158988,meta37-model
POFHGKISWXYKLB-UHFFFAOYSA-N,3.230448921378274,meta37-model
HLVFKOKELQSXIQ-UHFFFAOYSA-N,-0.022664027591242652,GuthrieSolv-reconciled
OXFFPTMSBXBVLZ-UHFFFAOYSA-N,2.9684829485539352,meta37-model
UCHSAVGOZUCXHC-UHFFFAOYSA-N,-4.091514981121351,meta37-model
NKAMGQZDVMQEJL-UHFFFAOYSA-N,-3.4685210829577446,meta37-model
RNNBHZYEKNHLKT-UHFFFAOYSA-N,7.079181246047625,meta37-model
TUJKJAMUKRIRHC-UHFFFAOYSA-N,2.977723605288848,meta37-model
OJGMBLNIHDZDGS-UHFFFAOYSA-N,3.2900571002878096,GuthrieSolv-reconciled
RJTJVVYSTUQWNI-UHFFFAOYSA-N,1.5565921655354242,GuthrieSolv-reconciled
XLSZMDLNRCVEIJ-UHFFFAOYSA-N,7.383183181856417,GuthrieSolv-reconciled
NEHMKBQYUWJMIP-UHFFFAOYSA-N,0.3613300617924284,GuthrieSolv-reconciled
WINCSBAYCULVDU-UHFFFAOYSA-N,-1.769551078621726,meta37-model
LOZWAPSEEHRYPG-UHFFFAOYSA-N,2.7634279935629373,meta37-model
WYMSBXTXOHUIGT-UHFFFAOYSA-N,6.630879555853286,GuthrieSolv-reconciled
OMFRMAHOUUJSGP-UHFFFAOYSA-N,4.380211241711606,meta37-model
IFYYFLINQYPWGJ-UHFFFAOYSA-N,3.472077838606447,GuthrieSolv-reconciled
INLIRICAUXXHSB-UHFFFAOYSA-N,2.7075701760979363,meta37-model
NPNPZTNLOVBDOC-UHFFFAOYSA-N,0.03228958343863339,GuthrieSolv-reconciled
GXDHCNNESPLIKD-UHFFFAOYSA-N,-2.1595438446509427,GuthrieSolv-reconciled
RWRIWBAIICGTTQ-UHFFFAOYSA-N,1.7108135735460877,GuthrieSolv-reconciled
MJOKZMZDONULOD-UHFFFAOYSA-N,3.041392685158225,meta37-model
VTWDKFNVVLAELH-UHFFFAOYSA-N,7.113943352306837,meta37-model
PSQZJKGXDGNDFP-UHFFFAOYSA-N,2.956109945795378,GuthrieSolv-reconciled
AEXMKKGTQYQZCS-UHFFFAOYSA-N,-1.895878886462608,GuthrieSolv-reconciled
HCWZEPKLWVAEOV-UHFFFAOYSA-N,1.88655841623554,GuthrieSolv-reconciled
UQXKXGWGFRWILX-UHFFFAOYSA-N,4.002353183460424,GuthrieSolv-reconciled
ZSIZNEVHVVRPFF-UHFFFAOYSA-N,3.0791812460476247,meta37-model
NGDNVOAEIVQRFH-UHFFFAOYSA-N,2.6654268207861334,GuthrieSolv-reconciled
QMBJSIBWORFWQT-UHFFFAOYSA-N,7.643452676486188,meta37-model
FPKCTSIVDAWGFA-UHFFFAOYSA-N,7.0,meta37-model
DIIFUCUPDHMNIV-UHFFFAOYSA-N,4.113943352306837,meta37-model
BREATYVWRHIPIY-UHFFFAOYSA-N,5.079181246047625,meta37-model
KZYAYVSWIPZDKL-UHFFFAOYSA-N,-0.532178422404234,GuthrieSolv-reconciled
MUJOIMFVNIBMKC-UHFFFAOYSA-N,7.548035400625669,GuthrieSolv-reconciled
WLVCBAMXYMWGLJ-UHFFFAOYSA-N,-3.062106352629494,GuthrieSolv-reconciled
BLNBSBLKPFFJKQ-UHFFFAOYSA-N,-2.597270477348625,GuthrieSolv-reconciled
VOWAEIGWURALJQ-UHFFFAOYSA-N,5.332028899400914,GuthrieSolv-reconciled
KNUQGVIXAYDSOX-UHFFFAOYSA-N,5.131659429956765,GuthrieSolv-reconciled
JCCCMAAJYSNBPR-UHFFFAOYSA-N,0.6942857438224764,GuthrieSolv-reconciled
OBZIQQJJIKNWNO-UHFFFAOYSA-N,2.1364906092233267,GuthrieSolv-reconciled
NLYNUTMZTCLNOO-UHFFFAOYSA-N,6.571802141825895,GuthrieSolv-reconciled
RGCKGOZRHPZPFP-UHFFFAOYSA-N,3.9111778807384523,GuthrieSolv-reconciled
PYOKUURKVVELLB-UHFFFAOYSA-N,3.230448921378274,meta37-model
DATAGRPVKZEWHA-UHFFFAOYSA-N,13.44715803134222,meta37-model
HLCSDJLATUNSSI-UHFFFAOYSA-N,1.8512583487190752,meta37-model
CHJJGSNFBQVOTG-UHFFFAOYSA-N,8.055176861958076,GuthrieSolv-reconciled
WKJXVVFAALGBOH-UHFFFAOYSA-N,4.690196080028514,meta37-model
NFLGAXVYCFJBMK-UHFFFAOYSA-N,2.146128035678238,meta37-model
GETQZCLCWQTVFV-UHFFFAOYSA-N,2.2865262925410788,GuthrieSolv-reconciled
VRHRGVJOUHJULC-UHFFFAOYSA-N,-2.5185553435431136,GuthrieSolv-reconciled
WURGXGVFSMYFCG-UHFFFAOYSA-N,5.601204631327007,GuthrieSolv-reconciled
HLZKNKRTKFSKGZ-UHFFFAOYSA-N,2.2010942262822644,GuthrieSolv-reconciled
SSTJUBQGYXNFFP-UHFFFAOYSA-N,1.5423209674932836,GuthrieSolv-reconciled
UUEDINPOVKWVAZ-UHFFFAOYSA-N,6.0,meta37-model
JNNHVXMCVRYTTN-UHFFFAOYSA-N,12.929418925714293,meta37-model
ZCYVEMRRCGMTRW-UHFFFAOYSA-N,0.3010299956639812,meta37-model
BIWJNBZANLAXMG-UHFFFAOYSA-N,2.4322254714324685,GuthrieSolv-reconciled
YUGWDVYLFSETPE-JLHYYAGUSA-N,1.8794170688713006,GuthrieSolv-reconciled
QPJDMGCKMHUXFD-UHFFFAOYSA-N,1.4771212547196624,meta37-model
CHBAWFGIXDBEBT-UHFFFAOYSA-N,-2.227180624648614,GuthrieSolv-reconciled
WLJVXDMOQOGPHL-UHFFFAOYSA-N,5.678800055387163,GuthrieSolv-reconciled
HMMGMWAXVFQUOA-UHFFFAOYSA-N,-0.47025162726758846,GuthrieSolv-reconciled
RVKCCVTVZORVGD-UHFFFAOYSA-N,4.1000627661359745,GuthrieSolv-reconciled
ZWEHNKRNPOVVGH-UHFFFAOYSA-N,2.5874049742550884,GuthrieSolv-reconciled
YIMQCDZDWXUDCA-UHFFFAOYSA-N,8.57978359661681,meta37-model
AIURIRUDHVDRFQ-UHFFFAOYSA-N,1.0476031742954433,GuthrieSolv-reconciled
JIEGVNXCNNWVPH-UHFFFAOYSA-N,3.113943352306837,meta37-model
NIQCNGHVCWTJSM-UHFFFAOYSA-N,5.308292883397638,GuthrieSolv-reconciled
SEEOMASXHIJCDV-UHFFFAOYSA-N,-2.4368687034989662,GuthrieSolv-reconciled
ZOTBXTZVPHCKPN-UHFFFAOYSA-N,6.642517167385692,GuthrieSolv-reconciled
RWGFKTVRMDUZSP-UHFFFAOYSA-N,0.17689910047513788,GuthrieSolv-reconciled
VEENJGZXVHKXNB-SREVYHEPSA-N,8.579479313152053,GuthrieSolv-reconciled
BNIXVQGCZULYKV-UHFFFAOYSA-N,0.9532917802828924,GuthrieSolv-reconciled
KVSKGMLNBAPGKH-UHFFFAOYSA-N,9.380211241711606,meta37-model
LSWOCDLIYSKTRX-UHFFFAOYSA-N,8.041392685158225,meta37-model
JJUBFBTUBACDHW-UHFFFAOYSA-N,-0.33118398287656703,GuthrieSolv-reconciled
HLBLWEWZXPIGSM-UHFFFAOYSA-N,9.204119982655923,meta37-model
NTGBCQFKKOCODF-UHFFFAOYSA-N,3.041392685158225,meta37-model
KAESVJOAVNADME-UHFFFAOYSA-N,3.4157694868893325,GuthrieSolv-reconciled
DNJRKFKAFWSXSE-UHFFFAOYSA-N,1.8180112030864655,GuthrieSolv-reconciled
BNRNAKTVFSZAFA-UHFFFAOYSA-N,-0.6575773191777937,meta37-model
XWPZUHJBOLQNMN-UHFFFAOYSA-N,6.749787145448212,GuthrieSolv-reconciled
LULAYUGMBFYYEX-UHFFFAOYSA-N,4.405632441883012,GuthrieSolv-reconciled
MLKCGVHIFJBRCD-UHFFFAOYSA-N,6.814930310058394,GuthrieSolv-reconciled
RTDCJKARQCRONF-UHFFFAOYSA-N,4.606775436414256,GuthrieSolv-reconciled
WCXDHFDTOYPNIE-UHFFFAOYSA-N,5.544068044350276,meta37-model
IKTHMQYJOWTSJO-UHFFFAOYSA-N,2.8920946026904804,meta37-model
POAOYUHQDCAZBD-UHFFFAOYSA-N,4.488673532855844,GuthrieSolv-reconciled
AUZONCFQVSMFAP-UHFFFAOYSA-N,2.462397997898956,meta37-model
ICMWWNHDUZJFDW-UHFFFAOYSA-N,7.204119982655925,meta37-model
YNPVNLWKVZZBTM-UHFFFAOYSA-N,2.4913616938342726,meta37-model
PIWKPBJCKXDKJR-UHFFFAOYSA-N,-0.12123036688663569,GuthrieSolv-reconciled
MWAGUKZCDDRDCS-UHFFFAOYSA-N,7.113943352306837,meta37-model
OOLUVSIJOMLOCB-UHFFFAOYSA-N,1.8512583487190752,meta37-model
IOVARPVVZDOPGQ-UHFFFAOYSA-N,1.812913356642856,meta37-model
ZXQYGBMAQZUVMI-UHFFFAOYSA-N,3.230448921378274,meta37-model
LFSAPCRASZRSKS-UHFFFAOYSA-N,0.0,meta37-model
SZBZRVJHPZIGAY-UHFFFAOYSA-N,2.886490725172482,meta37-model
FULZLIGZKMKICU-UHFFFAOYSA-N,8.380211241711606,meta37-model
PZHIWRCQKBBTOW-UHFFFAOYSA-N,1.2041199826559248,meta37-model
LBKPGNUOUPTQKA-UHFFFAOYSA-N,5.924279286061882,meta37-model
NEHDRDVHPTWWFG-UHFFFAOYSA-N,4.748188027006201,meta37-model
GLUUGHFHXGJENI-UHFFFAOYSA-N,5.308187367126699,GuthrieSolv-reconciled
UBZVRROHBDDCQY-UHFFFAOYSA-N,9.079181246047623,meta37-model
RGCZULIFYUPTAR-UHFFFAOYSA-N,3.113943352306837,meta37-model
ABIUHPWEYMSGSR-UHFFFAOYSA-N,16.380211241711606,meta37-model
BJFOCMRBCBZFJT-UHFFFAOYSA-N,2.5609831575826143,GuthrieSolv-reconciled
OWWIWYDDISJUMY-UHFFFAOYSA-N,-1.1398641017828637,GuthrieSolv-reconciled
XVPBINOPNYFXID-UHFFFAOYSA-N,16.380211241711606,meta37-model
GZDFHIJNHHMENY-UHFFFAOYSA-N,1.7323937598229686,meta37-model
XHIUFYZDQBSEMF-UHFFFAOYSA-N,1.5625912883279165,GuthrieSolv-reconciled
YUBJPYNSGLJZPQ-UHFFFAOYSA-N,4.303715780362278,GuthrieSolv-reconciled
HNBDRPTVWVGKBR-UHFFFAOYSA-N,1.8180715925295896,GuthrieSolv-reconciled
YFSUTJLHUFNCNZ-UHFFFAOYSA-N,0.3424226808222063,meta37-model
LWLJUMBEZJHXHV-UHFFFAOYSA-N,2.6174359467552404,GuthrieSolv-reconciled
OBKHYUIZSOIEPG-UHFFFAOYSA-N,-1.8063081706715458,GuthrieSolv-reconciled
KEMCLRGAIUJRAN-UHFFFAOYSA-N,3.113943352306837,meta37-model
WRPPDRMFGQJMAR-UHFFFAOYSA-N,3.6720978579357175,meta37-model
GNOOAFGERMHQJE-UHFFFAOYSA-N,13.755874855672491,meta37-model
FMAZQSYXRGRESX-UHFFFAOYSA-N,8.278753600952829,meta37-model
SVPKNMBRVBMTLB-UHFFFAOYSA-N,7.380211241711606,meta37-model
FLBJFXNAEMSXGL-UHFFFAOYSA-N,5.447158031342219,meta37-model
CUGLICQCTXWQNF-UHFFFAOYSA-N,1.9265716852508752,GuthrieSolv-reconciled
FAXDZWQIWUSWJH-UHFFFAOYSA-N,4.972162518341502,GuthrieSolv-reconciled
OSINZLLLLCUKJH-UHFFFAOYSA-N,3.57978359661681,meta37-model
BQOFWKZOCNGFEC-UHFFFAOYSA-N,-0.7219480111542831,GuthrieSolv-reconciled
IECJUMYEWJOKHM-UHFFFAOYSA-N,2.361727836017593,meta37-model
CBBDONKZEJKFJP-UHFFFAOYSA-N,3.204119982655925,meta37-model
WYTRKEWETULQOA-UHFFFAOYSA-N,4.3979400086720375,meta37-model
RYGLOWMCGZHYRQ-UHFFFAOYSA-N,3.322219294733919,meta37-model
FGLBSLMDCBOPQK-UHFFFAOYSA-N,2.227921641842682,GuthrieSolv-reconciled
QQFGAXUIQVKBKU-UHFFFAOYSA-N,0.3222192947339193,meta37-model
YREYEVIYCVEVJK-UHFFFAOYSA-N,15.30102999566398,meta37-model
SKGXYFVQZVPEFP-UHFFFAOYSA-N,3.470555807102766,GuthrieSolv-reconciled
RAHZWNYVWXNFOC-UHFFFAOYSA-N,1.4542431484543987,GuthrieSolv-reconciled
SRRJCDUOSQWHGS-UHFFFAOYSA-O,26.69897000433602,meta37-model
PYLWMHQQBFSUBP-UHFFFAOYSA-N,0.5327812558793171,GuthrieSolv-reconciled
BWLVSYUUKOQICP-UHFFFAOYSA-N,7.643452676486188,meta37-model
WDAXFOBOLVPGLV-UHFFFAOYSA-N,1.6901960800285136,meta37-model
LHRCREOYAASXPZ-UHFFFAOYSA-N,-0.5345596098583877,GuthrieSolv-reconciled
QGLZXHRNAYXIBU-UHFFFAOYSA-N,7.140406382386384,GuthrieSolv-reconciled
VJRKXIWXOWSLKQ-ZBHICJROSA-N,3.877417634676347,GuthrieSolv-reconciled
VQFAIAKCILWQPZ-UHFFFAOYSA-N,3.633468455579586,meta37-model
NOOLISFMXDJSKH-UHFFFAOYSA-N,3.151979905683312,GuthrieSolv-reconciled
QBUMXSSCYUMVAW-UHFFFAOYSA-N,0.6989700043360189,meta37-model
CDAWCLOXVUBKRW-UHFFFAOYSA-N,8.079181246047625,meta37-model
BQHCQAQLTCQFJZ-UHFFFAOYSA-N,2.7872124523826725,GuthrieSolv-reconciled
KNFRYRRZMRETJX-UHFFFAOYSA-N,3.431363764158988,meta37-model
UCLXUUYVWJKXIK-UHFFFAOYSA-N,2.929418925714293,meta37-model
LKHLFUVHHXCNJH-UHFFFAOYSA-N,2.003872560875564,GuthrieSolv-reconciled
KLCDQSGLLRINHY-UHFFFAOYSA-N,7.681241237375588,meta37-model
NMBXMBCZBXUXAM-UHFFFAOYSA-N,4.079181246047625,meta37-model
OUNSASXJZHBGAI-UHFFFAOYSA-N,3.205557724472099,GuthrieSolv-reconciled
QFOHBWFCKVYLES-UHFFFAOYSA-N,5.214882723695555,GuthrieSolv-reconciled
ZRVPDCMGGOSDKG-UHFFFAOYSA-N,3.115687481665892,GuthrieSolv-reconciled
NMSUCVXVCHZTEH-UHFFFAOYSA-N,3.1760912590556813,meta37-model
ZAMOUSCENKQFHK-UHFFFAOYSA-N,1.7481880270062005,meta37-model
AUKVIBNBLXQNIZ-UHFFFAOYSA-N,-2.367742570991808,GuthrieSolv-reconciled
MHDVGSVTJDSBDK-UHFFFAOYSA-N,3.5126727808801452,GuthrieSolv-reconciled
LJWIIRATRWPHBA-UHFFFAOYSA-N,4.65511970470061,GuthrieSolv-reconciled
FRPHFZCDPYBUAU-UHFFFAOYSA-N,16.57978359661681,meta37-model
PFJJMJDEVDLPNE-UHFFFAOYSA-N,5.3070846557540134,GuthrieSolv-reconciled
RGFNRWTWDWVHDD-UHFFFAOYSA-N,1.505149978319906,meta37-model
VZHUBBUZNIULNM-UHFFFAOYSA-N,0.0,meta37-model
CPELXLSAUQHCOX-UHFFFAOYSA-N,10.33350464943727,GuthrieSolv-reconciled
OVPLZYJGTGDFNB-UHFFFAOYSA-N,5.544068044350276,meta37-model
MTCPZNVSDFCBBE-UHFFFAOYSA-N,1.4213263596636236,GuthrieSolv-reconciled
QGBRLVONZXHAKJ-UHFFFAOYSA-N,0.7170882494697323,GuthrieSolv-reconciled
HNJBEVLQSNELDL-UHFFFAOYSA-N,7.361727836017593,meta37-model
ZFMWDTNZPKDVBU-UHFFFAOYSA-N,1.2041199826559248,meta37-model
NEHNMFOYXAPHSD-UHFFFAOYSA-N,2.178328098602245,GuthrieSolv-reconciled
SFZCNBIFKDRMGX-UHFFFAOYSA-N,-2.2354920282056105,GuthrieSolv-reconciled
GTSJHTSVFKEASK-UHFFFAOYSA-N,7.278753600952829,meta37-model
OSSQSXOTMIGBCF-UHFFFAOYSA-N,-0.8031404020531883,GuthrieSolv-reconciled
MPCDNZSLJWJDNW-UHFFFAOYSA-N,1.0,meta37-model
LAXBNTIAOJWAOP-UHFFFAOYSA-N,1.4999245132459254,GuthrieSolv-reconciled
QGVFLDUEHSIZIG-UHFFFAOYSA-N,2.9731278535996988,meta37-model
CEOCDNVZRAIOQZ-UHFFFAOYSA-N,1.5026990981620083,GuthrieSolv-reconciled
KNKRKFALVUDBJE-UHFFFAOYSA-N,0.8706364662980667,GuthrieSolv-reconciled
JEYLQCXBYFQJRO-UHFFFAOYSA-N,9.380211241711606,meta37-model
GWHJZXXIDMPWGX-UHFFFAOYSA-N,0.5777175660397744,GuthrieSolv-reconciled
DROMNWUQASBTFM-UHFFFAOYSA-N,2.431363764158988,meta37-model
YTHJCZRFJGXPTL-UHFFFAOYSA-N,4.226754764062217,GuthrieSolv-reconciled
LKAJKIOFIWVMDJ-UHFFFAOYSA-N,6.342422680822207,meta37-model
BTANRVKWQNVYAZ-UHFFFAOYSA-N,3.2755003667393483,GuthrieSolv-reconciled
KXKVLQRXCPHEJC-UHFFFAOYSA-N,2.34862339623406,GuthrieSolv-reconciled
VXXBCDUYUQKWCK-UHFFFAOYSA-N,1.0413926851582251,meta37-model
AOGQPLXWSUTHQB-UHFFFAOYSA-N,1.5938573552304853,GuthrieSolv-reconciled
AVURWLKSFZBANQ-UHFFFAOYSA-N,1.9210014628858505,GuthrieSolv-reconciled
SPOPSCCFZQFGDL-UHFFFAOYSA-N,1.5563025007672873,meta37-model
VYONOYYDEFODAJ-UHFFFAOYSA-N,7.491361693834273,meta37-model
WEVYAHXRMPXWCK-UHFFFAOYSA-N,2.7797793703639266,GuthrieSolv-reconciled
LDQUQELDKCVZDV-UHFFFAOYSA-N,5.22728871248703,GuthrieSolv-reconciled
YAYNEUUHHLGGAH-UHFFFAOYSA-N,-2.9898234152740955,GuthrieSolv-reconciled
PIZCXVUFSNPNON-UHFFFAOYSA-N,11.672097857935718,meta37-model
XRXMNWGCKISMOH-UHFFFAOYSA-N,5.248084810115633,GuthrieSolv-reconciled
GUBGYTABKSRVRQ-UHFFFAOYSA-N,11.450104577392974,GuthrieSolv-reconciled
HRQGCQVOJVTVLU-UHFFFAOYSA-N,2.0437316784802757,GuthrieSolv-reconciled
BVSOVPUWHJWGEP-UHFFFAOYSA-N,1.187154257823843,GuthrieSolv-reconciled
ZFFMLCVRJBZUDZ-UHFFFAOYSA-N,-1.743731533768429,GuthrieSolv-reconciled
ZMHWQAHZKUPENF-UHFFFAOYSA-N,2.1183914819677896,GuthrieSolv-reconciled
GHKOFFNLGXMVNJ-UHFFFAOYSA-N,3.785329835010767,meta37-model
KEWNKZNZRIAIAK-UHFFFAOYSA-N,3.408501974567337,GuthrieSolv-reconciled
RLYCRLGLCUXUPO-UHFFFAOYSA-N,7.518513939877887,meta37-model
ATQUFXWBVZUTKO-UHFFFAOYSA-N,-0.2291479883578558,meta37-model
VYZAHLCBVHPDDF-UHFFFAOYSA-N,4.0,meta37-model
BDJRBEYXGGNYIS-UHFFFAOYSA-N,6.006169065891421,GuthrieSolv-reconciled
NZZIMKJIVMHWJC-UHFFFAOYSA-N,7.278753600952829,meta37-model
IZUKQUVSCNEFMJ-UHFFFAOYSA-N,4.321448087986879,GuthrieSolv-reconciled
YSUQLAYJZDEMOT-UHFFFAOYSA-N,2.9912260756924947,meta37-model
PCKNFPQPGUWFHO-UHFFFAOYSA-N,4.977723605288848,meta37-model
UHWURQRPEIFIAK-UHFFFAOYSA-N,5.079181246047625,meta37-model
ZFLIKDUSUDBGCD-UHFFFAOYSA-N,7.578572342007407,GuthrieSolv-reconciled
JEKYMVBQWWZVHO-UHFFFAOYSA-N,-3.3543945735715157,GuthrieSolv-reconciled
SCKXCAADGDQQCS-UHFFFAOYSA-N,4.851258348719076,meta37-model
PKUFNWPSFCOSLU-UHFFFAOYSA-N,8.435283856977009,GuthrieSolv-reconciled
NFFNGYZBZAPKKE-UHFFFAOYSA-N,2.3010299956639813,meta37-model
TZIHFWKZFHZASV-UHFFFAOYSA-N,1.971186310394695,GuthrieSolv-reconciled
SLZWEMYSYKOWCG-UHFFFAOYSA-N,6.732833483236865,GuthrieSolv-reconciled
IAOZJIPTCAWIRG-UHFFFAOYSA-N,15.991226075692497,meta37-model
GYHFUZHODSMOHU-UHFFFAOYSA-N,1.4582902478335424,GuthrieSolv-reconciled
OQMBBFQZGJFLBU-UHFFFAOYSA-N,4.423721368106006,GuthrieSolv-reconciled
NAYYNDKKHOIIOD-UHFFFAOYSA-N,10.230448921378274,meta37-model
KWKXNDCHNDYVRT-UHFFFAOYSA-N,-0.721246399047171,meta37-model
CZPWVGJYEJSRLH-UHFFFAOYSA-N,4.3979400086720375,meta37-model
IIYFAKIEWZDVMP-UHFFFAOYSA-N,-2.0947537993218037,GuthrieSolv-reconciled
PYLCWALYHRYEST-UHFFFAOYSA-N,6.171193626178479,GuthrieSolv-reconciled
LGAQJENWWYGFSN-SNAWJCMRSA-N,-1.1653397954965279,GuthrieSolv-reconciled
UZYYBZNZSSNYSA-UHFFFAOYSA-N,1.1451145924006683,GuthrieSolv-reconciled
ZUOUZKKEUPVFJK-UHFFFAOYSA-N,1.8712729604665348,GuthrieSolv-reconciled
HJUGFYREWKUQJT-UHFFFAOYSA-N,1.6865966729945188,GuthrieSolv-reconciled
ZDLMBNHYTPHDLF-UHFFFAOYSA-N,3.042839387650205,GuthrieSolv-reconciled
IRCMYGHHKLLGHV-UHFFFAOYSA-N,6.103243928272871,GuthrieSolv-reconciled
SVYKKECYCPFKGB-UHFFFAOYSA-N,2.9776908972188436,GuthrieSolv-reconciled
DOUYETYNHWVLEO-UHFFFAOYSA-N,10.462397997898956,meta37-model
VLPFTAMPNXLGLX-UHFFFAOYSA-N,5.982271233039568,meta37-model
MOYAFQVGZZPNRA-UHFFFAOYSA-N,0.025350996637376753,GuthrieSolv-reconciled
HUSIBQLZEMMTCQ-UHFFFAOYSA-N,11.32221929473392,meta37-model
XGCKOSFYXBAPQM-UHFFFAOYSA-N,-3.300460175625688,GuthrieSolv-reconciled
AXRYRYVKAWYZBR-UHFFFAOYSA-N,29.832508912706235,meta37-model
QNILTEGFHQSKFF-UHFFFAOYSA-N,6.041392685158225,meta37-model
QCKHVNQHBOGZER-UHFFFAOYSA-N,2.1592501742177963,GuthrieSolv-reconciled
UXIGWFXRQKWHHA-UHFFFAOYSA-N,16.041392685158225,meta37-model
GNROHGFUVTWFNG-UHFFFAOYSA-N,3.0791812460476247,meta37-model
JXCGFZXSOMJFOA-UHFFFAOYSA-N,8.054820300648947,GuthrieSolv-reconciled
BAHPQISAXRFLCL-UHFFFAOYSA-N,7.531478917042255,meta37-model
JYVLIDXNZAXMDK-UHFFFAOYSA-N,3.1377601546041114,GuthrieSolv-reconciled
HYQGGNWDPQZLGX-UHFFFAOYSA-N,2.662757831681574,meta37-model
ZTNANFDSJRRZRJ-UHFFFAOYSA-N,0.14773640990449602,GuthrieSolv-reconciled
LVQIWDUSUJTZJF-UHFFFAOYSA-N,3.931446993763111,GuthrieSolv-reconciled
YJTKZCDBKVTVBY-UHFFFAOYSA-N,3.7902127923808044,GuthrieSolv-reconciled
PCCSBWNGDMYFCW-UHFFFAOYSA-N,5.545580073600571,GuthrieSolv-reconciled
RTZZCYNQPHTPPL-UHFFFAOYSA-N,6.929978490112941,GuthrieSolv-reconciled
ZBCBWPMODOFKDW-UHFFFAOYSA-N,8.799340549453582,meta37-model
USSIUIGPBLPCDF-UHFFFAOYSA-N,7.15049221675682,GuthrieSolv-reconciled
OIFBSDVPJOWBCH-UHFFFAOYSA-N,2.3667359132616617,GuthrieSolv-reconciled
BFKJFAAPBSQJPD-UHFFFAOYSA-N,-1.0473506146040754,GuthrieSolv-reconciled
PIORTDHJOLELKR-UHFFFAOYSA-N,1.8626184258068639,GuthrieSolv-reconciled
RUEIBQJFGMERJD-UHFFFAOYSA-N,0.99563519459755,meta37-model
HEMQRALQJLCVBR-UHFFFAOYSA-N,-3.287973975274869,GuthrieSolv-reconciled
CAFROQYMUICGNO-UHFFFAOYSA-N,1.1139433523068367,meta37-model
CQEYYJKEWSMYFG-UHFFFAOYSA-N,1.6556786268424404,GuthrieSolv-reconciled
LNNWVNGFPYWNQE-UHFFFAOYSA-N,9.778151250383644,meta37-model
HULDRQRKKXRXBI-UHFFFAOYSA-N,6.707570176097937,meta37-model
NAQMVNRVTILPCV-UHFFFAOYSA-N,6.024914108317617,GuthrieSolv-reconciled
PZPYIRQFCOFLGJ-UHFFFAOYSA-N,2.716003343634799,meta37-model
VDLGAVXLJYLFDH-UHFFFAOYSA-N,8.698970004336019,meta37-model
GUEIZVNYDFNHJU-UHFFFAOYSA-N,-0.32725669672607294,GuthrieSolv-reconciled
NSWAMPCUPHPTTC-UHFFFAOYSA-N,12.852019879788815,GuthrieSolv-reconciled
NZUPFZNVGSWLQC-UHFFFAOYSA-N,16.30102999566398,meta37-model
HJBYDWKNARZTMJ-UHFFFAOYSA-N,3.3134761165752002,GuthrieSolv-reconciled
LPNBBFKOUUSUDB-UHFFFAOYSA-N,4.644133920763723,GuthrieSolv-reconciled
GRJRKPMIRMSBNK-UHFFFAOYSA-N,-0.4409476860662969,GuthrieSolv-reconciled
ZQVJKYPEIPJEIP-UHFFFAOYSA-N,0.1139433523068367,meta37-model
AZQWKYJCGOJGHM-UHFFFAOYSA-N,4.146656132170208,GuthrieSolv-reconciled
YCSBALJAGZKWFF-UHFFFAOYSA-N,4.913813852383717,meta37-model
FQDIANVAWVHZIR-UHFFFAOYSA-N,0.4598591149347593,GuthrieSolv-reconciled
FMGZEUWROYGLAY-UHFFFAOYSA-N,11.452145276619623,GuthrieSolv-reconciled
CZGCEKJOLUNIFY-UHFFFAOYSA-N,2.585874666521197,GuthrieSolv-reconciled
DKYWVDODHFEZIM-UHFFFAOYSA-N,5.668144643468861,GuthrieSolv-reconciled
RQIWKWHVZLDXEJ-UHFFFAOYSA-N,2.785329835010767,meta37-model
WCVOGSZTONGSQY-UHFFFAOYSA-N,1.0409236762306038,GuthrieSolv-reconciled
HPYNBECUCCGGPA-UHFFFAOYSA-N,3.2964238524551908,GuthrieSolv-reconciled
JLPUXFOGCDVKGO-UHFFFAOYSA-N,2.2305296832181667,GuthrieSolv-reconciled
LMJLCLBSUNZLNW-UHFFFAOYSA-N,3.255272505103306,meta37-model
WSTUOPKRORLDCX-UHFFFAOYSA-N,3.591064607026499,meta37-model
IHPKGUQCSIINRJ-UHFFFAOYSA-N,-0.06312016625221144,GuthrieSolv-reconciled
DNTHHIVFNQZZRD-UHFFFAOYSA-N,20.95904139232109,meta37-model
QLCTXEMDCZGPCG-UHFFFAOYSA-N,2.403865944815023,GuthrieSolv-reconciled
DCPDZFRGNJDWPP-UHFFFAOYSA-N,1.9030899869919435,meta37-model
ALVZNPYWJMLXKV-UHFFFAOYSA-N,0.0,meta37-model
VPUGDVKSAQVFFS-UHFFFAOYSA-N,-0.11568821251330093,GuthrieSolv-reconciled
SNWFMKXFMVHBKD-UHFFFAOYSA-N,3.230448921378274,meta37-model
FWLWTILKTABGKQ-UHFFFAOYSA-N,1.505149978319906,meta37-model
WYBOEVJIVYIEJL-UHFFFAOYSA-N,5.431363764158987,meta37-model
FLVAIUDBQNOKHB-UHFFFAOYSA-N,0.0,meta37-model
OFBQJSOFQDEBGM-UHFFFAOYSA-N,-1.727793818427667,GuthrieSolv-reconciled
KBPCCVWUMVGXGF-UHFFFAOYSA-N,-2.3414460623943048,GuthrieSolv-reconciled
WMQUKDQWMMOHSA-UHFFFAOYSA-N,5.475433267288987,GuthrieSolv-reconciled
HSZCJVZRHXPCIA-UHFFFAOYSA-N,3.431363764158988,meta37-model
GBIHOLCMZGAKNG-UHFFFAOYSA-N,5.447158031342219,meta37-model
VKIBKEFGJSPRJC-UHFFFAOYSA-N,2.7075701760979363,meta37-model
VZCYOOQTPOCHFL-UHFFFAOYSA-N,10.102239415651182,GuthrieSolv-reconciled
VSMOENVRRABVKN-UHFFFAOYSA-N,2.505149978319906,meta37-model
RLLPVAHGXHCWKJ-UHFFFAOYSA-N,4.042409173590419,GuthrieSolv-reconciled
BREOHRVZEZMFOB-UHFFFAOYSA-N,-3.2006594505464183,meta37-model
WSGCRAOTEDLMFQ-UHFFFAOYSA-N,1.889030138192262,GuthrieSolv-reconciled
YGSDEFSMJLZEOE-UHFFFAOYSA-N,6.407920594504417,GuthrieSolv-reconciled
PXSOHRWMIRDKMP-UHFFFAOYSA-N,13.414973347970818,meta37-model
GWOWBISZHLPYEK-UHFFFAOYSA-N,2.5269532574007245,GuthrieSolv-reconciled
XTAZYLNFDRKIHJ-UHFFFAOYSA-N,0.2304489213782739,meta37-model
YXFVVABEGXRONW-UHFFFAOYSA-N,0.5962961180152166,GuthrieSolv-reconciled
NLVWEKPJFUPVMZ-UHFFFAOYSA-N,3.113943352306837,meta37-model
QFMDFTQOJHFVNR-UHFFFAOYSA-N,2.146128035678238,meta37-model
YVJHBXCFAIENBX-UHFFFAOYSA-N,8.116672801315945,GuthrieSolv-reconciled
XUPXMIAWKPTZLZ-UHFFFAOYSA-N,1.9138138523837167,meta37-model
IGFHQQFPSIBGKE-UHFFFAOYSA-N,2.8198515944179525,GuthrieSolv-reconciled
XCIXKGXIYUWCLL-UHFFFAOYSA-N,3.932407575810769,GuthrieSolv-reconciled
DHVLDKHFGIVEIP-UHFFFAOYSA-N,6.4623979978989565,meta37-model
QUKRJOOWAUJXJN-UHFFFAOYSA-N,-3.3356522415062844,GuthrieSolv-reconciled
YEYKMVJDLWJFOA-UHFFFAOYSA-N,4.599383550447047,GuthrieSolv-reconciled
YHQGMYUVUMAZJR-UHFFFAOYSA-N,-0.041650846911898916,GuthrieSolv-reconciled
ISSLCMSTXXUOEU-UHFFFAOYSA-N,2.8513833819870427,GuthrieSolv-reconciled
DELZPCKTBPIBEE-UHFFFAOYSA-N,2.322219294733919,meta37-model
CBCIHIVRDWLAME-UHFFFAOYSA-N,15.041392685158224,meta37-model
HWTBOKMYXXIASI-UHFFFAOYSA-N,2.2735364647794194,GuthrieSolv-reconciled
RFFOTVCVTJUTAD-UHFFFAOYSA-N,2.2362228807352516,GuthrieSolv-reconciled
FJUVPPYNSDTRQV-UHFFFAOYSA-N,1.0413926851582251,meta37-model
NIXXQNOQHKNPEJ-UHFFFAOYSA-N,10.146128035678238,meta37-model
OWFKEHICSVOVAC-UHFFFAOYSA-N,-2.695664304193064,GuthrieSolv-reconciled
WKYMTJULVAGWJM-UHFFFAOYSA-N,7.698970004336019,meta37-model
CUARLQDWYSRQDF-UHFFFAOYSA-N,4.342422680822207,meta37-model
ILERPRJWJPJZDN-UHFFFAOYSA-N,5.491361693834273,meta37-model
RHPUJHQBPORFGV-UHFFFAOYSA-N,5.258515012134208,GuthrieSolv-reconciled
KFQRHGKKSHJMCO-UHFFFAOYSA-N,3.0791812460476247,meta37-model
BRPSAOUFIJSKOT-UHFFFAOYSA-N,4.176091259055681,meta37-model
CPJSUEIXXCENMM-UHFFFAOYSA-N,7.872081547100671,GuthrieSolv-reconciled
PSQYTAPXSHCGMF-UHFFFAOYSA-N,2.837759506208091,GuthrieSolv-reconciled
NTAHCMPOMKHKEU-UHFFFAOYSA-N,4.414973347970818,meta37-model
JZJILZTVTMMGAR-UHFFFAOYSA-N,2.9912260756924947,meta37-model
DSBIJCMXAIKKKI-UHFFFAOYSA-N,6.4623979978989565,meta37-model
APQIUTYORBAGEZ-UHFFFAOYSA-N,1.2787536009528289,meta37-model
QMKYBPDZANOJGF-UHFFFAOYSA-N,16.271562221086974,GuthrieSolv-reconciled
CYTYCFOTNPOANT-UHFFFAOYSA-N,-0.07612283270809167,GuthrieSolv-reconciled
PXAGFNRKXSYIHU-UHFFFAOYSA-N,1.9858592434436368,GuthrieSolv-reconciled
KBSPJIWZDWBDGM-UHFFFAOYSA-N,3.880813592280792,meta37-model
JQCXWCOOWVGKMT-UHFFFAOYSA-N,3.1760912590556813,meta37-model
HEZNVIYQEUHLNI-UHFFFAOYSA-N,7.20581386567803,GuthrieSolv-reconciled
VHLKTXFWDRXILV-UHFFFAOYSA-N,6.3979400086720375,meta37-model
YAHRDLICUYEDAU-UHFFFAOYSA-N,2.7634279935629373,meta37-model
BSAIUMLZVGUGKX-UHFFFAOYSA-N,2.146128035678238,meta37-model
JMANVNJQNLATNU-UHFFFAOYSA-N,1.8275719743381724,GuthrieSolv-reconciled
MTBYTWZDRVOMBR-UHFFFAOYSA-N,3.041392685158225,meta37-model
HSIBGVUMFOSJPD-UHFFFAOYSA-N,9.30102999566398,meta37-model
INFDPOAKFNIJBF-UHFFFAOYSA-N,11.778151250383644,meta37-model
FMKOJHQHASLBPH-UHFFFAOYSA-N,0.29762656262283294,GuthrieSolv-reconciled
QQOMQLYQAXGHSU-UHFFFAOYSA-N,3.740828346335742,GuthrieSolv-reconciled
ZINRVIQBCHAZMM-UHFFFAOYSA-N,11.146128035678238,meta37-model
BHELZAPQIKSEDF-UHFFFAOYSA-N,0.578795711864766,GuthrieSolv-reconciled
BAZVSMNPJJMILC-UHFFFAOYSA-N,8.845675391338187,GuthrieSolv-reconciled
HSMVPDGQOIQYSR-UHFFFAOYSA-N,8.615001443951115,GuthrieSolv-reconciled
NMPPAMFEYWGNCI-UHFFFAOYSA-N,3.041392685158225,meta37-model
HLHPWCYPWKWQPO-UHFFFAOYSA-N,5.5354917975729,GuthrieSolv-reconciled
RMEDXOLNCUSCGS-UHFFFAOYSA-N,14.959041392321094,meta37-model
DQIHOZJLTDMMSG-UHFFFAOYSA-N,10.26425985992963,GuthrieSolv-reconciled
NOPFSRXAKWQILS-UHFFFAOYSA-N,1.1760912590556811,meta37-model
UCLKLGIYGBLTSM-UHFFFAOYSA-N,2.647868075721455,GuthrieSolv-reconciled
LYAGTVMJGHTIDH-UHFFFAOYSA-N,4.729155581575556,GuthrieSolv-reconciled
OTKXWJHPGBRXCR-UHFFFAOYSA-N,5.112192791166117,GuthrieSolv-reconciled
CTRLABGOLIVAIY-UHFFFAOYSA-N,10.544068044350276,meta37-model
LLYXJBROWQDVMI-UHFFFAOYSA-N,2.7781512503836434,meta37-model
QYZLKGVUSQXAMU-UHFFFAOYSA-N,-0.7223959866780599,GuthrieSolv-reconciled
OLRPKAJSAOYYCY-UHFFFAOYSA-N,2.531478917042255,meta37-model
XHRRUIJGMKIISX-UHFFFAOYSA-N,0.7993405494535817,meta37-model
YWDUZLFWHVQCHY-UHFFFAOYSA-N,1.4367971886450959,GuthrieSolv-reconciled
UYFZQUABCZILAI-UHFFFAOYSA-N,3.342422680822206,meta37-model
HORNXRXVQWOLPJ-UHFFFAOYSA-N,4.746215265811779,GuthrieSolv-reconciled
HXDOZKJGKXYMEW-UHFFFAOYSA-N,4.395996072883463,GuthrieSolv-reconciled
AXGUBXVWZBFQGA-UHFFFAOYSA-N,6.477121254719663,meta37-model
KWGRBVOPPLSCSI-UHFFFAOYSA-N,8.44715803134222,meta37-model
QJRSPJSHRYYBJL-UHFFFAOYSA-N,5.079181246047625,meta37-model
BOUGCJDAQLKBQH-UHFFFAOYSA-N,-0.5686362358410126,meta37-model
SAPGTCDSBGMXCD-UHFFFAOYSA-N,10.568201724066997,meta37-model
GEPDYQSQVLXLEU-AATRIKPKSA-N,8.387854832015936,GuthrieSolv-reconciled
PYGXAGIECVVIOZ-UHFFFAOYSA-N,5.626903825067855,GuthrieSolv-reconciled
FTECWCULPOFDJS-UHFFFAOYSA-N,-5.0,meta37-model
AAPVQEMYVNZIOO-NYQGKTAPSA-N,4.807067194002679,GuthrieSolv-reconciled
ADEBPBSSDYVVLD-UHFFFAOYSA-N,10.30102999566398,meta37-model
GGUOCFNAWIODMF-UHFFFAOYSA-N,3.724275869600789,meta37-model
NNPPMTNAJDCUHE-UHFFFAOYSA-N,-1.7186214320640227,GuthrieSolv-reconciled
XUVKLBIJXLIPDZ-UHFFFAOYSA-N,-2.1426675035687315,meta37-model
SLAMLWHELXOEJZ-UHFFFAOYSA-N,6.156340644678531,GuthrieSolv-reconciled
UBOXGVDOUJQMTN-UHFFFAOYSA-N,1.3873883240287583,GuthrieSolv-reconciled
SCKHCCSZFPSHGR-UHFFFAOYSA-N,3.5561447318858357,GuthrieSolv-reconciled
IJGRMHOSHXDMSA-UHFFFAOYSA-N,-1.7539577207891233,GuthrieSolv-reconciled
XDTMQSROBMDMFD-UHFFFAOYSA-N,-0.9316052485890765,GuthrieSolv-reconciled
LASHFHLFDRTERB-UHFFFAOYSA-N,3.0,meta37-model
FEIDIWDEJQVIPO-UHFFFAOYSA-N,1.9541378797158748,GuthrieSolv-reconciled
TWKZFDYCHGKRKU-UHFFFAOYSA-N,11.372333648075525,GuthrieSolv-reconciled
OAYSFAKCFYRCRU-UHFFFAOYSA-N,1.3584770867581712,GuthrieSolv-reconciled
FIYBYNHDEOSJPL-UHFFFAOYSA-N,2.1760912590556813,meta37-model
YREQHYQNNWYQCJ-UHFFFAOYSA-N,1.9529920024972403,GuthrieSolv-reconciled
DQCKKXVULJGBQN-UHFFFAOYSA-N,16.76342799356294,meta37-model
HPRGYUWRGCTBAV-UHFFFAOYSA-N,2.496374237553713,GuthrieSolv-reconciled
IGGUPRCHHJZPBS-UHFFFAOYSA-N,-5.0,meta37-model
FEWJPZIEWOKRBE-UHFFFAOYSA-N,19.380211241711606,meta37-model
XJCLWVXTCRQIDI-UHFFFAOYSA-N,3.5452324404353472,GuthrieSolv-reconciled
MDZKJHQSJHYOHJ-UHFFFAOYSA-N,8.845098040014257,meta37-model
JUJWROOIHBZHMG-UHFFFAOYSA-N,3.3590864469143282,GuthrieSolv-reconciled
NZPGYIBESMMUFU-UHFFFAOYSA-N,3.113943352306837,meta37-model
XUDJOVURIXHNRW-UHFFFAOYSA-N,16.414032206441107,GuthrieSolv-reconciled
AFIIBUOYKYSPKB-UHFFFAOYSA-N,5.877593282089379,GuthrieSolv-reconciled
GSEJCLTVZPLZKY-UHFFFAOYSA-N,10.531478917042255,meta37-model
IZISEKJPNSBPRX-UHFFFAOYSA-N,2.02514537804273,GuthrieSolv-reconciled
GBIHOLCMZGAKNG-BJKOFHAPSA-N,5.390639123319222,GuthrieSolv-reconciled
DSSYKIVIOFKYAU-UHFFFAOYSA-N,3.0721549872149376,GuthrieSolv-reconciled
LQEGJNOKOZHBBZ-UHFFFAOYSA-N,2.3673447476837883,GuthrieSolv-reconciled
ZDUOTHMDVYXZBS-UHFFFAOYSA-N,-6.552841968657781,meta37-model
KSFCDINBDBFFSI-UHFFFAOYSA-N,3.707570176097936,meta37-model
VXNZUUAINFGPBY-UHFFFAOYSA-N,-1.044179434448586,GuthrieSolv-reconciled
IPBVNPXQWQGGJP-UHFFFAOYSA-N,2.57978359661681,meta37-model
HBHZKFOUIUMKHV-UHFFFAOYSA-N,12.431363764158988,meta37-model
RVZRBWKZFJCCIB-UHFFFAOYSA-N,-6.356547323513812,meta37-model
YQUQWHNMBPIWGK-UHFFFAOYSA-N,0.5640914310921349,GuthrieSolv-reconciled
HOKKPVIRMVDYPB-UHFFFAOYSA-N,12.342422680822208,meta37-model
UEMBNLWZFIWQFL-UHFFFAOYSA-N,6.0316318127083814,GuthrieSolv-reconciled
WBHQEUPUMONIKF-UHFFFAOYSA-N,3.18167230737024,GuthrieSolv-reconciled
IAUKWGFWINVWKS-UHFFFAOYSA-N,1.2787536009528289,meta37-model
BOVQCIDBZXNFEJ-UHFFFAOYSA-N,1.0791812460476249,meta37-model
PXUULQAPEKKVAH-UHFFFAOYSA-N,3.041392685158225,meta37-model
DHUMTYRHKMCVAG-UHFFFAOYSA-N,3.6989700043360174,meta37-model
PNPCRKVUWYDDST-UHFFFAOYSA-N,4.169108188187942,GuthrieSolv-reconciled
LZDSILRDTDCIQT-UHFFFAOYSA-N,1.1760912590556811,meta37-model
WKSAUQYGYAYLPV-UHFFFAOYSA-N,8.361727836017593,meta37-model
FVSKHRXBFJPNKK-UHFFFAOYSA-N,2.741624667843507,GuthrieSolv-reconciled
CXWXQJXEFPUFDZ-UHFFFAOYSA-N,1.1361644415066485,GuthrieSolv-reconciled
FOTKYAAJKYLFFN-UHFFFAOYSA-N,0.0,meta37-model
DMBHHRLKUKUOEG-UHFFFAOYSA-N,3.8271938704161,GuthrieSolv-reconciled
HFHAVERNVFNSHL-UHFFFAOYSA-N,4.662757831681574,meta37-model
DWPLEOPKBWNPQV-UHFFFAOYSA-N,4.866098976660916,GuthrieSolv-reconciled
ZUTDUGMNROUBOX-UHFFFAOYSA-N,1.3529977543519036,GuthrieSolv-reconciled
RKAMCQVGHFRILV-UHFFFAOYSA-N,-2.8826630512130746,GuthrieSolv-reconciled
XMBWDFGMSWQBCA-UHFFFAOYSA-N,10.607273718632719,GuthrieSolv-reconciled
ULBTUVJTXULMLP-UHFFFAOYSA-N,-0.1938200260161128,meta37-model
KPMKEVXVVHNIEY-UHFFFAOYSA-N,2.5748839050071353,GuthrieSolv-reconciled
RRNIZKPFKNDSRS-UHFFFAOYSA-N,6.329624441269592,GuthrieSolv-reconciled
UAEPNZWRGJTJPN-UHFFFAOYSA-N,-1.2792770604816532,GuthrieSolv-reconciled
XNGIFLGASWRNHJ-UHFFFAOYSA-N,9.079181246047623,meta37-model
WZRRHANUNWPJEQ-UHFFFAOYSA-N,5.236406801423421,GuthrieSolv-reconciled
FTZILAQGHINQQR-UHFFFAOYSA-N,1.8195439355418688,meta37-model
WTTJVINHCBCLGX-NQLNTKRDSA-N,2.4236572149284514,GuthrieSolv-reconciled
LNWDBNKKBLRAMH-UHFFFAOYSA-N,4.041392685158225,meta37-model
FUTDYIMYZIMPBJ-UHFFFAOYSA-N,4.8931775304162155,GuthrieSolv-reconciled
CXPJZISGVIVNEL-UHFFFAOYSA-N,6.230448921378274,meta37-model
KQTVWCSONPJJPE-UHFFFAOYSA-N,2.9138138523837167,meta37-model
XGCUCFKWVIWWNW-UHFFFAOYSA-N,14.707570176097937,meta37-model
XOAAWQZATWQOTB-UHFFFAOYSA-N,10.146128035678238,meta37-model
DAJYZXUXDOSMCG-UHFFFAOYSA-N,14.869231719730976,meta37-model
GRYLNZFGIOXLOG-UHFFFAOYSA-N,6.628145042381787,GuthrieSolv-reconciled
WTEVQBCEXWBHNA-UHFFFAOYSA-N,3.6254703570831834,GuthrieSolv-reconciled
YVYHOOYMDHZALB-UHFFFAOYSA-N,-2.597270477348625,GuthrieSolv-reconciled
HOQADATXFBOEGG-UHFFFAOYSA-N,5.52964477155943,GuthrieSolv-reconciled
JCYPECIVGRXBMO-UHFFFAOYSA-N,4.983743628635122,GuthrieSolv-reconciled
BSJDQMWAWFTDGD-UHFFFAOYSA-N,3.716003343634799,meta37-model
DPBLXKKOBLCELK-UHFFFAOYSA-N,2.9227074902521766,GuthrieSolv-reconciled
PVWOIHVRPOBWPI-UHFFFAOYSA-N,0.3753097850049791,GuthrieSolv-reconciled
ROJGHBVDYYCBLQ-UHFFFAOYSA-N,2.9401142934532922,GuthrieSolv-reconciled
BMVXCPBXGZKUPN-UHFFFAOYSA-N,2.87124556015227,GuthrieSolv-reconciled
KVIZNNVXXNFLMU-UHFFFAOYSA-N,3.4149733479708178,meta37-model
QZYNWJQFTJXIRN-UHFFFAOYSA-N,1.1340722551020062,GuthrieSolv-reconciled
AGKSTYPVMZODRV-UHFFFAOYSA-N,7.9754340583310555,GuthrieSolv-reconciled
DCAYPVUWAIABOU-UHFFFAOYSA-N,-1.3267901880421913,GuthrieSolv-reconciled
DEDOPGXGGQYYMW-UHFFFAOYSA-N,3.6828305641120873,GuthrieSolv-reconciled
OLQJQHSAWMFDJE-UHFFFAOYSA-N,9.707570176097937,meta37-model
NQPDZGIKBAWPEJ-UHFFFAOYSA-N,4.425882979535373,GuthrieSolv-reconciled
MKRFORPSRBMAIP-UHFFFAOYSA-N,3.204119982655925,meta37-model
FIGVVZUWCLSUEI-UHFFFAOYSA-N,-4.0,meta37-model
OQZCSNDVOWYALR-PVSHWOEXSA-N,5.684430477770142,GuthrieSolv-reconciled
LHSHVDDMROIFLS-UHFFFAOYSA-N,5.257999502247374,GuthrieSolv-reconciled
ZTQSAGDEMFDKMZ-UHFFFAOYSA-N,2.2622370220520165,GuthrieSolv-reconciled
GYWYASONLSQZBB-UHFFFAOYSA-N,1.8976270912904407,meta37-model
NUIURNJTPRWVAP-UHFFFAOYSA-N,8.5910646070265,meta37-model
DZBUGLKDJFMEHC-UHFFFAOYSA-N,4.919078092376074,meta37-model
XVEASTGLHPVZNA-UHFFFAOYSA-N,0.4573557155894665,GuthrieSolv-reconciled
QUDWYFHPNIMBFC-UHFFFAOYSA-N,4.934498451243568,meta37-model
CIPFDHFTBYJKQB-UHFFFAOYSA-N,-0.35959110599839955,GuthrieSolv-reconciled
LBLUJHQRJVUQJR-UHFFFAOYSA-N,3.342422680822206,meta37-model
QZRGKCOWNLSUDK-UHFFFAOYSA-N,3.431363764158988,meta37-model
VISJRVXHPNMYRH-UHFFFAOYSA-N,1.3456390932122542,GuthrieSolv-reconciled
VGPYEHKOIGNJKV-UHFFFAOYSA-N,9.931110559690724,GuthrieSolv-reconciled
ROHFNLRQFUQHCH-UHFFFAOYSA-N,8.690196080028514,meta37-model
NKNFWVNSBIXGLL-UHFFFAOYSA-N,7.218936037615755,GuthrieSolv-reconciled
CGTWCAVZZBLHQH-UHFFFAOYSA-N,5.194625398342139,GuthrieSolv-reconciled
SJEBAWHUJDUKQK-UHFFFAOYSA-N,6.7160033436348,meta37-model
LVBXEMGDVWVTGY-VOTSOKGWSA-N,2.4450951527517906,GuthrieSolv-reconciled
HUWXDEQWWKGHRV-UHFFFAOYSA-N,5.698970004336019,meta37-model
IMDXZWRLUZPMDH-UHFFFAOYSA-N,3.204119982655925,meta37-model
OTTZHAVKAVGASB-HWKANZROSA-N,-1.2511923073842195,GuthrieSolv-reconciled
HSQFVBWFPBKHEB-UHFFFAOYSA-N,3.520245712734807,GuthrieSolv-reconciled
QQVIHTHCMHWDBS-UHFFFAOYSA-N,9.548960378448182,GuthrieSolv-reconciled
CIZUOSOWGOENRE-UHFFFAOYSA-N,-3.508638306165728,meta37-model
LEQAOMBKQFMDFZ-UHFFFAOYSA-N,-3.0779128738771275,GuthrieSolv-reconciled
SGDBTWWWUNNDEQ-UHFFFAOYSA-N,10.763427993562935,meta37-model
PXDNXJSDGQBLKS-UHFFFAOYSA-N,14.633468455579589,meta37-model
IVVRJIDVYSPKFZ-UHFFFAOYSA-N,2.936086651228902,GuthrieSolv-reconciled
VZGDMQKNWNREIO-UHFFFAOYSA-N,-0.10848039153327328,GuthrieSolv-reconciled
QUPLGUUISJOUPJ-UHFFFAOYSA-N,3.5185139398778875,meta37-model
ZHNUHDYFZUAESO-UHFFFAOYSA-N,7.230448921378274,meta37-model
UWKZWXCTDPYXHU-UHFFFAOYSA-N,1.6275203601404005,GuthrieSolv-reconciled
UMKCVDZTSZNWRH-UHFFFAOYSA-N,3.113943352306837,meta37-model
IVFYLRMMHVYGJH-UHFFFAOYSA-N,6.5910646070265,meta37-model
FYQGBXGJFWXIPP-UEVLXMDPSA-N,2.513655651512559,GuthrieSolv-reconciled
MWFCRQNUHFSUNY-UHFFFAOYSA-N,3.322219294733919,meta37-model
WGECXQBGLLYSFP-UHFFFAOYSA-N,-1.8671602372736535,GuthrieSolv-reconciled
BYEVBITUADOIGY-UHFFFAOYSA-N,1.4913616938342726,meta37-model
WPZJSWWEEJJSIZ-UHFFFAOYSA-N,11.278753600952829,meta37-model
AQDKZPFDOWHRDZ-UHFFFAOYSA-N,2.7693038286007803,GuthrieSolv-reconciled
RRQYJINTUHWNHW-UHFFFAOYSA-N,5.342422680822207,meta37-model
ZISSAWUMDACLOM-UHFFFAOYSA-N,-1.9756038180814242,GuthrieSolv-reconciled
MWOOGOJBHIARFG-UHFFFAOYSA-N,4.405814336450454,GuthrieSolv-reconciled
GXVMAQACUOSFJF-UHFFFAOYSA-N,2.062638480580706,GuthrieSolv-reconciled
QBBJBWKVSJWYQK-UHFFFAOYSA-N,-5.107905397309519,meta37-model
WGOWCPGHOCIHBW-UHFFFAOYSA-N,2.74961845343987,GuthrieSolv-reconciled
VFUOFVONEDBLIJ-UHFFFAOYSA-N,3.342422680822206,meta37-model
LBNXAWYDQUGHGX-UHFFFAOYSA-N,0.21480622286461207,GuthrieSolv-reconciled
MIYIEPHJPVBSEV-UHFFFAOYSA-N,3.417884170868843,GuthrieSolv-reconciled
UIHCLUNTQKBZGK-UHFFFAOYSA-N,2.2220349267804043,GuthrieSolv-reconciled
ZOUXTTNTFFBAQN-UHFFFAOYSA-N,-3.199351487363857,GuthrieSolv-reconciled
ZWRUINPWMLAQRD-UHFFFAOYSA-N,2.763645693009729,GuthrieSolv-reconciled
YMIUHIAWWDYGGU-UHFFFAOYSA-N,9.568201724066997,meta37-model
HRXZRAXKKNUKRF-UHFFFAOYSA-N,3.886490725172482,meta37-model
FUCOMWZKWIEKRK-UHFFFAOYSA-N,0.9912260756924948,meta37-model
WJCNZQLZVWNLKY-UHFFFAOYSA-N,8.943430945086774,GuthrieSolv-reconciled
LACXVZHAJMVESG-UHFFFAOYSA-N,2.420933616291366,GuthrieSolv-reconciled
BAFQDKPJKOLXFZ-UHFFFAOYSA-N,7.431363764158987,meta37-model
DMPUGHYNLCGVPX-UHFFFAOYSA-N,7.57978359661681,meta37-model
LELOWRISYMNNSU-UHFFFAOYSA-N,2.2637129275745442,GuthrieSolv-reconciled
HVCFCNAITDHQFX-UHFFFAOYSA-N,3.2950486016624843,GuthrieSolv-reconciled
YKFRAOGHWKADFJ-UHFFFAOYSA-N,5.113943352306837,meta37-model
ZMANZCXQSJIPKH-UHFFFAOYSA-N,2.1555325951784328,GuthrieSolv-reconciled
PBWZKZYHONABLN-UHFFFAOYSA-N,5.863322860120456,meta37-model
IAQRGUVFOMOMEM-ONEGZZNKSA-N,-0.9884008180300552,GuthrieSolv-reconciled
SATCULPHIDQDRE-UHFFFAOYSA-N,4.584357181585457,GuthrieSolv-reconciled
MZTLOILRKLUURT-UHFFFAOYSA-N,6.301029995663981,meta37-model
PTSLUOSUHFGQHV-UHFFFAOYSA-N,-0.0087739243075051,meta37-model
UJOBWOGCFQCDNV-UHFFFAOYSA-N,2.7803276539913284,GuthrieSolv-reconciled
DWFZBUWUXWZWKD-UHFFFAOYSA-N,2.4826283661160584,GuthrieSolv-reconciled
LVMTVPFRTKXRPH-UHFFFAOYSA-N,-0.619788758288394,meta37-model
HCRWJJJUKUVORR-UHFFFAOYSA-N,7.546727446243609,GuthrieSolv-reconciled
XMTQQYYKAHVGBJ-UHFFFAOYSA-N,7.546585923238051,GuthrieSolv-reconciled
LTYRAPJYLUPLCI-UHFFFAOYSA-N,3.5185139398778875,meta37-model
LCXMEXLGMKFLQO-UHFFFAOYSA-N,2.105357089285222,GuthrieSolv-reconciled
MKERQGLKSFEKAE-UHFFFAOYSA-N,1.2787536009528289,meta37-model
WXLQUFLKMICSSY-UHFFFAOYSA-N,1.8168602642705196,GuthrieSolv-reconciled
LVQDKIWDGQRHTE-UHFFFAOYSA-N,11.500388378585239,GuthrieSolv-reconciled
VGGGRWRBGXENKI-UHFFFAOYSA-N,2.5125945509941996,GuthrieSolv-reconciled
ACCHWUWBKYGKNM-UHFFFAOYSA-N,6.505149978319906,meta37-model
MHPSPNGWFAGBNH-UHFFFAOYSA-N,-2.61694925080158,GuthrieSolv-reconciled
MNOILHPDHOHILI-UHFFFAOYSA-N,6.32221929473392,meta37-model
KDSNLYIMUZNERS-UHFFFAOYSA-N,3.1887487892219384,GuthrieSolv-reconciled
KZCOBXFFBQJQHH-UHFFFAOYSA-N,0.041392685158225,meta37-model
IOVCWXUNBOPUCH-UHFFFAOYSA-N,2.999476291491399,GuthrieSolv-reconciled
FBOUIAKEJMZPQG-AWNIVKPZSA-N,4.678944116725466,GuthrieSolv-reconciled
LSKONYYRONEBKA-UHFFFAOYSA-N,0.7075701760979364,meta37-model
RFHAOTPXVQNOHP-UHFFFAOYSA-N,11.380211241711606,meta37-model
CJDWRQLODFKPEL-UHFFFAOYSA-N,8.082189346696515,GuthrieSolv-reconciled
MPPPKRYCTPRNTB-UHFFFAOYSA-N,0.250878781850833,GuthrieSolv-reconciled
HJIUPFPIEBPYIE-UHFFFAOYSA-N,5.806179973983888,meta37-model
CRQQGFGUEAVUIL-UHFFFAOYSA-N,4.967442988694345,GuthrieSolv-reconciled
OVWYEQOVUDKZNU-UHFFFAOYSA-N,3.1477952109273524,GuthrieSolv-reconciled
RSJKGSCJYJTIGS-UHFFFAOYSA-N,-2.5915598752371625,GuthrieSolv-reconciled
KSEBMYQBYZTDHS-HWKANZROSA-N,5.099599368590494,GuthrieSolv-reconciled
ASZMYJSJEOGSBR-UHFFFAOYSA-N,-3.108056942026721,GuthrieSolv-reconciled
ZXVONLUNISGICL-UHFFFAOYSA-N,4.375026065757464,GuthrieSolv-reconciled
ATUOYWHBWRKTHZ-UHFFFAOYSA-N,-1.4676095632187462,GuthrieSolv-reconciled
XPAZGLFMMUODDK-UHFFFAOYSA-N,4.819543935541868,meta37-model
QDQGECFQVPRMEO-UHFFFAOYSA-N,1.6275203601404011,GuthrieSolv-reconciled
JUVIOZPCNVVQFO-UHFFFAOYSA-N,11.342422680822208,meta37-model
FZXRXKLUIMKDEL-UHFFFAOYSA-N,1.1559064645776973,GuthrieSolv-reconciled
XKIRHOWVQWCYBT-UHFFFAOYSA-N,3.3766078653344747,GuthrieSolv-reconciled
UIUJIQZEACWQSV-UHFFFAOYSA-N,5.079181246047625,meta37-model
NBRKLOOSMBRFMH-UHFFFAOYSA-N,-0.8304924270219508,GuthrieSolv-reconciled
IJUNKLAVMFKPCX-UHFFFAOYSA-N,13.342422680822208,meta37-model
FMTFEIJHMMQUJI-UHFFFAOYSA-N,4.3979400086720375,meta37-model
SVEMKBCPZYWEPH-UHFFFAOYSA-N,-2.3808037075949646,GuthrieSolv-reconciled
CVXBEEMKQHEXEN-UHFFFAOYSA-N,6.644028141739061,GuthrieSolv-reconciled
UDHXJZHVNHGCEC-UHFFFAOYSA-N,9.67140907256743,GuthrieSolv-reconciled
QHGVXILFMXYDRS-UHFFFAOYSA-N,7.910785343307642,GuthrieSolv-reconciled
XNLICIUVMPYHGG-UHFFFAOYSA-N,2.503895168820703,GuthrieSolv-reconciled
QLORRTLBSJTMSN-UHFFFAOYSA-N,5.531478917042255,meta37-model
WNXJIVFYUVYPPR-UHFFFAOYSA-N,2.918073344348624,GuthrieSolv-reconciled
KGVPNLBXJKTABS-UHFFFAOYSA-N,6.9374818094397135,GuthrieSolv-reconciled
XWIYFDMXXLINPU-UHFFFAOYSA-N,10.690196080028514,meta37-model
YUKQRDCYNOVPGJ-UHFFFAOYSA-N,3.57978359661681,meta37-model
HJCNTJIMUWQMSA-UHFFFAOYSA-N,2.2239722734675222,GuthrieSolv-reconciled
IELWGTFQRBDDCZ-UHFFFAOYSA-N,3.397940008672037,meta37-model
CHZVHXPAKQDRSE-UHFFFAOYSA-N,3.380211241711606,meta37-model
AZYYQVGBVUCIEO-UHFFFAOYSA-N,7.602059991327962,meta37-model
VJFUPGQZSXIULQ-UHFFFAOYSA-N,6.041392685158225,meta37-model
SZERMVMTUUAYML-UHFFFAOYSA-N,2.9912260756924947,meta37-model
UPNBETHEXPIWQX-UHFFFAOYSA-N,2.689844970654348,GuthrieSolv-reconciled
YMEXGEAJNZRQEH-UHFFFAOYSA-N,26.86332286012045,meta37-model
DXBHBZVCASKNBY-UHFFFAOYSA-N,3.298869455823715,GuthrieSolv-reconciled
HYYBABOKPJLUIN-UHFFFAOYSA-N,0.7521012969728211,GuthrieSolv-reconciled
IEJIGPNLZYLLBP-UHFFFAOYSA-N,2.542775261960537,GuthrieSolv-reconciled
KVBWBCRPWVKFQT-UHFFFAOYSA-N,4.017928246323146,GuthrieSolv-reconciled
PQROLKNPFDDLPB-UHFFFAOYSA-N,5.6217266234591845,GuthrieSolv-reconciled
HPXRVTGHNJAIIH-UHFFFAOYSA-N,3.914886118097454,GuthrieSolv-reconciled
HPQURZRDYMUHJI-UHFFFAOYSA-N,-1.8891375016803358,GuthrieSolv-reconciled
TZGFQIXRVUHDLE-UHFFFAOYSA-N,2.255272505103306,meta37-model
BYGQBDHUGHBGMD-UHFFFAOYSA-N,1.7481880270062005,meta37-model
WFDSCHJVWDKDFK-UHFFFAOYSA-N,-3.6259561048869338,GuthrieSolv-reconciled
UZMVSVHUTOAPTD-UHFFFAOYSA-N,5.041392685158225,meta37-model
WWGUMAYGTYQSGA-UHFFFAOYSA-N,1.9704251835419944,GuthrieSolv-reconciled
MAXCWSIJKVASQC-UHFFFAOYSA-N,3.707570176097936,meta37-model
SVJNECJVNWTYQG-UHFFFAOYSA-N,2.934498451243568,meta37-model
ZJRUTGDCLVIVRD-UHFFFAOYSA-N,8.284077905645502,GuthrieSolv-reconciled
SKDFWEPBABSFMG-UHFFFAOYSA-N,-0.4685210829577448,meta37-model
YCIMNLLNPGFGHC-UHFFFAOYSA-N,5.794295052750182,GuthrieSolv-reconciled
KLSLBUSXWBJMEC-UHFFFAOYSA-N,4.229740001652582,GuthrieSolv-reconciled
QWTDNUCVQCZILF-UHFFFAOYSA-N,-1.767897236082679,GuthrieSolv-reconciled
BHRZNVHARXXAHW-UHFFFAOYSA-N,2.1411225058082404,GuthrieSolv-reconciled
QBPFLULOKWLNNW-UHFFFAOYSA-N,1.543167102121221,GuthrieSolv-reconciled
SPNQRCTZKIBOAX-UHFFFAOYSA-N,3.6248373734947594,GuthrieSolv-reconciled
REXUYBKPWIPONM-UHFFFAOYSA-N,3.845098040014257,meta37-model
SYBYTAAJFKOIEJ-UHFFFAOYSA-N,2.305660592690451,GuthrieSolv-reconciled
SPANOECCGNXGNR-UHFFFAOYSA-N,3.806179973983887,meta37-model
NFACJZMKEDPNKN-UHFFFAOYSA-N,8.925054064927483,GuthrieSolv-reconciled
NUNSNNOYACKRIK-UHFFFAOYSA-N,2.886490725172482,meta37-model
GGDYAKVUZMZKRV-UHFFFAOYSA-N,4.075597347698458,GuthrieSolv-reconciled
GETJJZZRPQFSFM-UHFFFAOYSA-N,2.7558748556724915,meta37-model
JSQYFPHYSOZLPT-UHFFFAOYSA-N,4.2552725051033065,meta37-model
LRWHHSXTGZSMSN-UHFFFAOYSA-N,5.612783856719736,meta37-model
QXAITBQSYVNQDR-UHFFFAOYSA-N,3.415596931580813,GuthrieSolv-reconciled
IPKDONWGAZOWEP-UHFFFAOYSA-N,4.4415715176175,GuthrieSolv-reconciled
XRVCFZPJAHWYTB-UHFFFAOYSA-N,7.690196080028514,meta37-model
NALZTFARIYUCBY-UHFFFAOYSA-N,2.1896399868419563,GuthrieSolv-reconciled
DKGAVHZHDRPRBM-UHFFFAOYSA-N,3.2223241392210804,GuthrieSolv-reconciled
ZEOVXNVKXIPWMS-UHFFFAOYSA-N,0.3428630435396671,GuthrieSolv-reconciled
SECKRCOLJRRGGV-UHFFFAOYSA-N,19.11394335230684,meta37-model
HXEWMTXDBOQQKO-UHFFFAOYSA-N,4.812913356642856,meta37-model
YRRKLBAKDXSTNC-UHFFFAOYSA-N,6.777900516437299,GuthrieSolv-reconciled
ZCJPOPBZHLUFHF-UHFFFAOYSA-N,7.211747446857443,GuthrieSolv-reconciled
IALRSQMWHFKJJA-UHFFFAOYSA-N,-2.5382341329651212,GuthrieSolv-reconciled
NWQWQKUXRJYXFH-UHFFFAOYSA-N,3.462397997898956,meta37-model
BMXRLHMJGHJGLR-UHFFFAOYSA-N,1.0,meta37-model
BQCIDUSAKPWEOX-UHFFFAOYSA-N,-1.186057653358278,GuthrieSolv-reconciled
IAHFWCOBPZCAEA-UHFFFAOYSA-N,6.57978359661681,meta37-model
PKOSPVZTRLMBSK-UHFFFAOYSA-N,1.069038289291083,GuthrieSolv-reconciled
ZOWSJJBOQDKOHI-UHFFFAOYSA-N,1.0976913587146007,GuthrieSolv-reconciled
QHPQWRBYOIRBIT-UHFFFAOYSA-N,4.242274279776706,GuthrieSolv-reconciled
BEGNRPGEHZBNKK-UHFFFAOYSA-N,2.9242792860618816,meta37-model
SYJGKVOENHZYMQ-UHFFFAOYSA-N,16.342422680822207,meta37-model
XXXSILNSXNPGKG-UHFFFAOYSA-N,6.623249290397901,meta37-model
NTKSJAPQYKCFPP-UHFFFAOYSA-N,1.2787536009528289,meta37-model
VLCQZHSMCYCDJL-UHFFFAOYSA-N,11.380211241711606,meta37-model
LSXWFXONGKSEMY-UHFFFAOYSA-N,-0.2820637047626352,GuthrieSolv-reconciled
XJHGAJLIKDAOPE-UHFFFAOYSA-N,4.77545063466057,GuthrieSolv-reconciled
QXKHYNVANLEOEG-UHFFFAOYSA-N,5.785329835010767,meta37-model
BTJIUGUIPKRLHP-UHFFFAOYSA-N,7.659384429702387,GuthrieSolv-reconciled
GOJCZVPJCKEBQV-UHFFFAOYSA-N,6.079181246047625,meta37-model
OMMLUKLXGSRPHK-UHFFFAOYSA-N,-2.0809219076239263,meta37-model
FIPOITUDJFQRRN-UHFFFAOYSA-N,2.845098040014257,meta37-model
DMLQSUZPTTUUDP-UHFFFAOYSA-N,4.361727836017593,meta37-model
BLBURLWSCHSPIS-UHFFFAOYSA-N,1.9588716755568234,GuthrieSolv-reconciled
JVQIKJMSUIMUDI-UHFFFAOYSA-N,4.029258696615256,GuthrieSolv-reconciled
ONCZDRURRATYFI-UHFFFAOYSA-N,6.041392685158225,meta37-model
ODKSFYDXXFIFQN-UHFFFAOYSA-N,18.380211241711606,meta37-model
HWPZZUQOWRWFDB-UHFFFAOYSA-N,13.279105423057025,GuthrieSolv-reconciled
HZIUHEQKVCPTAJ-UHFFFAOYSA-N,2.146128035678238,meta37-model
YPJKMVATUPSWOH-UHFFFAOYSA-N,-0.0315170514460648,meta37-model
DTDSAWVUFPGDMX-UHFFFAOYSA-N,5.633468455579586,meta37-model
HYJSGOXICXYZGS-UHFFFAOYSA-N,10.240403105923855,GuthrieSolv-reconciled
MCJGNVYPOGVAJF-UHFFFAOYSA-N,4.417404075836671,GuthrieSolv-reconciled
XXBDWLFCJWSEKW-UHFFFAOYSA-N,0.0,meta37-model
BKHVEYHSOXVAOP-UHFFFAOYSA-N,-0.2218487496163564,meta37-model
MNYBZEHWPRTNJY-UHFFFAOYSA-N,4.176091259055681,meta37-model
GYKXQTKSWLAUIT-UHFFFAOYSA-N,5.5910646070265,meta37-model
IFXNWIUSZUHIDG-UHFFFAOYSA-N,3.342422680822206,meta37-model
ALYNCZNDIQEVRV-UHFFFAOYSA-N,8.204119982655925,meta37-model
VUIWJRYTWUGOOF-UHFFFAOYSA-N,4.991226075692495,meta37-model
WMOVHXAZOJBABW-UHFFFAOYSA-N,3.1367411372156644,GuthrieSolv-reconciled
SEERZIQQUAZTOL-UHFFFAOYSA-N,16.6232492903979,meta37-model
HWATZEJQIXKWQS-UHFFFAOYSA-N,7.336207546773298,GuthrieSolv-reconciled
JHJUYGMZIWDHMO-UHFFFAOYSA-N,14.556302500767288,meta37-model
ASHGTJPOSUFTGB-UHFFFAOYSA-N,5.504271162305172,GuthrieSolv-reconciled
FLVIGYVXZHLUHP-UHFFFAOYSA-N,7.5194536141262045,GuthrieSolv-reconciled
CSPPKDPQLUUTND-UHFFFAOYSA-N,8.899196335074183,GuthrieSolv-reconciled
YCOZIPAWZNQLMR-UHFFFAOYSA-N,-2.6352271636470217,GuthrieSolv-reconciled
GELCOLZWXWHMIB-UHFFFAOYSA-N,5.0,meta37-model
NRGGMCIBEHEAIL-UHFFFAOYSA-N,3.0914852442404697,GuthrieSolv-reconciled
PHMNXPYGVPEQSJ-UHFFFAOYSA-N,5.301029995663981,meta37-model
GPAPPPVRLPGFEQ-UHFFFAOYSA-N,5.230448921378274,meta37-model
LMUUXHHNCDERBQ-UHFFFAOYSA-N,-1.4814860601221125,meta37-model
BZORFPDSXLZWJF-UHFFFAOYSA-N,5.913813852383717,meta37-model
JOMJXRTUQWIHQD-UHFFFAOYSA-N,2.146128035678238,meta37-model
MXDGSCZQIMQLII-UHFFFAOYSA-N,3.255272505103306,meta37-model
MXWAGQASUDSFBG-UHFFFAOYSA-N,5.869231719730976,meta37-model
NJNQUTDUIPVROZ-UHFFFAOYSA-N,2.7781512503836434,meta37-model
YUIKUTLBPMDDNQ-UHFFFAOYSA-N,6.467088655975379,GuthrieSolv-reconciled
HDPNBNXLBDFELL-UHFFFAOYSA-N,3.204119982655925,meta37-model
HGUFODBRKLSHSI-UHFFFAOYSA-N,2.747226569982097,GuthrieSolv-reconciled
FIQMHBFVRAXMOP-UHFFFAOYSA-N,7.672097857935717,meta37-model
XIXPEFLLHQAIOY-UHFFFAOYSA-N,2.0630165202319164,GuthrieSolv-reconciled
GLDOVTGHNKAZLK-UHFFFAOYSA-N,1.363533890194582,GuthrieSolv-reconciled
NOEGNKMFWQHSLB-UHFFFAOYSA-N,7.653212513775344,meta37-model
BEZDDPMMPIDMGJ-UHFFFAOYSA-N,1.697969222054278,GuthrieSolv-reconciled
UATJOMSPNYCXIX-UHFFFAOYSA-N,6.57978359661681,meta37-model
JPIYZTWMUGTEHX-UHFFFAOYSA-N,5.477121254719663,meta37-model
RMISVOPUIFJTEO-UHFFFAOYSA-N,0.480128356207645,GuthrieSolv-reconciled
ZRWRPGGXCSSBAO-UHFFFAOYSA-N,2.110355892225491,GuthrieSolv-reconciled
XQVWYOYUZDUNRW-UHFFFAOYSA-N,5.230448921378274,meta37-model
XYIBRDXRRQCHLP-UHFFFAOYSA-N,4.2124678774192015,GuthrieSolv-reconciled
LDHQCZJRKDOVOX-IHWYPQMZSA-N,5.4844371633239195,GuthrieSolv-reconciled
WYVBETQIUHPLFO-UHFFFAOYSA-N,1.7032550594316274,GuthrieSolv-reconciled
PFDCOZXELJAUTR-UHFFFAOYSA-N,4.931490716044548,GuthrieSolv-reconciled
JBMGJOKJUYGIJH-UHFFFAOYSA-N,2.8532237200546793,GuthrieSolv-reconciled
DZMDPHNGKBEVRE-UHFFFAOYSA-N,-0.25341702487234297,GuthrieSolv-reconciled
RFCAUADVODFSLZ-UHFFFAOYSA-N,-2.1151300331670773,GuthrieSolv-reconciled
OGLDWXZKYODSOB-UHFFFAOYSA-N,-0.3413840858735253,GuthrieSolv-reconciled
NJFDMENHTAYHMA-UHFFFAOYSA-N,4.204911130271395,GuthrieSolv-reconciled
JHRWWRDRBPCWTF-UHFFFAOYSA-N,6.959041392321094,meta37-model
PYUSJFJVDVSXIU-UHFFFAOYSA-N,0.2041199826559248,meta37-model
UNOOEFGBOLKBFW-UHFFFAOYSA-N,-1.1079053973095196,meta37-model
MUXOBHXGJLMRAB-UHFFFAOYSA-N,4.971939839962473,GuthrieSolv-reconciled
USRKFGIXLGKMKU-UHFFFAOYSA-N,5.447158031342219,meta37-model
AFOSIXZFDONLBT-UHFFFAOYSA-N,2.6989700043360187,meta37-model
JVYYDUWJIJMOGW-UHFFFAOYSA-N,3.342422680822206,meta37-model
KUMXLFIBWFCMOJ-UHFFFAOYSA-N,-2.184015329558393,GuthrieSolv-reconciled
YIWUKEYIRIRTPP-UHFFFAOYSA-N,2.8501219380927965,GuthrieSolv-reconciled
YDZCLBKUTXYYKS-UHFFFAOYSA-N,3.278753600952829,meta37-model
NCYHCGGUQGDEQW-UHFFFAOYSA-N,2.0266078542835055,GuthrieSolv-reconciled
BJQHLKABXJIVAM-UHFFFAOYSA-N,3.158791265055001,GuthrieSolv-reconciled
BMFVGAAISNGQNM-UHFFFAOYSA-N,2.740362689494244,meta37-model
QELUAJBXJAWSRC-UHFFFAOYSA-N,3.1375625067296298,GuthrieSolv-reconciled
ONBXNGYZXZBRJA-UHFFFAOYSA-N,2.903089986991944,meta37-model
RKLLTEAEZIJBAU-UHFFFAOYSA-N,1.954367585146297,GuthrieSolv-reconciled
LQERIDTXQFOHKA-UHFFFAOYSA-N,0.039050202224636135,GuthrieSolv-reconciled
QEWYKACRFQMRMB-UHFFFAOYSA-N,6.301029995663981,meta37-model
ODUCDPQEXGNKDN-UHFFFAOYSA-N,-1.349304239587175,GuthrieSolv-reconciled
DIQMPQMYFZXDAX-UHFFFAOYSA-N,1.244638727448063,GuthrieSolv-reconciled
FZERHIULMFGESH-UHFFFAOYSA-N,6.538801345290064,GuthrieSolv-reconciled
HTDQSWDEWGSAMN-UHFFFAOYSA-N,1.8352708838043408,GuthrieSolv-reconciled
VAHKBZSAUKPEOV-UHFFFAOYSA-N,1.8551249073681253,GuthrieSolv-reconciled
PSINWXIDJYEXLO-UHFFFAOYSA-N,3.3010299956639813,meta37-model
IVUQHXKKRQEFBU-UHFFFAOYSA-N,5.800335417491622,GuthrieSolv-reconciled
LUKBXSAWLPMMSZ-UHFFFAOYSA-N,14.230448921378274,meta37-model
GBUCDGDROYMOAN-UHFFFAOYSA-N,1.57978359661681,meta37-model
HBPDKDSFLXWOAE-UHFFFAOYSA-N,8.190627281564144,GuthrieSolv-reconciled
AQQNNAXBGPWALO-UHFFFAOYSA-N,-0.1487416512809247,meta37-model
JXPOLSKBTUYKJB-UHFFFAOYSA-N,-2.5099184633678093,GuthrieSolv-reconciled
QHWKHLYUUZGSCW-UHFFFAOYSA-N,5.176091259055681,meta37-model
ALRLPDGCPYIVHP-UHFFFAOYSA-N,5.991226075692495,meta37-model
ZMJOVJSTYLQINE-UHFFFAOYSA-N,0.0791812460476248,meta37-model
RYFZYYUIAZYQLC-UHFFFAOYSA-N,2.0,meta37-model
AIJULSRZWUXGPQ-UHFFFAOYSA-N,4.84045959643259,GuthrieSolv-reconciled
PWYIUEFFPNVCMW-UHFFFAOYSA-N,5.910326621705976,GuthrieSolv-reconciled
IDCPFAYURAQKDZ-UHFFFAOYSA-N,13.740362689494244,meta37-model
QYDYPVFESGNLHU-UHFFFAOYSA-N,1.4913616938342726,meta37-model
WMPPDTMATNBGJN-UHFFFAOYSA-N,1.1921962494404674,GuthrieSolv-reconciled
GGMPTLAAIUQMIE-UHFFFAOYSA-N,1.0413926851582251,meta37-model
HWGBHCRJGXAGEU-UHFFFAOYSA-N,5.547930343551905,GuthrieSolv-reconciled
AJUXFTIOMRYFRL-UHFFFAOYSA-N,1.9912260756924949,meta37-model
DCUJJWWUNKIJPH-UHFFFAOYSA-N,3.0566462351872636,GuthrieSolv-reconciled
DGVVWUTYPXICAM-UHFFFAOYSA-N,5.146128035678238,meta37-model
AETAPIFVELRIDN-UHFFFAOYSA-N,2.9542425094393248,meta37-model
LXVSANCQXSSLPA-UHFFFAOYSA-N,4.894283399713877,GuthrieSolv-reconciled
KAUWEMQJFDRELR-UHFFFAOYSA-N,3.681241237375587,meta37-model
VRZRVMXNGMZLDB-UHFFFAOYSA-N,2.690196080028514,meta37-model
BBKDWPHJZANJGB-UHFFFAOYSA-N,7.5241475850008515,GuthrieSolv-reconciled
RSMUVYRMZCOLBH-UHFFFAOYSA-N,13.03803818409516,GuthrieSolv-reconciled
HFZWRUODUSTPEG-UHFFFAOYSA-N,1.1410741268997482,GuthrieSolv-reconciled
NHGVZTMBVDFPHJ-UHFFFAOYSA-N,1.863322860120456,meta37-model
IGUYEXXAGBDLLX-UHFFFAOYSA-N,6.125674692485543,GuthrieSolv-reconciled
XBBZAULFUPBZSP-UHFFFAOYSA-N,2.2116655751636074,GuthrieSolv-reconciled
VDIFKDMFGPIVCQ-UHFFFAOYSA-N,4.9126261024089555,GuthrieSolv-reconciled
VIRFPLJXRDHVEI-UHFFFAOYSA-N,3.880813592280792,meta37-model
IKECULIHBUCAKR-UHFFFAOYSA-N,2.7892065115569196,GuthrieSolv-reconciled
NDJKXXJCMXVBJW-UHFFFAOYSA-N,-1.128307074661556,GuthrieSolv-reconciled
YPDBBDKYNWRFMF-UHFFFAOYSA-N,1.343531930201128,GuthrieSolv-reconciled
WACNXHCZHTVBJM-UHFFFAOYSA-N,0.2787536009528289,meta37-model
ZRKMQKLGEQPLNS-UHFFFAOYSA-N,0.2811494520193066,GuthrieSolv-reconciled
DDBMQDADIHOWIC-UHFFFAOYSA-N,6.00982125171594,GuthrieSolv-reconciled
YBVRUEQFTLCXCN-UHFFFAOYSA-N,6.370080622471661,GuthrieSolv-reconciled
ALLIZEAXNXSFGD-UHFFFAOYSA-N,1.7323937598229686,meta37-model
FCSHDIVRCWTZOX-UHFFFAOYSA-N,8.176091259055681,meta37-model
YMBNRMDSLJNNPF-UHFFFAOYSA-N,-2.5770283740245414,GuthrieSolv-reconciled
WBTYBAGIHOISOQ-UHFFFAOYSA-N,6.567197802544607,GuthrieSolv-reconciled
DVEFUHVVWJONKR-UHFFFAOYSA-N,2.9242792860618816,meta37-model
AIQOKYGLKGGWOI-UHFFFAOYSA-N,2.681241237375587,meta37-model
DRUIESSIVFYOMK-UHFFFAOYSA-N,4.278753600952829,meta37-model
QNAYBMKLOCPYGJ-UHFFFAOYSA-N,13.94448267215017,meta37-model
GSNZNZUNAJCHDO-UHFFFAOYSA-N,7.698970004336019,meta37-model
LFVLUOAHQIVABZ-UHFFFAOYSA-N,3.617165342747506,GuthrieSolv-reconciled
IUBSYMUCCVWXPE-UHFFFAOYSA-N,9.079181246047623,meta37-model
JPOXNPPZZKNXOV-UHFFFAOYSA-N,1.120291352670177,GuthrieSolv-reconciled
CUONGYYJJVDODC-UHFFFAOYSA-N,6.278753600952829,meta37-model
RHLVCLIPMVJYKS-UHFFFAOYSA-N,2.202085800562634,GuthrieSolv-reconciled
VWGNQYSIWFHEQU-UHFFFAOYSA-N,2.1760912590556813,meta37-model
NUEHEMIAMZEMIW-UHFFFAOYSA-N,-3.3425849407619608,GuthrieSolv-reconciled
NHARPDSAXCBDDR-UHFFFAOYSA-N,1.6434526764861874,meta37-model
CAHQGWAXKLQREW-UHFFFAOYSA-N,1.7685770732217891,GuthrieSolv-reconciled
CRSBERNSMYQZNG-UHFFFAOYSA-N,-2.2365720064370627,meta37-model
XZIDTOHMJBOSOX-UHFFFAOYSA-N,5.973602381659294,GuthrieSolv-reconciled
SSHHYBPAMCLKRH-UHFFFAOYSA-N,15.643452676486188,meta37-model
GGXKWVWZWMLJEH-UHFFFAOYSA-N,11.414973347970818,meta37-model
XCBOKUAJQWDYNI-UHFFFAOYSA-N,6.637440877570818,GuthrieSolv-reconciled
RTZKZFJDLAIYFH-UHFFFAOYSA-N,1.1437537389452563,GuthrieSolv-reconciled
JNRLEMMIVRBKJE-UHFFFAOYSA-N,5.301029995663981,meta37-model
IWTFOFMTUOBLHG-UHFFFAOYSA-N,2.8807359248422304,GuthrieSolv-reconciled
ZUXVGCIQOSXRJN-UHFFFAOYSA-N,1.414973347970818,meta37-model
QVLAWKAXOMEXPM-UHFFFAOYSA-N,0.8391793161339429,GuthrieSolv-reconciled
DQKWXTIYGWPGOO-UHFFFAOYSA-N,2.862222767757506,GuthrieSolv-reconciled
GBROPGWFBFCKAG-UHFFFAOYSA-N,8.019667534857298,GuthrieSolv-reconciled
BUYMVQAILCEWRR-UHFFFAOYSA-N,2.5475631532751035,GuthrieSolv-reconciled
HSUIVCLOAAJSRE-UHFFFAOYSA-N,4.748188027006201,meta37-model
LIQJBAPSLUZUTB-UHFFFAOYSA-N,3.255272505103306,meta37-model
VSDUQUBUJRNREH-UHFFFAOYSA-N,3.8260748027008256,meta37-model
GCKMFJBGXUYNAG-UHFFFAOYSA-N,6.7160033436348,meta37-model
GZJFAWOTMWATOS-UHFFFAOYSA-N,-2.498876550164361,GuthrieSolv-reconciled
RNFNDJAIBTYOQL-UHFFFAOYSA-N,6.7958574549155335,GuthrieSolv-reconciled
DUPUVYJQZSLSJB-UHFFFAOYSA-N,-2.2036941843172797,GuthrieSolv-reconciled
YDGFMDPEJCJZEV-UHFFFAOYSA-N,1.4665901815445332,GuthrieSolv-reconciled
YVGGHNCTFXOJCH-UHFFFAOYSA-N,3.283976848704311,GuthrieSolv-reconciled
WNSYEWGYAFFSSQ-UHFFFAOYSA-N,5.681241237375588,meta37-model
KYWJZCSJMOILIZ-UHFFFAOYSA-N,3.2359977005804277,GuthrieSolv-reconciled
OISVCGZHLKNMSJ-UHFFFAOYSA-N,3.2857291881323056,GuthrieSolv-reconciled
PLIKAWJENQZMHA-UHFFFAOYSA-N,7.29744160879753,GuthrieSolv-reconciled
YWFWDNVOPHGWMX-UHFFFAOYSA-N,4.0,meta37-model
WMPDAIZRQDCGFH-UHFFFAOYSA-N,4.331788864966247,GuthrieSolv-reconciled
AUYRUAVCWOAHQN-UHFFFAOYSA-N,-1.2886237278232116,GuthrieSolv-reconciled
IWYRWIUNAVNFPE-UHFFFAOYSA-N,4.681241237375588,meta37-model
BTOCFTAWZMMTNB-UHFFFAOYSA-N,2.2337265536681326,GuthrieSolv-reconciled
PRPINYUDVPFIRX-UHFFFAOYSA-N,7.592670474689278,GuthrieSolv-reconciled
CNDHHGUSRIZDSL-UHFFFAOYSA-N,-0.23048988407111837,GuthrieSolv-reconciled
UOORRWUZONOOLO-OWOJBTEDSA-N,1.070206301736609,GuthrieSolv-reconciled
XSJVWZAETSBXKU-UHFFFAOYSA-N,1.7432485461572476,GuthrieSolv-reconciled
XLLIQLLCWZCATF-UHFFFAOYSA-N,3.8901551656570317,GuthrieSolv-reconciled
RKSOPLXZQNSWAS-UHFFFAOYSA-N,-0.6432851486857367,GuthrieSolv-reconciled
JAHJITLFJSDRCG-UHFFFAOYSA-N,3.276991190337703,GuthrieSolv-reconciled
IISBACLAFKSPIT-UHFFFAOYSA-N,8.785329835010767,meta37-model
MWPZLWRHHPWTFS-UHFFFAOYSA-N,4.505149978319906,meta37-model
PKAHQJNJPDVTDP-UHFFFAOYSA-N,2.92553196154982,GuthrieSolv-reconciled
DDVNRFNDOPPVQJ-UHFFFAOYSA-N,2.883191922649189,GuthrieSolv-reconciled
NYOKZHDTNBDPOB-UHFFFAOYSA-N,5.041392685158225,meta37-model
WPTCSQBWLUUYDV-UHFFFAOYSA-N,2.0575442493017913,GuthrieSolv-reconciled
KZLMCDNAVVJKPX-UHFFFAOYSA-N,1.3256343711182978,GuthrieSolv-reconciled
YTZLCBMMJHXCMG-UHFFFAOYSA-N,2.789342500648188,GuthrieSolv-reconciled
OIGNJSKKLXVSLS-UHFFFAOYSA-N,5.959041392321094,meta37-model
QARBMVPHQWIHKH-UHFFFAOYSA-N,2.7481880270062,meta37-model
WJIFKOVZNJTSGO-UHFFFAOYSA-N,0.5210955469130476,GuthrieSolv-reconciled
FLIACVVOZYBSBS-UHFFFAOYSA-N,1.1751985657512436,GuthrieSolv-reconciled
UBCKGWBNUIFUST-UHFFFAOYSA-N,7.146128035678238,meta37-model
XOGPDSATLSAZEK-UHFFFAOYSA-N,8.267846750543937,GuthrieSolv-reconciled
STPOJASQXPXVMS-UHFFFAOYSA-N,11.690196080028514,meta37-model
MDNZFYGATDCKRB-UHFFFAOYSA-N,2.9822712330395684,meta37-model
JLGLQAWTXXGVEM-UHFFFAOYSA-N,11.845098040014255,meta37-model
NATVSFWWYVJTAZ-UHFFFAOYSA-N,4.2552725051033065,meta37-model
ZZCSBXFJFLSDRR-UHFFFAOYSA-N,4.181823975665597,GuthrieSolv-reconciled
NQFUSWIGRKFAHK-UHFFFAOYSA-N,1.779977958750306,GuthrieSolv-reconciled
VJYFKVYYMZPMAB-UHFFFAOYSA-N,5.11851877222995,GuthrieSolv-reconciled
KQNPFQTWMSNSAP-UHFFFAOYSA-N,4.348259959112224,GuthrieSolv-reconciled
RGSFGYAAUTVSQA-UHFFFAOYSA-N,-0.9129210951165252,GuthrieSolv-reconciled
ZZYSLNWGKKDOML-UHFFFAOYSA-N,5.85843809931065,GuthrieSolv-reconciled
YMRMDGSNYHCUCL-UHFFFAOYSA-N,-0.585026652029182,meta37-model
KOTNFWJIMRGVBR-UHFFFAOYSA-N,2.885739990332708,GuthrieSolv-reconciled
AXISYYRBXTVTFY-UHFFFAOYSA-N,0.0,meta37-model
INYDMNPNDHRJQJ-UHFFFAOYSA-N,5.305427085878748,GuthrieSolv-reconciled
YIKSCQDJHCMVMK-UHFFFAOYSA-N,8.952496256389667,GuthrieSolv-reconciled
FCBBRODPXVPZAH-UHFFFAOYSA-N,2.863322860120456,meta37-model
JIRJHEXNDQBKRZ-UHFFFAOYSA-N,4.643452676486188,meta37-model
IXEVGHXRXDBAOB-UHFFFAOYSA-N,4.973127853599698,meta37-model
YFCDLVPYFMHRQZ-UHFFFAOYSA-N,9.69897000433602,meta37-model
XHGIFBQQEGRTPB-UHFFFAOYSA-N,4.643452676486188,meta37-model
UQMRAFJOBWOFNS-UHFFFAOYSA-N,4.6333613877516875,GuthrieSolv-reconciled
UDZCUJOKBNABRS-UHFFFAOYSA-N,2.5185139398778875,meta37-model
FBMORZZOJSDNRQ-UHFFFAOYSA-N,6.414973347970818,meta37-model
TVTCXPXLRKTHAU-UHFFFAOYSA-N,-2.0132282657337552,meta37-model
KGRVJHAUYBGFFP-UHFFFAOYSA-N,9.491361693834271,meta37-model
CHLAOFANYRDCPD-UHFFFAOYSA-N,1.6020599913279625,meta37-model
IUYHQGMDSZOPDZ-UHFFFAOYSA-N,1.0413926851582251,meta37-model
DOOTYTYQINUNNV-UHFFFAOYSA-N,6.703704367661431,GuthrieSolv-reconciled
ACRXLLXANWELLX-UHFFFAOYSA-N,6.568201724066995,meta37-model
UHGULLIUJBCTEF-UHFFFAOYSA-N,8.278753600952829,meta37-model
ANKBTLMYMVMWBS-UHFFFAOYSA-N,3.038275759594531,GuthrieSolv-reconciled
OXMIDRBAFOEOQT-UHFFFAOYSA-N,2.0716951556956786,GuthrieSolv-reconciled
ZMVMYBGDGJLCHV-UHFFFAOYSA-N,7.924279286061882,meta37-model
MFTPXFIGIJCNJM-UHFFFAOYSA-N,1.9115339654013341,GuthrieSolv-reconciled
YXWWHNCQZBVZPV-UHFFFAOYSA-N,3.4825361012316276,GuthrieSolv-reconciled
WOFYQUJNULCFLN-UHFFFAOYSA-N,18.792391689498253,meta37-model
RZKKOBGFCAHLCZ-UHFFFAOYSA-N,3.2648979245435195,GuthrieSolv-reconciled
GPXLRLUVLMHHIK-UHFFFAOYSA-N,9.778469688776307,GuthrieSolv-reconciled
RBACIKXCRWGCBB-UHFFFAOYSA-N,2.1076623329139097,GuthrieSolv-reconciled
QXNDZONIWRINJR-UHFFFAOYSA-N,3.1454566218539184,GuthrieSolv-reconciled
VBLJFQYCTRKKKF-UHFFFAOYSA-N,6.079374598398201,GuthrieSolv-reconciled
UWEZBKLLMKVIPI-UHFFFAOYSA-N,4.429549330932006,GuthrieSolv-reconciled
PKTSCJXWLVREKX-UHFFFAOYSA-N,3.612783856719736,meta37-model
UOAMTSKGCBMZTC-UHFFFAOYSA-N,4.966037197752369,GuthrieSolv-reconciled
AMKBEJYNNQNKGD-UHFFFAOYSA-N,2.6989700043360187,meta37-model
OBIUJJSQKPGKME-UHFFFAOYSA-N,1.3010299956639813,meta37-model
XDAOZRZWYVKIAK-UHFFFAOYSA-N,1.863322860120456,meta37-model
UAFNQQBPUWFPGC-UHFFFAOYSA-N,2.792391689498254,meta37-model
CHZCERSEMVWNHL-UHFFFAOYSA-N,4.838849090737256,meta37-model
IDGDEUZERZKYHG-UHFFFAOYSA-N,3.0791812460476247,meta37-model
NUKZAGXMHTUAFE-UHFFFAOYSA-N,1.7588548215338757,GuthrieSolv-reconciled
HAXBIWFMXWRORI-UHFFFAOYSA-N,4.538670998498589,GuthrieSolv-reconciled
PETRWTHZSKVLRE-UHFFFAOYSA-N,4.180617920733516,GuthrieSolv-reconciled
FJXOYCIYKQJAAF-UHFFFAOYSA-N,3.322219294733919,meta37-model
ASLWPAWFJZFCKF-UHFFFAOYSA-N,6.973127853599698,meta37-model
NUJGJRNETVAIRJ-UHFFFAOYSA-N,1.6156353888605766,GuthrieSolv-reconciled
GCFKTDRTZYDRBI-UHFFFAOYSA-N,-2.498876550164361,GuthrieSolv-reconciled
GUVLYNGULCJVDO-UHFFFAOYSA-N,3.325117847392918,GuthrieSolv-reconciled
PQJJJMRNHATNKG-UHFFFAOYSA-N,2.959041392321093,meta37-model
AWMVMTVKBNGEAK-UHFFFAOYSA-N,3.1054413359402653,GuthrieSolv-reconciled
QACXEXNKLFWKLK-UHFFFAOYSA-N,-2.577591699882087,GuthrieSolv-reconciled
KHNYNFUTFKJLDD-UHFFFAOYSA-N,5.079181246047625,meta37-model
DKPFZGUDAPQIHT-UHFFFAOYSA-N,1.8112599355796253,GuthrieSolv-reconciled
QIMMUPPBPVKWKM-UHFFFAOYSA-N,1.655209077104463,GuthrieSolv-reconciled
QKSKPIVNLNLAAV-UHFFFAOYSA-N,2.787153407329202,GuthrieSolv-reconciled
USMZPYXTVKAYST-UHFFFAOYSA-N,6.785329835010767,meta37-model
ZQDPJFUHLCOCRG-WAYWQWQTSA-N,-1.1508705752083714,GuthrieSolv-reconciled
QQONPFPTGQHPMA-UHFFFAOYSA-N,-0.9692982558459219,GuthrieSolv-reconciled
VOZRXNHHFUQHIL-UHFFFAOYSA-N,4.897627091290442,meta37-model
CIHOLLKRGTVIJN-UHFFFAOYSA-N,3.1760912590556813,meta37-model
ZJIJAJXFLBMLCK-UHFFFAOYSA-N,-5.886056647693163,meta37-model
VLJIVLGVKMTBOD-UHFFFAOYSA-N,3.1760912590556813,meta37-model
UIZUTEDYGNRNSW-UHFFFAOYSA-N,2.4771212547196626,meta37-model
RPUFWOAXMFQSDJ-UHFFFAOYSA-N,2.113943352306837,meta37-model
BIPUHAHGLJKIPK-UHFFFAOYSA-N,3.886490725172482,meta37-model
RXDMAYSSBPYBFW-UHFFFAOYSA-N,6.5084474215798815,GuthrieSolv-reconciled
HTKIMWYSDZQQBP-UHFFFAOYSA-N,5.823601647719996,GuthrieSolv-reconciled
JHOWUOKQHJHGMU-UHFFFAOYSA-N,6.230448921378274,meta37-model
STMIIPIFODONDC-UHFFFAOYSA-N,6.579424467566651,GuthrieSolv-reconciled
APAJFZPFBHMFQR-UHFFFAOYSA-N,13.62337039547092,GuthrieSolv-reconciled
WFDIJRYMOXRFFG-UHFFFAOYSA-N,3.511723660933265,GuthrieSolv-reconciled
ZRKWMRDKSOPRRS-UHFFFAOYSA-N,5.681241237375588,meta37-model
CIEXPHRYOLIQQD-UHFFFAOYSA-N,7.431363764158987,meta37-model
KSMVZQYAVGTKIV-UHFFFAOYSA-N,1.060537844669953,GuthrieSolv-reconciled
PKZJLOCLABXVMC-UHFFFAOYSA-N,4.6273063936229795,GuthrieSolv-reconciled
UWVKRNOCDUPIDM-UHFFFAOYSA-N,6.182179883478369,GuthrieSolv-reconciled
BFIMMTCNYPIMRN-UHFFFAOYSA-N,0.4913616938342727,meta37-model
AILKHAQXUAOOFU-UHFFFAOYSA-N,2.7481880270062,meta37-model
RJCQBQGAPKAMLL-UHFFFAOYSA-N,-1.3410765210513964,GuthrieSolv-reconciled
NEKULYKCZPJMMJ-UHFFFAOYSA-N,5.804385960509666,GuthrieSolv-reconciled
RWPICVVBGZBXNA-UHFFFAOYSA-N,3.380211241711606,meta37-model
PJHBSPRZHUOIAS-UHFFFAOYSA-N,3.158300617360256,GuthrieSolv-reconciled
QIORDSKCCHRSSD-UHFFFAOYSA-N,3.7775579226318152,GuthrieSolv-reconciled
AKNUHUCEWALCOI-UHFFFAOYSA-N,8.342422680822207,meta37-model
FXXCTCCAZGTNNO-UHFFFAOYSA-N,3.204119982655925,meta37-model
SHDPRTQPPWIEJG-UHFFFAOYSA-N,-0.2146701649892329,meta37-model
RQVGAIADHNPSME-UHFFFAOYSA-N,2.5435052202210104,GuthrieSolv-reconciled
BZGLBXYQOMFXAU-UHFFFAOYSA-N,6.041392685158225,meta37-model
FZSPYHREEHYLCB-UHFFFAOYSA-N,0.146128035678238,meta37-model
WVDDGKGOMKODPV-UHFFFAOYSA-N,4.747625918786381,GuthrieSolv-reconciled
AUIKJTGFPFLMFP-UHFFFAOYSA-N,3.603289544892602,GuthrieSolv-reconciled
RGCLLPNLLBQHPF-UHFFFAOYSA-N,3.838849090737255,meta37-model
NEZWFWIACBUQMN-UHFFFAOYSA-N,7.593502923872635,GuthrieSolv-reconciled
CWLKGDAVCFYWJK-UHFFFAOYSA-N,7.959041392321094,meta37-model
DTMRKGRREZAYAP-UHFFFAOYSA-N,3.3143634737334815,GuthrieSolv-reconciled
MQIUGAXCHLFZKX-UHFFFAOYSA-N,3.8604036125610968,GuthrieSolv-reconciled
NKGLWUJPCTUDEH-UHFFFAOYSA-N,3.690196080028514,meta37-model
UTGSRNVBAFCOEU-UHFFFAOYSA-N,0.8325089127062363,meta37-model
YMBFWRZKTZICHS-UHFFFAOYSA-N,3.57978359661681,meta37-model
XSIFPSYPOVKYCO-UHFFFAOYSA-N,2.7305464991137827,GuthrieSolv-reconciled
LISFMEBWQUVKPJ-UHFFFAOYSA-N,8.883508945280866,GuthrieSolv-reconciled
IWEDIXLBFLAXBO-UHFFFAOYSA-N,7.081666740953665,GuthrieSolv-reconciled
TXTORVZCRUFBBO-UHFFFAOYSA-N,-4.061400126493807,GuthrieSolv-reconciled
RRKTZKIUPZVBMF-UHFFFAOYSA-N,14.079181246047623,meta37-model
SJTPBRMACCDJPZ-UHFFFAOYSA-N,3.342422680822206,meta37-model
FSPZPQQWDODWAU-UHFFFAOYSA-N,-0.8860566476931632,meta37-model
KDWQYMVPYJGPHS-UHFFFAOYSA-N,6.383170995974004,GuthrieSolv-reconciled
CIFFBTOJCKSRJY-UHFFFAOYSA-N,5.913813852383717,meta37-model
DTWJISBCMBWFNY-UHFFFAOYSA-N,-3.0706460992886804,GuthrieSolv-reconciled
HVTICUPFWKNHNG-UHFFFAOYSA-N,0.47660649255457443,GuthrieSolv-reconciled
NSTREUWFTAOOKS-UHFFFAOYSA-N,4.778642319025223,GuthrieSolv-reconciled
DLDJFQGPPSQZKI-UHFFFAOYSA-N,6.698970004336019,meta37-model
MTHSVFCYNBDYFN-UHFFFAOYSA-N,7.449060262308006,GuthrieSolv-reconciled
ORSUQGVCWLXKLZ-UHFFFAOYSA-N,3.255272505103306,meta37-model
DWORILFBIRYUDC-UHFFFAOYSA-N,1.4983216896364802,GuthrieSolv-reconciled
VOWZNBNDMFLQGM-UHFFFAOYSA-N,3.706456735047384,GuthrieSolv-reconciled
ZWVMLYRJXORSEP-UHFFFAOYSA-N,12.690196080028514,meta37-model
SJRJJKPEHAURKC-UHFFFAOYSA-N,4.541217894109315,GuthrieSolv-reconciled
PWEOEHNGYFXZLI-UHFFFAOYSA-N,7.518513939877887,meta37-model
NOOLISFMXDJSKH-KXUCPTDWSA-N,3.2834204223414423,GuthrieSolv-reconciled
UFLHIIWVXFIJGU-ARJAWSKDSA-N,4.64681898901053,GuthrieSolv-reconciled
UWVQIROCRJWDKL-UHFFFAOYSA-N,9.667541899079618,GuthrieSolv-reconciled
DSKJPMWIHSOYEA-UHFFFAOYSA-N,6.12267622295755,GuthrieSolv-reconciled
UJEUVDLASLOZIV-UHFFFAOYSA-N,-2.528394738749598,GuthrieSolv-reconciled
UXFSPRAGHGMRSQ-UHFFFAOYSA-N,2.6209400876680182,GuthrieSolv-reconciled
XLSMFKSTNGKWQX-UHFFFAOYSA-N,4.753110932485863,GuthrieSolv-reconciled
XRHGWAGWAHHFLF-UHFFFAOYSA-N,4.783282189777886,GuthrieSolv-reconciled
RLQJEEJISHYWON-UHFFFAOYSA-N,10.778151250383644,meta37-model
FVVXWRGARUACNW-UHFFFAOYSA-N,-0.35039623986374746,GuthrieSolv-reconciled
XYFCBTPGUUZFHI-UHFFFAOYSA-N,-0.7783075143158867,GuthrieSolv-reconciled
BTRCDLZQISXWHZ-UHFFFAOYSA-N,1.4313637641589874,meta37-model
HUAZGNHGCJGYNP-UHFFFAOYSA-N,1.6072813140056985,GuthrieSolv-reconciled
RMOUBSOVHSONPZ-UHFFFAOYSA-N,1.4188809147703507,GuthrieSolv-reconciled
CIEXPHRYOLIQQD-CYBMUJFWSA-N,7.331655689054647,GuthrieSolv-reconciled
KVXVLCBFSKMBAR-UHFFFAOYSA-N,17.57978359661681,meta37-model
BGTOWKSIORTVQH-UHFFFAOYSA-N,3.3514463941022123,GuthrieSolv-reconciled
VVAKEQGKZNKUSU-UHFFFAOYSA-N,3.991226075692495,meta37-model
WJTCGQSWYFHTAC-UHFFFAOYSA-N,-0.65522367877136,GuthrieSolv-reconciled
SYELZBGXAIXKHU-UHFFFAOYSA-N,8.568201724066995,meta37-model
LUFPJJNWMYZRQE-UHFFFAOYSA-N,3.681241237375587,meta37-model
LLWADFLAOKUBDR-UHFFFAOYSA-N,6.852637878885509,GuthrieSolv-reconciled
MXVAYAXIPRGORY-UHFFFAOYSA-N,0.7323937598229685,meta37-model
UHCBBWUQDAVSMS-UHFFFAOYSA-N,0.04216155106445199,GuthrieSolv-reconciled
FRUMTAZIGSJVOJ-UHFFFAOYSA-N,3.255272505103306,meta37-model
VHQQPFLOGSTQPC-UHFFFAOYSA-N,-5.853871964321762,meta37-model
GPXBXXGIAQBQNI-UHFFFAOYSA-N,15.30102999566398,meta37-model
QZXATCCPQKOEIH-UHFFFAOYSA-N,9.633468455579589,meta37-model
BWVZAZPLUTUBKD-UHFFFAOYSA-N,3.1760912590556813,meta37-model
QUKGYYKBILRGFE-UHFFFAOYSA-N,3.2691550258486566,GuthrieSolv-reconciled
PJVWKTKQMONHTI-UHFFFAOYSA-N,6.806908502606813,GuthrieSolv-reconciled
LWLRMRFJCCMNML-UHFFFAOYSA-N,1.1867425522271924,GuthrieSolv-reconciled
YJEMGEBDXDPBSP-UHFFFAOYSA-N,1.6336502989383421,GuthrieSolv-reconciled
QORAVNMWUNPXAO-UHFFFAOYSA-N,2.092289265725596,GuthrieSolv-reconciled
UFNIBRDIUNVOMX-UHFFFAOYSA-N,1.7909925942422857,GuthrieSolv-reconciled
PYOLJOJPIPCRDP-UHFFFAOYSA-N,-2.7265348843635864,GuthrieSolv-reconciled
WXYMNDFVLNUAIA-UHFFFAOYSA-N,-1.2386459152580795,GuthrieSolv-reconciled
ILPSCQCLBHQUEM-UHFFFAOYSA-N,5.518513939877887,meta37-model
LHJGJYXLEPZJPM-UHFFFAOYSA-N,4.033144283706385,GuthrieSolv-reconciled
LMNZTLDVJIUSHT-UHFFFAOYSA-N,6.334477885574877,GuthrieSolv-reconciled
IAKOZHOLGAGEJT-UHFFFAOYSA-N,4.976347299182664,GuthrieSolv-reconciled
SNKTZBNDUVWOAZ-UHFFFAOYSA-N,5.681241237375588,meta37-model
YUKILTJWFRTXGB-UHFFFAOYSA-N,2.039350776819561,GuthrieSolv-reconciled
CDEGOUYLXTUDAU-UHFFFAOYSA-N,-1.207608310501746,meta37-model
MGNNYOODZCAHBA-UHFFFAOYSA-N,7.041392685158225,meta37-model
PCIUEQPBYFRTEM-UHFFFAOYSA-N,1.792391689498254,meta37-model
CUAUDSWILJWDOD-UHFFFAOYSA-N,4.1160735742591665,GuthrieSolv-reconciled
UMGDCJDMYOKAJW-UHFFFAOYSA-N,7.0291385379081595,GuthrieSolv-reconciled
WOZVHXUHUFLZGK-UHFFFAOYSA-N,2.2996248372875456,GuthrieSolv-reconciled
PPBRXRYQALVLMV-UHFFFAOYSA-N,0.8544178148540202,GuthrieSolv-reconciled
NIXOWILDQLNWCW-UHFFFAOYSA-N,4.77144073991396,GuthrieSolv-reconciled
NUKYPUAOHBNCPY-UHFFFAOYSA-N,8.041392685158225,meta37-model
KRZWEBVPFGCYMY-UHFFFAOYSA-M,6.408344614700371,GuthrieSolv-reconciled
WXWCDTXEKCVRRO-UHFFFAOYSA-N,5.301029995663981,meta37-model
WZKXBGJNNCGHIC-UHFFFAOYSA-N,6.3979400086720375,meta37-model
ZOLLIQAKMYWTBR-UHFFFAOYSA-N,-0.0861861476162833,meta37-model
BAMUEXIPKSRTBS-UHFFFAOYSA-N,-1.8570682671123415,GuthrieSolv-reconciled
KZAUOCCYDRDERY-UHFFFAOYSA-N,7.9354110152795965,GuthrieSolv-reconciled
FRQUNVLMWIYOLV-UHFFFAOYSA-N,1.5051488444849093,GuthrieSolv-reconciled
WPCVRWVBBXIRMA-UHFFFAOYSA-N,12.342422680822208,meta37-model
LKPLKUMXSAEKID-UHFFFAOYSA-N,3.677205566461537,GuthrieSolv-reconciled
KQCMTOWTPBNWDB-UHFFFAOYSA-N,4.176091259055681,meta37-model
UYSGWTCETIRUHO-UHFFFAOYSA-N,-8.0,meta37-model
PGIBJVOPLXHHGS-UHFFFAOYSA-N,5.015255083158288,GuthrieSolv-reconciled
WCVRQHFDJLLWFE-UHFFFAOYSA-N,6.531478917042255,meta37-model
GCLFPNQSLCWZAQ-UHFFFAOYSA-N,3.447158031342219,meta37-model
BEJNERDRQOWKJM-UHFFFAOYSA-N,5.0,meta37-model
JZVOLXQREJNTTL-UHFFFAOYSA-N,3.4149733479708178,meta37-model
UMPSXRYVXUPCOS-UHFFFAOYSA-N,3.8799621438112784,GuthrieSolv-reconciled
HVYWMOMLDIMFJA-UHFFFAOYSA-N,11.51894688401785,GuthrieSolv-reconciled
HZRSNVGNWUDEFX-UHFFFAOYSA-N,8.672097857935718,meta37-model
GOFFZTAPOOICFT-UHFFFAOYSA-N,1.146128035678238,meta37-model
JRLPEMVDPFPYPJ-UHFFFAOYSA-N,0.648533497147044,GuthrieSolv-reconciled
DMOBGFAKTSXOHG-UHFFFAOYSA-N,2.7323937598229686,meta37-model
QYPNKSZPJQQLRK-UHFFFAOYSA-N,6.195943258372631,GuthrieSolv-reconciled
CRPUJAZIXJMDBK-UHFFFAOYSA-N,-0.03575486730339551,GuthrieSolv-reconciled
ZINJLDJMHCUBIP-UHFFFAOYSA-N,12.029916371454405,GuthrieSolv-reconciled
ZZMOHCWFHCHISQ-UHFFFAOYSA-N,-0.6989700043360187,meta37-model
XVOKUMIPKHGGTN-UHFFFAOYSA-N,14.380211241711606,meta37-model
YGUMVDWOQQJBGA-UHFFFAOYSA-N,41.47712125471966,meta37-model
OSUHJPCHFDQAIT-UHFFFAOYSA-N,6.198382836033373,GuthrieSolv-reconciled
DYDNPESBYVVLBO-UHFFFAOYSA-N,6.4623979978989565,meta37-model
TUXYZHVUPGXXQG-UHFFFAOYSA-N,3.9249084314900715,GuthrieSolv-reconciled
SXXILWLQSQDLDL-UHFFFAOYSA-N,3.6720978579357175,meta37-model
HMSWAIKSFDFLKN-UHFFFAOYSA-N,6.521296719475221,GuthrieSolv-reconciled
UISUNVFOGSJSKD-UHFFFAOYSA-N,9.97930898428088,GuthrieSolv-reconciled
ZLGYJAIAVPVCNF-UHFFFAOYSA-N,2.6045282792215487,GuthrieSolv-reconciled
YTKRILODNOEEPX-NSCUHMNNSA-N,0.9091793507091175,GuthrieSolv-reconciled
BAXOFTOLAUCFNW-UHFFFAOYSA-N,4.872560503339427,GuthrieSolv-reconciled
ZRWPUFFVAOMMNM-UHFFFAOYSA-N,8.342422680822207,meta37-model
UZGLIIJVICEWHF-UHFFFAOYSA-N,3.502970143007215,GuthrieSolv-reconciled
VSQQQLOSPVPRAZ-UHFFFAOYSA-N,14.414973347970818,meta37-model
HCHHIPCZJSRFRT-UHFFFAOYSA-N,0.2304489213782739,meta37-model
IPBRZLMGGXHHMS-UHFFFAOYSA-N,1.8822633707105634,GuthrieSolv-reconciled
UQMGJOKDKOLIDP-UHFFFAOYSA-N,2.4946610013243067,GuthrieSolv-reconciled
OYHQOLUKZRVURQ-UHFFFAOYSA-N,5.079181246047625,meta37-model
FQSUTLQHSDLLAN-UHFFFAOYSA-N,13.17609125905568,meta37-model
OXVVNXMNLYYMOL-UHFFFAOYSA-N,2.380211241711606,meta37-model
PBKONEOXTCPAFI-UHFFFAOYSA-N,0.9021195477721504,GuthrieSolv-reconciled
UHZZMRAGKVHANO-UHFFFAOYSA-M,11.789314683521743,GuthrieSolv-reconciled
UTMWVHZWNKBNKF-UHFFFAOYSA-N,11.505149978319906,meta37-model
WWYNJERNGUHSAO-UHFFFAOYSA-N,7.505149978319906,meta37-model
SPPGDLROKBFNNO-UHFFFAOYSA-N,3.041392685158225,meta37-model
VOEYXMAFNDNNED-UHFFFAOYSA-N,7.335697390639224,GuthrieSolv-reconciled
KHCZSJXTDDHLGJ-UHFFFAOYSA-N,4.763427993562937,meta37-model
OQDXASJSCOTNQS-UHFFFAOYSA-N,4.230448921378274,meta37-model
SEWHDNLIHDBVDZ-UHFFFAOYSA-N,2.091258512578069,GuthrieSolv-reconciled
VLJXXKKOSFGPHI-UHFFFAOYSA-N,-1.9989579736770182,GuthrieSolv-reconciled
FRDAATYAJDYRNW-UHFFFAOYSA-N,3.0715947946491573,GuthrieSolv-reconciled
AIKKULXCBHRFOS-UHFFFAOYSA-N,8.103594192068803,GuthrieSolv-reconciled
RFKMCNOHBTXSMU-UHFFFAOYSA-N,0.7638558954156662,GuthrieSolv-reconciled
FKTLISWEAOSVBS-UHFFFAOYSA-N,0.5450341523950447,GuthrieSolv-reconciled
YWSCPYYRJXKUDB-UHFFFAOYSA-N,7.719747326450931,GuthrieSolv-reconciled
GHASVSINZRGABV-UHFFFAOYSA-N,9.39743257642061,GuthrieSolv-reconciled
NWWZPOKUUAIXIW-UHFFFAOYSA-N,12.724275869600788,meta37-model
BGJSXRVXTHVRSN-UHFFFAOYSA-N,3.0309261300426447,GuthrieSolv-reconciled
GEAWFZNTIFJMHR-UHFFFAOYSA-N,-0.9323773401766727,GuthrieSolv-reconciled
JQZAEUFPPSRDOP-UHFFFAOYSA-N,1.8573324964312683,meta37-model
NAQWICRLNQSPPW-UHFFFAOYSA-N,2.0,meta37-model
QRPPSTNABSMSCS-UHFFFAOYSA-N,0.146128035678238,meta37-model
HYVWIQDYBVKITD-UHFFFAOYSA-N,4.408327135065136,GuthrieSolv-reconciled
DFXQXFGFOLXAPO-UHFFFAOYSA-N,7.892094602690481,meta37-model
NRTLIYOWLVMQBO-UHFFFAOYSA-N,8.446515802831048,GuthrieSolv-reconciled
UOORRWUZONOOLO-UPHRSURJSA-N,0.9476187299726101,GuthrieSolv-reconciled
WQGWDDDVZFFDIG-UHFFFAOYSA-N,8.204119982655925,meta37-model
XMGQYMWWDOXHJM-JTQLQIEISA-N,-0.0824910366636247,GuthrieSolv-reconciled
UQZPGHOJMQTOHB-UHFFFAOYSA-N,1.863322860120456,meta37-model
PHFSTDOPTZHECA-UHFFFAOYSA-N,3.0,meta37-model
BZQKBFHEWDPQHD-UHFFFAOYSA-N,5.57978359661681,meta37-model
PROQIPRRNZUXQM-UHFFFAOYSA-N,10.278753600952829,meta37-model
HQZHQNKZOYIKQC-UHFFFAOYSA-N,-2.707868965333646,GuthrieSolv-reconciled
REHONNLQRWTIFF-UHFFFAOYSA-N,2.3644670304228406,GuthrieSolv-reconciled
ROBSGBGTWRRYSK-UHFFFAOYSA-N,6.393322400272974,GuthrieSolv-reconciled
XOPFESVZMSQIKC-UHFFFAOYSA-N,13.297219038750521,GuthrieSolv-reconciled
GIKLTQKNOXNBNY-OWOJBTEDSA-N,2.025812051418591,GuthrieSolv-reconciled
MEUKEBNAABNAEX-UHFFFAOYSA-N,3.783762827019574,GuthrieSolv-reconciled
ILUJQPXNXACGAN-UHFFFAOYSA-N,6.091561256512571,GuthrieSolv-reconciled
WFRBDWRZVBPBDO-UHFFFAOYSA-N,2.8001124781801137,GuthrieSolv-reconciled
YNXWXVHBJGJPPY-UHFFFAOYSA-N,9.75677391616544,GuthrieSolv-reconciled
YPVPQMCSLFDIKA-UHFFFAOYSA-N,-1.2886237278232116,GuthrieSolv-reconciled
AFBPFSWMIHJQDM-UHFFFAOYSA-N,3.3476867899621987,GuthrieSolv-reconciled
MRPNWLPYJSSISQ-UHFFFAOYSA-N,7.230448921378274,meta37-model
DLGOEMSEDOSKAD-UHFFFAOYSA-N,8.707570176097937,meta37-model
ZMRFCSWFCKICQE-UHFFFAOYSA-N,2.009348666967828,GuthrieSolv-reconciled
GHLDSOWZIOPMTC-UHFFFAOYSA-N,-0.2596373105057561,meta37-model
DUFVKSUJRWYZQP-UHFFFAOYSA-N,8.02592132738066,GuthrieSolv-reconciled
COBPKKZHLDDMTB-UHFFFAOYSA-N,11.414973347970818,meta37-model
LGDSHSYDSCRFAB-UHFFFAOYSA-N,2.6614623518304272,GuthrieSolv-reconciled
XTRDKALNCIHHNI-UHFFFAOYSA-N,4.461722836276832,GuthrieSolv-reconciled
YIVXMZJTEQBPQO-UHFFFAOYSA-N,7.041392685158225,meta37-model
BBEWSMNRCUXQRF-UHFFFAOYSA-N,4.539557788908214,GuthrieSolv-reconciled
ZKYMFADZZFTYJH-UHFFFAOYSA-N,-3.3010299956639813,meta37-model
SQAQTWYUQXFOMH-UHFFFAOYSA-N,13.770852011642145,meta37-model
WMIYKQLTONQJES-UHFFFAOYSA-N,-2.897041900857073,GuthrieSolv-reconciled
CEBKHWWANWSNTI-UHFFFAOYSA-N,3.744094591370382,GuthrieSolv-reconciled
NBBJYMSMWIIQGU-UHFFFAOYSA-N,2.4458192489874917,GuthrieSolv-reconciled
BODRLKRKPXBDBN-UHFFFAOYSA-N,2.576705189411851,GuthrieSolv-reconciled
YCMLQMDWSXFTIF-UHFFFAOYSA-N,4.7160033436348,meta37-model
PMJHHCWVYXUKFD-UHFFFAOYSA-N,-0.5367308355278484,GuthrieSolv-reconciled
GFFGJBXGBJISGV-UHFFFAOYSA-N,6.70138389936369,GuthrieSolv-reconciled
KFDVPJUYSDEJTH-UHFFFAOYSA-N,3.880813592280792,meta37-model
IVLDCRDTRQCTIY-UHFFFAOYSA-N,3.397940008672037,meta37-model
BWZVCCNYKMEVEX-UHFFFAOYSA-N,3.362449703210058,GuthrieSolv-reconciled
MLGCXEBRWGEOQX-UHFFFAOYSA-N,6.927702273086415,GuthrieSolv-reconciled
SMZHKGXSEAGRTI-UHFFFAOYSA-N,4.041392685158225,meta37-model
VFDYKPARTDCDCU-UHFFFAOYSA-N,0.7055685568994788,GuthrieSolv-reconciled
WTLBZVNBAKMVDP-UHFFFAOYSA-N,9.30102999566398,meta37-model
ULYZAYCEDJDHCC-UHFFFAOYSA-N,0.13682848499389705,GuthrieSolv-reconciled
LLPMAOBOEQFPRE-UHFFFAOYSA-N,5.531478917042255,meta37-model
IEDVJHCEMCRBQM-UHFFFAOYSA-N,12.0,meta37-model
OJOWICOBYCXEKR-UHFFFAOYSA-N,-0.721246399047171,meta37-model
SJFBZRQKGOGHEV-UHFFFAOYSA-N,3.230448921378274,meta37-model
ACGUYXCXAPNIKK-UHFFFAOYSA-N,10.643452676486188,meta37-model
KDRZICOOQNIJDN-UHFFFAOYSA-N,-2.5185553435431136,GuthrieSolv-reconciled
PYMYPHUHKUWMLA-VPENINKCSA-N,9.889565956535826,GuthrieSolv-reconciled
RAPBNVDSDCTNRC-UHFFFAOYSA-N,5.352995274244199,GuthrieSolv-reconciled
ZOCHHNOQQHDWHG-UHFFFAOYSA-N,2.899687408836105,GuthrieSolv-reconciled
WCLNVRQZUKYVAI-UHFFFAOYSA-N,2.6659065971385356,GuthrieSolv-reconciled
ONKRUAQFUNKYAX-UHFFFAOYSA-N,6.204119982655925,meta37-model
PWATWSYOIIXYMA-UHFFFAOYSA-N,0.12041379952440456,GuthrieSolv-reconciled
GLWWLNJJJCTFMZ-UHFFFAOYSA-N,7.412558664352998,GuthrieSolv-reconciled
UNAHYJYOSSSJHH-UHFFFAOYSA-N,7.024723294862276,GuthrieSolv-reconciled
YOWNVPAUWYHLQX-UHFFFAOYSA-N,13.755874855672491,meta37-model
XGFDHKJUZCCPKQ-UHFFFAOYSA-N,2.380211241711606,meta37-model
LRMHVVPPGGOAJQ-UHFFFAOYSA-N,1.6901960800285136,meta37-model
PFNHSEQQEPMLNI-UHFFFAOYSA-N,2.8022040243178736,GuthrieSolv-reconciled
DLEGDLSLRSOURQ-UHFFFAOYSA-N,0.03835193589208812,GuthrieSolv-reconciled
HPTONIHIRXRLKH-UHFFFAOYSA-N,2.4479746379553604,GuthrieSolv-reconciled
FYZBOYWSHKHDMT-UHFFFAOYSA-N,6.070862504326071,GuthrieSolv-reconciled
WBYWAXJHAXSJNI-VOTSOKGWSA-N,5.9959222998238975,GuthrieSolv-reconciled
GWYPDXLJACEENP-UHFFFAOYSA-N,0.1760912590556812,meta37-model
GGSUCNLOZRCGPQ-UHFFFAOYSA-N,2.04830604262964,GuthrieSolv-reconciled
YICSVBJRVMLQNS-UHFFFAOYSA-N,4.690196080028514,meta37-model
ZLFVRXUOSPRRKQ-UHFFFAOYSA-N,10.30102999566398,meta37-model
FZFUUSROAHKTTF-UHFFFAOYSA-N,2.2587738655256997,GuthrieSolv-reconciled
YXTRCOAFNXQTKL-UHFFFAOYSA-N,1.4693071183869335,GuthrieSolv-reconciled
LMQJBFRGXHMNOX-UHFFFAOYSA-N,2.3065715894220813,GuthrieSolv-reconciled
BZNKICRUKQQYIQ-UHFFFAOYSA-N,2.4817425686289587,GuthrieSolv-reconciled
FONWDRSQXQZNBN-UHFFFAOYSA-N,1.9872745639806397,GuthrieSolv-reconciled
CDKDZKXSXLNROY-UHFFFAOYSA-N,-0.23139988308303222,GuthrieSolv-reconciled
OCHOKXCPKDPNQU-UHFFFAOYSA-N,2.2493611575945853,GuthrieSolv-reconciled
NKMJCVVUYDKHAV-UHFFFAOYSA-N,-2.5480735261879075,GuthrieSolv-reconciled
STZZWJCGRKXEFF-UHFFFAOYSA-N,3.806179973983887,meta37-model
PNQBEPDZQUOCNY-UHFFFAOYSA-N,1.6901960800285136,meta37-model
DQQNMIPXXNPGCV-UHFFFAOYSA-N,-0.17675510345277914,GuthrieSolv-reconciled
GVPODVKBTHCGFU-UHFFFAOYSA-N,5.301029995663981,meta37-model
DHWRNDJOGMTCPB-UHFFFAOYSA-N,6.0205204704269315,GuthrieSolv-reconciled
XQYZDYMELSJDRZ-UHFFFAOYSA-N,10.518513939877888,meta37-model
GOWLARCWZRESHU-UHFFFAOYSA-N,8.339431177921705,GuthrieSolv-reconciled
GTCAXTIRRLKXRU-UHFFFAOYSA-N,6.329363768805762,GuthrieSolv-reconciled
HWIGZMADSFQMOI-UHFFFAOYSA-N,3.892937050870118,GuthrieSolv-reconciled
UISKIUIWPSPSAV-UHFFFAOYSA-N,5.991226075692495,meta37-model
CMDKPGRTAQVGFQ-UHFFFAOYSA-N,6.681241237375588,meta37-model
AITNMTXHTIIIBB-UHFFFAOYSA-N,1.1139433523068367,meta37-model
JOUBGGHXBLOLFY-UHFFFAOYSA-N,1.505149978319906,meta37-model
MHZGKXUYDGKKIU-UHFFFAOYSA-N,0.015009366427846704,GuthrieSolv-reconciled
NYGISSDEOKKXOE-UHFFFAOYSA-N,7.612783856719735,meta37-model
DKHJWWRYTONYHB-UHFFFAOYSA-N,7.156795639627483,GuthrieSolv-reconciled
FFNVQNRYTPFDDP-UHFFFAOYSA-N,5.556302500767287,meta37-model
ZTYVMAQSHCZXLF-UHFFFAOYSA-N,10.230448921378274,meta37-model
QXLPXWSKPNOQLE-UHFFFAOYSA-N,3.4647270545136686,GuthrieSolv-reconciled
SFTUSTXGTCCSHX-UHFFFAOYSA-N,1.7528425647089492,GuthrieSolv-reconciled
OKDGRDCXVWSXDC-UHFFFAOYSA-N,3.136425745256617,GuthrieSolv-reconciled
QKFJKGMPGYROCL-UHFFFAOYSA-N,0.9097003099720311,GuthrieSolv-reconciled
LIYSVIAQQQEQBT-UHFFFAOYSA-N,5.481172304135758,GuthrieSolv-reconciled
PRLVTUNWOQKEAI-UHFFFAOYSA-N,3.669732164980877,GuthrieSolv-reconciled
CTVRBEKNQHJPLX-UHFFFAOYSA-N,1.4913616938342726,meta37-model
RAXXELZNTBOGNW-UHFFFAOYSA-N,6.929863048154156,GuthrieSolv-reconciled
YYQRGCZGSFRBAM-UHFFFAOYSA-N,11.230448921378274,meta37-model
CQIJHYPCKYZMIV-UHFFFAOYSA-N,6.880813592280791,meta37-model
SNHMUERNLJLMHN-UHFFFAOYSA-N,1.2078036862177772,GuthrieSolv-reconciled
WCIBKXHMIXUQHK-UHFFFAOYSA-N,2.864835563158023,GuthrieSolv-reconciled
HCTWZIFNBBCVGM-UHFFFAOYSA-N,3.715560002199131,GuthrieSolv-reconciled
HAZQOLYHFUUJJN-UHFFFAOYSA-N,1.3617278360175928,meta37-model
QBSJMKIUCUGGNG-UHFFFAOYSA-N,6.07440865809588,GuthrieSolv-reconciled
XIFRTJZLSYOLIU-UHFFFAOYSA-N,1.3719295020579456,GuthrieSolv-reconciled
CAROGICRCNKEOD-UHFFFAOYSA-N,1.0,meta37-model
VLLVVZDKBSYMCG-UHFFFAOYSA-N,1.4921898983593345,GuthrieSolv-reconciled
BKAQXYNWONVOAX-UHFFFAOYSA-N,7.913813852383717,meta37-model
QHXDTLYEHWXDSO-UHFFFAOYSA-N,5.897884166319495,GuthrieSolv-reconciled
XEMRAKSQROQPBR-UHFFFAOYSA-N,1.9731278535996983,meta37-model
WSFSSNUMVMOOMR-UHFFFAOYSA-N,4.784271478963081,GuthrieSolv-reconciled
WHRDPXDGAMJNGH-UHFFFAOYSA-N,1.4400967728266147,GuthrieSolv-reconciled
LATYTXGNKNKTDS-UHFFFAOYSA-N,6.982271233039568,meta37-model
LLMLGZUZTFMXSA-UHFFFAOYSA-N,2.204119982655925,meta37-model
ARXHIJMGSIYYRZ-UHFFFAOYSA-N,2.2423312099640382,GuthrieSolv-reconciled
FEPBITJSIHRMRT-UHFFFAOYSA-N,10.968482948553936,meta37-model
ZYWUVGFIXPNBDL-UHFFFAOYSA-N,4.146828150320482,GuthrieSolv-reconciled
JSYGRUBHOCKMGQ-UHFFFAOYSA-N,2.8512583487190755,meta37-model
KOWVWXQNQNCRRS-UHFFFAOYSA-N,5.531478917042255,meta37-model
FMGGHNGKHRCJLL-UHFFFAOYSA-N,2.4149733479708178,meta37-model
HTENFZMEHKCNMD-UHFFFAOYSA-N,10.146128035678238,meta37-model
UOWUGDPSFZLTMZ-UHFFFAOYSA-N,13.0,meta37-model
VPIAKHNXCOTPAY-UHFFFAOYSA-N,0.0062479264144968865,GuthrieSolv-reconciled
XLDBTRJKXLKYTC-UHFFFAOYSA-N,1.8278612212658436,GuthrieSolv-reconciled
HHXNVASVVVNNDG-UHFFFAOYSA-N,1.2787536009528289,meta37-model
RITONZMLZWYPHW-UHFFFAOYSA-N,-1.2886237278232116,GuthrieSolv-reconciled
REEFSLKDEDEWAO-UHFFFAOYSA-N,13.755874855672491,meta37-model
OWZPCEFYPSAJFR-UHFFFAOYSA-N,4.4722493250762305,GuthrieSolv-reconciled
ZKGSEEWIVLAUNH-UHFFFAOYSA-N,1.380211241711606,meta37-model
RBGSZIRWNWQDOK-UHFFFAOYSA-N,3.763427993562937,meta37-model
WAAHHGKGQYVTNS-UHFFFAOYSA-N,8.079181246047625,meta37-model
ACYHSTUWOQNWCX-UHFFFAOYSA-N,-2.5480735261879075,GuthrieSolv-reconciled
YLQBMQCUIZJEEH-UHFFFAOYSA-N,0.6193609284563446,GuthrieSolv-reconciled
PMCVMORKVPSKHZ-UHFFFAOYSA-N,10.933630276620063,GuthrieSolv-reconciled
SSZOCHFYWWVSAI-UHFFFAOYSA-N,1.3424226808222062,meta37-model
LFEGLDRNIDJMKB-UHFFFAOYSA-N,-6.853871964321762,meta37-model
NURQLCJSMXZBPC-UHFFFAOYSA-N,3.7345406166973754,GuthrieSolv-reconciled
KJPRLNWUNMBNBZ-UHFFFAOYSA-N,3.7058305462528405,GuthrieSolv-reconciled
RWTNXJXZVGHMGI-UHFFFAOYSA-N,5.204119982655925,meta37-model
VAIYLVSTCHKPAY-UHFFFAOYSA-N,3.6274756450067698,GuthrieSolv-reconciled
KWVPRPSXBZNOHS-UHFFFAOYSA-N,3.959041392321093,meta37-model
COVFMDKBWYLRSV-UHFFFAOYSA-N,-3.290029914812413,GuthrieSolv-reconciled
WSLPXBSKHRXHDU-UHFFFAOYSA-N,11.142510903220652,GuthrieSolv-reconciled
ZMYIIHDQURVDRB-UHFFFAOYSA-N,1.6199807139989129,GuthrieSolv-reconciled
VEORPZCZECFIRK-UHFFFAOYSA-N,5.778151250383644,meta37-model
AQIXEPGDORPWBJ-UHFFFAOYSA-N,3.1013584251700688,GuthrieSolv-reconciled
KLSJWNVTNUYHDU-UHFFFAOYSA-N,10.897952487446771,GuthrieSolv-reconciled
XLMALTXPSGQGBX-UHFFFAOYSA-N,7.041392685158225,meta37-model
SBPBAQFWLVIOKP-UHFFFAOYSA-N,3.694553809944654,GuthrieSolv-reconciled
GVGLGOZIDCSQPN-UHFFFAOYSA-N,10.459308351672803,GuthrieSolv-reconciled
WZXXZHONLFRKGG-UHFFFAOYSA-N,-0.002549650437978422,GuthrieSolv-reconciled
VVJKKWFAADXIJK-UHFFFAOYSA-N,3.0869320848254547,GuthrieSolv-reconciled
JMGYHLJVDHUACM-UHFFFAOYSA-N,3.255272505103306,meta37-model
YKYONYBAUNKHLG-UHFFFAOYSA-N,2.022934501254697,GuthrieSolv-reconciled
JQVDAXLFBXTEQA-UHFFFAOYSA-N,2.3583804783725473,GuthrieSolv-reconciled
UWHCKJMYHZGTIT-UHFFFAOYSA-N,16.643452676486188,meta37-model
PXKLMJQFEQBVLD-UHFFFAOYSA-N,9.672097857935718,meta37-model
GMBRUAIJEFRHFQ-UHFFFAOYSA-N,6.501836503793789,GuthrieSolv-reconciled
GJSURZIOUXUGAL-UHFFFAOYSA-N,9.204119982655923,meta37-model
VXIVSQZSERGHQP-UHFFFAOYSA-N,6.792391689498253,meta37-model
YTDHEFNWWHSXSU-UHFFFAOYSA-N,0.8855932096050312,GuthrieSolv-reconciled
ZAFNJMIOTHYJRJ-UHFFFAOYSA-N,0.3413447236721275,GuthrieSolv-reconciled
SJWFXCIHNDVPSH-UHFFFAOYSA-N,2.6893416888257593,GuthrieSolv-reconciled
LLMLSUSAKZVFOA-UHFFFAOYSA-N,4.681241237375588,meta37-model
PNVPNXKRAUBJGW-UHFFFAOYSA-N,3.740362689494244,meta37-model
XWCDCDSDNJVCLO-UHFFFAOYSA-N,0.5185681992491918,GuthrieSolv-reconciled
ARSRBNBHOADGJU-UHFFFAOYSA-N,7.113943352306837,meta37-model
RPKWIXFZKMDPMH-UHFFFAOYSA-N,3.041392685158225,meta37-model
MCSINKKTEDDPNK-UHFFFAOYSA-N,1.731139032735231,GuthrieSolv-reconciled
VOPWNXZWBYDODV-UHFFFAOYSA-N,-0.11944532212298588,GuthrieSolv-reconciled
YZWKKMVJZFACSU-UHFFFAOYSA-N,0.02169822200100413,GuthrieSolv-reconciled
KWISWUFGPUHDRY-UHFFFAOYSA-N,0.1139433523068367,meta37-model
YYZUSRORWSJGET-UHFFFAOYSA-N,2.720615024230381,GuthrieSolv-reconciled
PGMYKACGEOXYJE-UHFFFAOYSA-N,1.7401480095688207,GuthrieSolv-reconciled
OPASCBHCTNRLRM-UHFFFAOYSA-N,5.780111414337387,GuthrieSolv-reconciled
GRIHRCLOUQZXPD-UHFFFAOYSA-N,5.361727836017593,meta37-model
YRGAYAGBVIXNAQ-UHFFFAOYSA-N,2.1085653483588174,GuthrieSolv-reconciled
YTKRILODNOEEPX-IHWYPQMZSA-N,0.516997422957463,GuthrieSolv-reconciled
ZDOOQPFIGYHZFV-UHFFFAOYSA-N,5.485079281693004,GuthrieSolv-reconciled
OKJPEAGHQZHRQV-UHFFFAOYSA-N,1.1760912590556811,meta37-model
VMBRJHMTAZXHES-UHFFFAOYSA-N,3.763427993562937,meta37-model
QXJKBPAVAHBARF-UHFFFAOYSA-N,3.3001227232685135,GuthrieSolv-reconciled
FWIROFMBWVMWLB-UHFFFAOYSA-N,4.061585224983017,GuthrieSolv-reconciled
BCTKCHOESSAGCN-UHFFFAOYSA-N,5.531478917042255,meta37-model
GZVHEAJQGPRDLQ-UHFFFAOYSA-N,8.778151250383644,meta37-model
KFUSEUYYWQURPO-UPHRSURJSA-N,0.8043088769688184,GuthrieSolv-reconciled
AWYOMXWDGWUJHS-UHFFFAOYSA-N,4.120034224369223,GuthrieSolv-reconciled
WFCLYEAZTHWNEH-UHFFFAOYSA-N,2.6232492903979003,meta37-model
BPRHUIZQVSMCRT-UHFFFAOYSA-N,17.85733249643127,meta37-model
BUDQDWGNQVEFAC-UHFFFAOYSA-N,1.5170964408738232,GuthrieSolv-reconciled
DRVAMLZVBNYSQE-UHFFFAOYSA-N,1.8641968209256312,GuthrieSolv-reconciled
IWTBVKIGCDZRPL-UHFFFAOYSA-N,2.9684829485539352,meta37-model
ZFHGXWPMULPQSE-SZGBIDFHSA-N,1.1143146866314801,GuthrieSolv-reconciled
OCJBOOLMMGQPQU-UHFFFAOYSA-N,0.6990591825108599,GuthrieSolv-reconciled
GRSQYISVQKPZCW-UHFFFAOYSA-N,1.8277463281718371,GuthrieSolv-reconciled
SECXISVLQFMRJM-UHFFFAOYSA-N,6.342079748640209,GuthrieSolv-reconciled
KZNICNPSHKQLFF-UHFFFAOYSA-N,8.30085040816067,GuthrieSolv-reconciled
KJBDZJFSYQUNJT-UHFFFAOYSA-N,1.3979400086720375,meta37-model
QZLAEIZEPJAELS-UHFFFAOYSA-N,0.1139433523068367,meta37-model
CVRALZAYCYJELZ-UHFFFAOYSA-N,3.90009683341977,GuthrieSolv-reconciled
ZGJCTUKRTSBTIQ-UHFFFAOYSA-N,-2.61694925080158,GuthrieSolv-reconciled
RQEOBXYYEPMCPJ-UHFFFAOYSA-N,7.176091259055681,meta37-model
XWRZWPPSQDHTFU-UHFFFAOYSA-N,0.9138138523837168,meta37-model
LFEHSRSSAGQWNI-UHFFFAOYSA-N,2.397940008672037,meta37-model
DDMOUSALMHHKOS-UHFFFAOYSA-N,-1.720263292497796,GuthrieSolv-reconciled
SECKOSOTZOBWEI-UHFFFAOYSA-N,3.146128035678238,meta37-model
XZMCDFZZKTWFGF-UHFFFAOYSA-N,2.295435541288306,GuthrieSolv-reconciled
MNOJRWOWILAHAV-UHFFFAOYSA-N,5.041392685158225,meta37-model
XXYMSQQCBUKFHE-UHFFFAOYSA-N,6.770852011642144,meta37-model
YMTINGFKWWXKFG-UHFFFAOYSA-N,6.732393759822968,meta37-model
TYEDCFVCFDKSBK-UHFFFAOYSA-N,1.7316560144306683,GuthrieSolv-reconciled
SMNOERSLNYGGOU-UHFFFAOYSA-N,1.5563025007672873,meta37-model
ICTXHFFSOAJUMG-UHFFFAOYSA-N,7.278753600952829,meta37-model
XPDWGBQVDMORPB-UHFFFAOYSA-N,-0.6248586681455304,GuthrieSolv-reconciled
BPQMGSKTAYIVFO-UHFFFAOYSA-N,15.17609125905568,meta37-model
XQABVLBGNWBWIV-UHFFFAOYSA-N,0.0,meta37-model
MXFQRSUWYYSPOC-UHFFFAOYSA-N,4.832508912706237,meta37-model
FSPSELPMWGWDRY-UHFFFAOYSA-N,3.7702298034070343,GuthrieSolv-reconciled
WQAQPCDUOCURKW-UHFFFAOYSA-N,0.6621477484555075,GuthrieSolv-reconciled
YZZVKLJKDFFSFL-UHFFFAOYSA-N,3.497092945630755,GuthrieSolv-reconciled
QMUDLTGWHILKHH-UHFFFAOYSA-N,1.2041199826559248,meta37-model
AFABGHUZZDYHJO-UHFFFAOYSA-N,-1.8664368696845095,GuthrieSolv-reconciled
BCPQALWAROJVLE-UHFFFAOYSA-N,10.03438837292686,GuthrieSolv-reconciled
CKMXAIVXVKGGFM-UHFFFAOYSA-N,4.408147373569807,GuthrieSolv-reconciled
IOQPZZOEVPZRBK-UHFFFAOYSA-N,2.5991226596442636,GuthrieSolv-reconciled
SZIFAVKTNFCBPC-UHFFFAOYSA-N,4.418886525387591,GuthrieSolv-reconciled
SHCRDCOTRILILT-UHFFFAOYSA-N,7.431363764158987,meta37-model
JEYJJJXOFWNEHN-UHFFFAOYSA-N,3.361727836017593,meta37-model
OAPPEBNXKAKQGS-UHFFFAOYSA-N,5.959041392321094,meta37-model
QHMTXANCGGJZRX-UHFFFAOYSA-N,8.913813852383717,meta37-model
PFRFNYYIOSQSDD-UHFFFAOYSA-N,3.204119982655925,meta37-model
VPKQPPJQTZJZDB-UHFFFAOYSA-N,-2.318758762624413,meta37-model
GEWDNTWNSAZUDX-UHFFFAOYSA-N,6.230448921378274,meta37-model
KVWDHTXUZHCGIO-UHFFFAOYSA-N,12.518513939877888,meta37-model
DNXXUUPUQXSUFH-UHFFFAOYSA-N,0.6989700043360189,meta37-model
XSQUKJJJFZCRTK-UHFFFAOYSA-N,9.948402182648525,GuthrieSolv-reconciled
DTSXXSAWQHPLEF-UHFFFAOYSA-N,1.8195439355418688,meta37-model
MRABAEUHTLLEML-UHFFFAOYSA-N,3.973170442708485,GuthrieSolv-reconciled
YXMNEYKMHSBVTD-UHFFFAOYSA-N,5.067183162009232,GuthrieSolv-reconciled
VHHHONWQHHHLTI-UHFFFAOYSA-N,0.9670903329331972,GuthrieSolv-reconciled
QIONYIKHPASLHO-UHFFFAOYSA-N,6.863322860120456,meta37-model
CZHLPWNZCJEPJB-UHFFFAOYSA-N,-3.2043847654414894,GuthrieSolv-reconciled
GJCOSYZMQJWQCA-UHFFFAOYSA-N,3.277025974802604,GuthrieSolv-reconciled
METKIMKYRPQLGS-UHFFFAOYSA-N,7.642550583804247,GuthrieSolv-reconciled
JMRLYMQVSOJHOB-UHFFFAOYSA-N,2.922204424376791,GuthrieSolv-reconciled
VGGPULNMTUAGOK-UHFFFAOYSA-N,1.2615365884749579,GuthrieSolv-reconciled
VEENJGZXVHKXNB-UHFFFAOYSA-N,8.690196080028514,meta37-model
SWMGXKSQWDSBKV-UHFFFAOYSA-N,10.079181246047623,meta37-model
DSNHSQKRULAAEI-UHFFFAOYSA-N,0.4784880716757191,GuthrieSolv-reconciled
MDSPKCWGOVVFJD-UHFFFAOYSA-N,2.71940133089327,GuthrieSolv-reconciled
AJDIFHIHSYVDGP-UHFFFAOYSA-N,-2.735021806437317,GuthrieSolv-reconciled
RRTWEEAEXPZMPY-UHFFFAOYSA-N,0.0,meta37-model
XILPLWOGHPSJBK-UHFFFAOYSA-N,-0.0268721464003013,meta37-model
KFNNIILCVOLYIR-UHFFFAOYSA-N,1.7517881468456433,GuthrieSolv-reconciled
YNPNZTXNASCQKK-UHFFFAOYSA-N,2.809154737572648,GuthrieSolv-reconciled
NBFMTHWVRBOVPE-UHFFFAOYSA-N,2.5318481639952606,GuthrieSolv-reconciled
SMOZJCPUZPHHKQ-UHFFFAOYSA-N,2.7075701760979363,meta37-model
GHTWMHLFFDEYRE-UHFFFAOYSA-N,1.7600572034425257,GuthrieSolv-reconciled
AQXYVFBSOOBBQV-UHFFFAOYSA-N,8.805099061982366,GuthrieSolv-reconciled
QCHSJPKDWOFACC-UHFFFAOYSA-N,3.041392685158225,meta37-model
XQZYPMVTSDWCCE-UHFFFAOYSA-N,4.690196080028514,meta37-model
ABYZYVAIOYICJQ-UHFFFAOYSA-N,2.167163761177987,GuthrieSolv-reconciled
LNRIEBFNWGMXKP-UHFFFAOYSA-N,5.681241237375588,meta37-model
HHMCAJWVGYGUEF-UHFFFAOYSA-N,6.204119982655925,meta37-model
KLGMSAOQDHLCOS-UHFFFAOYSA-N,7.431363764158987,meta37-model
DTAPQAJKAFRNJB-UHFFFAOYSA-N,5.337378115691088,GuthrieSolv-reconciled
GHICCUXQJBDNRN-UHFFFAOYSA-N,2.5889983907763128,GuthrieSolv-reconciled
QYSGYZVSCZSLHT-UHFFFAOYSA-N,-3.1431351568256316,GuthrieSolv-reconciled
BUWXUSLQPDDDSD-UHFFFAOYSA-N,1.2783699778461488,GuthrieSolv-reconciled
DVOODWOZJVJKQR-UHFFFAOYSA-N,5.942510216733385,GuthrieSolv-reconciled
HXGDTGSAIMULJN-UHFFFAOYSA-N,2.240977200604149,GuthrieSolv-reconciled
SGNXVBOIDPPRJJ-UHFFFAOYSA-N,6.568201724066995,meta37-model
JHBKHLUZVFWLAG-UHFFFAOYSA-N,0.9402193459423572,GuthrieSolv-reconciled
DYUWTXWIYMHBQS-UHFFFAOYSA-N,2.9138138523837167,meta37-model
VIHUMJGEWQPWOT-UHFFFAOYSA-N,3.462397997898956,meta37-model
ZPOBHUZRVVTGKB-UHFFFAOYSA-N,2.2050360335610835,GuthrieSolv-reconciled
NSGXIBWMJZWTPY-UHFFFAOYSA-N,-2.5228787452803374,meta37-model
JJYWRQLLQAKNAD-UHFFFAOYSA-N,4.352310062057174,GuthrieSolv-reconciled
HLIAVLHNDJUHFG-UHFFFAOYSA-N,7.041392685158225,meta37-model
CBHPZSADBWMIGE-UHFFFAOYSA-N,2.591064607026499,meta37-model
AKCRQHGQIJBRMN-UHFFFAOYSA-N,3.519975527586999,GuthrieSolv-reconciled
RYAUSSKQMZRMAI-ALOPSCKCSA-N,4.05558526404106,GuthrieSolv-reconciled
HFPZCAJZSCWRBC-UHFFFAOYSA-N,0.42847080467504756,GuthrieSolv-reconciled
ALSTYHKOOCGGFT-UHFFFAOYSA-N,1.724275869600789,meta37-model
JOXIMZWYDAKGHI-UHFFFAOYSA-N,6.944482672150168,meta37-model
WNTRMRXAGJOLCU-UHFFFAOYSA-N,7.991226075692495,meta37-model
WGLLSSPDPJPLOR-UHFFFAOYSA-N,-1.1526704739829332,GuthrieSolv-reconciled
IYRWEQXVUNLMAY-UHFFFAOYSA-N,2.934498451243568,meta37-model
ZKFARSBUEBZZJT-UHFFFAOYSA-N,6.916915463305402,GuthrieSolv-reconciled
OWDLFBLNMPCXSD-UHFFFAOYSA-N,7.5131332540154085,GuthrieSolv-reconciled
NWVVVBRKAWDGAB-UHFFFAOYSA-N,6.013477390019837,GuthrieSolv-reconciled
DCMURXAZTZQAFB-UHFFFAOYSA-N,1.8524097614424628,GuthrieSolv-reconciled
FRCFWPVMFJMNDP-UHFFFAOYSA-N,3.5185139398778875,meta37-model
ZGHQUYZPMWMLBM-UHFFFAOYSA-N,2.151390360763307,GuthrieSolv-reconciled
CSVFWMMPUJDVKH-UHFFFAOYSA-N,3.6020599913279625,meta37-model
GMGWMIJIGUYNAY-UHFFFAOYSA-N,10.799340549453582,meta37-model
LXCFILQKKLGQFO-UHFFFAOYSA-N,6.129150966857118,GuthrieSolv-reconciled
WDECIBYCCFPHNR-UHFFFAOYSA-N,3.6065548238015452,GuthrieSolv-reconciled
HOGMPEULJBVHLZ-UHFFFAOYSA-N,8.342422680822207,meta37-model
SICLLPHPVFCNTJ-UHFFFAOYSA-N,9.556302500767288,meta37-model
MMXKVMNBHPAILY-UHFFFAOYSA-N,1.2522793962539047,GuthrieSolv-reconciled
BPZZWRPHVVDAPT-UHFFFAOYSA-N,12.278753600952829,meta37-model
QZESEQBMSFFHRY-UHFFFAOYSA-N,2.929418925714293,meta37-model
XHXUANMFYXWVNG-UHFFFAOYSA-N,1.462397997898956,meta37-model
GVYLCNUFSHDAAW-UHFFFAOYSA-N,1.4666813650788493,GuthrieSolv-reconciled
BGKIECJVXXHLDP-UHFFFAOYSA-N,3.447158031342219,meta37-model
OTUAOAXZQMCAFS-UHFFFAOYSA-N,7.32179347629076,GuthrieSolv-reconciled
RNVCVTLRINQCPJ-UHFFFAOYSA-N,3.9711926286612407,GuthrieSolv-reconciled
WONHLSYSHMRRGO-UHFFFAOYSA-N,5.9084850188786495,meta37-model
NDDLLTAIKYHPOD-UHFFFAOYSA-N,10.897627091290442,meta37-model
LUNNFBBTEHRYMW-UHFFFAOYSA-N,1.7316560144306683,GuthrieSolv-reconciled
IAKHMKGGTNLKSZ-UHFFFAOYSA-N,15.146128035678238,meta37-model
BTGGSWBKRYMHQK-UHFFFAOYSA-N,-2.567752309648166,GuthrieSolv-reconciled
PECXRRMHOQBOIE-UHFFFAOYSA-N,1.769524317617803,GuthrieSolv-reconciled
BSYJHYLAMMJNRC-UHFFFAOYSA-N,3.397940008672037,meta37-model
WYEHFWKAOXOVJD-UHFFFAOYSA-N,4.779178512638195,GuthrieSolv-reconciled
GZEZIBFVJYNETN-OLQVQODUSA-N,-1.1905928425002106,GuthrieSolv-reconciled
QIQXTHQIDYTFRH-UHFFFAOYSA-N,4.706002432543017,GuthrieSolv-reconciled
KIEDNEWSYUYDSN-UHFFFAOYSA-N,5.703691591343604,GuthrieSolv-reconciled
FCOUHTHQYOMLJT-UHFFFAOYSA-N,2.9138138523837167,meta37-model
DAKWPKUUDNSNPN-UHFFFAOYSA-N,7.612783856719735,meta37-model
GXEKYRXVRROBEV-UHFFFAOYSA-N,13.543057696410825,GuthrieSolv-reconciled
BIISIZOQPWZPPS-UHFFFAOYSA-N,1.5314789170422551,meta37-model
FZFNDUTVMQOPCT-UHFFFAOYSA-N,0.4623979978989561,meta37-model
LZDKZFUFMNSQCJ-UHFFFAOYSA-N,2.512959519666947,GuthrieSolv-reconciled
QCDWFXQBSFUVSP-UHFFFAOYSA-N,5.631571297099758,GuthrieSolv-reconciled
WOZQBERUBLYCEG-UHFFFAOYSA-N,6.301029995663981,meta37-model
OLNTVTPDXPETLC-UHFFFAOYSA-N,15.7481880270062,meta37-model
LNPDTQAFDNKSHK-UHFFFAOYSA-N,9.041392685158224,meta37-model
NWINIEGDLHHNLH-UHFFFAOYSA-N,12.390325829846851,GuthrieSolv-reconciled
TUBQDCKAWGHZPF-UHFFFAOYSA-N,9.57978359661681,meta37-model
RXGUIWHIADMCFC-UHFFFAOYSA-N,1.1834819895554005,GuthrieSolv-reconciled
RZVHIXYEVGDQDX-UHFFFAOYSA-N,5.888924802397867,GuthrieSolv-reconciled
VBZCRMTUDYIWIH-UHFFFAOYSA-N,-2.5874310891161647,GuthrieSolv-reconciled
IKEHOXWJQXIQAG-UHFFFAOYSA-N,4.204119982655925,meta37-model
FHNFHKCVQCLJFQ-UHFFFAOYSA-N,-1.0077059660501122,GuthrieSolv-reconciled
DJYSEQMMCZAKGT-UHFFFAOYSA-N,-2.4201613373657933,GuthrieSolv-reconciled
LTEQMZWBSYACLV-UHFFFAOYSA-N,-0.013536835962158942,GuthrieSolv-reconciled
NUPJIGQFXCQJBK-UHFFFAOYSA-N,16.431363764158988,meta37-model
QYSXJUFSXHHAJI-UHFFFAOYSA-N,2.041392685158225,meta37-model
AFZZYIJIWUTJFO-UHFFFAOYSA-N,0.4208205052997745,GuthrieSolv-reconciled
VPYJNCGUESNPMV-UHFFFAOYSA-N,1.968482948553935,meta37-model
MLUCVPSAIODCQM-NSCUHMNNSA-N,3.0164741403845383,GuthrieSolv-reconciled
LTMHDMANZUZIPE-UHFFFAOYSA-N,24.7160033436348,meta37-model
YNQLUTRBYVCPMQ-UHFFFAOYSA-N,0.5285030655147833,GuthrieSolv-reconciled
QMMFVYPAHWMCMS-UHFFFAOYSA-N,1.0724885089037355,GuthrieSolv-reconciled
UETIKWAWMZLQQZ-UHFFFAOYSA-N,1.71272201813273,GuthrieSolv-reconciled
WCJYTPVNMWIZCG-UHFFFAOYSA-N,5.273834017108706,GuthrieSolv-reconciled
GQYIWUVLTXOXAJ-UHFFFAOYSA-N,8.146128035678238,meta37-model
KETQAJRQOHHATG-UHFFFAOYSA-N,6.763427993562937,meta37-model
RZKSECIXORKHQS-UHFFFAOYSA-N,2.8728933563946195,GuthrieSolv-reconciled
QXPLZEKPCGUWEM-UHFFFAOYSA-N,2.9912260756924947,meta37-model
MWWATHDPGQKSAR-UHFFFAOYSA-N,0.18220983523084772,GuthrieSolv-reconciled
ALDJIKXAHSDLLB-UHFFFAOYSA-N,1.895013002955418,GuthrieSolv-reconciled
BYEAHWXPCBROCE-UHFFFAOYSA-N,2.692359077744029,GuthrieSolv-reconciled
AAHYHBHESZMGBO-UHFFFAOYSA-N,6.371370585889277,GuthrieSolv-reconciled
KIBLCYBDSWFUPC-UHFFFAOYSA-N,6.282631710660042,GuthrieSolv-reconciled
OMPJBNCRMGITSC-UHFFFAOYSA-N,3.845098040014257,meta37-model
WRSMJZYBNIAAEE-UHFFFAOYSA-N,2.322219294733919,meta37-model
JMTRCXPSDMMAGM-UHFFFAOYSA-N,-3.5553888351111276,GuthrieSolv-reconciled
FMWLUWPQPKEARP-UHFFFAOYSA-N,0.9633526662848346,GuthrieSolv-reconciled
VMPITZXILSNTON-UHFFFAOYSA-N,4.3890342102766775,GuthrieSolv-reconciled
VPTDIAYLYJBYQG-UHFFFAOYSA-N,3.278753600952829,meta37-model
DFCAFRGABIXSDS-UHFFFAOYSA-N,3.5329778563846617,GuthrieSolv-reconciled
LUBCGHUOCJOIJA-UHFFFAOYSA-N,0.9138138523837168,meta37-model
BIXZHMJUSMUDOQ-UHFFFAOYSA-N,5.552346031423322,GuthrieSolv-reconciled
HETCEOQFVDFGSY-UHFFFAOYSA-N,1.146128035678238,meta37-model
PVYBHVJTMRRXLG-UHFFFAOYSA-N,2.5485049176360177,GuthrieSolv-reconciled
RMUCZJUITONUFY-UHFFFAOYSA-N,6.857332496431268,meta37-model
JFSPBVWPKOEZCB-UHFFFAOYSA-N,7.564047514915632,GuthrieSolv-reconciled
SIKFMUYSQCEQOO-UHFFFAOYSA-N,-2.597270477348625,GuthrieSolv-reconciled
ASUDFOJKTJLAIK-UHFFFAOYSA-N,4.697922647050378,GuthrieSolv-reconciled
ZMYFCFLJBGAQRS-UHFFFAOYSA-N,9.53786268000493,GuthrieSolv-reconciled
PKXHXOTZMFCXSH-UHFFFAOYSA-N,-1.1213520233438532,GuthrieSolv-reconciled
PODAMDNJNMAKAZ-UHFFFAOYSA-N,-0.5686362358410126,meta37-model
AFYPFACVUDMOHA-UHFFFAOYSA-N,-1.857649936448734,GuthrieSolv-reconciled
AKEJUJNQAAGONA-UHFFFAOYSA-N,0.0,meta37-model
VFLDPWHFBUODDF-UHFFFAOYSA-N,19.54406804435028,meta37-model
YZWGEMSQAMDWEM-UHFFFAOYSA-N,5.301029995663981,meta37-model
CUZKCNWZBXLAJX-UHFFFAOYSA-N,5.229284467894569,GuthrieSolv-reconciled
BTFQKIATRPGRBS-UHFFFAOYSA-N,3.0790839069519507,GuthrieSolv-reconciled
ISAVYTVYFVQUDY-UHFFFAOYSA-N,4.0071126948378355,GuthrieSolv-reconciled
QQODLKZGRKWIFG-UHFFFAOYSA-N,5.030773456639355,GuthrieSolv-reconciled
AKNQMEBLVAMSNZ-UHFFFAOYSA-O,8.2014320750708,GuthrieSolv-reconciled
MYEIDJPOUKASEC-UHFFFAOYSA-N,3.3010299956639813,meta37-model
JXSJBGJIGXNWCI-UHFFFAOYSA-N,6.5841242111158085,GuthrieSolv-reconciled
JAYCNKDKIKZTAF-UHFFFAOYSA-N,1.9317131169255002,GuthrieSolv-reconciled
JSZOAYXJRCEYSX-UHFFFAOYSA-N,2.3748135139920517,GuthrieSolv-reconciled
HPAFOABSQZMTHE-UHFFFAOYSA-N,3.9684829485539352,meta37-model
DLKQHBOKULLWDQ-UHFFFAOYSA-N,1.8740925478727772,GuthrieSolv-reconciled
UVWPNDVAQBNQBG-UHFFFAOYSA-N,-4.958607314841775,meta37-model
ZYNDJIBBPLNPOW-UHFFFAOYSA-N,1.1139433523068367,meta37-model
KFUSEUYYWQURPO-OWOJBTEDSA-N,0.5080040172140486,GuthrieSolv-reconciled
SMNDYUVBFMFKNZ-UHFFFAOYSA-N,5.277854514254487,GuthrieSolv-reconciled
AWZOLILCOUMRDG-UHFFFAOYSA-N,7.3239259345711645,GuthrieSolv-reconciled
DDHYKPKLOQESMN-UHFFFAOYSA-N,2.0857079331608728,GuthrieSolv-reconciled
CLODVDBWNVQLGO-UHFFFAOYSA-N,0.4913616938342727,meta37-model
OTTZHAVKAVGASB-HYXAFXHYSA-N,-1.3968582421789602,GuthrieSolv-reconciled
UQRLKWGPEVNVHT-UHFFFAOYSA-N,4.176091259055681,meta37-model
JRZKNHITLINYHV-UHFFFAOYSA-N,2.3010299956639813,meta37-model
GAPFWGOSHOCNBM-UHFFFAOYSA-N,1.1817174371293382,GuthrieSolv-reconciled
VSZGPKBBMSAYNT-UHFFFAOYSA-N,13.924279286061882,meta37-model
ALQSHHUCVQOPAS-UHFFFAOYSA-N,8.230448921378274,meta37-model
VEDTXTNSFWUXGQ-UHFFFAOYSA-N,4.86898466071736,GuthrieSolv-reconciled
WBTMFEPLVQOWFI-UHFFFAOYSA-N,0.9912260756924948,meta37-model
MJCNKMDTLRSHNK-UHFFFAOYSA-N,3.0,meta37-model
DMLAVOWQYNRWNQ-BUHFOSPRSA-N,3.1510136584141573,GuthrieSolv-reconciled
GKVUDAZMZLMNJQ-UHFFFAOYSA-N,0.0,meta37-model
JNVHSHPAAMRSKK-UHFFFAOYSA-N,3.1760912590556813,meta37-model
RDKSFIZNZGWNLA-UHFFFAOYSA-N,2.1387597439155743,GuthrieSolv-reconciled
DOJZTBGOWIYFAC-UHFFFAOYSA-N,3.041392685158225,meta37-model
XKGDWZQXVZSXAO-UHFFFAOYSA-N,5.230448921378274,meta37-model
MBDNRNMVTZADMQ-UHFFFAOYSA-N,3.755874855672492,meta37-model
VQOFJPFYTCHPTR-UHFFFAOYSA-N,1.8782141714949914,GuthrieSolv-reconciled
IQRUSQUYPCHEKN-UHFFFAOYSA-N,1.0916890549223135,GuthrieSolv-reconciled
PHYFQTYBJUILEZ-UHFFFAOYSA-N,1.3979400086720375,meta37-model
CZDYPVPMEAXLPK-UHFFFAOYSA-N,-2.232196285166272,GuthrieSolv-reconciled
FLXYIZWPNQYPIT-UHFFFAOYSA-N,-0.8041671983304765,GuthrieSolv-reconciled
KXIPYLZZJZMMPD-UHFFFAOYSA-N,2.6593341665767154,GuthrieSolv-reconciled
NFBOHOGPQUYFRF-UHFFFAOYSA-N,2.277229666164773,GuthrieSolv-reconciled
IZMJMCDDWKSTTK-UHFFFAOYSA-N,11.602059991327964,meta37-model
WRXOZRLZDJAYDR-UHFFFAOYSA-N,1.8325089127062364,meta37-model
MUCZHBLJLSDCSD-UHFFFAOYSA-N,3.880813592280792,meta37-model
YQHLDYVWEZKEOX-UHFFFAOYSA-N,4.981651737827964,GuthrieSolv-reconciled
TYIYMOAHACZAMQ-UHFFFAOYSA-N,6.414973347970818,meta37-model
DUEPRVBVGDRKAG-UHFFFAOYSA-N,6.806552428778205,GuthrieSolv-reconciled
QWGRWMMWNDWRQN-UHFFFAOYSA-N,5.041392685158225,meta37-model
DOYJTLUPPPUSMD-UHFFFAOYSA-N,-2.5480735261879075,GuthrieSolv-reconciled
GEYOCULIXLDCMW-UHFFFAOYSA-N,5.3896401131540985,GuthrieSolv-reconciled
PJIFKODHGMUPFH-UHFFFAOYSA-N,-2.6267886360185195,GuthrieSolv-reconciled
QSSXJPIWXQTSIX-UHFFFAOYSA-N,1.0,meta37-model
HFEASCCDHUVYKU-UHFFFAOYSA-N,1.7303609074274102,GuthrieSolv-reconciled
HZJKXKUJVSEEFU-UHFFFAOYSA-N,6.675435443733504,GuthrieSolv-reconciled
ZFXYFBGIUFBOJW-UHFFFAOYSA-N,6.151050798444704,GuthrieSolv-reconciled
IAYPIBMASNFSPL-UHFFFAOYSA-N,2.18068348377658,GuthrieSolv-reconciled
FBWWGYIEJGQWJP-UHFFFAOYSA-N,3.230448921378274,meta37-model
UOVSDUIHNGNMBZ-UHFFFAOYSA-N,0.0,meta37-model
GEPDYQSQVLXLEU-UHFFFAOYSA-N,8.763427993562937,meta37-model
FHJCGIUZJXWNET-UHFFFAOYSA-N,-2.4595189515934095,GuthrieSolv-reconciled
PMHURSZHKKJGBM-UHFFFAOYSA-N,7.104535370427542,GuthrieSolv-reconciled
OTQFXRBLGNEOGH-UHFFFAOYSA-N,2.598696906336024,GuthrieSolv-reconciled
JDSHMPZPIAZGSV-UHFFFAOYSA-N,11.708011965584596,GuthrieSolv-reconciled
HYXITZLLTYIPOF-UHFFFAOYSA-N,6.690196080028514,meta37-model
VEZCTZWLJYWARH-UHFFFAOYSA-N,0.146128035678238,meta37-model
RXRLRYZUMSYVLS-UHFFFAOYSA-N,1.5328545138238407,GuthrieSolv-reconciled
BRLQWZUYTZBJKN-UHFFFAOYSA-N,2.886264766140718,GuthrieSolv-reconciled
AAEVYOVXGOFMJO-UHFFFAOYSA-N,6.526960818362963,GuthrieSolv-reconciled
GQCZPFJGIXHZMB-UHFFFAOYSA-N,3.716003343634799,meta37-model
MYKUKUCHPMASKF-UHFFFAOYSA-N,7.255272505103306,meta37-model
WWNGLKDLYKNGGT-UHFFFAOYSA-N,-2.6267886360185195,GuthrieSolv-reconciled
CTLMCQOGOWNFHA-UHFFFAOYSA-N,2.447158031342219,meta37-model
HQOTYVGQHJAXMM-UHFFFAOYSA-N,0.028363875289289214,GuthrieSolv-reconciled
VEENJGZXVHKXNB-VOTSOKGWSA-N,8.537300170887258,GuthrieSolv-reconciled
ALVPFGSHPUPROW-UHFFFAOYSA-N,1.2628345067816524,GuthrieSolv-reconciled
VIZORQUEIQEFRT-UHFFFAOYSA-N,4.313107861852716,GuthrieSolv-reconciled
UIKROCXWUNQSPJ-UHFFFAOYSA-N,9.869231719730976,meta37-model
FAXWFCTVSHEODL-UHFFFAOYSA-N,5.431363764158987,meta37-model
VLJQDHDVZJXNQL-UHFFFAOYSA-N,2.633468455579586,meta37-model
XDQRWSUJOURTHK-UHFFFAOYSA-N,2.9444826721501687,meta37-model
JRZJOMJEPLMPRA-UHFFFAOYSA-N,-1.5341862942613038,GuthrieSolv-reconciled
UZFLPKAIBPNNCA-UHFFFAOYSA-N,2.7862822613880596,GuthrieSolv-reconciled
UHCLFIWDCYOTOL-UHFFFAOYSA-N,2.298645131972337,GuthrieSolv-reconciled
FZENGILVLUJGJX-UHFFFAOYSA-N,3.612783856719736,meta37-model
LPEKGGXMPWTOCB-UHFFFAOYSA-N,6.4623979978989565,meta37-model
UFULAYFCSOUIOV-UHFFFAOYSA-N,4.832508912706237,meta37-model
TULCXSBAPHCWCF-UHFFFAOYSA-N,2.239459171017296,GuthrieSolv-reconciled
BULLHNJGPPOUOX-UHFFFAOYSA-N,3.042308736337969,GuthrieSolv-reconciled
UBUCNCOMADRQHX-UHFFFAOYSA-N,1.3424226808222062,meta37-model
CXOWYJMDMMMMJO-UHFFFAOYSA-N,-2.1266914579650136,GuthrieSolv-reconciled
WJYIASZWHGOTOU-UHFFFAOYSA-N,2.701896777486932,GuthrieSolv-reconciled
BADFHCOLISGRRW-UHFFFAOYSA-N,-0.0705810742857072,meta37-model
PJVJTCIRVMBVIA-UHFFFAOYSA-N,5.204119982655925,meta37-model
VBZWSGALLODQNC-UHFFFAOYSA-N,0.9030899869919436,meta37-model
ZKNHDJMXIUOHLX-UHFFFAOYSA-N,0.255272505103306,meta37-model
UUIVKBHZENILKB-UHFFFAOYSA-N,6.113943352306837,meta37-model
BBAWEDCPNXPBQM-UHFFFAOYSA-N,28.49136169383427,meta37-model
DUBNHZYBDBBJHD-UHFFFAOYSA-L,7.551278297631934,GuthrieSolv-reconciled
VIKNJXKGJWUCNN-UHFFFAOYSA-N,7.623249290397901,meta37-model
WJQOZHYUIDYNHM-UHFFFAOYSA-N,5.677400463124348,GuthrieSolv-reconciled
YHRUOJUYPBUZOS-UHFFFAOYSA-N,1.327912396755761,GuthrieSolv-reconciled
KOKPBCHLPVDQTK-UHFFFAOYSA-N,4.045798098476974,GuthrieSolv-reconciled
XQTJZNGNEJLXTR-UHFFFAOYSA-N,5.301029995663981,meta37-model
JMRDKKYZLXDPLN-UHFFFAOYSA-N,3.0,meta37-model
CZRVDACSCJKRFL-UHFFFAOYSA-N,12.230448921378274,meta37-model
OTISWHNJCUMBFI-UHFFFAOYSA-N,3.380211241711606,meta37-model
NWSIFTLPLKCTSX-UHFFFAOYSA-N,3.216539151846085,GuthrieSolv-reconciled
LDCRTTXIJACKKU-ARJAWSKDSA-N,4.472532355196973,GuthrieSolv-reconciled
RDOWQLZANAYVLL-UHFFFAOYSA-N,6.015238080807837,GuthrieSolv-reconciled
XJMMNTGIMDZPMU-UHFFFAOYSA-N,9.267119921586502,GuthrieSolv-reconciled
QPJVMBTYPHYUOC-UHFFFAOYSA-N,3.045534667488753,GuthrieSolv-reconciled
MLRVZFYXUZQSRU-UHFFFAOYSA-N,-0.047746714463625856,GuthrieSolv-reconciled
DFBKLUNHFCTMDC-UHFFFAOYSA-N,3.591064607026499,meta37-model
PFHLGQKVKALLMD-UHFFFAOYSA-N,3.278753600952829,meta37-model
CXHFIVFPHDGZIS-UHFFFAOYSA-N,-2.657577319177794,meta37-model
FZIIBDOXPQOKBP-UHFFFAOYSA-N,2.462397997898956,meta37-model
WLHCBQAPPJAULW-UHFFFAOYSA-N,1.8325089127062364,meta37-model
KFPBGJYBKSQIAI-UHFFFAOYSA-N,4.278753600952829,meta37-model
ODCWYMIRDDJXKW-UHFFFAOYSA-N,7.182392042880193,GuthrieSolv-reconciled
SDDBCEWUYXVGCQ-UHFFFAOYSA-N,1.8136626937350662,GuthrieSolv-reconciled
OHSMKBPEDBXYDU-UHFFFAOYSA-N,3.397940008672037,meta37-model
NDVWOBYBJYUSMF-UHFFFAOYSA-N,3.4612113371990207,GuthrieSolv-reconciled
CRUILBNAQILVHZ-UHFFFAOYSA-N,3.899456517531307,GuthrieSolv-reconciled
OORLZFUTLGXMEF-UHFFFAOYSA-N,10.57978359661681,meta37-model
OZDGMOYKSFPLSE-UHFFFAOYSA-N,3.384965255893657,GuthrieSolv-reconciled
RANCECPPZPIPNO-UHFFFAOYSA-N,3.481412745098174,GuthrieSolv-reconciled
OPXLLQIJSORQAM-UHFFFAOYSA-N,13.653212513775344,meta37-model
MEFQWPUMEMWTJP-UHFFFAOYSA-N,6.800701983463087,GuthrieSolv-reconciled
KMPQYAYAQWNLME-UHFFFAOYSA-N,0.0,meta37-model
KDUIUFJBNGTBMD-UHFFFAOYSA-N,1.9493900066449128,meta37-model
WSSSPWUEQFSQQG-UHFFFAOYSA-N,-1.426659060844109,GuthrieSolv-reconciled
XUCNUKMRBVNAPB-UHFFFAOYSA-N,-0.6989700043360187,meta37-model
JHJOOSLFWRRSGU-UHFFFAOYSA-N,3.616592804109715,GuthrieSolv-reconciled
OOXWYYGXTJLWHA-UHFFFAOYSA-N,-0.5857232452023644,GuthrieSolv-reconciled
ADZSGNDOZREKJK-UHFFFAOYSA-N,5.646615738148214,GuthrieSolv-reconciled
SNRUBQQJIBEYMU-UHFFFAOYSA-N,-2.4772896138004605,GuthrieSolv-reconciled
XYHVYEUZLSYHDP-UHFFFAOYSA-N,2.9412115712662636,GuthrieSolv-reconciled
YFEUKKUPOVGUIW-UHFFFAOYSA-N,13.755874855672491,meta37-model
BOSMZFBHAYFUBJ-UHFFFAOYSA-N,3.5417746754933273,GuthrieSolv-reconciled
ZMXIYERNXPIYFR-UHFFFAOYSA-N,1.6950766094823797,GuthrieSolv-reconciled
KJDRSWPQXHESDQ-UHFFFAOYSA-N,1.6351551689340948,GuthrieSolv-reconciled
JFDZBHWFFUWGJE-UHFFFAOYSA-N,2.9376717557099217,GuthrieSolv-reconciled
CVQODEWAPZVVBU-UHFFFAOYSA-N,5.0571958014654514,GuthrieSolv-reconciled
AFZSMODLJJCVPP-UHFFFAOYSA-N,11.0,meta37-model
XNNQFQFUQLJSQT-UHFFFAOYSA-N,0.6292873743396976,GuthrieSolv-reconciled
QMMOXUPEWRXHJS-HYXAFXHYSA-N,-0.9908944234316603,GuthrieSolv-reconciled
SXJYSIBLFGQAND-UHFFFAOYSA-N,1.0791812460476249,meta37-model
JTPNRXUCIXHOKM-UHFFFAOYSA-N,1.7731489887790854,GuthrieSolv-reconciled
FOUWCSDKDDHKQP-UHFFFAOYSA-N,8.320170597164593,GuthrieSolv-reconciled
FLZDRQXGVYVYSL-UHFFFAOYSA-N,3.719668992088936,GuthrieSolv-reconciled
LCZVSXRMYJUNFX-UHFFFAOYSA-N,12.869231719730976,meta37-model
OVOVDHYEOQJKMD-UHFFFAOYSA-N,2.9190780923760737,meta37-model
SMWDFEZZVXVKRB-UHFFFAOYSA-N,4.098172146272974,GuthrieSolv-reconciled
KZBOXYKTSUUBTO-UHFFFAOYSA-N,4.643452676486188,meta37-model
MDHAARLWBHZGIP-UHFFFAOYSA-N,5.531478917042255,meta37-model
CAWHJQAVHZEVTJ-UHFFFAOYSA-N,3.95520699805352,GuthrieSolv-reconciled
PFEOZHBOMNWTJB-UHFFFAOYSA-N,-1.86100438210216,GuthrieSolv-reconciled
HIIRDDUVRXCDBN-UHFFFAOYSA-N,7.675588658037874,GuthrieSolv-reconciled
ZMXDDKWLCZADIW-UHFFFAOYSA-N,5.585609413398873,GuthrieSolv-reconciled
CAWXEEYDBZRFPE-UHFFFAOYSA-N,9.89742195395032,GuthrieSolv-reconciled
CJHXCRMKMMBYJQ-UHFFFAOYSA-N,7.022223195204184,GuthrieSolv-reconciled
DCXYFEDJOCDNAF-UHFFFAOYSA-N,14.380211241711606,meta37-model
OSWPMRLSEDHDFF-UHFFFAOYSA-N,2.367039494967432,GuthrieSolv-reconciled
FOANIXZHAMJWOI-UHFFFAOYSA-N,4.794737761536069,GuthrieSolv-reconciled
KTXUOWUHFLBZPW-UHFFFAOYSA-N,1.9718848423013906,GuthrieSolv-reconciled
KFZMGEQAYNKOFK-UHFFFAOYSA-N,3.401986295646648,GuthrieSolv-reconciled
HJOVHMDZYOCNQW-UHFFFAOYSA-N,3.500934072870301,GuthrieSolv-reconciled
QOSTVEDABRQTSU-UHFFFAOYSA-N,7.990585277108524,GuthrieSolv-reconciled
PTCGDEVVHUXTMP-UHFFFAOYSA-N,6.7253396665879395,GuthrieSolv-reconciled
USMNOWBWPHYOEA-UHFFFAOYSA-N,2.625150991301411,GuthrieSolv-reconciled
YBRVSVVVWCFQMG-UHFFFAOYSA-N,8.662757831681574,meta37-model
IIKXRERKNIJJQY-UHFFFAOYSA-N,2.9444826721501687,meta37-model
WLIADPFXSACYLS-UHFFFAOYSA-N,-0.1938200260161128,meta37-model
LDPJEMNNPDFBCQ-UHFFFAOYSA-N,1.9825407358563047,GuthrieSolv-reconciled
MXDRLBNLTLOWGV-UHFFFAOYSA-N,1.3908613810935346,GuthrieSolv-reconciled
RZFZBHKDGHISSH-UHFFFAOYSA-N,1.7075701760979365,meta37-model
VNKCZJKGJAEOCW-UHFFFAOYSA-N,13.755874855672491,meta37-model
SZMNDOUFZGODBR-UHFFFAOYSA-N,3.255272505103306,meta37-model
WLAMNBDJUVNPJU-UHFFFAOYSA-N,4.13798511483144,GuthrieSolv-reconciled
HKIOYBQGHSTUDB-UHFFFAOYSA-N,5.452464678619901,GuthrieSolv-reconciled
FZWFDJBZTLTRGH-UHFFFAOYSA-N,2.380211241711606,meta37-model
ILHIHKRJJMKBEE-UHFFFAOYSA-N,3.9598386619248385,GuthrieSolv-reconciled
GRXKLBBBQUKJJZ-UHFFFAOYSA-N,3.716003343634799,meta37-model
GOYDNIKZWGIXJT-UHFFFAOYSA-N,0.4914633735437133,GuthrieSolv-reconciled
WZJZMXBKUWKXTQ-UHFFFAOYSA-N,8.056179266032482,GuthrieSolv-reconciled
JHJMZCXLJXRCHK-UHFFFAOYSA-N,3.0564673755686833,GuthrieSolv-reconciled
FYMBAYNKBWGEIK-UHFFFAOYSA-N,2.9138138523837167,meta37-model
OJVOGABFNZDOOZ-UHFFFAOYSA-N,5.146128035678238,meta37-model
NFRKUDYZEVQXTE-UHFFFAOYSA-N,-0.0867936861291824,GuthrieSolv-reconciled
QILUYCYPNYWMIL-UHFFFAOYSA-N,2.2016242214946025,GuthrieSolv-reconciled
BFKOEFFCVFMWPF-UHFFFAOYSA-N,3.230448921378274,meta37-model
FSCWZHGZWWDELK-UHFFFAOYSA-N,6.146128035678238,meta37-model
FOCAUTSVDIKZOP-UHFFFAOYSA-N,6.326639211961199,GuthrieSolv-reconciled
PFNCKQIYLAVYJF-UHFFFAOYSA-N,5.278753600952829,meta37-model
CFEYPBVKHMZCFR-UHFFFAOYSA-N,3.6232492903979,meta37-model
ONRKZUKDJKPIEX-UHFFFAOYSA-N,4.495990504331961,GuthrieSolv-reconciled
YWFPGFJLYRKYJZ-UHFFFAOYSA-N,12.32221929473392,meta37-model
GUWAXPTVCYBOMV-UHFFFAOYSA-N,4.846896848777084,GuthrieSolv-reconciled
WFPZPJSADLPSON-UHFFFAOYSA-N,1.5314789170422551,meta37-model
WEHWNAOGRSTTBQ-UHFFFAOYSA-N,2.6074335742161883,GuthrieSolv-reconciled
BDERNNFJNOPAEC-UHFFFAOYSA-N,3.4557124000598045,GuthrieSolv-reconciled
AQPHBYQUCKHJLT-UHFFFAOYSA-N,5.763427993562937,meta37-model
PGMZYNZXIYOOHJ-UHFFFAOYSA-N,4.22102602030214,GuthrieSolv-reconciled
DKEGCUDAFWNSSO-UHFFFAOYSA-N,0.4890627508259212,GuthrieSolv-reconciled
FDOPVENYMZRARC-UHFFFAOYSA-N,2.869231719730976,meta37-model
BMZVDHQOAJUZJL-UHFFFAOYSA-N,1.9290815777121753,GuthrieSolv-reconciled
CAWSVYYOUZEMHA-UHFFFAOYSA-N,2.0440809088263054,GuthrieSolv-reconciled
VNQNXQYZMPJLQX-UHFFFAOYSA-N,24.17609125905568,meta37-model
AIGRXSNSLVJMEA-UHFFFAOYSA-N,4.6948380895954385,GuthrieSolv-reconciled
ISEUFVQQFVOBCY-UHFFFAOYSA-N,6.9860375950544364,GuthrieSolv-reconciled
GQKRUMZWUHSLJF-UHFFFAOYSA-N,13.755874855672491,meta37-model
GBNVXYXIRHSYEG-UHFFFAOYSA-N,1.6989700043360187,meta37-model
QHZSDTDMQZPUKC-UHFFFAOYSA-N,1.9728805971252323,GuthrieSolv-reconciled
QWVGKYWNOKOFNN-UHFFFAOYSA-N,4.20713302851773,GuthrieSolv-reconciled
TUNFSRHWOTWDNC-UHFFFAOYSA-N,4.644646557317496,GuthrieSolv-reconciled
HFDVRLIODXPAHB-UHFFFAOYSA-N,-2.537602002101044,meta37-model
LOMVENUNSWAXEN-UHFFFAOYSA-N,3.894520998019031,GuthrieSolv-reconciled
AZUXKVXMJOIAOF-UHFFFAOYSA-N,6.644910350505921,GuthrieSolv-reconciled
VLLNJDMHDJRNFK-UHFFFAOYSA-N,4.176091259055681,meta37-model
GVWISOJSERXQBM-UHFFFAOYSA-N,2.672097857935717,meta37-model
UTMWFJSRHLYRPY-UHFFFAOYSA-N,0.520153180715833,GuthrieSolv-reconciled
YBYIRNPNPLQARY-UHFFFAOYSA-N,1.1760912590556811,meta37-model
VZIQXGLTRZLBEX-UHFFFAOYSA-N,4.146128035678238,meta37-model
FBPFZTCFMRRESA-KVTDHHQDSA-N,14.253195032841715,GuthrieSolv-reconciled
LVKTWOXHRYGDMM-UHFFFAOYSA-N,9.034817217137713,GuthrieSolv-reconciled
ZDEQCIGFZLZXBZ-UHFFFAOYSA-N,3.447158031342219,meta37-model
LHJPKLWGGMAUAN-UHFFFAOYSA-N,4.041392685158225,meta37-model
VYIRVAXUEZSDNC-UHFFFAOYSA-N,5.924279286061882,meta37-model
QQVHEQUEHCEAKS-UHFFFAOYSA-N,4.913813852383717,meta37-model
SUAUILGSCPYJCS-UHFFFAOYSA-N,4.544068044350276,meta37-model
LMCLPMXCYFSRNG-UHFFFAOYSA-N,6.150919730060969,GuthrieSolv-reconciled
MBDOYVRWFFCFHM-UHFFFAOYSA-N,1.8589504450390988,GuthrieSolv-reconciled
XBEADGFTLHRJRB-UHFFFAOYSA-N,-0.619788758288394,meta37-model
FGDPOTMRBQHPJK-UHFFFAOYSA-N,0.380211241711606,meta37-model
OFIYMUXECPHIPZ-UHFFFAOYSA-N,3.146128035678238,meta37-model
JNTOCHDNEULJHD-UHFFFAOYSA-N,29.41497334797081,meta37-model
KASGFDPQAMDPAZ-UHFFFAOYSA-N,2.2050360335610835,GuthrieSolv-reconciled
HAWJXYBZNNRMNO-UHFFFAOYSA-N,7.084450591048044,GuthrieSolv-reconciled
HGDVHRITTGWMJK-UHFFFAOYSA-N,3.146128035678238,meta37-model
DOZUTNBCPVUMPY-UHFFFAOYSA-N,2.690196080028514,meta37-model
HEWLCNCSWBMZHG-UHFFFAOYSA-N,2.8260748027008264,meta37-model
YIROYDNZEPTFOL-UHFFFAOYSA-N,6.939519252618618,meta37-model
BFTASCFRRBHFFK-UHFFFAOYSA-N,3.146128035678238,meta37-model
BJQWYEJQWHSSCJ-UHFFFAOYSA-N,-4.721246399047171,meta37-model
WBJINCZRORDGAQ-UHFFFAOYSA-N,1.8643903047662127,GuthrieSolv-reconciled
VZFMYOCAEQDWDY-UHFFFAOYSA-N,-2.410321931375832,GuthrieSolv-reconciled
CDXFIRXEAJABAZ-UHFFFAOYSA-N,-2.5228787452803374,meta37-model
DNNSSWSSYDEUBZ-UHFFFAOYSA-N,-1.2441890086639575,GuthrieSolv-reconciled
OTFNCXLUCRUNCH-UHFFFAOYSA-N,1.5298930620720734,GuthrieSolv-reconciled
KDDIUDIEWSLRMQ-UHFFFAOYSA-N,3.0741501183577333,GuthrieSolv-reconciled
ATGUVEKSASEFFO-UHFFFAOYSA-N,7.819543935541868,meta37-model
WZZLDXDUQPOXNW-UHFFFAOYSA-N,7.111130270525408,GuthrieSolv-reconciled
REYJJPSVUYRZGE-UHFFFAOYSA-N,1.414973347970818,meta37-model
KGHMWBNEMFNJFZ-UHFFFAOYSA-N,6.230448921378274,meta37-model
RDOXTESZEPMUJZ-UHFFFAOYSA-N,1.7294830542020225,GuthrieSolv-reconciled
TWBPWBPGNQWFSJ-UHFFFAOYSA-N,5.204119982655925,meta37-model
DMEGYFMYUHOHGS-UHFFFAOYSA-N,-0.6207318262728142,GuthrieSolv-reconciled
HDGQICNBXPAKLR-UHFFFAOYSA-N,-2.4686930554126736,GuthrieSolv-reconciled
NPDACUSDTOMAMK-UHFFFAOYSA-N,0.7413327516072358,GuthrieSolv-reconciled
HMIBKHHNXANVHR-UHFFFAOYSA-N,6.129941350037157,GuthrieSolv-reconciled
IVLICPVPXWEGCA-UHFFFAOYSA-N,7.477121254719663,meta37-model
RGHHSNMVTDWUBI-UHFFFAOYSA-N,7.543322214138882,GuthrieSolv-reconciled
OWIKHYCFFJSOEH-UHFFFAOYSA-N,2.7075701760979363,meta37-model
UAUDZVJPLUQNMU-UHFFFAOYSA-N,3.934498451243568,meta37-model
HCRBXQFHJMCTLF-UHFFFAOYSA-N,1.3424226808222062,meta37-model
NQXUSSVLFOBRSE-UHFFFAOYSA-N,3.17472360881487,GuthrieSolv-reconciled
YMOONIIMQBGTDU-UHFFFAOYSA-N,1.6434526764861874,meta37-model
WPYMKLBDIGXBTP-UHFFFAOYSA-N,5.608456120952753,GuthrieSolv-reconciled
CRDAMVZIKSXKFV-UHFFFAOYSA-N,1.9912260756924949,meta37-model
ZXIJMRYMVAMXQP-UHFFFAOYSA-N,0.38794827912045926,GuthrieSolv-reconciled
OBOHUKJIPIBYTA-UHFFFAOYSA-N,3.0,meta37-model
SVTDYSXXLJYUTM-UHFFFAOYSA-N,5.889721020291792,GuthrieSolv-reconciled
DFRHTHSZMBROSH-UHFFFAOYSA-N,1.8632228828887292,GuthrieSolv-reconciled
GFADZIUESKAXAK-UHFFFAOYSA-N,-1.6970894002029948,GuthrieSolv-reconciled
ZDVJGWXFXGJSIU-UHFFFAOYSA-N,3.0,meta37-model
UFWIBTONFRDIAS-UHFFFAOYSA-N,1.690877564179922,GuthrieSolv-reconciled
GABFTOZBVQIDBB-UHFFFAOYSA-N,3.9190780923760737,meta37-model
UELITFHSCLAHKR-UHFFFAOYSA-N,5.301029995663981,meta37-model
DHNHHYWBZNQHGN-UHFFFAOYSA-N,2.770852011642144,meta37-model
RZILCCPWPBTYDO-UHFFFAOYSA-N,6.895674546530151,GuthrieSolv-reconciled
HSSBORCLYSCBJR-UHFFFAOYSA-N,8.620480901458087,GuthrieSolv-reconciled
OLBCVFGFOZPWHH-UHFFFAOYSA-N,4.079181246047625,meta37-model
YHYKLKNNBYLTQY-UHFFFAOYSA-N,5.778151250383644,meta37-model
FTBUKOLPOATXGV-UHFFFAOYSA-N,1.5654319852367116,GuthrieSolv-reconciled
MGTZCLMLSSAXLD-UHFFFAOYSA-N,7.462744150770039,GuthrieSolv-reconciled
UFHFLCQGNIYNRP-UHFFFAOYSA-N,-1.6922863824747514,GuthrieSolv-reconciled
RELMFMZEBKVZJC-UHFFFAOYSA-N,1.028219010719522,GuthrieSolv-reconciled
WSLDOOZREJYCGB-UHFFFAOYSA-N,1.2252716363277805,GuthrieSolv-reconciled
FATBKZJZAHWCSL-UHFFFAOYSA-N,0.4623979978989561,meta37-model
PJANXHGTPQOBST-VAWYXSNFSA-N,1.4467499224422804,GuthrieSolv-reconciled
COKMIXFXJJXBQG-UHFFFAOYSA-N,12.518513939877888,meta37-model
HFBWPRKWDIRYNX-UHFFFAOYSA-N,6.529176540076823,GuthrieSolv-reconciled
VPOMSPZBQMDLTM-UHFFFAOYSA-N,4.965238250062397,GuthrieSolv-reconciled
ZSWFCLXCOIISFI-UHFFFAOYSA-N,1.0292512572822,GuthrieSolv-reconciled
CTJBHIROCMPUKL-UHFFFAOYSA-N,9.594913837714813,GuthrieSolv-reconciled
ZNRVRWHPZZOTIE-UHFFFAOYSA-N,3.113943352306837,meta37-model
YPHMISFOHDHNIV-UHFFFAOYSA-N,12.845098040014255,meta37-model
DPYMAXOKJUBANR-UHFFFAOYSA-N,4.939519252618618,meta37-model
NOQGZXFMHARMLW-UHFFFAOYSA-N,7.67095341430577,GuthrieSolv-reconciled
AJDONJVWDSZZQF-UHFFFAOYSA-N,0.505149978319906,meta37-model
GZEZIBFVJYNETN-PHDIDXHHSA-N,-0.8296811805455262,GuthrieSolv-reconciled
STNJBCKSHOAVAJ-UHFFFAOYSA-N,2.0288496217429195,GuthrieSolv-reconciled
YYROPELSRYBVMQ-UHFFFAOYSA-N,3.397940008672037,meta37-model
FJTNLJLPLJDTRM-UHFFFAOYSA-N,11.785329835010767,meta37-model
RWCCWEUUXYIKHB-UHFFFAOYSA-N,3.5342009069792635,GuthrieSolv-reconciled
HYZJCKYKOHLVJF-UHFFFAOYSA-N,4.819543935541868,meta37-model
UZCGKGPEKUCDTF-UHFFFAOYSA-N,1.9912260756924949,meta37-model
NMUPLZRHSXJCJQ-UHFFFAOYSA-N,4.7160033436348,meta37-model
LVZPKYYPPLUECL-UHFFFAOYSA-N,2.113943352306837,meta37-model
GHMLBKRAJCXXBS-UHFFFAOYSA-N,7.0139597676737235,GuthrieSolv-reconciled
XMIIGOLPHOKFCH-UHFFFAOYSA-N,5.710927528181892,GuthrieSolv-reconciled
VRVRZZWPKABUOE-UHFFFAOYSA-N,-2.557912918416181,GuthrieSolv-reconciled
RPJJBTSXPNFUTA-UHFFFAOYSA-N,2.9822712330395684,meta37-model
VUNCWTMEJYMOOR-UHFFFAOYSA-N,-0.052633544510537575,GuthrieSolv-reconciled
AQZGPSLYZOOYQP-UHFFFAOYSA-N,1.2131583437593545,GuthrieSolv-reconciled
NZUPQBVDIWCPBX-UHFFFAOYSA-N,3.0,meta37-model
NZZFYRREKKOMAT-UHFFFAOYSA-N,1.7622266068111738,GuthrieSolv-reconciled
WIXDSJRJFDWTNY-UHFFFAOYSA-N,0.9637878273455552,meta37-model
SVOAUHHKPGKPQK-UHFFFAOYSA-N,-3.8874954300340283,GuthrieSolv-reconciled
RMPWIIKNWPVWNG-UHFFFAOYSA-N,3.2734267084125754,GuthrieSolv-reconciled
URDNHJIVMYZFRT-UHFFFAOYSA-N,7.297743898688602,GuthrieSolv-reconciled
WRXCBRHBHGNNQA-UHFFFAOYSA-N,4.361727836017593,meta37-model
UYIGPSPCOXGBCS-UHFFFAOYSA-N,2.9822712330395684,meta37-model
CFWIFHZJKFFDFU-UHFFFAOYSA-N,2.7634279935629373,meta37-model
DRLFMBDRBRZALE-UHFFFAOYSA-N,11.9731278535997,meta37-model
QAQJMLQRFWZOBN-UHFFFAOYSA-N,5.230448921378274,meta37-model
ZVHAANQOQZVVFD-UHFFFAOYSA-N,2.845098040014257,meta37-model
KMZHZAAOEWVPSE-UHFFFAOYSA-N,7.778151250383644,meta37-model
QLSBRXLSQINWHM-UHFFFAOYSA-N,1.4476577916805355,GuthrieSolv-reconciled
IMFACGCPASFAPR-UHFFFAOYSA-N,3.0,meta37-model
CFJYNSNXFXLKNS-UHFFFAOYSA-N,-1.8304057384640304,GuthrieSolv-reconciled
PITHIPNORFGJPI-UHFFFAOYSA-N,1.414973347970818,meta37-model
CKUBKYSLNCKBOI-UHFFFAOYSA-N,1.8823018686587651,GuthrieSolv-reconciled
PMGCQNGBLMMXEW-UHFFFAOYSA-N,3.61497401182298,GuthrieSolv-reconciled
YGZVAQICDGBHMD-UHFFFAOYSA-N,2.505149978319906,meta37-model
TVFXBXWAXIMLAQ-UHFFFAOYSA-N,1.724275869600789,meta37-model
WFYPICNXBKQZGB-UHFFFAOYSA-N,-0.07087428334493164,GuthrieSolv-reconciled
OWNRRUFOJXFKCU-UHFFFAOYSA-N,7.378158447440803,GuthrieSolv-reconciled
IJMWOMHMDSDKGK-UHFFFAOYSA-N,1.5665704175509543,GuthrieSolv-reconciled
SDJHPPZKZZWAKF-UHFFFAOYSA-N,-0.3334626465115207,GuthrieSolv-reconciled
NEHRITNOSGFGGS-UHFFFAOYSA-N,3.0791812460476247,meta37-model
ADDQHLREJDZPMT-UHFFFAOYSA-N,4.5910646070265,meta37-model
FBUKVWPVBMHYJY-UHFFFAOYSA-N,4.2353380339241085,GuthrieSolv-reconciled
LRUUNMYPIBZBQH-UHFFFAOYSA-N,5.02616036755633,GuthrieSolv-reconciled
VYHVQEYOFIYNJP-UHFFFAOYSA-N,2.7481880270062,meta37-model
RHMPLDJJXGPMEX-UHFFFAOYSA-N,4.4400746363741606,GuthrieSolv-reconciled
XQUXKZZNEFRCAW-UHFFFAOYSA-N,3.4084573584615647,GuthrieSolv-reconciled
GKAOGPIIYCISHV-UHFFFAOYSA-N,0.9670406212149103,GuthrieSolv-reconciled
LZCLXQDLBQLTDK-UHFFFAOYSA-N,4.623249290397901,meta37-model
HZKBYBNLTLVSPX-UHFFFAOYSA-N,11.94448267215017,meta37-model
RDBIYWSVMRVKSG-UHFFFAOYSA-N,8.778151250383644,meta37-model
BVKCQBBZBGYNOP-UHFFFAOYSA-N,-6.259637310505756,meta37-model
OVBFMEVBMNZIBR-UHFFFAOYSA-N,3.9961959704555516,GuthrieSolv-reconciled
ZDPHROOEEOARMN-UHFFFAOYSA-N,4.715240324082426,GuthrieSolv-reconciled
CMCJNODIWQEOAI-UHFFFAOYSA-N,10.079181246047623,meta37-model
RYAUSSKQMZRMAI-UHFFFAOYSA-N,4.176091259055681,meta37-model
TWFZGCMQGLPBSX-UHFFFAOYSA-N,8.870249319730208,GuthrieSolv-reconciled
JBSLOWBPDRZSMB-UHFFFAOYSA-N,4.747056871770098,GuthrieSolv-reconciled
XRJLAOUDSILTFT-UHFFFAOYSA-N,8.297820291144859,GuthrieSolv-reconciled
QEVHRUUCFGRFIF-UHFFFAOYSA-N,20.653212513775344,meta37-model
ZALHPSXXQIPKTQ-UHFFFAOYSA-N,-2.5684409141169904,GuthrieSolv-reconciled
IYYZUPMFVPLQIF-UHFFFAOYSA-N,2.358842070965662,GuthrieSolv-reconciled
GLOBUAZSRIOKLN-UHFFFAOYSA-N,7.748188027006201,meta37-model
VZRSUQWPXPUWCS-UHFFFAOYSA-N,1.414973347970818,meta37-model
SMFHPCZZAAMJJO-UHFFFAOYSA-N,4.724275869600789,meta37-model
BAJQRLZAPXASRD-UHFFFAOYSA-N,3.838849090737255,meta37-model
HBZDPWBWBJMYRY-UHFFFAOYSA-N,2.3010299956639813,meta37-model
ZGNITFSDLCMLGI-UHFFFAOYSA-N,2.041392685158225,meta37-model
BHKLONWXRPJNAE-UHFFFAOYSA-N,4.414973347970818,meta37-model
OWICEWMBIBPFAH-UHFFFAOYSA-N,10.919078092376074,meta37-model
RWWNQEOPUOCKGR-UHFFFAOYSA-N,-1.835749988968977,GuthrieSolv-reconciled
HNRMPXKDFBEGFZ-UHFFFAOYSA-N,-1.9152458717147378,GuthrieSolv-reconciled
NNBZCPXTIHJBJL-UHFFFAOYSA-N,-1.2767603353105614,GuthrieSolv-reconciled
UCFGNWHERVQWMZ-UHFFFAOYSA-N,-0.2218487496163564,meta37-model
UOCLXMDMGBRAIB-UHFFFAOYSA-N,0.12557598967802505,GuthrieSolv-reconciled
AVXURJPOCDRRFD-UHFFFAOYSA-N,6.544068044350276,meta37-model
ATIMVMORQPKRPC-UHFFFAOYSA-N,2.545897503797619,GuthrieSolv-reconciled
OPKYDBFRKPQCBS-UHFFFAOYSA-N,2.186428724301664,GuthrieSolv-reconciled
XPFVYQJUAUNWIW-UHFFFAOYSA-N,5.38997120000585,GuthrieSolv-reconciled
LFJQCDVYDGGFCH-UHFFFAOYSA-N,-0.3467874862246563,meta37-model
HDZGCSFEDULWCS-UHFFFAOYSA-N,3.8008427612752005,GuthrieSolv-reconciled
YHEDXPYACAPROW-UHFFFAOYSA-N,5.311089490750139,GuthrieSolv-reconciled
PAYRUJLWNCNPSJ-UHFFFAOYSA-N,3.934747525912249,GuthrieSolv-reconciled
KNACVESXMPHLNM-UHFFFAOYSA-N,3.505149978319906,meta37-model
JTZCTMAVMHRNTR-UHFFFAOYSA-N,7.623159392036158,GuthrieSolv-reconciled
ZGEGCLOFRBLKSE-UHFFFAOYSA-N,-1.2450828828394054,GuthrieSolv-reconciled
INLLPKCGLOXCIV-UHFFFAOYSA-N,0.2304489213782739,meta37-model
DTDMYWXTWWFLGJ-UHFFFAOYSA-N,3.113943352306837,meta37-model
JBDHZKLJNAIJNC-UHFFFAOYSA-N,6.846376572088392,GuthrieSolv-reconciled
TUKXCRDJHKVZLR-UHFFFAOYSA-N,7.039940770643438,GuthrieSolv-reconciled
WRXCXOUDSPTXNX-UHFFFAOYSA-N,9.803677290711951,GuthrieSolv-reconciled
ABDKAPXRBAPSQN-UHFFFAOYSA-N,3.649394681147966,GuthrieSolv-reconciled
DFEYYRMXOJXZRJ-UHFFFAOYSA-N,-0.8860566476931632,meta37-model
KQSABULTKYLFEV-UHFFFAOYSA-N,8.568201724066995,meta37-model
VADKRMSMGWJZCF-UHFFFAOYSA-N,5.041392685158225,meta37-model
WGCNASOHLSPBMP-UHFFFAOYSA-N,5.887462266564872,GuthrieSolv-reconciled
QGQSRQPXXMTJCM-UHFFFAOYSA-N,5.826229575214763,GuthrieSolv-reconciled
XGEGHDBEHXKFPX-UHFFFAOYSA-N,7.46126897550453,GuthrieSolv-reconciled
OEDMOCYNWLHUDP-UHFFFAOYSA-N,4.690196080028514,meta37-model
KUAZQDVKQLNFPE-UHFFFAOYSA-N,4.886042830498811,GuthrieSolv-reconciled
YPMNDMUOGQJCLW-UHFFFAOYSA-N,-2.586945197678691,GuthrieSolv-reconciled
HNYOPLTXPVRDBG-UHFFFAOYSA-N,5.938517677111217,GuthrieSolv-reconciled
YRKCREAYFQTBPV-UHFFFAOYSA-N,3.356829895816308,GuthrieSolv-reconciled
JGBJHRKCUKTQOE-UHFFFAOYSA-N,5.380211241711606,meta37-model
BKOOMYPCSUNDGP-UHFFFAOYSA-N,-0.992392526113094,GuthrieSolv-reconciled
DNDPLEAVNVOOQZ-UHFFFAOYSA-N,0.5910646070264992,meta37-model
DVCCCQNKIYNAKB-UHFFFAOYSA-N,11.17609125905568,meta37-model
NVGOPFQZYCNLDU-UHFFFAOYSA-N,7.757447199366601,GuthrieSolv-reconciled
SUOAMBOBSWRMNQ-UHFFFAOYSA-N,1.7160033436347992,meta37-model
RHJOIOVESMTJEK-UHFFFAOYSA-N,8.778151250383644,meta37-model
RZXIRSKYBISPGF-UHFFFAOYSA-N,3.952703953952533,GuthrieSolv-reconciled
KZBUYRJDOAKODT-UHFFFAOYSA-N,0.1413152202466535,GuthrieSolv-reconciled
NXXYKOUNUYWIHA-UHFFFAOYSA-N,3.747729988926204,GuthrieSolv-reconciled
UIQGEWJEWJMQSL-UHFFFAOYSA-N,1.7634279935629371,meta37-model
BRWIZMBXBAOCCF-UHFFFAOYSA-N,7.568201724066995,meta37-model
ULGAVXUJJBOWOD-UHFFFAOYSA-N,5.041392685158225,meta37-model
VOVUARRWDCVURC-UHFFFAOYSA-N,1.845098040014257,meta37-model
NPZRPUOKIPAIEL-UHFFFAOYSA-N,3.322219294733919,meta37-model
KDKYADYSIPSCCQ-UHFFFAOYSA-N,0.07790360970698676,GuthrieSolv-reconciled
FKIKPQHMWFZFEB-UHFFFAOYSA-N,6.505149978319906,meta37-model
BATOPAZDIZEVQF-MQQKCMAXSA-N,3.3119682414788536,GuthrieSolv-reconciled
GHVNFZFCNZKVNT-UHFFFAOYSA-N,5.309283898365104,GuthrieSolv-reconciled
CBFCDTFDPHXCNY-UHFFFAOYSA-N,-1.4278519230888802,GuthrieSolv-reconciled
SUWJESCICIOQHO-UHFFFAOYSA-N,-1.3083027374261063,GuthrieSolv-reconciled
YWBVHLJPRPCRSD-UHFFFAOYSA-N,6.425646148051119,GuthrieSolv-reconciled
BZLVMXJERCGZMT-UHFFFAOYSA-N,1.5543703701590912,GuthrieSolv-reconciled
PSGPXWYGJGGEEG-UHFFFAOYSA-N,6.448623768912046,GuthrieSolv-reconciled
YFBPRJGDJKVWAH-UHFFFAOYSA-N,7.148446678003968,GuthrieSolv-reconciled
SNMVRZFUUCLYTO-UHFFFAOYSA-N,0.18924370817564626,GuthrieSolv-reconciled
YIJZJEYQBAAWRJ-UHFFFAOYSA-N,4.662576163867695,GuthrieSolv-reconciled
AFVFQIVMOAPDHO-UHFFFAOYSA-N,13.069629949902282,GuthrieSolv-reconciled
YAIMUUJMEBJXAA-UHFFFAOYSA-N,3.609577642952705,GuthrieSolv-reconciled
OKBJVIVEFXPEOU-UHFFFAOYSA-N,2.6940298570015515,GuthrieSolv-reconciled
BOFHKBLZOYVHSI-UHFFFAOYSA-N,6.991226075692495,meta37-model
PGPNJCAMHOJTEF-UHFFFAOYSA-N,2.240757797116026,GuthrieSolv-reconciled
IPCRBOOJBPETMF-UHFFFAOYSA-N,8.9731278535997,meta37-model
NGFPWHGISWUQOI-UHFFFAOYSA-N,4.079181246047625,meta37-model
OOHIAOSLOGDBCE-UHFFFAOYSA-N,7.166544935971557,GuthrieSolv-reconciled
TWLLPUMZVVGILS-UHFFFAOYSA-N,6.176091259055681,meta37-model
MKARNSWMMBGSHX-UHFFFAOYSA-N,3.991226075692495,meta37-model
PIIZYNQECPTVEO-UHFFFAOYSA-N,5.990151747775403,GuthrieSolv-reconciled
WZHKDGJSXCTSCK-FNORWQNLSA-N,-1.367339747629287,GuthrieSolv-reconciled
AZYJYMAKTBXNSX-UHFFFAOYSA-N,2.740362689494244,meta37-model
BSYNRYMUTXBXSQ-UHFFFAOYSA-N,7.189808428006217,GuthrieSolv-reconciled
ZXQYGBMAQZUVMI-UNOMPAQXSA-N,4.134536084333579,GuthrieSolv-reconciled
YPJUNDFVDDCYIH-UHFFFAOYSA-N,2.3010299956639813,meta37-model
CHNUNORXWHYHNE-UHFFFAOYSA-N,5.4344670008881915,GuthrieSolv-reconciled
JLCYYQOQSAMWTA-UHFFFAOYSA-N,-2.4791977528430618,GuthrieSolv-reconciled
LTHNHFOGQMKPOV-UHFFFAOYSA-N,2.378302817796568,GuthrieSolv-reconciled
YXZFFTJAHVMMLF-UHFFFAOYSA-N,-0.19024649912762837,GuthrieSolv-reconciled
GEPDYQSQVLXLEU-WAYWQWQTSA-N,8.471559783567612,GuthrieSolv-reconciled
OZLPEWBQZDDFCQ-UHFFFAOYSA-N,2.230448921378274,meta37-model
UUAGAQFQZIEFAH-UHFFFAOYSA-N,-1.1023729087095586,meta37-model
FOYHNROGBXVLLX-UHFFFAOYSA-N,4.2536528194928,GuthrieSolv-reconciled
GWZMWHWAWHPNHN-UHFFFAOYSA-N,6.612783856719736,meta37-model
QMGVPVSNSZLJIA-UHFFFAOYSA-N,11.612783856719735,meta37-model
HHLFWLYXYJOTON-UHFFFAOYSA-N,-2.282211367943344,GuthrieSolv-reconciled
BMLIZLVNXIYGCK-UHFFFAOYSA-N,7.4777697301756,GuthrieSolv-reconciled
DHIVLKMGKIZOHF-UHFFFAOYSA-N,-0.4436974992327127,meta37-model
CGYGETOMCSJHJU-UHFFFAOYSA-N,1.8539056592615946,GuthrieSolv-reconciled
BAVYZALUXZFZLV-UHFFFAOYSA-N,3.261030924312047,GuthrieSolv-reconciled
ROKKEEDUUQVHFZ-UHFFFAOYSA-N,-4.619788758288394,meta37-model
UZUFPBIDKMEQEQ-UHFFFAOYSA-N,2.041392685158225,meta37-model
ZWWCURLKEXEFQT-UHFFFAOYSA-N,1.7160033436347992,meta37-model
UYJUZNLFJAWNEZ-UHFFFAOYSA-N,8.734576281679137,GuthrieSolv-reconciled
JCMNMOBHVPONLD-UHFFFAOYSA-N,0.8763235990051116,GuthrieSolv-reconciled
MYSAFUYQSBEEDR-UHFFFAOYSA-N,3.4771212547196626,meta37-model
DAFIBNSJXIGBQB-UHFFFAOYSA-N,-3.1426675035687315,meta37-model
BBUPBICWUURTNP-UHFFFAOYSA-N,2.977723605288848,meta37-model
PQTBTIFWAXVEPB-UHFFFAOYSA-N,8.259414634403477,GuthrieSolv-reconciled
FIPWRIJSWJWJAI-UHFFFAOYSA-N,8.431363764158988,meta37-model
LMHCYRULPLGEEZ-UHFFFAOYSA-N,-0.23893203322308915,GuthrieSolv-reconciled
JIEJJGMNDWIGBJ-UHFFFAOYSA-N,0.9553781247828345,GuthrieSolv-reconciled
ZFVMWEVVKGLCIJ-UHFFFAOYSA-N,7.633468455579586,meta37-model
QCAWEPFNJXQPAN-UHFFFAOYSA-N,9.806179973983888,meta37-model
CGWJMIUMPDDHQC-UHFFFAOYSA-N,3.255272505103306,meta37-model
VVGOCOMZRGWHPI-UHFFFAOYSA-N,2.342422680822206,meta37-model
SVHOVVJFOWGYJO-UHFFFAOYSA-N,6.643452676486188,meta37-model
KRZCOLNOCZKSDF-UHFFFAOYSA-N,3.6020599913279625,meta37-model
PQIOSYKVBBWRRI-UHFFFAOYSA-N,3.041392685158225,meta37-model
WXZMFSXDPGVJKK-UHFFFAOYSA-N,14.361527087705149,GuthrieSolv-reconciled
CXOYNJAHPUASHN-UHFFFAOYSA-N,2.715903112433231,GuthrieSolv-reconciled
OVSKIKFHRZPJSS-UHFFFAOYSA-N,3.517201597934521,GuthrieSolv-reconciled
SPXWGAHNKXLXAP-UHFFFAOYSA-N,7.863322860120456,meta37-model
IRUDSQHLKGNCGF-UHFFFAOYSA-N,-1.3378212460293046,GuthrieSolv-reconciled
SDYWXFYBZPNOFX-UHFFFAOYSA-N,2.972427240946061,GuthrieSolv-reconciled
IJDNQMDRQITEOD-UHFFFAOYSA-N,-1.555111574203288,GuthrieSolv-reconciled
XDRDDPSGUQMOBO-UHFFFAOYSA-N,-2.636628020226731,GuthrieSolv-reconciled
LCTONWCANYUPML-UHFFFAOYSA-N,6.7444217316579085,GuthrieSolv-reconciled
FIAXCDIQXHJNIX-UHFFFAOYSA-N,2.4913616938342726,meta37-model
ISWXYJQANHQYSR-UHFFFAOYSA-N,4.216720524517195,GuthrieSolv-reconciled
QQZOPKMRPOGIEB-UHFFFAOYSA-N,2.3383346916020726,GuthrieSolv-reconciled
LXUNZSDDXMPKLP-UHFFFAOYSA-N,1.8325089127062364,meta37-model
MKIAKZAWONVRFF-UHFFFAOYSA-N,1.8641968209256312,GuthrieSolv-reconciled
LJOZMWRYMKECFF-UHFFFAOYSA-N,8.68595237430513,GuthrieSolv-reconciled
SMKRKQBMYOFFMU-UHFFFAOYSA-N,4.273224184172677,GuthrieSolv-reconciled
LKKOGZVQGQUVHF-UHFFFAOYSA-N,4.669907656422343,GuthrieSolv-reconciled
MGNCLNQXLYJVJD-UHFFFAOYSA-N,4.698970004336019,meta37-model
JEVCWSUVFOYBFI-UHFFFAOYSA-N,0.2787536009528289,meta37-model
ZPVFWPFBNIEHGJ-UHFFFAOYSA-N,2.0442073424811587,GuthrieSolv-reconciled
YPZUZOLGGMJZJO-UHFFFAOYSA-N,1.6989700043360187,meta37-model
QTBSBXVTEAMEQO-UHFFFAOYSA-N,4.810560522109459,GuthrieSolv-reconciled
QULYNCCPRWKEMF-UHFFFAOYSA-N,-0.1549019599857432,meta37-model
IQVNEKKDSLOHHK-FNCQTZNRSA-N,4.0095464872556725,GuthrieSolv-reconciled
KQKPFRSPSRPDEB-UHFFFAOYSA-N,11.732393759822967,meta37-model
LLUQZGDMUIMPTC-UHFFFAOYSA-N,2.7634279935629373,meta37-model
VTXVGVNLYGSIAR-UHFFFAOYSA-N,0.3979400086720376,meta37-model
QAHFOPIILNICLA-UHFFFAOYSA-N,8.710793023032346,GuthrieSolv-reconciled
IRLSKJITMWPWNY-UHFFFAOYSA-N,3.0791812460476247,meta37-model
VXARVYMIZCGZGG-UHFFFAOYSA-N,-2.5087159473474427,GuthrieSolv-reconciled
BSFHJMGROOFSRA-UHFFFAOYSA-N,2.977723605288848,meta37-model
OKANYBNORCUPKZ-UHFFFAOYSA-N,3.9190780923760737,meta37-model
XTFIVUDBNACUBN-UHFFFAOYSA-N,4.641967483004261,GuthrieSolv-reconciled
DOIRQSBPFJWKBE-UHFFFAOYSA-N,4.01159593456025,GuthrieSolv-reconciled
LKJPSUCKSLORMF-UHFFFAOYSA-N,5.575346629224003,GuthrieSolv-reconciled
RHMZKSWPMYAOAZ-UHFFFAOYSA-N,3.8080836036681824,GuthrieSolv-reconciled
DHDBTLFALXRTLB-UHFFFAOYSA-N,1.3424226808222062,meta37-model
KQBFUDNJKCZEDQ-UHFFFAOYSA-N,2.4469731416130047,GuthrieSolv-reconciled
JNTOKFNBDFMTIV-UHFFFAOYSA-N,1.2842148369054782,GuthrieSolv-reconciled
NSKIRYMHNFTRLR-UHFFFAOYSA-N,3.9452363615008936,GuthrieSolv-reconciled
GBAWQJNHVWMTLU-UHFFFAOYSA-N,5.053679370498941,GuthrieSolv-reconciled
HCAUQPZEWLULFJ-UHFFFAOYSA-N,5.076513457624432,GuthrieSolv-reconciled
ZMEDGZAGMLTROM-UHFFFAOYSA-N,-2.5382341329651212,GuthrieSolv-reconciled
YLAYOOJLJKJGCF-UHFFFAOYSA-N,1.8641968209256299,GuthrieSolv-reconciled
JGPJRBWLBUGAQN-UHFFFAOYSA-N,0.04686456916299537,GuthrieSolv-reconciled
HRGPYCVTDOECMG-UHFFFAOYSA-N,0.7993405494535817,meta37-model
QPQKUYVSJWQSDY-UHFFFAOYSA-N,2.46539279214474,GuthrieSolv-reconciled
ADIMAYPTOBDMTL-UHFFFAOYSA-N,7.643452676486188,meta37-model
GWESVXSMPKAFAS-UHFFFAOYSA-N,-4.082406960479956,GuthrieSolv-reconciled
CGNIOVDMKMGGSL-UHFFFAOYSA-N,5.754752748348173,GuthrieSolv-reconciled
WZNAMGYIQPAXDH-UHFFFAOYSA-N,2.041392685158225,meta37-model
GUMCAKKKNKYFEB-UHFFFAOYSA-N,4.505149978319906,meta37-model
QUIMTLZDMCNYGY-UHFFFAOYSA-N,2.880813592280792,meta37-model
SFIQHFBITUEIBP-UHFFFAOYSA-N,3.0791812460476247,meta37-model
YRYFQXDUMYOCJQ-UHFFFAOYSA-N,7.2795153648321795,GuthrieSolv-reconciled
HOYRZHJJAHRMLL-UHFFFAOYSA-N,5.4834309945978505,GuthrieSolv-reconciled
FCOAHACKGGIURQ-UHFFFAOYSA-N,5.76149724599787,GuthrieSolv-reconciled
OKIYQFLILPKULA-UHFFFAOYSA-N,-1.6020599913279625,meta37-model
CDOSHBSSFJOMGT-UHFFFAOYSA-N,3.3521176453103716,GuthrieSolv-reconciled
SWQJXJOGLNCZEY-UHFFFAOYSA-N,-2.028314760037526,GuthrieSolv-reconciled
MOIPGXQKZSZOQX-UHFFFAOYSA-N,2.724275869600789,meta37-model
SSGYCIQAXNQIBC-UHFFFAOYSA-N,3.0791812460476247,meta37-model
RWRDLPDLKQPQOW-UHFFFAOYSA-N,3.925145989699292,GuthrieSolv-reconciled
ARXKVVRQIIOZGF-UHFFFAOYSA-N,12.863322860120457,meta37-model
ZHKKNUKCXPWZOP-UHFFFAOYSA-N,-2.877908887945162,GuthrieSolv-reconciled
PLUBXMRUUVWRLT-UHFFFAOYSA-N,4.9040700245700295,GuthrieSolv-reconciled
PKQWGBLKCJIMDP-UHFFFAOYSA-N,4.414973347970818,meta37-model
ZCNQYNHDVRPZIH-UHFFFAOYSA-N,5.76440664319083,GuthrieSolv-reconciled
VEXZGXHMUGYJMC-UHFFFAOYSA-N,7.559012278699511,GuthrieSolv-reconciled
SYSBNFJJSJLZMM-UHFFFAOYSA-N,1.462397997898956,meta37-model
QGLBZNZGBLRJGS-UHFFFAOYSA-N,5.842400923311255,GuthrieSolv-reconciled
QHTJSSMHBLGUHV-UHFFFAOYSA-N,0.08469574590573527,GuthrieSolv-reconciled
XNMQEEKYCVKGBD-UHFFFAOYSA-N,-0.03597102415220963,GuthrieSolv-reconciled
DUWYZHLZDVCZIO-UHFFFAOYSA-N,15.505149978319906,meta37-model
YCAGGFXSFQFVQL-UHFFFAOYSA-N,9.57978359661681,meta37-model
AFFLGGQVNFXPEV-UHFFFAOYSA-N,-1.9982597335850723,GuthrieSolv-reconciled
LXQOQPGNCGEELI-UHFFFAOYSA-N,8.204119982655925,meta37-model
SGEJQUSYQTVSIU-UHFFFAOYSA-N,2.0,meta37-model
PZIRJMYRYORVIT-UHFFFAOYSA-N,13.755874855672491,meta37-model
SAFMWGCEQYLRLS-UHFFFAOYSA-N,3.380211241711606,meta37-model
WDBLKMRZRGLISL-UHFFFAOYSA-N,1.674854343261279,GuthrieSolv-reconciled
KDPAWGWELVVRCH-UHFFFAOYSA-N,6.568201724066995,meta37-model
VZCOFGHOKLEMPL-UHFFFAOYSA-N,3.041392685158225,meta37-model
QZCLKYGREBVARF-UHFFFAOYSA-N,7.806179973983887,meta37-model
YTKRILODNOEEPX-UHFFFAOYSA-N,0.45975318232217527,GuthrieSolv-reconciled
FJKROLUGYXJWQN-UHFFFAOYSA-N,9.531478917042255,meta37-model
PNVJTZOFSHSLTO-UHFFFAOYSA-N,4.964424731770048,GuthrieSolv-reconciled
BMTAFVWTTFSTOG-UHFFFAOYSA-N,2.438497580487037,GuthrieSolv-reconciled
RISLXYINQFKFRL-UHFFFAOYSA-N,3.3010299956639813,meta37-model
BGPPUXMKKQMWLV-UHFFFAOYSA-N,3.113943352306837,meta37-model
XDDAORKBJWWYJS-UHFFFAOYSA-N,9.643452676486188,meta37-model
MHXFWEJMQVIWDH-UHFFFAOYSA-N,1.0611658830755006,GuthrieSolv-reconciled
OQOGEOLRYAOSKO-UHFFFAOYSA-N,1.2693849228124903,GuthrieSolv-reconciled
AGPKZVBTJJNPAG-UHFFFAOYSA-N,-1.5460551774172102,GuthrieSolv-reconciled
OQHHASWHOGRCRC-UHFFFAOYSA-N,13.949390006644911,meta37-model
UGQQAJOWXNCOPY-UHFFFAOYSA-N,3.5185139398778875,meta37-model
BDAGIHXWWSANSR-UHFFFAOYSA-N,5.025503434255246,GuthrieSolv-reconciled
HNVRRHSXBLFLIG-UHFFFAOYSA-N,3.155493240762331,GuthrieSolv-reconciled
DEIGXXQKDWULML-UHFFFAOYSA-N,2.724275869600789,meta37-model
HRVUKLBFRPWXPJ-UHFFFAOYSA-N,2.783629340001369,GuthrieSolv-reconciled
GZMAAYIALGURDQ-UHFFFAOYSA-N,6.146128035678238,meta37-model
MOTZDAYCYVMXPC-UHFFFAOYSA-N,5.146128035678238,meta37-model
MULHANRBCQBHII-UHFFFAOYSA-N,6.880813592280791,meta37-model
ULDHMXUKGWMISQ-UHFFFAOYSA-N,3.0816337623895937,GuthrieSolv-reconciled
NVLPQIPTCCLBEU-UHFFFAOYSA-N,1.0413926851582251,meta37-model
RHFKNNBDKARGKL-UHFFFAOYSA-N,18.11394335230684,meta37-model
KVZJLSYJROEPSQ-OCAPTIKFSA-N,-1.1368459262377073,GuthrieSolv-reconciled
VCZQFJFZMMALHB-UHFFFAOYSA-N,-2.044257923864371,GuthrieSolv-reconciled
PWNAWOCHVWERAR-UHFFFAOYSA-N,4.052492723161229,GuthrieSolv-reconciled
XRMVWAKMXZNZIL-UHFFFAOYSA-N,2.8128915608845366,GuthrieSolv-reconciled
SUYRLXYYZQTJHF-UHFFFAOYSA-N,27.73239375982297,meta37-model
YRMLFORXOOIJDR-UHFFFAOYSA-N,4.801839841588877,GuthrieSolv-reconciled
CDBAMNGURPMUTG-UHFFFAOYSA-N,4.380211241711606,meta37-model
WMWJCKBJUQDYLM-UHFFFAOYSA-N,3.0365434176594763,GuthrieSolv-reconciled
WQONPSCCEXUXTQ-UHFFFAOYSA-N,1.3608214154810028,GuthrieSolv-reconciled
NLBLNZDNOSSGPW-UHFFFAOYSA-N,5.113943352306837,meta37-model
VMVNZNXAVJHNDJ-UHFFFAOYSA-N,0.42231691104092883,GuthrieSolv-reconciled
QLHULAHOXSSASE-UHFFFAOYSA-N,8.913813852383717,meta37-model
QQADVTSTCZBBOE-UHFFFAOYSA-N,7.297466224000393,GuthrieSolv-reconciled
SXHLTVKPNQVZGL-UHFFFAOYSA-N,1.5771038766138596,GuthrieSolv-reconciled
AUHZEENZYGFFBQ-UHFFFAOYSA-N,0.6012974283531031,GuthrieSolv-reconciled
MKIJJIMOAABWGF-UHFFFAOYSA-N,3.591064607026499,meta37-model
NRZVENBFUFCASY-UHFFFAOYSA-N,2.4771212547196626,meta37-model
RQDJADAKIFFEKQ-UHFFFAOYSA-N,5.3163587007491575,GuthrieSolv-reconciled
MVPPADPHJFYWMZ-UHFFFAOYSA-N,0.7620728287734858,GuthrieSolv-reconciled
PYZSVQVRHDXQSL-UHFFFAOYSA-N,8.633468455579587,meta37-model
GLDWASBMYWLQGG-UHFFFAOYSA-N,5.491361693834273,meta37-model
XUPYJHCZDLZNFP-UHFFFAOYSA-N,1.4959035605423079,GuthrieSolv-reconciled
BJEPYKJPYRNKOW-UHFFFAOYSA-N,14.459741043345032,GuthrieSolv-reconciled
ZAJNGDIORYACQU-UHFFFAOYSA-N,1.6521124705571408,GuthrieSolv-reconciled
RYMZZMVNJRMUDD-UHFFFAOYSA-N,7.939519252618618,meta37-model
GVEPBJHOBDJJJI-UHFFFAOYSA-N,3.2650327369915253,GuthrieSolv-reconciled
UFYNVPISRBFSHO-UHFFFAOYSA-N,2.97431905111169,GuthrieSolv-reconciled
JODWPAQNABOHDG-UHFFFAOYSA-N,1.0027859083405057,GuthrieSolv-reconciled
KSMVNVHUTQZITP-UHFFFAOYSA-N,3.1760912590556813,meta37-model
MGWAVDBGNNKXQV-UHFFFAOYSA-N,3.939519252618618,meta37-model
DSSAZLXYIQIXGW-UHFFFAOYSA-N,-2.6759855469367055,GuthrieSolv-reconciled
QDQFGVXGPSYEJU-UHFFFAOYSA-N,3.568201724066995,meta37-model
XIBXUAZIZXDFTG-UHFFFAOYSA-N,6.707570176097937,meta37-model
BHAAPTBBJKJZER-UHFFFAOYSA-N,5.375867656883313,GuthrieSolv-reconciled
MWVTWFVJZLCBMC-UHFFFAOYSA-N,6.883700127552932,GuthrieSolv-reconciled
RDQSIADLBQFVMY-UHFFFAOYSA-N,6.176091259055681,meta37-model
ALNQITUAXHHTHH-UHFFFAOYSA-N,9.687092604073685,GuthrieSolv-reconciled
WWZKQHOCKIZLMA-UHFFFAOYSA-N,4.37149807181321,GuthrieSolv-reconciled
QCWXDVFBZVHKLV-UHFFFAOYSA-N,0.2041199826559248,meta37-model
NVJUHMXYKCUMQA-UHFFFAOYSA-N,1.268043343759043,GuthrieSolv-reconciled
BNUHAJGCKIQFGE-UHFFFAOYSA-N,4.039402600098567,GuthrieSolv-reconciled
QWPPOHNGKGFGJK-UHFFFAOYSA-N,4.204119982655925,meta37-model
RRGOKSYVAZDNKR-UHFFFAOYSA-M,1.816186373851519,GuthrieSolv-reconciled
VGVHNLRUAMRIEW-UHFFFAOYSA-N,0.0,meta37-model
BUKWTHPBLJVYMZ-UHFFFAOYSA-N,6.0041272801502235,GuthrieSolv-reconciled
LSXKDWGTSHCFPP-UHFFFAOYSA-N,-0.2893749285340312,GuthrieSolv-reconciled
PPDBOQMNKNNODG-UHFFFAOYSA-N,8.204119982655925,meta37-model
SQYNKIJPMDEDEG-UHFFFAOYSA-N,3.1135490527212837,GuthrieSolv-reconciled
PHNUZKMIPFFYSO-UHFFFAOYSA-N,6.244160147370911,GuthrieSolv-reconciled
PRNCMAKCNVRZFX-UHFFFAOYSA-N,3.0791812460476247,meta37-model
OLFNXLXEGXRUOI-UHFFFAOYSA-N,13.255272505103306,meta37-model
VKYKSIONXSXAKP-UHFFFAOYSA-N,7.067263497716963,GuthrieSolv-reconciled
DOBMPNYZJYQDGZ-UHFFFAOYSA-N,11.230448921378274,meta37-model
ZVJHJDDKYZXRJI-UHFFFAOYSA-N,3.536134083756687,GuthrieSolv-reconciled
MFOUDYKPLGXPGO-UHFFFAOYSA-N,5.362953868967217,GuthrieSolv-reconciled
BCQZXOMGPXTTIC-UHFFFAOYSA-N,0.0397638113060037,GuthrieSolv-reconciled
FDCQNVKWWMNRQN-UHFFFAOYSA-N,-9.431798275933003,meta37-model
VKPSKYDESGTTFR-UHFFFAOYSA-N,-2.5850266520291822,meta37-model
GSSDZVRLQDXOPL-UHFFFAOYSA-N,3.0791812460476247,meta37-model
OKVWYBALHQFVFP-UHFFFAOYSA-N,-2.2761401458877506,GuthrieSolv-reconciled
HFACYLZERDEVSX-UHFFFAOYSA-N,9.732393759822967,meta37-model
BTMVHUNTONAYDX-UHFFFAOYSA-N,1.6366126691071448,GuthrieSolv-reconciled
CYWROHZCELEGSE-UHFFFAOYSA-N,-2.4300007423843035,GuthrieSolv-reconciled
AQZYBQIAUSKCCS-UHFFFAOYSA-N,-8.508638306165727,meta37-model
PJPYRVPMKKRTCF-UHFFFAOYSA-N,0.2514368019069433,GuthrieSolv-reconciled
MHAJPDPJQMAIIY-UHFFFAOYSA-M,4.230448921378274,meta37-model
RHUYHJGZWVXEHW-UHFFFAOYSA-N,3.1998528426426214,GuthrieSolv-reconciled
XEKTVXADUPBFOA-UHFFFAOYSA-N,0.7160033436347992,meta37-model
BTGRAWJCKBQKAO-UHFFFAOYSA-N,7.205102321020902,GuthrieSolv-reconciled
FOIBFBMSLDGNHL-UHFFFAOYSA-N,3.501393956021413,GuthrieSolv-reconciled
QRUDEWIWKLJBPS-UHFFFAOYSA-N,4.8177177321092595,GuthrieSolv-reconciled
BJRNKVDFDLYUGJ-UHFFFAOYSA-N,17.30102999566398,meta37-model
CTSLUCNDVMMDHG-UHFFFAOYSA-N,8.248704159654825,GuthrieSolv-reconciled
LAPPDPWPIZBBJY-UHFFFAOYSA-N,3.041392685158225,meta37-model
MWKULKMSBBSGTP-UHFFFAOYSA-N,1.9014873463351247,GuthrieSolv-reconciled
BWMDMTSNSXYYSP-UHFFFAOYSA-N,7.861671105418481,GuthrieSolv-reconciled
ZLAQATDNGLKIEV-UHFFFAOYSA-N,5.3728248123649625,GuthrieSolv-reconciled
POJWUDADGALRAB-UHFFFAOYSA-N,15.857332496431267,meta37-model
STSCVKRWJPWALQ-UHFFFAOYSA-N,0.3424226808222063,meta37-model
HJUFTIJOISQSKQ-UHFFFAOYSA-N,7.659534833738065,GuthrieSolv-reconciled
MUBZPKHOEPUJKR-UHFFFAOYSA-N,8.099614676397993,GuthrieSolv-reconciled
UDSAIICHUKSCKT-UHFFFAOYSA-N,16.672097857935718,meta37-model
VIUDTWATMPPKEL-UHFFFAOYSA-N,3.3641370530210373,GuthrieSolv-reconciled
HINASMOVWHGCAK-UHFFFAOYSA-N,2.342422680822206,meta37-model
HDULUCZRGGWTMZ-UHFFFAOYSA-N,1.2041199826559248,meta37-model
HJRJRUMKQCMYDL-UHFFFAOYSA-N,7.991226075692495,meta37-model
CMSMOCZEIVJLDB-UHFFFAOYSA-N,9.230448921378274,meta37-model
PXBRQCKWGAHEHS-UHFFFAOYSA-N,0.7930128255744311,GuthrieSolv-reconciled
YFNCATAIYKQPOO-UHFFFAOYSA-N,10.672097857935718,meta37-model
LXBGSDVWAMZHDD-UHFFFAOYSA-N,3.7481880270062,meta37-model
WUMGYHICFXGLAB-UHFFFAOYSA-N,4.113943352306837,meta37-model
RWLALWYNXFYRGW-UHFFFAOYSA-N,6.160176301194551,GuthrieSolv-reconciled
SGVYKUFIHHTIFL-UHFFFAOYSA-N,-2.537261954310893,GuthrieSolv-reconciled
AGUIVNYEYSCPNI-UHFFFAOYSA-N,6.959041392321094,meta37-model
TXCDCPKCNAJMEE-UHFFFAOYSA-N,2.065237815347473,GuthrieSolv-reconciled
AHHWIHXENZJRFG-UHFFFAOYSA-N,2.954681973540977,GuthrieSolv-reconciled
SNGREZUHAYWORS-UHFFFAOYSA-N,2.0624740020395316,GuthrieSolv-reconciled
AJDXXCWZGWECKS-UHFFFAOYSA-N,3.590584564987992,GuthrieSolv-reconciled
UUTNFLRSJBQQJM-UHFFFAOYSA-N,2.452632530113975,GuthrieSolv-reconciled
JBKVHLHDHHXQEQ-UHFFFAOYSA-N,8.653212513775344,meta37-model
QSHJLBQLQVSEFV-UHFFFAOYSA-N,2.041392685158225,meta37-model
WJFKNYWRSNBZNX-UHFFFAOYSA-N,5.939519252618618,meta37-model
NFGXHKASABOEEW-LDRANXPESA-N,3.5333391498584015,GuthrieSolv-reconciled
SCWPFSIZUZUCCE-UHFFFAOYSA-N,-0.011779807213102171,GuthrieSolv-reconciled
PITDPGCTIMCYEZ-UHFFFAOYSA-N,3.113943352306837,meta37-model
VDBHOHJWUDKDRW-UHFFFAOYSA-N,2.8920946026904804,meta37-model
FHIVAFMUCKRCQO-UHFFFAOYSA-N,5.192504112226424,GuthrieSolv-reconciled
CPIVYSAVIPTCCX-UHFFFAOYSA-N,1.5648561334080875,GuthrieSolv-reconciled
QEHKBHWEUPXBCW-UHFFFAOYSA-N,0.380211241711606,meta37-model
BKQICAFAUMRYLZ-UHFFFAOYSA-N,3.113943352306837,meta37-model
XLTMWFMRJZDFFD-UHFFFAOYSA-N,10.414973347970818,meta37-model
OTBXOEAOVRKTNQ-UHFFFAOYSA-N,10.959041392321094,meta37-model
MUMQYXACQUZOFP-UHFFFAOYSA-N,4.849593265196208,GuthrieSolv-reconciled
BOSAWIQFTJIYIS-UHFFFAOYSA-N,-1.0409586076789064,meta37-model
NNXHDILUOAXSPU-UHFFFAOYSA-N,0.2787536009528289,meta37-model
HARGZZNYNSYSGJ-UHFFFAOYSA-N,8.278753600952829,meta37-model
KHHBDUCOKYNSCK-UHFFFAOYSA-N,5.686568786068333,GuthrieSolv-reconciled
RFFFKMOABOFIDF-UHFFFAOYSA-N,2.5072275749933515,GuthrieSolv-reconciled
SHIBSTMRCDJXLN-UHFFFAOYSA-N,9.041392685158224,meta37-model
BBCUCNDIXLWBNQ-UHFFFAOYSA-N,3.230448921378274,meta37-model
OUYCCCASQSFEME-UHFFFAOYSA-N,4.42659809941793,GuthrieSolv-reconciled
PJGSXYOJTGTZAV-UHFFFAOYSA-N,2.0571919593915635,GuthrieSolv-reconciled
AUGQEEXBDZWUJY-UHFFFAOYSA-N,14.397940008672036,meta37-model
JTUSORDQZVOEAZ-UHFFFAOYSA-N,2.359245957912928,GuthrieSolv-reconciled
MUMGGOZAMZWBJJ-UHFFFAOYSA-N,6.845098040014257,meta37-model
XKJMBINCVNINCA-UHFFFAOYSA-N,6.47166425334468,GuthrieSolv-reconciled
WMLPCIHUFDKWJU-UHFFFAOYSA-N,11.528012583429968,GuthrieSolv-reconciled
WYWZRNAHINYAEF-UHFFFAOYSA-N,3.785329835010767,meta37-model
LFHISGNCFUNFFM-UHFFFAOYSA-N,1.0355136796552094,GuthrieSolv-reconciled
IIPZYDQGBIWLBU-UHFFFAOYSA-N,3.481332369647263,GuthrieSolv-reconciled
OHMBHFSEKCCCBW-UHFFFAOYSA-N,7.531478917042255,meta37-model
ROVGZAWFACYCSP-UHFFFAOYSA-N,2.7481880270062,meta37-model
NQRYJNQNLNOLGT-UHFFFAOYSA-N,3.6533968601495705,GuthrieSolv-reconciled
ULSLJYXHZDTLQK-UHFFFAOYSA-N,11.6232492903979,meta37-model
BXPMAGSOWXBZHS-UHFFFAOYSA-N,7.292116615225691,GuthrieSolv-reconciled
YYLLIJHXUHJATK-UHFFFAOYSA-N,3.0808746303674956,GuthrieSolv-reconciled
VGPIBGGRCVEHQZ-UHFFFAOYSA-N,10.564347071223628,GuthrieSolv-reconciled
FZSVSABTBYGOQH-UHFFFAOYSA-N,6.342448079165644,GuthrieSolv-reconciled
VHRSUDSXCMQTMA-UHFFFAOYSA-N,5.832508912706237,meta37-model
MUPPEBVXFKNMCI-UHFFFAOYSA-N,2.724275869600789,meta37-model
SODKTKJZYBOMMT-UHFFFAOYSA-N,3.0791812460476247,meta37-model
UZMOXNBUTMPDCX-UHFFFAOYSA-N,0.0,meta37-model
VHQJZOFUPXEZQZ-UHFFFAOYSA-N,3.204119982655925,meta37-model
OBCSAIDCZQSFQH-UHFFFAOYSA-N,7.518513939877887,meta37-model
GAWAYYRQGQZKCR-UHFFFAOYSA-N,4.973127853599698,meta37-model
WWJZWCUNLNYYAU-UHFFFAOYSA-N,7.079181246047625,meta37-model
BZMIHNKNQJJVRO-UHFFFAOYSA-N,5.551173246078002,GuthrieSolv-reconciled
HZDIJTXDRLNTIS-UHFFFAOYSA-N,5.3979400086720375,meta37-model
DNIAPMSPPWPWGF-UHFFFAOYSA-N,6.303885909593006,GuthrieSolv-reconciled
RZVAJINKPMORJF-UHFFFAOYSA-N,7.428854076104226,GuthrieSolv-reconciled
FIAHOPQKBBASOY-UHFFFAOYSA-N,-5.200659450546418,meta37-model
WKBPZYKAUNRMKP-UHFFFAOYSA-N,6.173726246953996,GuthrieSolv-reconciled
PXOZAFXVEWKXED-UHFFFAOYSA-N,9.040434654648044,GuthrieSolv-reconciled
ZDPIZLCVJAAHHR-UHFFFAOYSA-N,7.380211241711606,meta37-model
IPPYBNCEPZCLNI-UHFFFAOYSA-N,6.740362689494244,meta37-model
OKXVARYIKDXAEO-UHFFFAOYSA-N,2.832508912706236,meta37-model
SFLSHLFXELFNJZ-UHFFFAOYSA-N,16.88081359228079,meta37-model
KENZYIHFBRWMOD-UHFFFAOYSA-N,2.248871634012816,GuthrieSolv-reconciled
JYFHYPJRHGVZDY-UHFFFAOYSA-N,6.755874855672492,meta37-model
ZEMGGZBWXRYJHK-UHFFFAOYSA-N,5.807277898627449,GuthrieSolv-reconciled
CITMYAMXIZQCJD-UHFFFAOYSA-N,1.8664192975580773,GuthrieSolv-reconciled
LRNJHZNPJSPMGK-UHFFFAOYSA-N,3.6487951421190052,GuthrieSolv-reconciled
COYBRKAVBMYYSF-UHFFFAOYSA-N,5.828093814557448,GuthrieSolv-reconciled
NRLWLQUJUTWEJD-UHFFFAOYSA-N,-3.3333660357586066,GuthrieSolv-reconciled
VAOCPAMSLUNLGC-UHFFFAOYSA-N,9.146128035678238,meta37-model
SMDHCQAYESWHAE-UHFFFAOYSA-N,2.0180564228001514,GuthrieSolv-reconciled
ZSPAPWGNAGTCCA-UHFFFAOYSA-N,3.505149978319906,meta37-model
WQEPLUUGTLDZJY-UHFFFAOYSA-N,3.009779433008271,GuthrieSolv-reconciled
AHBGIHFKTBTQJP-UHFFFAOYSA-N,1.2902238368493277,GuthrieSolv-reconciled
WDLTVNWWEZJMPF-UHFFFAOYSA-N,2.5817546057891447,GuthrieSolv-reconciled
JHBVPKZLIBDTJR-UHFFFAOYSA-N,1.662757831681574,meta37-model
AQIXAKUUQRKLND-UHFFFAOYSA-N,13.414973347970818,meta37-model
NIXKBAZVOQAHGC-UHFFFAOYSA-N,7.380211241711606,meta37-model
CCCIYAQYQZQDIZ-UHFFFAOYSA-N,1.9590413923210936,meta37-model
ANSXAPJVJOKRDJ-UHFFFAOYSA-N,6.518513939877887,meta37-model
HWSSEYVMGDIFMH-UHFFFAOYSA-N,10.146128035678238,meta37-model
WHKUVVPPKQRRBV-UHFFFAOYSA-N,7.362929673860702,GuthrieSolv-reconciled
SYUHGPGVQRZVTB-UHFFFAOYSA-N,-0.623214074911155,GuthrieSolv-reconciled
BBPLSOGERZQYQC-UHFFFAOYSA-N,2.633468455579586,meta37-model
IOJUPLGTWVMSFF-UHFFFAOYSA-N,4.819543935541868,meta37-model
WOBHKFSMXKNTIM-UHFFFAOYSA-N,6.724275869600789,meta37-model
ZXCYIJGIGSDJQQ-UHFFFAOYSA-N,6.913813852383717,meta37-model
REEQLXCGVXDJSQ-UHFFFAOYSA-N,7.3134637354408865,GuthrieSolv-reconciled
XORVNHCKWFPDLN-UHFFFAOYSA-N,1.674854343261279,GuthrieSolv-reconciled
GCFDWHIKRXCUPJ-UHFFFAOYSA-N,3.1760912590556813,meta37-model
WUOACPNHFRMFPN-UHFFFAOYSA-N,3.809078122669355,GuthrieSolv-reconciled
AMQJEAYHLZJPGS-UHFFFAOYSA-N,3.1978701899254682,GuthrieSolv-reconciled
CBCKQZAAMUWICA-UHFFFAOYSA-N,7.568201724066995,meta37-model
VVQNEPGJFQJSBK-UHFFFAOYSA-N,1.8609061824623072,GuthrieSolv-reconciled
ZZUFCTLCJUWOSV-UHFFFAOYSA-N,13.799340549453582,meta37-model
LDZLXQFDGRCELX-UHFFFAOYSA-N,4.230448921378274,meta37-model
VOXZDWNPVJITMN-UHFFFAOYSA-N,8.832508912706237,meta37-model
WYKYKTKDBLFHCY-UHFFFAOYSA-N,8.226034469569553,GuthrieSolv-reconciled
YXMYPHLWXBXNFF-UHFFFAOYSA-N,4.361727836017593,meta37-model
OHLUUHNLEMFGTQ-UHFFFAOYSA-N,7.222365775719241,GuthrieSolv-reconciled
AKQMZZOTFNLAQJ-UHFFFAOYSA-N,-2.4884678021376785,GuthrieSolv-reconciled
HYTRYEXINDDXJK-UHFFFAOYSA-N,2.142863389701922,GuthrieSolv-reconciled
LGIRBUBHIWTVCK-UHFFFAOYSA-N,-0.2146701649892329,meta37-model
FXNDIJDIPNCZQJ-UHFFFAOYSA-N,-1.495253172487307,GuthrieSolv-reconciled
QALGVLROELGEEM-UHFFFAOYSA-N,-2.5185553435431136,GuthrieSolv-reconciled
QHJMFSMPSZREIF-UHFFFAOYSA-N,1.747305097773259,GuthrieSolv-reconciled
MYMOFIZGZYHOMD-UHFFFAOYSA-N,-1.5359376151162496,GuthrieSolv-reconciled
ZYURHZPYMFLWSH-UHFFFAOYSA-N,-4.853871964321762,meta37-model
XIFFTDRFWYFAPO-UHFFFAOYSA-N,0.8324317926695587,GuthrieSolv-reconciled
OJMMVQQUTAEWLP-UHFFFAOYSA-N,20.913813852383715,meta37-model
XZYCSFIRWAPGJV-UHFFFAOYSA-N,1.083122235258396,GuthrieSolv-reconciled
GOCVCBDBQYEFQD-UHFFFAOYSA-N,1.7075701760979365,meta37-model
RKUAZJIXKHPFRK-UHFFFAOYSA-N,1.380211241711606,meta37-model
DGFBULNMARLFTH-UHFFFAOYSA-N,3.097254760322588,GuthrieSolv-reconciled
BLAYIQLVUNIICD-UHFFFAOYSA-N,1.9634705021578944,GuthrieSolv-reconciled
CKKOVFGIBXCEIJ-UHFFFAOYSA-N,3.230448921378274,meta37-model
HVGZQCSMLUDISR-UHFFFAOYSA-N,2.9912260756924947,meta37-model
DYAHQFWOVKZOOW-UHFFFAOYSA-N,4.633468455579586,meta37-model
MBDOYVRWFFCFHM-SNAWJCMRSA-N,2.6202298328212157,GuthrieSolv-reconciled
KHZRTXVUEZJYNE-UHFFFAOYSA-N,10.81954393554187,meta37-model
WDCYWAQPCXBPJA-UHFFFAOYSA-N,5.62030907173267,GuthrieSolv-reconciled
VEMKTZHHVJILDY-UHFFFAOYSA-N,5.282976501580024,GuthrieSolv-reconciled
RNTWWGNZUXGTAX-UHFFFAOYSA-N,-2.0315170514460648,meta37-model
LQDARGUHUSPFNL-UHFFFAOYSA-N,6.763427993562937,meta37-model
GJBRNHKUVLOCEB-UHFFFAOYSA-N,2.0791812460476247,meta37-model
JHELOZJAKXYVBE-UHFFFAOYSA-N,4.346329725490451,GuthrieSolv-reconciled
VZUNGTLZRAYYDE-UHFFFAOYSA-N,10.30102999566398,meta37-model
IDKMFABKPPHDBI-UHFFFAOYSA-N,4.556302500767287,meta37-model
BXGYBSJAZFGIPX-UHFFFAOYSA-N,8.204119982655925,meta37-model
CYNYIHKIEHGYOZ-UHFFFAOYSA-N,0.36726155611519745,GuthrieSolv-reconciled
SAHIWKUIJWWKJX-UHFFFAOYSA-M,8.06573425051757,GuthrieSolv-reconciled
XOBKSJJDNFUZPF-UHFFFAOYSA-N,1.4797814351530727,GuthrieSolv-reconciled
YYVYAPXYZVYDHN-UHFFFAOYSA-N,9.730633704499787,GuthrieSolv-reconciled
JYGXADMDTFJGBT-UHFFFAOYSA-N,5.623249290397901,meta37-model
CAYGQBVSOZLICD-UHFFFAOYSA-N,2.873598176436234,GuthrieSolv-reconciled
WQZGKKKJIJFFOK-UHFFFAOYSA-N,10.760298253059993,GuthrieSolv-reconciled
MBIKGWNDTKNWRZ-UHFFFAOYSA-N,2.845680153668656,GuthrieSolv-reconciled
SYTBZMRGLBWNTM-UHFFFAOYSA-N,3.8297904191579164,GuthrieSolv-reconciled
ARXJGSRGQADJSQ-UHFFFAOYSA-N,4.291899975733501,GuthrieSolv-reconciled
LNWWQYYLZVZXKS-UHFFFAOYSA-N,7.039731387832245,GuthrieSolv-reconciled
OHXAOPZTJOUYKM-UHFFFAOYSA-N,0.4504232269236241,GuthrieSolv-reconciled
CBOQJANXLMLOSS-UHFFFAOYSA-N,7.477121254719663,meta37-model
HPGJOUYGWKFYQW-UHFFFAOYSA-N,5.897627091290442,meta37-model
IQGKIPDJXCAMSM-UHFFFAOYSA-N,8.970946060732313,GuthrieSolv-reconciled
CZIHNRWJTSTCEX-UHFFFAOYSA-N,8.113943352306837,meta37-model
FPPLREPCQJZDAQ-UHFFFAOYSA-N,5.913813852383717,meta37-model
UAOMVDZJSHZZME-UHFFFAOYSA-N,2.2900305815103565,GuthrieSolv-reconciled
BUAXMSGDEZZOJD-UHFFFAOYSA-N,1.7979258111655516,GuthrieSolv-reconciled
OPXOAENGHZNGBT-UHFFFAOYSA-M,3.8297261072068185,GuthrieSolv-reconciled
SSNXYMVLSOMJLU-UHFFFAOYSA-N,0.7521520499429927,GuthrieSolv-reconciled
NPQPNSNHYJTUSA-UHFFFAOYSA-N,3.278753600952829,meta37-model
DMYHGDXADUDKCQ-UHFFFAOYSA-N,5.6059730499454155,GuthrieSolv-reconciled
WKBOTKDWSSQWDR-UHFFFAOYSA-N,1.462397997898956,meta37-model
RTUZOQFRIPIWPS-UHFFFAOYSA-N,4.959041392321094,meta37-model
SUSQOBVLVYHIEX-UHFFFAOYSA-N,2.230448921378274,meta37-model
FHZMAAGOSXDIBJ-UHFFFAOYSA-N,10.041392685158224,meta37-model
YNWVFADWVLCOPU-MAUPQMMJSA-N,3.9031712281534423,GuthrieSolv-reconciled
CFXQEHVMCRXUSD-UHFFFAOYSA-N,1.7223738058210403,GuthrieSolv-reconciled
TUXJTJITXCHUEL-UHFFFAOYSA-N,6.066644250997556,GuthrieSolv-reconciled
RIZMRRKBZQXFOY-UHFFFAOYSA-N,4.543195051184017,GuthrieSolv-reconciled
RBAJFFLBHVZCDY-UHFFFAOYSA-N,5.041392685158225,meta37-model
PXBFMLJZNCDSMP-UHFFFAOYSA-N,10.491361693834271,meta37-model
RYKZRKKEYSRDNF-UHFFFAOYSA-N,-1.1754851798754167,GuthrieSolv-reconciled
AHTPATJNIAFOLR-UHFFFAOYSA-N,11.050082996385674,GuthrieSolv-reconciled
BLXSFCHWMBESKV-UHFFFAOYSA-N,0.04374682299830601,GuthrieSolv-reconciled
VJOWMORERYNYON-UHFFFAOYSA-N,3.7481880270062,meta37-model
YTZKOQUCBOVLHL-UHFFFAOYSA-N,0.2728987225135551,GuthrieSolv-reconciled
SNTRKUOVAPUGAY-UHFFFAOYSA-N,3.939519252618618,meta37-model
VLBZAQJMGULJIU-UHFFFAOYSA-N,8.568201724066995,meta37-model
JPUIYNHIEXIFMV-UHFFFAOYSA-N,3.322219294733919,meta37-model
VONWDASPFIQPDY-UHFFFAOYSA-N,4.278753600952829,meta37-model
KRKNYBCHXYNGOX-UHFFFAOYSA-N,19.86332286012045,meta37-model
CVYZVNVPQRKDLW-UHFFFAOYSA-N,3.326442729136647,GuthrieSolv-reconciled
BXEHUCNTIZGSOJ-UHFFFAOYSA-N,4.535430446385543,GuthrieSolv-reconciled
RQFUZUMFPRMVDX-UHFFFAOYSA-N,5.107727550919855,GuthrieSolv-reconciled
HUKPVYBUJRAUAG-UHFFFAOYSA-N,5.568201724066995,meta37-model
CIFWZNRJIBNXRE-UHFFFAOYSA-N,5.944599995007105,GuthrieSolv-reconciled
UGWALRUNBSBTGI-UHFFFAOYSA-N,7.4623979978989565,meta37-model
UMIPWJGWASORKV-UHFFFAOYSA-N,-0.5551233176547758,GuthrieSolv-reconciled
JECYUBVRTQDVAT-UHFFFAOYSA-N,3.6395143083088337,GuthrieSolv-reconciled
DIBYIHMYEPMGKC-UHFFFAOYSA-N,1.674854343261278,GuthrieSolv-reconciled
CONWAEURSVPLRM-UHFFFAOYSA-N,5.655640115105923,GuthrieSolv-reconciled
PPDZLUVUQQGIOJ-UHFFFAOYSA-N,1.0413926851582251,meta37-model
YCIYTXRUZSDMRZ-UHFFFAOYSA-N,2.5494569707916157,GuthrieSolv-reconciled
VKCYHJWLYTUGCC-UHFFFAOYSA-N,1.75876688731964,GuthrieSolv-reconciled
MBNGWHIJMBWFHU-UHFFFAOYSA-N,15.913813852383717,meta37-model
XWKFPIODWVPXLX-UHFFFAOYSA-N,3.3686198919752006,GuthrieSolv-reconciled
WGYKZJWCGVVSQN-UHFFFAOYSA-N,3.1384658062935227,GuthrieSolv-reconciled
YGJHZCLPZAZIHH-UHFFFAOYSA-N,3.371131274946612,GuthrieSolv-reconciled
DMHIJUVUPKCGLJ-UHFFFAOYSA-N,3.230448921378274,meta37-model
FEYJIFXFOHFGCC-UHFFFAOYSA-N,2.041392685158225,meta37-model
AHZUOPSGLWYCNF-UHFFFAOYSA-N,0.9684829485539352,meta37-model
ROORDVPLFPIABK-UHFFFAOYSA-N,2.462397997898956,meta37-model
DNXHEGUUPJUMQT-UHFFFAOYSA-N,7.806179973983887,meta37-model
ALFHIHDQSYXSGP-UHFFFAOYSA-N,2.0937654403782235,GuthrieSolv-reconciled
ZSDSQXJSNMTJDA-UHFFFAOYSA-N,2.464644061915426,GuthrieSolv-reconciled
RUOJZAUFBMNUDX-UHFFFAOYSA-N,5.4288162685252,GuthrieSolv-reconciled
JCXJVPUVTGWSNB-UHFFFAOYSA-N,-0.619788758288394,meta37-model
YYJNOYZRYGDPNH-UHFFFAOYSA-N,4.278753600952829,meta37-model
DBZJJPROPLPMSN-UHFFFAOYSA-N,16.041392685158225,meta37-model
HPEUJPJOZXNMSJ-UHFFFAOYSA-N,0.9520793198497577,GuthrieSolv-reconciled
HVZJRWJGKQPSFL-UHFFFAOYSA-N,1.4725073631507737,GuthrieSolv-reconciled
QSGNQELHULIMSJ-UHFFFAOYSA-N,5.788409180041894,GuthrieSolv-reconciled
IYGVHNHWORPMFU-UHFFFAOYSA-N,3.380211241711606,meta37-model
KVMPUXDNESXNOH-UHFFFAOYSA-N,5.612783856719736,meta37-model
OSVXSBDYLRYLIG-UHFFFAOYSA-N,1.3979400086720375,meta37-model
NBVXSUQYWXRMNV-UHFFFAOYSA-N,0.10763130660376713,GuthrieSolv-reconciled
MIHADVKEHAFNPG-UHFFFAOYSA-N,9.662757831681574,meta37-model
HOWGUJZVBDQJKV-UHFFFAOYSA-N,-3.886056647693163,meta37-model
XFNJYAKDBJUJAJ-UHFFFAOYSA-N,1.3520992454113057,GuthrieSolv-reconciled
FRCHKSNAZZFGCA-UHFFFAOYSA-N,-0.1366771398795441,meta37-model
NMOALOSNPWTWRH-UHFFFAOYSA-N,0.3979400086720376,meta37-model
ZVFHTYGIYIXYOJ-UHFFFAOYSA-N,1.8357948149753944,GuthrieSolv-reconciled
BGQHJKADBZPYGJ-UHFFFAOYSA-N,-0.3767507096020995,meta37-model
DIRFUJHNVNOBMY-UHFFFAOYSA-N,5.604551191337768,GuthrieSolv-reconciled
HILNUELUDBMBJQ-UHFFFAOYSA-N,0.0,meta37-model
FSGNOVKGEXRRHD-UHFFFAOYSA-N,7.414973347970818,meta37-model
JOYRKODLDBILNP-UHFFFAOYSA-N,5.9108066914908655,GuthrieSolv-reconciled
VHQCMZLPHWGUDB-UHFFFAOYSA-N,2.568201724066995,meta37-model
WZRKSPFYXUXINF-UHFFFAOYSA-N,1.505149978319906,meta37-model
ANIAQSUBRGXWLS-UHFFFAOYSA-N,3.3092644205941664,GuthrieSolv-reconciled
HTSABYAWKQAHBT-UHFFFAOYSA-N,3.7711642182042686,GuthrieSolv-reconciled
ZZLCFHIKESPLTH-UHFFFAOYSA-N,1.6020599913279625,meta37-model
HLQDGCWIOSOMDP-UHFFFAOYSA-N,1.429633278114211,GuthrieSolv-reconciled
OBNCKNCVKJNDBV-UHFFFAOYSA-N,1.7675624980452993,GuthrieSolv-reconciled
XMRMVBVJGSKMEN-UHFFFAOYSA-N,3.716003343634799,meta37-model
XKQUAQGQLZDDBV-UHFFFAOYSA-N,1.8168602642705207,GuthrieSolv-reconciled
KPSSIOMAKSHJJG-UHFFFAOYSA-N,2.6292899487020445,GuthrieSolv-reconciled
RKEHLKXRUVUBJN-UHFFFAOYSA-N,4.32221929473392,meta37-model
NHDODQWIKUYWMW-UHFFFAOYSA-N,1.1822598353083644,GuthrieSolv-reconciled
YGDPIDTZOQGPAX-UHFFFAOYSA-N,0.6434526764861874,meta37-model
GNEVIACKFGQMHB-UHFFFAOYSA-N,1.505149978319906,meta37-model
OEYGTUAKNZFCDJ-UHFFFAOYSA-N,-2.2676062401770314,meta37-model
LVZWSLJZHVFIQJ-UHFFFAOYSA-N,-0.5876212931057694,GuthrieSolv-reconciled
JCKYGMPEJWAADB-UHFFFAOYSA-N,7.959041392321094,meta37-model
GUCFBWGWRCILHN-UHFFFAOYSA-N,1.0286805486536903,GuthrieSolv-reconciled
ONUFESLQCSAYKA-UHFFFAOYSA-N,8.201559136621919,GuthrieSolv-reconciled
WRZOMWDJOLIVQP-UHFFFAOYSA-N,4.204119982655925,meta37-model
PSABUFWDVWCFDP-UHFFFAOYSA-N,-2.3316066486965084,GuthrieSolv-reconciled
DTGKSKDOIYIVQL-UHFFFAOYSA-N,3.4302185827308795,GuthrieSolv-reconciled
FKNQCJSGGFJEIZ-UHFFFAOYSA-N,3.521603817456008,GuthrieSolv-reconciled
URLKBWYHVLBVBO-UHFFFAOYSA-N,0.5392779925335017,GuthrieSolv-reconciled
CRNIHJHMEQZAAS-UHFFFAOYSA-N,-3.0822092363165257,GuthrieSolv-reconciled
XEFUJGURFLOFAN-UHFFFAOYSA-N,2.278753600952829,meta37-model
QJPJQTDYNZXKQF-UHFFFAOYSA-N,1.4060337230241347,GuthrieSolv-reconciled
PCNWBUOSTLGPMI-UHFFFAOYSA-N,5.3979400086720375,meta37-model
BAYAKMPRFGNNFW-UHFFFAOYSA-N,2.9408073657155973,GuthrieSolv-reconciled
UQDUPQYQJKYHQI-UHFFFAOYSA-N,2.3234815639467947,GuthrieSolv-reconciled
YSHMQTRICHYLGF-UHFFFAOYSA-N,3.188712641965567,GuthrieSolv-reconciled
FAHIPPHRJJJQOG-UHFFFAOYSA-N,3.57978359661681,meta37-model
HBGGXOJOCNVPFY-UHFFFAOYSA-N,4.156367492481314,GuthrieSolv-reconciled
TVRGPOFMYCMNRB-UHFFFAOYSA-N,14.204119982655923,meta37-model
UOSHUBFBCPGQAY-UHFFFAOYSA-N,6.913813852383717,meta37-model
LIKMAJRDDDTEIG-UHFFFAOYSA-N,-1.2531083356378854,GuthrieSolv-reconciled
NEZONWMXZKDMKF-UHFFFAOYSA-N,12.462397997898956,meta37-model
ROFVEXUMMXZLPA-UHFFFAOYSA-N,7.653212513775344,meta37-model
XQNAUQUKWRBODG-UHFFFAOYSA-N,-0.9123116196640003,GuthrieSolv-reconciled
WRBHKVWLEIYLDZ-UHFFFAOYSA-N,-2.597270477348625,GuthrieSolv-reconciled
AEMFNILZOJDQLW-UHFFFAOYSA-N,5.819543935541868,meta37-model
QAYICIQNSGETAS-UHFFFAOYSA-N,7.5281297694153695,GuthrieSolv-reconciled
BASMANVIUSSIIM-UHFFFAOYSA-N,1.2041199826559248,meta37-model
FBOGSWRRYABFKU-UHFFFAOYSA-N,5.735732792420663,GuthrieSolv-reconciled
FLAQQSHRLBFIEZ-UHFFFAOYSA-N,11.462397997898956,meta37-model
NRBNBYFPJCCKTO-UHFFFAOYSA-N,1.505149978319906,meta37-model
CERQOIWHTDAKMF-UHFFFAOYSA-N,4.701562059011839,GuthrieSolv-reconciled
JMMZCWZIJXAGKW-UHFFFAOYSA-N,-1.1851531477938715,GuthrieSolv-reconciled
ZVFDTKUVRCTHQE-UHFFFAOYSA-N,4.2821807210807155,GuthrieSolv-reconciled
PAYFWJAKKLILIT-UHFFFAOYSA-N,3.203766920412915,GuthrieSolv-reconciled
KMTRUDSVKNLOMY-UHFFFAOYSA-N,1.9493900066449128,meta37-model
YKNWIILGEFFOPE-UHFFFAOYSA-N,-4.443697499232712,meta37-model
SWJPEBQEEAHIGZ-UHFFFAOYSA-N,1.6191752233381151,GuthrieSolv-reconciled
WUKDMTQXKGFHBU-UHFFFAOYSA-N,5.411137864070967,GuthrieSolv-reconciled
GYZLOYUZLJXAJU-UHFFFAOYSA-N,6.278753600952829,meta37-model
ONKUXPIBXRRIDU-UHFFFAOYSA-N,3.735530955358554,GuthrieSolv-reconciled
ORTVZLZNOYNASJ-UHFFFAOYSA-N,5.919078092376074,meta37-model
WQOXQRCZOLPYPM-UHFFFAOYSA-N,1.277147362799454,GuthrieSolv-reconciled
HOAAQUNESXYFDT-UHFFFAOYSA-N,-2.498876550164361,GuthrieSolv-reconciled
YCLUIPQDHHPDJJ-UHFFFAOYSA-N,-0.8239087409443188,meta37-model
RYUJRXVZSJCHDZ-UHFFFAOYSA-N,4.748188027006201,meta37-model
DVWSXZIHSUZZKJ-UHFFFAOYSA-N,2.838849090737255,meta37-model
FCUOIGTWJDBTHR-UHFFFAOYSA-N,3.146128035678238,meta37-model
XGWIJUOSCAQSSV-UHFFFAOYSA-N,5.843397337743475,GuthrieSolv-reconciled
CEUORZQYGODEFX-UHFFFAOYSA-N,15.380211241711606,meta37-model
FSAVDKDHPDSCTO-UHFFFAOYSA-N,5.924279286061882,meta37-model
FSAVDKDHPDSCTO-WQLSENKSSA-N,6.061033993766994,GuthrieSolv-reconciled
OSDWBNJEKMUWAV-UHFFFAOYSA-N,0.37300904355678505,GuthrieSolv-reconciled
ZPQAKYPOZRXKFA-UHFFFAOYSA-N,1.9734691618436841,GuthrieSolv-reconciled
SBZXBUIDTXKZTM-UHFFFAOYSA-N,4.672097857935717,meta37-model
NQQVFXUMIDALNH-UHFFFAOYSA-N,8.616274020024907,GuthrieSolv-reconciled
BGHCVCJVXZWKCC-UHFFFAOYSA-N,-2.416955001205542,GuthrieSolv-reconciled
MCWXGJITAZMZEV-UHFFFAOYSA-N,8.26092123672623,GuthrieSolv-reconciled
YAHNWSSFXMVPOU-UHFFFAOYSA-N,2.036366679328763,GuthrieSolv-reconciled
NRFQZTCQAYEXEE-UHFFFAOYSA-N,2.3519183956393936,GuthrieSolv-reconciled
KMKWGXGSGPYISJ-UHFFFAOYSA-N,11.690196080028514,meta37-model
RMBFBMJGBANMMK-UHFFFAOYSA-N,5.404477069549702,GuthrieSolv-reconciled
UHHYOKRQTQBKSB-UHFFFAOYSA-N,0.10552992291459146,GuthrieSolv-reconciled
IDNUEBSJWINEMI-UHFFFAOYSA-N,1.591064607026499,meta37-model
UOYRABPBVGDJLW-UHFFFAOYSA-N,3.431363764158988,meta37-model
LVGUZGTVOIAKKC-UHFFFAOYSA-N,-0.3342412365589079,GuthrieSolv-reconciled
MTZQAGJQAFMTAQ-UHFFFAOYSA-N,2.5884358553803426,GuthrieSolv-reconciled
WRNGAZFESPEMCN-UHFFFAOYSA-N,3.921652302398325,GuthrieSolv-reconciled
HHVIBTZHLRERCL-UHFFFAOYSA-N,1.0791812460476249,meta37-model
DLRJIFUOBPOJNS-UHFFFAOYSA-N,1.5672846878395188,GuthrieSolv-reconciled
AAOVKJBEBIDNHE-UHFFFAOYSA-N,6.832508912706237,meta37-model
DGEZNRSVGBDHLK-UHFFFAOYSA-N,8.44715803134222,meta37-model
NMRPBPVERJPACX-UHFFFAOYSA-N,2.432724950641863,GuthrieSolv-reconciled
ACWBQPMHZXGDFX-UHFFFAOYSA-N,15.897627091290442,meta37-model
ZYVYEJXMYBUCMN-UHFFFAOYSA-N,0.9978966822566312,GuthrieSolv-reconciled
JLYXXMFPNIAWKQ-UHFFFAOYSA-N,4.01684973226239,GuthrieSolv-reconciled
VSKSUBSGORDMQX-UHFFFAOYSA-N,2.981462163298865,GuthrieSolv-reconciled
XKVLZBNEPALHIO-UHFFFAOYSA-N,0.3424226808222063,meta37-model
XCSGPAVHZFQHGE-UHFFFAOYSA-N,5.805834825828145,GuthrieSolv-reconciled
DHXVGJBLRPWPCS-UHFFFAOYSA-N,2.2165864963919986,GuthrieSolv-reconciled
DOGIHOCMZJUJNR-UHFFFAOYSA-N,-2.573187612729369,GuthrieSolv-reconciled
JWAZRIHNYRIHIV-UHFFFAOYSA-N,5.830211790215146,GuthrieSolv-reconciled
FKUPPRZPSYCDRS-UHFFFAOYSA-N,0.9925540742385568,GuthrieSolv-reconciled
FMLSQAUAAGVTJO-UHFFFAOYSA-N,3.1179215658403003,GuthrieSolv-reconciled
LVDKZNITIUWNER-UHFFFAOYSA-N,8.9403263750187,GuthrieSolv-reconciled
USIUVYZYUHIAEV-UHFFFAOYSA-N,1.8713405339238407,GuthrieSolv-reconciled
FRASJONUBLZVQX-UHFFFAOYSA-N,7.079181246047625,meta37-model
YUWFEBAXEOLKSG-UHFFFAOYSA-N,1.5050973022946241,GuthrieSolv-reconciled
XLYOFNOQVPJJNP-UHFFFAOYSA-N,4.525032807599302,GuthrieSolv-reconciled
JPICKYUTICNNNJ-UHFFFAOYSA-N,0.12293626695253787,GuthrieSolv-reconciled
FSAVDKDHPDSCTO-XYOKQWHBSA-N,6.025456891723294,GuthrieSolv-reconciled
SFNPDDSJBGRXLW-UHFFFAOYSA-N,7.361600502879285,GuthrieSolv-reconciled
OWRCNXZUPFZXOS-UHFFFAOYSA-N,9.531478917042255,meta37-model
PMAAYIYCDXGUAP-UHFFFAOYSA-N,7.468702298174374,GuthrieSolv-reconciled
BXSMMAVTEURRGG-UHFFFAOYSA-N,-3.3356522415062844,GuthrieSolv-reconciled
BULVZWIRKLYCBC-UHFFFAOYSA-N,3.6907031195326114,GuthrieSolv-reconciled
QQURWFRNETXFTN-UHFFFAOYSA-N,2.992263824989875,GuthrieSolv-reconciled
FRQMUZJSZHZSGN-UHFFFAOYSA-N,6.278753600952829,meta37-model
ZKXDGKXYMTYWTB-UHFFFAOYSA-N,6.166912163811449,GuthrieSolv-reconciled
HFHFGHLXUCOHLN-UHFFFAOYSA-N,3.788344198497186,GuthrieSolv-reconciled
FKRCODPIKNYEAC-UHFFFAOYSA-N,1.9762920788468568,GuthrieSolv-reconciled
QXYMVUZOGFVPGH-UHFFFAOYSA-N,9.397940008672036,meta37-model
XOMKZKJEJBZBJJ-UHFFFAOYSA-N,1.7312701756707307,GuthrieSolv-reconciled
GQPLMRYTRLFLPF-UHFFFAOYSA-N,-0.2660473921568873,GuthrieSolv-reconciled
GOHBXWHNJHENRX-UHFFFAOYSA-N,4.113943352306837,meta37-model
FYFDQJRXFWGIBS-UHFFFAOYSA-N,4.150540595198396,GuthrieSolv-reconciled
BULHJTXRZFEUDQ-UHFFFAOYSA-N,2.3181130252695734,GuthrieSolv-reconciled
KJCVRFUGPWSIIH-UHFFFAOYSA-N,5.511619040091562,GuthrieSolv-reconciled
DPJCXCZTLWNFOH-UHFFFAOYSA-N,5.297412114174097,GuthrieSolv-reconciled
MCEYLFHKATVXLN-UHFFFAOYSA-N,-2.7251824324142637,GuthrieSolv-reconciled
FCSSPCOFDUKHPV-UHFFFAOYSA-N,0.9395192526186184,meta37-model
QNGVNLMMEQUVQK-UHFFFAOYSA-N,5.662757831681574,meta37-model
ZFIVKAOQEXOYFY-UHFFFAOYSA-N,5.838849090737256,meta37-model
XRQNHPGZRFKBJW-UHFFFAOYSA-N,2.681241237375587,meta37-model
HUTDUHSNJYTCAR-UHFFFAOYSA-N,9.008943685585729,GuthrieSolv-reconciled
KXUHSQYYJYAXGZ-UHFFFAOYSA-N,-0.16026921484780782,GuthrieSolv-reconciled
DMULVCHRPCFFGV-UHFFFAOYSA-N,7.57978359661681,meta37-model
RDIDGZFQASQXBU-UHFFFAOYSA-N,17.991226075692495,meta37-model
HCXVJBMSMIARIN-UHFFFAOYSA-N,1.9731278535996983,meta37-model
LHGVFZTZFXWLCP-UHFFFAOYSA-N,4.00384670901444,GuthrieSolv-reconciled
OAKURXIZZOAYBC-UHFFFAOYSA-N,5.230448921378274,meta37-model
YDVYLSIVXYLBBX-UHFFFAOYSA-N,2.271313164493819,GuthrieSolv-reconciled
CHVJITGCYZJHLR-UHFFFAOYSA-N,0.6730471669415343,GuthrieSolv-reconciled
ZMWGIGHRZQTQRE-UHFFFAOYSA-N,5.112574749999078,GuthrieSolv-reconciled
DDTBPAQBQHZRDW-UHFFFAOYSA-N,-1.7958800173440752,meta37-model
QDRXWCAVUNHOGA-UHFFFAOYSA-N,4.3979400086720375,meta37-model
BHJCMMGUFRZLKK-UHFFFAOYSA-N,1.55178745074445,GuthrieSolv-reconciled
MVLOWDRGPHBNNF-UHFFFAOYSA-N,-2.3808037075949646,GuthrieSolv-reconciled
FENFUOGYJVOCRY-UHFFFAOYSA-N,3.271019664543541,GuthrieSolv-reconciled
MLHOXUWWKVQEJB-UHFFFAOYSA-N,5.230448921378274,meta37-model
PRNZBCYBKGCOFI-UHFFFAOYSA-N,-0.2076083105017461,meta37-model
PIVQQUNOTICCSA-UHFFFAOYSA-N,6.4623979978989565,meta37-model
ZHLICBPIXDOFFG-UHFFFAOYSA-N,2.2760033494583234,GuthrieSolv-reconciled
JAZJVWLGNLCNDD-UHFFFAOYSA-N,4.301029995663981,meta37-model
CAUBWLYZCDDYEF-UHFFFAOYSA-N,3.595187823555136,GuthrieSolv-reconciled
UZKWTJUDCOPSNM-UHFFFAOYSA-N,1.0457851439239072,GuthrieSolv-reconciled
NRJUFUBKIFIKFI-UHFFFAOYSA-N,-2.528394738749598,GuthrieSolv-reconciled
PIICEJLVQHRZGT-UHFFFAOYSA-N,5.458960761799113,GuthrieSolv-reconciled
RDHPKYGYEGBMSE-UHFFFAOYSA-N,0.4720524580606595,GuthrieSolv-reconciled
WVIIMZNLDWSIRH-UHFFFAOYSA-N,-1.1191864077192086,meta37-model
IJFPVINAQGWBRJ-UHFFFAOYSA-N,2.8191460913302335,GuthrieSolv-reconciled
CKXMNTLGGAOERF-UHFFFAOYSA-N,2.9444826721501687,meta37-model
QWJDXMFJOMPTCV-UHFFFAOYSA-N,2.8573324964312685,meta37-model
MNDIARAMWBIKFW-UHFFFAOYSA-N,-0.17224730876483568,GuthrieSolv-reconciled
QGJOPFRUJISHPQ-UHFFFAOYSA-N,0.19438966083519132,GuthrieSolv-reconciled
CPGPAVAKSZHMBP-UHFFFAOYSA-N,1.2599913265450173,GuthrieSolv-reconciled
PAAZPARNPHGIKF-UHFFFAOYSA-N,1.4860815416296391,GuthrieSolv-reconciled
BXKLTNKYLCZOHF-UHFFFAOYSA-N,3.342422680822206,meta37-model
GBDZXPJXOMHESU-UHFFFAOYSA-N,1.3703202670807055,GuthrieSolv-reconciled
KWKAKUADMBZCLK-UHFFFAOYSA-N,-1.6007897297804643,GuthrieSolv-reconciled
JDPQWHLMBJZURR-UHFFFAOYSA-N,1.7010088302543434,GuthrieSolv-reconciled
FALCMQXTWHPRIH-UHFFFAOYSA-N,0.7376973863602168,GuthrieSolv-reconciled
NPAGDVCDWIYMMC-UHFFFAOYSA-N,6.959041392321094,meta37-model
CKAPSXZOOQJIBF-UHFFFAOYSA-N,1.5697537562349053,GuthrieSolv-reconciled
NBOCQTNZUPTTEI-UHFFFAOYSA-N,15.278753600952829,meta37-model
DTUQWGWMVIHBKE-UHFFFAOYSA-N,2.397940008672037,meta37-model
SKKTUOZKZKCGTB-UHFFFAOYSA-N,5.585439722981566,GuthrieSolv-reconciled
FRCCEHPWNOQAEU-UHFFFAOYSA-N,1.549256441999615,GuthrieSolv-reconciled
IGSWOIOCVJEQRH-UHFFFAOYSA-N,2.5185139398778875,meta37-model
BSMGLVDZZMBWQB-UHFFFAOYSA-N,3.146128035678238,meta37-model
KTZVZZJJVJQZHV-UHFFFAOYSA-N,1.0791812460476249,meta37-model
QHMGJGNTMQDRQA-UHFFFAOYSA-N,-5.42021640338319,meta37-model
JSRLURSZEMLAFO-UHFFFAOYSA-N,1.2467600607315432,GuthrieSolv-reconciled
VBNJGYOQZAENPO-UHFFFAOYSA-N,2.905793621949219,GuthrieSolv-reconciled
JXTPJDDICSTXJX-UHFFFAOYSA-N,-5.142667503568732,meta37-model
LHTCKMYRNOGUOA-UHFFFAOYSA-N,2.662757831681574,meta37-model
AOMUHOFOVNGZAN-UHFFFAOYSA-N,10.041392685158224,meta37-model
XMSXQFUHVRWGNA-UHFFFAOYSA-N,-1.1854450394874931,GuthrieSolv-reconciled
MFUVCHZWGSJKEQ-UHFFFAOYSA-N,2.278753600952829,meta37-model
FPJNQQRSBJPGHM-UHFFFAOYSA-N,2.974088629250465,GuthrieSolv-reconciled
XMWRWTSZNLOZFN-UHFFFAOYSA-N,1.6024043904997127,GuthrieSolv-reconciled
GWQOYRSARAWVTC-UHFFFAOYSA-N,2.397940008672037,meta37-model
JXVXNMRPFCMTDW-XKZJXRQESA-N,6.112637003998058,GuthrieSolv-reconciled
OSRFTCIVMWPVNP-UHFFFAOYSA-N,1.5440680443502757,meta37-model
PPXUHEORWJQRHJ-UHFFFAOYSA-N,1.5206309396804791,GuthrieSolv-reconciled
AVYGCQXNNJPXSS-UHFFFAOYSA-N,4.176091259055681,meta37-model
PMBXCGGQNSVESQ-UHFFFAOYSA-N,0.6812412373755872,meta37-model
KRIMXCDMVRMCTC-UHFFFAOYSA-N,3.170154743134056,GuthrieSolv-reconciled
NJGBTKGETPDVIK-UHFFFAOYSA-N,7.643452676486188,meta37-model
BBABSCYTNHOKOG-UHFFFAOYSA-N,0.7230165188694614,GuthrieSolv-reconciled
LMKQNTMFZLAJDV-UHFFFAOYSA-N,6.732393759822968,meta37-model
QTDRLOKFLJJHTG-UHFFFAOYSA-N,5.544068044350276,meta37-model
DHKHKXVYLBGOIT-UHFFFAOYSA-N,2.325443274524383,GuthrieSolv-reconciled
CZCMNCOQMXNFTL-UHFFFAOYSA-N,-9.69897000433602,meta37-model
YPFDHNVEDLHUCE-UHFFFAOYSA-N,7.18705735945985,GuthrieSolv-reconciled
CHUGKEQJSLOLHL-UHFFFAOYSA-N,6.778151250383644,meta37-model
IKVXBIIHQGXQRQ-UHFFFAOYSA-N,5.894684462535791,GuthrieSolv-reconciled
ZQTYQMYDIHMKQB-UHFFFAOYSA-N,3.740362689494244,meta37-model
QCQALVMFTWRCFI-UHFFFAOYSA-N,-0.2676062401770314,meta37-model
SRXOCFMDUSFFAK-UHFFFAOYSA-N,3.779120234096218,GuthrieSolv-reconciled
ZMBHCYHQLYEYDV-UHFFFAOYSA-N,0.3010299956639812,meta37-model
FPWNLURCHDRMHC-UHFFFAOYSA-N,1.6546340713216265,GuthrieSolv-reconciled
IYZWUWBAFUBNCH-UHFFFAOYSA-N,1.9968285825897005,GuthrieSolv-reconciled
ZWPVHELAQPIZHO-UHFFFAOYSA-N,1.9992767438110692,GuthrieSolv-reconciled
LNNXFUZKZLXPOF-UHFFFAOYSA-N,1.0283406769180867,GuthrieSolv-reconciled
HVDXCGSGEQKWGB-UHFFFAOYSA-N,3.6020599913279625,meta37-model
UNLYSVIDNRIVFJ-UHFFFAOYSA-N,6.598537119927534,GuthrieSolv-reconciled
HFZKOYWDLDYELC-UHFFFAOYSA-N,2.977723605288848,meta37-model
BHWVLZJTVIYLIV-UHFFFAOYSA-N,2.3122395815077614,GuthrieSolv-reconciled
POQLVOYRGNFGRM-UHFFFAOYSA-N,-0.2757241303992109,meta37-model
QUGUFLJIAFISSW-UHFFFAOYSA-N,0.5033967532131967,GuthrieSolv-reconciled
SCPJGKZEYHOCRB-UHFFFAOYSA-N,3.0000889548349905,GuthrieSolv-reconciled
UYXTWWCETRIEDR-UHFFFAOYSA-N,6.3979400086720375,meta37-model
RNDNTTTUTQAXII-UHFFFAOYSA-N,6.707570176097937,meta37-model
YGYNBBAUIYTWBF-UHFFFAOYSA-N,1.8621324815848037,GuthrieSolv-reconciled
AFOVQGPNOZDUEP-UHFFFAOYSA-N,2.7634279935629373,meta37-model
WFKSADNZWSKCRZ-UHFFFAOYSA-N,6.204190570418124,GuthrieSolv-reconciled
UJIGKESMIPTWJH-UHFFFAOYSA-N,-0.5686362358410126,meta37-model
WRPIRSINYZBGPK-UHFFFAOYSA-N,6.3979400086720375,meta37-model
YNAVUWVOSKDBBP-UHFFFAOYSA-N,5.151207776751027,GuthrieSolv-reconciled
FXRXQYZZALWWGA-UHFFFAOYSA-N,2.150371872234707,GuthrieSolv-reconciled
CUFNKYGDVFVPHO-UHFFFAOYSA-N,2.568201724066995,meta37-model
OYIKARCXOQLFHF-UHFFFAOYSA-N,7.858610456514606,GuthrieSolv-reconciled
GKCBAIGFKIBETG-UHFFFAOYSA-N,9.851062950131109,GuthrieSolv-reconciled
ZPQOPVIELGIULI-UHFFFAOYSA-N,0.6748776881080845,GuthrieSolv-reconciled
DBGIVFWFUFKIQN-UHFFFAOYSA-N,2.959041392321093,meta37-model
SLINHMUFWFWBMU-UHFFFAOYSA-N,9.397940008672036,meta37-model
ODHAQPXNQDBHSH-UHFFFAOYSA-N,0.785329835010767,meta37-model
CNKHSLKYRMDDNQ-UHFFFAOYSA-N,8.832508912706237,meta37-model
KJRCEJOSASVSRA-UHFFFAOYSA-N,0.43366003413844256,GuthrieSolv-reconciled
ZXFXBSWRVIQKOD-UHFFFAOYSA-N,2.966134532283891,GuthrieSolv-reconciled
FGZCXIPKUCJGHW-UHFFFAOYSA-N,-0.2596373105057561,meta37-model
SXRSQZLOMIGNAQ-UHFFFAOYSA-N,5.869231719730976,meta37-model
BAQAVOSOZGMPRM-UHFFFAOYSA-N,16.785329835010767,meta37-model
LNJNFVJKDJYTEU-UHFFFAOYSA-N,4.3379061135899555,GuthrieSolv-reconciled
QZSFJRIWRPJUOH-UHFFFAOYSA-N,3.146128035678238,meta37-model
IQPSEEYGBUAQFF-UHFFFAOYSA-N,17.6232492903979,meta37-model
UQVKZNNCIHJZLS-UHFFFAOYSA-N,10.939519252618618,meta37-model
KSNXJLQDQOIRIP-UHFFFAOYSA-N,10.503365117298419,GuthrieSolv-reconciled
BKKNDZBSSSAGIB-UHFFFAOYSA-N,-0.0604807473813814,meta37-model
SAOKZLXYCUGLFA-UHFFFAOYSA-N,4.536730506758044,GuthrieSolv-reconciled
ZHBBDTRJIVXKEX-UHFFFAOYSA-N,1.9095482602948872,GuthrieSolv-reconciled
RHQDFWAXVIIEBN-UHFFFAOYSA-N,3.0751183202881323,GuthrieSolv-reconciled
PQYJRMFWJJONBO-UHFFFAOYSA-N,2.9731278535996988,meta37-model
FDPIMTJIUBPUKL-UHFFFAOYSA-N,2.424835392514701,GuthrieSolv-reconciled
XEFQLINVKFYRCS-UHFFFAOYSA-N,6.079181246047625,meta37-model
YODZTKMDCQEPHD-UHFFFAOYSA-N,7.113943352306837,meta37-model
JZDVJXBKJDADAY-UHFFFAOYSA-N,2.740362689494244,meta37-model
LSDPWZHWYPCBBB-UHFFFAOYSA-N,0.8484836926060456,GuthrieSolv-reconciled
TYWMIZZBOVGFOV-UHFFFAOYSA-N,0.9242792860618816,meta37-model
YZUKKTCDYSIWKJ-UHFFFAOYSA-N,5.380211241711606,meta37-model
XVWLQUXGMQFTPO-UHFFFAOYSA-N,2.605666190369626,GuthrieSolv-reconciled
TXOHWLOHKUPUKO-UHFFFAOYSA-N,1.6127838567197357,meta37-model
LYGJENNIWJXYER-UHFFFAOYSA-N,2.8521039409479347,GuthrieSolv-reconciled
KEVMYFLMMDUPJE-UHFFFAOYSA-N,-2.489037151995643,GuthrieSolv-reconciled
NRXQIUSYPAHGNM-UHFFFAOYSA-N,7.281559261704718,GuthrieSolv-reconciled
WTFNSXYULBQCQV-UHFFFAOYSA-N,2.568201724066995,meta37-model
HUMNYLRZRPPJDN-UHFFFAOYSA-N,2.8661863866408166,GuthrieSolv-reconciled
UGVRJVHOJNYEHR-UHFFFAOYSA-N,4.230448921378274,meta37-model
YLRBJYMANQKEAW-UHFFFAOYSA-N,1.9493900066449128,meta37-model
GEOVEUCEIQCBKH-UHFFFAOYSA-N,4.0,meta37-model
VCIVYCHKSHULON-UHFFFAOYSA-N,-9.481486060122112,meta37-model
WCYYQNSQJHPVMG-UHFFFAOYSA-N,3.6348596703178875,GuthrieSolv-reconciled
SZKKNEOUHLFYNA-UHFFFAOYSA-N,2.1760912590556813,meta37-model
YRIZYWQGELRKNT-UHFFFAOYSA-N,8.5910646070265,meta37-model
BNRNXUUZRGQAQC-UHFFFAOYSA-N,18.531478917042257,meta37-model
AGPTXRLVBIRYLV-UHFFFAOYSA-N,2.9138138523837167,meta37-model
AGVKXDPPPSLISR-UHFFFAOYSA-N,0.0,meta37-model
ZPAKPRAICRBAOD-UHFFFAOYSA-N,3.08254469466766,GuthrieSolv-reconciled
RGCLLPNLLBQHPF-CMDGGOBGSA-N,9.454588766049193,GuthrieSolv-reconciled
WHNAMGUAXHGCHH-UHFFFAOYSA-N,2.113943352306837,meta37-model
DQYYZAABYZAOOC-UHFFFAOYSA-N,1.9115339654013341,GuthrieSolv-reconciled
PLZZPPHAMDJOSR-UHFFFAOYSA-N,2.4149733479708178,meta37-model
RPUMZMSNLZHIGZ-UHFFFAOYSA-N,2.871602650376625,GuthrieSolv-reconciled
MINYPECWDZURGR-UHFFFAOYSA-N,4.919078092376074,meta37-model
YHZQHUOBDYTWMQ-UHFFFAOYSA-N,6.785329835010767,meta37-model
CSCPPACGZOOCGX-UHFFFAOYSA-N,2.741306629448494,GuthrieSolv-reconciled
UCTWMZQNUQWSLP-UHFFFAOYSA-N,16.531478917042254,meta37-model
IANUJLZYFUDJIH-UHFFFAOYSA-N,6.413961063722922,GuthrieSolv-reconciled
JUGRTVJQTFZHOM-UHFFFAOYSA-N,6.3979400086720375,meta37-model
WDNBURPWRNALGP-UHFFFAOYSA-N,4.565173555051343,GuthrieSolv-reconciled
CYRMSUTZVYGINF-UHFFFAOYSA-N,-0.63848639434501,GuthrieSolv-reconciled
ISRUGXGCCGIOQO-UHFFFAOYSA-N,7.202801534982146,GuthrieSolv-reconciled
DYONNFFVDNILGI-UHFFFAOYSA-N,1.2171770070701866,GuthrieSolv-reconciled
JTHMVYBOQLDDIY-UHFFFAOYSA-N,15.230448921378274,meta37-model
BQJMULPFAUGVGY-UHFFFAOYSA-N,3.519571446888608,GuthrieSolv-reconciled
UQPQKLGBEKEZBV-UHFFFAOYSA-N,2.693179619305088,GuthrieSolv-reconciled
NTOPKICPEQUPPH-UHFFFAOYSA-N,2.483104806291188,GuthrieSolv-reconciled
UVJHQYIOXKWHFD-UHFFFAOYSA-N,0.4151686539010706,GuthrieSolv-reconciled
ZLIBICFPKPWGIZ-UHFFFAOYSA-N,5.770083841321274,GuthrieSolv-reconciled
BBAXFLIBRPXRBP-UHFFFAOYSA-N,3.0,meta37-model
GCDBEYOJCZLKMC-UHFFFAOYSA-N,9.055418457166176,GuthrieSolv-reconciled
IFDHMBHPLKHMOY-UHFFFAOYSA-N,2.934498451243568,meta37-model
GTKURBTWZFQHHY-UHFFFAOYSA-N,3.0,meta37-model
VHOBVPNETFRJED-UHFFFAOYSA-N,3.322219294733919,meta37-model
OPKOKAMJFNKNAS-UHFFFAOYSA-N,5.342422680822207,meta37-model
KBOPZPXVLCULAV-UHFFFAOYSA-N,9.690196080028514,meta37-model
LOCHFZBWPCLPAN-UHFFFAOYSA-N,0.5277455217947483,GuthrieSolv-reconciled
HCDGVLDPFQMKDK-UHFFFAOYSA-N,-1.7209523505049478,GuthrieSolv-reconciled
JFIMDKGRGPNPRQ-UHFFFAOYSA-N,3.042331673504388,GuthrieSolv-reconciled
PIAOLBVUVDXHHL-UHFFFAOYSA-N,3.845098040014257,meta37-model
DSRUAYIFDCHEEV-UHFFFAOYSA-N,4.643452676486188,meta37-model
RBSXHDIPCIWOMG-UHFFFAOYSA-N,8.894363438256347,GuthrieSolv-reconciled
QHTQREMOGMZHJV-UHFFFAOYSA-N,4.804472908352008,GuthrieSolv-reconciled
DMVOXQPQNTYEKQ-UHFFFAOYSA-N,5.204119982655925,meta37-model
NFGXHKASABOEEW-UHFFFAOYSA-N,3.544068044350276,meta37-model
ZMFNQNZKRXIAGJ-UHFFFAOYSA-N,2.6256407026803745,GuthrieSolv-reconciled
BJIOGJUNALELMI-UHFFFAOYSA-N,4.278249976847843,GuthrieSolv-reconciled
OSKIMJMPFNLVOU-UHFFFAOYSA-N,-2.577591699882087,GuthrieSolv-reconciled
LCFVJGUPQDGYKZ-UHFFFAOYSA-N,8.7481880270062,meta37-model
FITIWKDOCAUBQD-UHFFFAOYSA-N,2.871915708862963,GuthrieSolv-reconciled
YXKTVDFXDRQTKV-UHFFFAOYSA-N,4.763427993562937,meta37-model
CYIFVRUOHKNECG-UHFFFAOYSA-N,0.2041199826559248,meta37-model
HSOMNBKXPGCNBH-UHFFFAOYSA-N,-2.597270477348625,GuthrieSolv-reconciled
UAIUNKRWKOVEES-UHFFFAOYSA-N,8.505149978319906,meta37-model
JWBOIMRXGHLCPP-UHFFFAOYSA-N,3.4848125411011073,GuthrieSolv-reconciled
NDKYEUQMPZIGFN-UHFFFAOYSA-N,1.5308593588639101,GuthrieSolv-reconciled
PWXTUWQHMIFLKL-UHFFFAOYSA-N,5.278753600952829,meta37-model
IFLREYGFSNHWGE-UHFFFAOYSA-N,-0.595264899426402,GuthrieSolv-reconciled
ULBXWWGWDPVHAO-UHFFFAOYSA-N,6.281964234521878,GuthrieSolv-reconciled
TXINBPKSWKFMNB-UHFFFAOYSA-N,1.8512583487190752,meta37-model
DFPAKSUCGFBDDF-UHFFFAOYSA-N,9.924279286061882,meta37-model
KFSLWBXXFJQRDL-UHFFFAOYSA-N,4.096115345375088,GuthrieSolv-reconciled
PWWSSIYVTQUJQQ-UHFFFAOYSA-N,2.3010299956639813,meta37-model
FJBFPHVGVWTDIP-UHFFFAOYSA-N,1.4710420529354697,GuthrieSolv-reconciled
MTLMVEWEYZFYTH-UHFFFAOYSA-N,1.5473877624826928,GuthrieSolv-reconciled
WXCMHFPAUCOJIG-UHFFFAOYSA-N,3.869231719730976,meta37-model
HOXINJBQVZWYGZ-UHFFFAOYSA-N,6.951861398101272,GuthrieSolv-reconciled
QENGPZGAWFQWCZ-UHFFFAOYSA-N,0.494083132879169,GuthrieSolv-reconciled
CETWDUZRCINIHU-UHFFFAOYSA-N,2.608488600488333,GuthrieSolv-reconciled
RBFNYMHNIOKXLA-UHFFFAOYSA-N,3.1760912590556813,meta37-model
UNCGJRRROFURDV-UHFFFAOYSA-N,2.1096234920102357,GuthrieSolv-reconciled
YXKMMRDKEKCERS-UHFFFAOYSA-N,4.799340549453582,meta37-model
IIEWJVIFRVWJOD-UHFFFAOYSA-N,-1.1225597888264391,GuthrieSolv-reconciled
FTCOKXNKPOUEFH-UHFFFAOYSA-N,5.963787827345556,meta37-model
RYPKRALMXUUNKS-HYXAFXHYSA-N,-1.1949637051847168,GuthrieSolv-reconciled
NPDIDUXTRAITDE-UHFFFAOYSA-N,1.5563025007672873,meta37-model
SEBFKMXJBCUCAI-UHFFFAOYSA-N,21.17609125905568,meta37-model
PIEXCQIOSMOEOU-UHFFFAOYSA-N,4.477121254719663,meta37-model
RGCLLPNLLBQHPF-HJWRWDBZSA-N,3.81982130099267,GuthrieSolv-reconciled
OBYVIBDTOCAXSN-UHFFFAOYSA-N,0.0,meta37-model
LVWOBZPDFCTAOU-UHFFFAOYSA-N,6.491361693834273,meta37-model
XMGQYMWWDOXHJM-UHFFFAOYSA-N,1.96652820358047,GuthrieSolv-reconciled
AUEWYHHKDYUYMI-UHFFFAOYSA-N,2.845098040014257,meta37-model
QMMOXUPEWRXHJS-UHFFFAOYSA-N,-1.0127789376398915,GuthrieSolv-reconciled
VWPOSFSPZNDTMJ-UHFFFAOYSA-N,12.230448921378274,meta37-model
QZYHIOPPLUPUJF-UHFFFAOYSA-N,2.4607967052908513,GuthrieSolv-reconciled
JDZUWXRNKHXZFE-UHFFFAOYSA-N,1.0501088413807176,GuthrieSolv-reconciled
FRLMQDUYUJIHCZ-UHFFFAOYSA-N,3.278753600952829,meta37-model
HTHNTJCVPNKCPZ-UHFFFAOYSA-N,-0.3872161432802645,meta37-model
UZFMOKQJFYMBGY-UHFFFAOYSA-N,12.913813852383717,meta37-model
TVMXDCGIABBOFY-UHFFFAOYSA-N,-2.13305223782637,GuthrieSolv-reconciled
PXWUKZGIHQRDHL-UHFFFAOYSA-N,7.34912789278151,GuthrieSolv-reconciled
SIDINRCMMRKXGQ-UHFFFAOYSA-N,1.5185139398778875,meta37-model
GKIPXFAANLTWBM-UHFFFAOYSA-N,4.0,meta37-model
STJXCDGCXVZHDU-UHFFFAOYSA-N,7.0,meta37-model
HVRUGFJYCAFAAN-UHFFFAOYSA-N,0.8205981967641719,GuthrieSolv-reconciled
QGZKDVFQNNGYKY-UHFFFAOYSA-N,3.0667438178903432,GuthrieSolv-reconciled
FAMOAJMEFGYSNY-UHFFFAOYSA-N,3.041392685158225,meta37-model
FLTJDUOFAQWHDF-UHFFFAOYSA-N,-2.1541941272285707,GuthrieSolv-reconciled
NNKVPIKMPCQWCG-UHFFFAOYSA-N,7.305655976361854,GuthrieSolv-reconciled
OMDFJTSKBNDDRM-UHFFFAOYSA-N,5.178614515722744,GuthrieSolv-reconciled
MEXUFEQDCXZEON-UHFFFAOYSA-N,-0.585026652029182,meta37-model
ZYGHJZDHTFUPRJ-UHFFFAOYSA-N,4.932451500986287,GuthrieSolv-reconciled
HJFZAYHYIWGLNL-UHFFFAOYSA-N,3.380211241711606,meta37-model
JZFZCLFEPXCRCA-UHFFFAOYSA-N,0.5797835966168101,meta37-model
MAWMBEVNJGEDAD-UHFFFAOYSA-N,2.792391689498254,meta37-model
REIUXOLGHVXAEO-UHFFFAOYSA-N,2.6932837332616133,GuthrieSolv-reconciled
LVYBAQIVPKCOEE-UHFFFAOYSA-N,3.230448921378274,meta37-model
CXQSCYIVCSCSES-UHFFFAOYSA-N,-0.07989740886184604,GuthrieSolv-reconciled
DCXXMTOCNZCJGO-UHFFFAOYSA-N,1.230448921378274,meta37-model
QROGIFZRVHSFLM-UHFFFAOYSA-N,0.8573324964312685,meta37-model
VLNUTKMHYLQCQB-UHFFFAOYSA-N,2.146128035678238,meta37-model
QKRRAXACNUNGCF-UHFFFAOYSA-N,3.146128035678238,meta37-model
FBDMYJPSVPJKGZ-UHFFFAOYSA-N,5.767059720606818,GuthrieSolv-reconciled
RIQPKERROQFFJK-UHFFFAOYSA-N,5.836674792449364,GuthrieSolv-reconciled
RGLYKWWBQGJZGM-UHFFFAOYSA-N,5.623249290397901,meta37-model
BBOZMMAURMEVAR-UHFFFAOYSA-N,2.505149978319906,meta37-model
XSTXAVWGXDQKEL-UHFFFAOYSA-N,0.27326981221025276,GuthrieSolv-reconciled
LVROLHVSYNLFBE-UHFFFAOYSA-N,1.9601449134167623,GuthrieSolv-reconciled
BPRYUXCVCCNUFE-UHFFFAOYSA-N,3.8712400438694834,GuthrieSolv-reconciled
YLPGTOIOYRQOHV-UHFFFAOYSA-N,6.2980594523863545,GuthrieSolv-reconciled
SPSSULHKWOKEEL-UHFFFAOYSA-N,4.6714450764836934,GuthrieSolv-reconciled
PQRRSJBLKOPVJV-UHFFFAOYSA-N,5.633468455579586,meta37-model
RNXPZVYZVHJVHM-UHFFFAOYSA-N,0.5797835966168101,meta37-model
FXLOVSHXALFLKQ-UHFFFAOYSA-N,3.0564292553839785,GuthrieSolv-reconciled
BEPAFCGSDWSTEL-UHFFFAOYSA-N,5.175168873538915,GuthrieSolv-reconciled
OFDYMSKSGFSLLM-UHFFFAOYSA-N,4.199654086069951,GuthrieSolv-reconciled
WVHNUGRFECMVLQ-UHFFFAOYSA-N,1.8630968942620816,GuthrieSolv-reconciled
ZNOLGFHPUIJIMJ-UHFFFAOYSA-N,4.311060406682079,GuthrieSolv-reconciled
LDTAOIUHUHHCMU-UHFFFAOYSA-N,-1.1811112430863944,GuthrieSolv-reconciled
NJCBUSHGCBERSK-UHFFFAOYSA-N,-1.8239087409443189,meta37-model
BIWJNBZANLAXMG-IDTQJTQFSA-N,2.3950619556751516,GuthrieSolv-reconciled
UMKANAFDOQQUKE-UHFFFAOYSA-N,6.385216865553824,GuthrieSolv-reconciled
KBPLFHHGFOOTCA-UHFFFAOYSA-N,2.919061873402683,GuthrieSolv-reconciled
BTLXPCBPYBNQNR-UHFFFAOYSA-N,6.4684823494539625,GuthrieSolv-reconciled
WYEMLYFITZORAB-UHFFFAOYSA-N,7.681241237375588,meta37-model
NWBJYWHLCVSVIJ-UHFFFAOYSA-N,11.07117764506135,GuthrieSolv-reconciled
DHLVZXZRIZBPKG-UHFFFAOYSA-N,2.252376759028421,GuthrieSolv-reconciled
PAMIQIKDUOTOBW-UHFFFAOYSA-N,2.7713700968402932,GuthrieSolv-reconciled
ZJMLMBICUVVJDX-UHFFFAOYSA-N,8.278753600952829,meta37-model
YPPCTMGCORMZAD-UHFFFAOYSA-N,7.40853181022937,GuthrieSolv-reconciled
JYQUHIFYBATCCY-UHFFFAOYSA-N,5.481028971763342,GuthrieSolv-reconciled
ZUTYZAFDFLLILI-UHFFFAOYSA-N,3.9542425094393248,meta37-model
OWBTYPJTUOEWEK-UHFFFAOYSA-N,5.924279286061882,meta37-model
XYWDPYKBIRQXQS-UHFFFAOYSA-N,0.8333826089684828,GuthrieSolv-reconciled
CYRZCBUWRUACKJ-UHFFFAOYSA-N,2.7558748556724915,meta37-model
KEQGZUUPPQEDPF-UHFFFAOYSA-N,4.380211241711606,meta37-model
AOXRBFRFYPMWLR-UHFFFAOYSA-N,3.041392685158225,meta37-model
CKPCAYZTYMHQEX-UHFFFAOYSA-N,5.754062741856813,GuthrieSolv-reconciled
SNIOPGDIGTZGOP-UHFFFAOYSA-N,5.179005045229662,GuthrieSolv-reconciled
KZNDFYDURHAESM-UHFFFAOYSA-N,5.423093699989438,GuthrieSolv-reconciled
DOUMFZQKYFQNTF-UHFFFAOYSA-N,24.95904139232109,meta37-model
MBABOKRGFJTBAE-UHFFFAOYSA-N,3.785329835010767,meta37-model
GYNNXHKOJHMOHS-UHFFFAOYSA-N,-1.2839966563652008,meta37-model
JRHNUZCXXOTJCA-UHFFFAOYSA-N,0.146128035678238,meta37-model
BMWPPNAUMLRKML-UHFFFAOYSA-N,4.301029995663981,meta37-model
GBNHEBQXJVDXSW-UHFFFAOYSA-N,3.6141518256736433,GuthrieSolv-reconciled
CGSLYBDCEGBZCG-UHFFFAOYSA-N,3.3998232611629398,GuthrieSolv-reconciled
SHZIWNPUGXLXDT-UHFFFAOYSA-N,1.5801667372749617,GuthrieSolv-reconciled
DQZCVNGCTZLGAQ-UHFFFAOYSA-N,6.301029995663981,meta37-model
FPIQNBOUYZLESW-UHFFFAOYSA-N,1.4913616938342726,meta37-model
NXQMCAOPTPLPRL-UHFFFAOYSA-N,9.913813852383717,meta37-model
MVILCVSEDHFDSS-UHFFFAOYSA-N,7.115809568779857,GuthrieSolv-reconciled
ZJMZZNVGNSWOOM-UHFFFAOYSA-N,6.919736063756916,GuthrieSolv-reconciled
OTTZHAVKAVGASB-UHFFFAOYSA-N,-1.2476163292430578,GuthrieSolv-reconciled
BMKDZUISNHGIBY-UHFFFAOYSA-N,17.079181246047625,meta37-model
UFFBMTHBGFGIHF-UHFFFAOYSA-N,3.736809218903901,GuthrieSolv-reconciled
ISAIDZMMFJPGSR-UHFFFAOYSA-N,3.2561513602381926,GuthrieSolv-reconciled
YBGZDTIWKVFICR-UHFFFAOYSA-N,3.462397997898956,meta37-model
PCFHYANYPQEMPU-UHFFFAOYSA-N,3.1760912590556813,meta37-model
GOOHAUXETOMSMM-UHFFFAOYSA-N,2.4776059694169685,GuthrieSolv-reconciled
TXVHTIQJNYSSKO-UHFFFAOYSA-N,4.844742100517309,GuthrieSolv-reconciled
ABJMOQGYYKQSRR-UHFFFAOYSA-N,3.782420310726245,GuthrieSolv-reconciled
ATROHALUCMTWTB-UHFFFAOYSA-N,3.6564617470976932,GuthrieSolv-reconciled
XVKJSLBVVRCOIT-UHFFFAOYSA-N,-5.537602002101044,meta37-model
PHSJJYZIFPWCLZ-UHFFFAOYSA-N,2.1103558922254906,GuthrieSolv-reconciled
CXMXRPHRNRROMY-UHFFFAOYSA-N,11.278753600952829,meta37-model
IWAKWOFEHSYKSI-UHFFFAOYSA-N,-3.26396363935884,GuthrieSolv-reconciled
KVNRLNFWIYMESJ-UHFFFAOYSA-N,2.593015553324939,GuthrieSolv-reconciled
XKEFYDZQGKAQCN-UHFFFAOYSA-N,0.5634125638252856,GuthrieSolv-reconciled
JDWQITFHZOBBFE-UHFFFAOYSA-N,4.758199381010958,GuthrieSolv-reconciled
ROSDSFDQCJNGOL-UHFFFAOYSA-N,3.0635094468673065,GuthrieSolv-reconciled
JIRNEODMTPGRGV-UHFFFAOYSA-N,-1.5086383061657274,meta37-model
ZTEHOZMYMCEYRM-UHFFFAOYSA-N,-2.848229168326019,GuthrieSolv-reconciled
YWSFDYUMEBEQNZ-UHFFFAOYSA-N,5.2552725051033065,meta37-model
IEPRKVQEAMIZSS-UHFFFAOYSA-N,6.0,meta37-model
BHHGXPLMPWCGHP-UHFFFAOYSA-N,4.477121254719663,meta37-model
YCZJVRCZIPDYHH-UHFFFAOYSA-N,0.9542425094393248,meta37-model
CVUGPAFCQJIYDT-UHFFFAOYSA-N,3.4090278011508874,GuthrieSolv-reconciled
RXYPXQSKLGGKOL-UHFFFAOYSA-N,5.447853064594091,GuthrieSolv-reconciled
VQQKIXKPMJTUMP-UHFFFAOYSA-N,2.8846939495440718,GuthrieSolv-reconciled
IQXKGRKRIRMQCQ-UHFFFAOYSA-N,3.041392685158225,meta37-model
SXFLURRQRFKBNN-UHFFFAOYSA-N,1.1139433523068367,meta37-model
OFOBLEOULBTSOW-UHFFFAOYSA-N,7.871435162750225,GuthrieSolv-reconciled
HMMSZUQCCUWXRA-UHFFFAOYSA-N,4.041392685158225,meta37-model
UBSUICNYBBPFHD-UHFFFAOYSA-N,10.079181246047623,meta37-model
FMEFHKJRIGHSLB-UHFFFAOYSA-N,5.2552725051033065,meta37-model
AWJUIBRHMBBTKR-UHFFFAOYSA-N,2.113943352306837,meta37-model
WSOKFYJGNBQDPW-UHFFFAOYSA-N,-2.3808037075949646,GuthrieSolv-reconciled
GRWRDFGBFYSOKR-UHFFFAOYSA-N,1.2787536009528289,meta37-model
DPKKOVGCHDUSAI-UHFFFAOYSA-N,1.6334684555795864,meta37-model
MAKRYGRRIKSDES-UHFFFAOYSA-N,-2.4004825244161925,GuthrieSolv-reconciled
VKHAHZOOUSRJNA-UHFFFAOYSA-N,2.690196080028514,meta37-model
RDYMFSUJUZBWLH-MDBBVBRHSA-N,3.2115838786469095,GuthrieSolv-reconciled
ZZMVLMVFYMGSMY-UHFFFAOYSA-N,6.857332496431268,meta37-model
MIZLGWKEZAPEFJ-UHFFFAOYSA-N,-1.2441251443275083,meta37-model
XRHGYUZYPHTUJZ-UHFFFAOYSA-N,3.891937109279292,GuthrieSolv-reconciled
FBMQNRKSAWNXBT-UHFFFAOYSA-N,7.55729303380583,GuthrieSolv-reconciled
UOORRWUZONOOLO-UHFFFAOYSA-N,1.0,meta37-model
UHJJSHWWLQIIOU-UHFFFAOYSA-N,3.230448921378274,meta37-model
SDRZFSPCVYEJTP-UHFFFAOYSA-N,0.2787536009528289,meta37-model
VQOXUMQBYILCKR-UHFFFAOYSA-N,-2.026872146400301,meta37-model
HEMINMLPKZELPP-UHFFFAOYSA-N,2.02421764592829,GuthrieSolv-reconciled
NYCBYBDDECLFPE-UHFFFAOYSA-N,7.301029995663981,meta37-model
YACLQRRMGMJLJV-UHFFFAOYSA-N,2.0791812460476247,meta37-model
BUPRSRBWDJVKGG-UHFFFAOYSA-N,1.6937881272669961,GuthrieSolv-reconciled
YSIMAPNUZAVQER-UHFFFAOYSA-N,2.505149978319906,meta37-model
JZALLXAUNPOCEU-UHFFFAOYSA-N,-1.0,meta37-model
VLHAGZNBWKUMRW-UHFFFAOYSA-N,-2.410321931375832,GuthrieSolv-reconciled
VJRKXIWXOWSLKQ-UHFFFAOYSA-N,3.1751665560993483,GuthrieSolv-reconciled
IIYGOARYARWJBO-UHFFFAOYSA-N,-2.4791977528430618,GuthrieSolv-reconciled
KFFUZIROJGXTQH-UHFFFAOYSA-N,3.643452676486187,meta37-model
GKTWGGQPFAXNFI-UHFFFAOYSA-N,7.041392685158225,meta37-model
PAFZNILMFXTMIY-UHFFFAOYSA-N,3.287121132348651,GuthrieSolv-reconciled
KVZJLSYJROEPSQ-YUMQZZPRSA-N,-1.3160545162787793,GuthrieSolv-reconciled
DURPTKYDGMDSBL-UHFFFAOYSA-N,0.5574863809449256,GuthrieSolv-reconciled
YUWYAYLMKPCSHB-UHFFFAOYSA-N,2.3477067823425863,GuthrieSolv-reconciled
AEKSGHBVWJHELW-UHFFFAOYSA-N,2.7075701760979363,meta37-model
IPKKHRVROFYTEK-UHFFFAOYSA-N,4.431363764158987,meta37-model
IOUNQDKNJZEDEP-UHFFFAOYSA-N,4.789478122283198,GuthrieSolv-reconciled
GTRSAMFYSUBAGN-UHFFFAOYSA-N,5.612783856719736,meta37-model
MHNNAWXXUZQSNM-UHFFFAOYSA-N,-1.1354778288330538,GuthrieSolv-reconciled
BSPCSKHALVHRSR-UHFFFAOYSA-N,-0.08407357571840131,GuthrieSolv-reconciled
OIAQMFOKAXHPNH-UHFFFAOYSA-N,2.569370542441777,GuthrieSolv-reconciled
HLTMUYBTNSVOFY-UHFFFAOYSA-N,-2.1768274178031044,GuthrieSolv-reconciled
AOPDRZXCEAKHHW-UHFFFAOYSA-N,0.8325089127062363,meta37-model
FDQQNNZKEJIHMS-UHFFFAOYSA-N,0.15516763815778667,GuthrieSolv-reconciled
CFVWNXQPGQOHRJ-UHFFFAOYSA-N,1.5531825797485057,GuthrieSolv-reconciled
PLZDDPSCZHRBOY-UHFFFAOYSA-N,-2.528394738749598,GuthrieSolv-reconciled
XXXSILNSXNPGKG-ZHACJKMWSA-N,6.49080608313558,GuthrieSolv-reconciled
WTYSJAGEYAAIFW-UHFFFAOYSA-N,2.6989700043360187,meta37-model
SPVXKVOXSXTJOY-UHFFFAOYSA-N,0.2654643273717463,GuthrieSolv-reconciled
JJIUCEJQJXNMHV-UHFFFAOYSA-N,6.379507416274431,GuthrieSolv-reconciled
HEBKCHPVOIAQTA-UHFFFAOYSA-N,14.991226075692497,meta37-model
DOULWWSSZVEPIN-UHFFFAOYSA-N,8.838849090737256,meta37-model
DGTNSSLYPYDJGL-UHFFFAOYSA-N,-1.6768080255135673,GuthrieSolv-reconciled
OSDLLIBGSJNGJE-UHFFFAOYSA-N,4.681241237375588,meta37-model
QVWUJLANSDKRAH-UHFFFAOYSA-N,2.0940159779114484,GuthrieSolv-reconciled
RSVPPPHXAASNOL-UHFFFAOYSA-N,4.403695122152394,GuthrieSolv-reconciled
XEBWQGVWTUSTLN-UHFFFAOYSA-M,7.41656667163128,GuthrieSolv-reconciled
QZXCCPZJCKEPSA-UHFFFAOYSA-N,3.322219294733919,meta37-model
XDOTVMNBCQVZKG-UHFFFAOYSA-N,4.37311152926992,GuthrieSolv-reconciled
HFVMLYAGWXSTQI-UHFFFAOYSA-N,1.919078092376074,meta37-model
ZSIQJIWKELUFRJ-UHFFFAOYSA-N,3.5109084235886017,GuthrieSolv-reconciled
WYACBZDAHNBPPB-UHFFFAOYSA-N,3.987906427683069,GuthrieSolv-reconciled
JFCQEDHGNNZCLN-UHFFFAOYSA-N,9.479827384103132,GuthrieSolv-reconciled
DMKNOEJJJSHSML-UHFFFAOYSA-N,-3.192731084071233,GuthrieSolv-reconciled
JZFPYUNJRRFVQU-UHFFFAOYSA-N,3.9295009069323106,GuthrieSolv-reconciled
ODGLTLJZCVNPBU-UHFFFAOYSA-N,-2.38720847089669,GuthrieSolv-reconciled
GCDCKEORRIGZKI-UHFFFAOYSA-N,2.3244915863095055,GuthrieSolv-reconciled
VIHAEDVKXSOUAT-UHFFFAOYSA-N,3.397940008672037,meta37-model
WRQNANDWMGAFTP-UHFFFAOYSA-N,4.541948836560506,GuthrieSolv-reconciled
XGXUGXPKRBQINS-UHFFFAOYSA-N,2.265705706720603,GuthrieSolv-reconciled
XTDQDBVBDLYELW-UHFFFAOYSA-N,-1.9791770770175607,GuthrieSolv-reconciled
MGSGWAXIEMEWCQ-UHFFFAOYSA-N,-3.192731084071233,GuthrieSolv-reconciled
HAAFFTHBNFBVKY-UHFFFAOYSA-N,4.113943352306837,meta37-model
IPSFQAKXDJVQOX-UHFFFAOYSA-N,3.431363764158988,meta37-model
BFCFYVKQTRLZHA-UHFFFAOYSA-N,2.6775996797942416,GuthrieSolv-reconciled
YORCIIVHUBAYBQ-UHFFFAOYSA-N,1.3424226808222062,meta37-model
BLFLLBZGZJTVJG-UHFFFAOYSA-N,6.176091259055681,meta37-model
PDQAZBWRQCGBEV-UHFFFAOYSA-N,4.857332496431268,meta37-model
ZQDPJFUHLCOCRG-AATRIKPKSA-N,-1.1850519452930925,GuthrieSolv-reconciled
PEDCQBHIVMGVHV-UHFFFAOYSA-N,6.629504842197273,GuthrieSolv-reconciled
CFKMVGJGLGKFKI-UHFFFAOYSA-N,4.8722703060937285,GuthrieSolv-reconciled
YHQXBTXEYZIYOV-UHFFFAOYSA-N,-1.366771230935146,GuthrieSolv-reconciled
ZXEKIIBDNHEJCQ-UHFFFAOYSA-N,3.2246862572345645,GuthrieSolv-reconciled
WOUVARFKMJIYBY-UHFFFAOYSA-N,3.322219294733919,meta37-model
IWDCLRJOBJJRNH-UHFFFAOYSA-N,4.394318159224046,GuthrieSolv-reconciled
WCASXYBKJHWFMY-UHFFFAOYSA-N,3.8195439355418688,meta37-model
BCQMBFHBDZVHKU-UHFFFAOYSA-N,6.508118146712043,GuthrieSolv-reconciled
NSDXKMRVQOSASS-UHFFFAOYSA-N,3.113943352306837,meta37-model
JDWOFUWJURZFFF-UHFFFAOYSA-N,1.5044553321048366,GuthrieSolv-reconciled
WETBJXIDTZXCBL-UHFFFAOYSA-N,2.949390006644913,meta37-model
PZXOQEXFMJCDPG-UHFFFAOYSA-N,11.724275869600788,meta37-model
RJKCKKDSSSRYCB-UHFFFAOYSA-N,4.902423276472362,GuthrieSolv-reconciled
GHDIHPNJQVDFBL-UHFFFAOYSA-N,1.880813592280792,meta37-model
TYIHVCIQMMTVHE-UHFFFAOYSA-N,9.55954351577289,GuthrieSolv-reconciled
RZXLPPRPEOUENN-UHFFFAOYSA-N,5.176091259055681,meta37-model
QJZUKDFHGGYHMC-UHFFFAOYSA-N,5.099083444964262,GuthrieSolv-reconciled
NYTOUQBROMCLBJ-UHFFFAOYSA-N,1.0,meta37-model
XVEOUOTUJBYHNL-UHFFFAOYSA-N,7.690196080028514,meta37-model
SVDDJQGVOFZBNX-UHFFFAOYSA-N,1.3424226808222062,meta37-model
RHMRCCBCYFAZIK-UHFFFAOYSA-N,-2.577591699882087,GuthrieSolv-reconciled
LGAQJENWWYGFSN-PLNGDYQASA-N,-1.1311915413741709,GuthrieSolv-reconciled
ZXAGXLDEMUNQSH-UHFFFAOYSA-N,0.3250855341390101,GuthrieSolv-reconciled
QPFYXYFORQJZEC-UHFFFAOYSA-N,12.869231719730976,meta37-model
OVOUKWFJRHALDD-UHFFFAOYSA-N,10.959041392321094,meta37-model
LFJQCDVYDGGFCH-SNVBAGLBSA-N,-0.34793873135946,GuthrieSolv-reconciled
KRIOVPPHQSLHCZ-UHFFFAOYSA-N,2.275013647290958,GuthrieSolv-reconciled
LHHGDZSESBACKH-UHFFFAOYSA-N,5.575642596990979,GuthrieSolv-reconciled
CXBDYQVECUFKRK-UHFFFAOYSA-N,1.0901930268326474,GuthrieSolv-reconciled
XCYJPXQACVEIOS-UHFFFAOYSA-N,0.40103765580155876,GuthrieSolv-reconciled
QBDSZLJBMIMQRS-UHFFFAOYSA-N,5.447158031342219,meta37-model
DCTOHCCUXLBQMS-UHFFFAOYSA-N,-2.3565008523558055,GuthrieSolv-reconciled
CBMXCNPQDUJNHT-UHFFFAOYSA-N,1.7634279935629371,meta37-model
LKAPNEGVXBMYKE-UHFFFAOYSA-N,3.397940008672037,meta37-model
GIJXKZJWITVLHI-UHFFFAOYSA-N,7.041392685158225,meta37-model
VAJVDSVGBWFCLW-UHFFFAOYSA-N,4.968607235405996,GuthrieSolv-reconciled
WYUIWKFIFOJVKW-UHFFFAOYSA-N,0.9355080149206948,GuthrieSolv-reconciled
AVQQQNCBBIEMEU-UHFFFAOYSA-N,3.488363246506841,GuthrieSolv-reconciled
PUYXTUJWRLOUCW-UHFFFAOYSA-N,5.281829706118099,GuthrieSolv-reconciled
NMFQPFSIPWZZMR-UHFFFAOYSA-N,2.679601475993509,GuthrieSolv-reconciled
KIQQIBFKHMWKDE-UHFFFAOYSA-N,7.087275605022396,GuthrieSolv-reconciled
MLWGAEVSWJXOQJ-UHFFFAOYSA-N,1.230448921378274,meta37-model
HAPOJKSPCGLOOD-UHFFFAOYSA-N,0.4804101410525788,GuthrieSolv-reconciled
LZENXKBSJNMIKY-UHFFFAOYSA-N,-7.102372908709558,meta37-model
QSQLTHHMFHEFIY-UHFFFAOYSA-N,0.5040969375707948,GuthrieSolv-reconciled
ABYGSZMCWVXFCQ-UHFFFAOYSA-N,-2.4791977528430618,GuthrieSolv-reconciled
MKEFGIKZZDCMQC-UHFFFAOYSA-N,0.5440680443502757,meta37-model
SYDNSSSQVSOXTN-UHFFFAOYSA-N,3.131453699080883,GuthrieSolv-reconciled
SRSXLGNVWSONIS-UHFFFAOYSA-N,6.986771734266245,meta37-model
UMPGNGRIGSEMTC-UHFFFAOYSA-N,9.041392685158224,meta37-model
IZUPBVBPLAPZRR-UHFFFAOYSA-N,4.790186348634662,GuthrieSolv-reconciled
YTTFFPATQICAQN-UHFFFAOYSA-N,6.146128035678238,meta37-model
IWWCSDGEIDYEJV-UHFFFAOYSA-N,3.397940008672037,meta37-model
UAWLTQJFZUYROA-UHFFFAOYSA-N,6.204119982655925,meta37-model
RIMXLXBUOQMDHV-UHFFFAOYSA-N,1.9662422773748356,GuthrieSolv-reconciled
SDKQRNRRDYRQKY-UHFFFAOYSA-N,9.097033333789348,GuthrieSolv-reconciled
PYGSKMBEVAICCR-UHFFFAOYSA-N,-0.7733326278003947,GuthrieSolv-reconciled
ARWOOWBJJKVYOV-UHFFFAOYSA-N,-2.449679549499885,GuthrieSolv-reconciled
CLMQUEQFVUMDPC-UHFFFAOYSA-N,5.278753600952829,meta37-model
YUAUPYJCVKNAEC-UHFFFAOYSA-N,5.6618614799291125,GuthrieSolv-reconciled
KFARNLMRENFOHE-UHFFFAOYSA-N,2.716003343634799,meta37-model
IAIHUHQCLTYTSF-UHFFFAOYSA-N,0.8687750497049901,GuthrieSolv-reconciled
VMKOFRJSULQZRM-UHFFFAOYSA-N,-0.41770755915692864,GuthrieSolv-reconciled
GDTBXPJZTBHREO-UHFFFAOYSA-N,1.255272505103306,meta37-model
KMGBZBJJOKUPIA-UHFFFAOYSA-N,0.14501915368071,GuthrieSolv-reconciled
JRBPAEWTRLWTQC-UHFFFAOYSA-N,1.9590413923210936,meta37-model
CVHZOJJKTDOEJC-UHFFFAOYSA-N,7.301029995663981,meta37-model
QTOMCRXZFDHJOL-UHFFFAOYSA-N,2.90848501887865,meta37-model
PISLZQACAJMAIO-UHFFFAOYSA-N,7.176091259055681,meta37-model
XIGAUIHYSDTJHW-UHFFFAOYSA-N,7.394756052405819,GuthrieSolv-reconciled
YRSIFCHKXFKNME-UHFFFAOYSA-N,3.285196089528808,GuthrieSolv-reconciled
FYGHSUNMUKGBRK-UHFFFAOYSA-N,0.8334067448320953,GuthrieSolv-reconciled
MVWHGTYKUMDIHL-UHFFFAOYSA-N,2.5345797677997206,GuthrieSolv-reconciled
KKBGNYHHEIAGOH-UHFFFAOYSA-N,10.356211008022994,GuthrieSolv-reconciled
ZEHOVWPIGREOPO-UHFFFAOYSA-N,17.653212513775344,meta37-model
CVNOWLNNPYYEOH-UHFFFAOYSA-N,7.322104297610465,GuthrieSolv-reconciled
CTAPFRYPJLPFDF-UHFFFAOYSA-N,2.954681973540977,GuthrieSolv-reconciled
FXHOOIRPVKKKFG-UHFFFAOYSA-N,6.1344248394939855,GuthrieSolv-reconciled
QKMNFFSBZRGHDJ-UHFFFAOYSA-N,1.704967436969778,GuthrieSolv-reconciled
WLFDQEVORAMCIM-UHFFFAOYSA-N,6.780893848398532,GuthrieSolv-reconciled
ONKNPOPIGWHAQC-UHFFFAOYSA-N,2.278753600952829,meta37-model
AJKNNUJQFALRIK-UHFFFAOYSA-N,0.1857051992352032,GuthrieSolv-reconciled
WICMSCLXMMZMFF-UHFFFAOYSA-N,5.623249290397901,meta37-model
TZYRSLHNPKPEFV-UHFFFAOYSA-N,2.6131091560941,GuthrieSolv-reconciled
DFBKLUNHFCTMDC-JDHFEGHMSA-N,3.5598374495037306,GuthrieSolv-reconciled
OVGGLBAWFMIPPY-UHFFFAOYSA-N,20.73239375982297,meta37-model
FSWXOANXOQPCFF-UHFFFAOYSA-N,6.724275869600789,meta37-model
WZHKDGJSXCTSCK-ALCCZGGFSA-N,-1.3998551579216127,GuthrieSolv-reconciled
OAYXUHPQHDHDDZ-UHFFFAOYSA-N,6.358538369713392,GuthrieSolv-reconciled
LLLFASISUZUJEQ-UHFFFAOYSA-N,4.1535253266993495,GuthrieSolv-reconciled
GYVGXEWAOAAJEU-UHFFFAOYSA-N,2.6663033989326514,GuthrieSolv-reconciled
TWCRBBJSQAZZQB-UHFFFAOYSA-N,-1.367339747629287,GuthrieSolv-reconciled
HCGFUIQPSOCUHI-UHFFFAOYSA-N,4.19470961299653,GuthrieSolv-reconciled
RIBGNAJQTOXRDK-UHFFFAOYSA-N,2.1289955177253224,GuthrieSolv-reconciled
IKYICRRUVNIHPP-UHFFFAOYSA-N,6.271024940558102,GuthrieSolv-reconciled
NKDDWNXOKDWJAK-UHFFFAOYSA-N,2.0764576372277426,GuthrieSolv-reconciled
BOCJQSFSGAZAPQ-UHFFFAOYSA-N,7.0,meta37-model
UNPTZXSJGZTGJJ-UHFFFAOYSA-N,1.3617278360175928,meta37-model
ZLLRUEJANKJPQE-UHFFFAOYSA-N,1.6334684555795864,meta37-model
MVXIJRBBCDLNLX-UHFFFAOYSA-N,1.943331311811009,GuthrieSolv-reconciled
ZWNMRZQYWRLGMM-UHFFFAOYSA-N,4.531478917042255,meta37-model
CODNYICXDISAEA-UHFFFAOYSA-N,1.380211241711606,meta37-model
XXPBFNVKTVJZKF-UHFFFAOYSA-N,2.736649230473841,GuthrieSolv-reconciled
BGUWFUQJCDRPTL-UHFFFAOYSA-N,5.026553364268105,GuthrieSolv-reconciled
VLKZOEOYAKHREP-UHFFFAOYSA-N,-1.8450999269686261,GuthrieSolv-reconciled
KWLVWJPJKJMCSH-UHFFFAOYSA-N,7.431363764158987,meta37-model
SFNAUTSNWPPDSY-UHFFFAOYSA-N,3.1760912590556813,meta37-model
QXSZNDIIPUOQMB-UHFFFAOYSA-N,3.1429048162740836,GuthrieSolv-reconciled
RBBNTRDPSVZESY-UHFFFAOYSA-N,0.6989700043360189,meta37-model
OWCNPTHAWPMOJU-UHFFFAOYSA-N,2.977723605288848,meta37-model
BMRWNKZVCUKKSR-UHFFFAOYSA-N,5.919078092376074,meta37-model
YDLADWPBKZODCJ-UHFFFAOYSA-N,2.886490725172482,meta37-model
MZHCENGPTKEIGP-UHFFFAOYSA-N,7.879850301395616,GuthrieSolv-reconciled
ZDYJWDIWLRZXDB-UHFFFAOYSA-N,3.079921345400288,GuthrieSolv-reconciled
PGOOBECODWQEAB-UHFFFAOYSA-N,13.924279286061882,meta37-model
VTRWMTJQBQJKQH-UHFFFAOYSA-N,4.112548910679046,GuthrieSolv-reconciled
ACUZDYFTRHEKOS-UHFFFAOYSA-N,3.113943352306837,meta37-model
FWAJPSIPOULHHH-UHFFFAOYSA-N,1.8663921697763945,GuthrieSolv-reconciled
AVFZOVWCLRSYKC-UHFFFAOYSA-N,2.8361665767734134,GuthrieSolv-reconciled
JNCSIWAONQTVCF-UHFFFAOYSA-N,7.113943352306837,meta37-model
RIOQSEWOXXDEQQ-UHFFFAOYSA-N,6.041392685158225,meta37-model
KAKZBPTYRLMSJV-UHFFFAOYSA-N,-0.48484314654949245,GuthrieSolv-reconciled
IQVNEKKDSLOHHK-UHFFFAOYSA-N,4.041392685158225,meta37-model
KIPMDPDAFINLIV-UHFFFAOYSA-N,5.5910646070265,meta37-model
BPZSYCZIITTYBL-UHFFFAOYSA-N,20.431363764158988,meta37-model
NTPLXRHDUXRPNE-UHFFFAOYSA-N,3.14315183578277,GuthrieSolv-reconciled
XMQFTWRPUQYINF-UHFFFAOYSA-N,12.672653931570247,GuthrieSolv-reconciled
PAKGDPSCXSUALC-UHFFFAOYSA-N,-0.4817818438614534,GuthrieSolv-reconciled
BOJBTUWEQMUWHT-UHFFFAOYSA-N,2.214504145017449,GuthrieSolv-reconciled
PLHJDBGFXBMTGZ-UHFFFAOYSA-N,8.869231719730976,meta37-model
JXTHNDFMNIQAHM-UHFFFAOYSA-N,4.748014999549108,GuthrieSolv-reconciled
XXEPPPIWZFICOJ-UHFFFAOYSA-N,5.041392685158225,meta37-model
CNFMJLVJDNGPHR-KADHNRKRSA-N,8.01143921117763,GuthrieSolv-reconciled
TYSIILFJZXHVPU-UHFFFAOYSA-N,-2.5087159473474427,GuthrieSolv-reconciled
NMWSKOLWZZWHPL-UHFFFAOYSA-N,1.5080379850697125,GuthrieSolv-reconciled
IAHOUQOWMXVMEH-UHFFFAOYSA-N,6.273902874794752,GuthrieSolv-reconciled
KMTDMTZBNYGUNX-UHFFFAOYSA-N,4.342422680822207,meta37-model
UVVYAKOLFKEZEE-UHFFFAOYSA-N,-2.557912918416181,GuthrieSolv-reconciled
WWSYXEZEXMQWHT-UHFFFAOYSA-N,12.913813852383717,meta37-model
OTMOUPHCTWPNSL-UHFFFAOYSA-N,5.568267642744943,GuthrieSolv-reconciled
HSNWZBCBUUSSQD-UHFFFAOYSA-N,1.319125391045075,GuthrieSolv-reconciled
YAPQBXQYLJRXSA-UHFFFAOYSA-N,9.17609125905568,meta37-model
NPPQSCRMBWNHMW-UHFFFAOYSA-N,8.146128035678238,meta37-model
OXHNLMTVIGZXSG-UHFFFAOYSA-N,2.049587003177833,GuthrieSolv-reconciled
PYMYPHUHKUWMLA-UHFFFAOYSA-N,7.301029995663981,meta37-model
FQYUMYWMJTYZTK-UHFFFAOYSA-N,4.4100207446123525,GuthrieSolv-reconciled
TVDSBUOJIPERQY-UHFFFAOYSA-N,4.269247537917566,GuthrieSolv-reconciled
VNGOYPQMJFJDLV-UHFFFAOYSA-N,5.6020599913279625,meta37-model
HVHNMNGARPCGGD-UHFFFAOYSA-N,8.6232492903979,meta37-model
DOPJTDJKZNWLRB-UHFFFAOYSA-N,10.491361693834271,meta37-model
NRJPVIOTANUINF-UHFFFAOYSA-N,8.81533134670893,GuthrieSolv-reconciled
RZLLIOPGUFOWOD-UHFFFAOYSA-N,2.9684829485539352,meta37-model
VZXWJVFQXZUFQS-UHFFFAOYSA-N,3.146128035678238,meta37-model
WWRCMNKATXZARA-UHFFFAOYSA-N,0.28244406510245595,GuthrieSolv-reconciled
MMTJWDQKGUNSDK-UHFFFAOYSA-N,1.3424226808222062,meta37-model
RNHWYOLIEJIAMV-UHFFFAOYSA-N,-3.23269006324762,GuthrieSolv-reconciled
VVAAXDBMZVCVPA-UHFFFAOYSA-N,2.591064607026499,meta37-model
DFUYAWQUODQGFF-UHFFFAOYSA-N,-1.7212463990471711,meta37-model
XJKSTNDFUHDPQJ-UHFFFAOYSA-N,0.14108701237613294,GuthrieSolv-reconciled
OXQGTIUCKGYOAA-UHFFFAOYSA-N,4.09567771580414,GuthrieSolv-reconciled
SOYLPZSOEXZMLE-UHFFFAOYSA-N,-2.5087159473474427,GuthrieSolv-reconciled
JWXWOEUKHXOUSK-UHFFFAOYSA-N,3.57978359661681,meta37-model
RYYVLZVUVIJVGH-UHFFFAOYSA-N,7.440420161283786,GuthrieSolv-reconciled
PVFOMCVHYWHZJE-UHFFFAOYSA-N,1.6901960800285136,meta37-model
HFCYZXMHUIHAQI-UHFFFAOYSA-N,10.711092894804207,GuthrieSolv-reconciled
PLDWAJLZAAHOGG-UHFFFAOYSA-N,1.2394718574582688,GuthrieSolv-reconciled
YMBVVPXERVAJTB-UHFFFAOYSA-N,2.8260748027008264,meta37-model
QUWSDLYBOVGOCW-UHFFFAOYSA-N,3.361727836017593,meta37-model
VOIZNVUXCQLQHS-UHFFFAOYSA-N,4.116541266748281,GuthrieSolv-reconciled
PHVNLLCAQHGNKU-UHFFFAOYSA-N,8.88442515760079,GuthrieSolv-reconciled
GMEHFXXZSWDEDB-UHFFFAOYSA-N,6.0,meta37-model
KOSAMXZBGUIISK-UHFFFAOYSA-N,3.4657102652951197,GuthrieSolv-reconciled
INISTDXBRIBGOC-UHFFFAOYSA-N,8.345346886602508,GuthrieSolv-reconciled
IQSZNZVZXOFRJS-UHFFFAOYSA-N,3.380211241711606,meta37-model
UYIBZOUSVFOPJK-UHFFFAOYSA-N,3.204119982655925,meta37-model
PXHNHTBJHHSVPT-UHFFFAOYSA-N,-2.636628020226731,GuthrieSolv-reconciled
LADSWAAWPMGHBE-UHFFFAOYSA-N,2.8512583487190755,meta37-model
FBWNMEQMRUMQSO-UHFFFAOYSA-N,19.643452676486188,meta37-model
BKIMMITUMNQMOS-UHFFFAOYSA-N,-2.301889679951231,GuthrieSolv-reconciled
WEJZHZJJXPXXMU-UHFFFAOYSA-N,1.8292682226157566,GuthrieSolv-reconciled
LVNDUJYMLJDECN-UHFFFAOYSA-N,7.518513939877887,meta37-model
ANRCRHLXUCJAKV-UHFFFAOYSA-N,4.465438874987564,GuthrieSolv-reconciled
ZCTNDJSCLPJCRA-UHFFFAOYSA-N,3.146128035678238,meta37-model
JLJXMZMKMRQOLN-UHFFFAOYSA-N,7.05364644284209,GuthrieSolv-reconciled
ORFWYUFLWUWSFM-UHFFFAOYSA-N,-0.1938200260161128,meta37-model
VYMDGNCVAMGZFE-UHFFFAOYSA-N,6.568201724066995,meta37-model
MZZBPDKVEFVLFF-UHFFFAOYSA-N,9.618928074745513,GuthrieSolv-reconciled
SOUGWDPPRBKJEX-UHFFFAOYSA-N,7.079181246047625,meta37-model
CJFLBOQMPJCWLR-UHFFFAOYSA-N,2.672097857935717,meta37-model
WYVVKGNFXHOCQV-UHFFFAOYSA-N,5.301029995663981,meta37-model
ZAZKJZBWRNNLDS-UHFFFAOYSA-N,1.3881712490517748,GuthrieSolv-reconciled
WIHMGGWNMISDNJ-UHFFFAOYSA-N,0.8061799739838872,meta37-model
GGBJHURWWWLEQH-UHFFFAOYSA-N,-4.993733175483656,GuthrieSolv-reconciled
RHTVQEPJVKUMPI-UHFFFAOYSA-N,7.341351575642003,GuthrieSolv-reconciled
JDUYPUMQALQRCN-UHFFFAOYSA-N,2.358842070965662,GuthrieSolv-reconciled
AMEKQAFGQBKLKX-UHFFFAOYSA-N,9.221649371617948,GuthrieSolv-reconciled
RHIROFAGUQOFLU-UHFFFAOYSA-N,4.033519712710444,GuthrieSolv-reconciled
RMVRSNDYEFQCLF-UHFFFAOYSA-N,1.8045385750156042,GuthrieSolv-reconciled
DXVYLFHTJZWTRF-UHFFFAOYSA-N,1.9590413923210936,meta37-model
LLEMOWNGBBNAJR-UHFFFAOYSA-N,4.259067897654354,GuthrieSolv-reconciled
YWXLSHOWXZUMSR-UHFFFAOYSA-N,1.9493900066449128,meta37-model
WBWWGRHZICKQGZ-UHFFFAOYSA-N,18.66275783168157,meta37-model
QKVSMSABRNCNRS-UHFFFAOYSA-N,0.0,meta37-model
SPMZHWVRMWWTSY-UHFFFAOYSA-N,3.0,meta37-model
GDRBQWCGBCJTLB-UHFFFAOYSA-N,3.041392685158225,meta37-model
XTAHLACQOVXINQ-UHFFFAOYSA-N,-0.0457574905606751,meta37-model
MNWFXJYAOYHMED-UHFFFAOYSA-N,4.724566653820503,GuthrieSolv-reconciled
WYURNTSHIVDZCO-UHFFFAOYSA-N,2.4739124509772217,GuthrieSolv-reconciled
AWHYRPPRRQITHX-UHFFFAOYSA-N,3.4149733479708178,meta37-model
GMAUQNJOSOMMHI-UHFFFAOYSA-N,7.31429092116941,GuthrieSolv-reconciled
SXQBHARYMNFBPS-UHFFFAOYSA-N,4.787610105700301,GuthrieSolv-reconciled
JYYNAJVZFGKDEQ-UHFFFAOYSA-N,3.4787331457809585,GuthrieSolv-reconciled
UXADOQPNKNTIHB-UHFFFAOYSA-N,7.614226191114878,GuthrieSolv-reconciled
SUYHYHLFUHHVJQ-UHFFFAOYSA-N,7.080494458271984,GuthrieSolv-reconciled
RJKFOVLPORLFTN-UHFFFAOYSA-N,5.57978359661681,meta37-model
FZBSTAVCYOMFMD-UHFFFAOYSA-N,2.58108231229855,GuthrieSolv-reconciled
QABLOFMHHSOFRJ-UHFFFAOYSA-N,2.9740694198503146,GuthrieSolv-reconciled
KCXZNSGUUQJJTR-UHFFFAOYSA-N,2.979816571855622,GuthrieSolv-reconciled
LAAVYEUJEMRIGF-UHFFFAOYSA-N,-1.4854136830549418,GuthrieSolv-reconciled
KQDJTBPASNJQFQ-UHFFFAOYSA-N,4.446966688516333,GuthrieSolv-reconciled
KVZJLSYJROEPSQ-UHFFFAOYSA-N,-1.1680704995604017,GuthrieSolv-reconciled
PMXMIIMHBWHSKN-UHFFFAOYSA-N,18.49136169383427,meta37-model
LQNUZADURLCDLV-UHFFFAOYSA-N,2.9357366369642723,GuthrieSolv-reconciled
ONHBDDJJTDTLIR-UHFFFAOYSA-N,9.90338332560373,GuthrieSolv-reconciled
HEDRZPFGACZZDS-UHFFFAOYSA-N,0.7365542317140259,GuthrieSolv-reconciled
XWQURWIJAIIPQP-UHFFFAOYSA-N,8.380211241711606,meta37-model
BRNKJDZWZYZVNM-UHFFFAOYSA-N,2.233440418736123,GuthrieSolv-reconciled
FSAWRQYDMHSDRN-UHFFFAOYSA-N,1.6532125137753435,meta37-model
IAZDPXIOMUYVGZ-UHFFFAOYSA-N,7.265538333112631,GuthrieSolv-reconciled
WHPVYXDFIXRKLN-UHFFFAOYSA-N,3.627195024516252,GuthrieSolv-reconciled
WOFPPJOZXUTRAU-UHFFFAOYSA-N,2.8512583487190755,meta37-model
JOOMJVFZQRQWKR-UHFFFAOYSA-N,5.120305311345428,GuthrieSolv-reconciled
MCNOFYBITGAAGM-UHFFFAOYSA-N,8.298239512746264,GuthrieSolv-reconciled
HRPVXLWXLXDGHG-UHFFFAOYSA-N,7.278659858531803,GuthrieSolv-reconciled
MVUUAIHDSOOJLK-UHFFFAOYSA-N,3.0618305263339174,GuthrieSolv-reconciled
UHOVQNZJYSORNB-MZWXYZOWSA-N,0.7842573302534305,GuthrieSolv-reconciled
DHMQDGOQFOQNFH-UHFFFAOYSA-N,14.462397997898956,meta37-model
AVGQTJUPLKNPQP-UHFFFAOYSA-N,0.8296438797333299,GuthrieSolv-reconciled
NOWKCMXCCJGMRR-UHFFFAOYSA-N,3.876657462346792,GuthrieSolv-reconciled
WFDXOXNFNRHQEC-UHFFFAOYSA-N,11.531478917042255,meta37-model
NXXHAWKBICGUCK-UHFFFAOYSA-N,-3.3047043941470413,GuthrieSolv-reconciled
WOAFDHWYKSOANX-UHFFFAOYSA-N,2.7481880270062,meta37-model
LVAGMBHLXLZJKZ-UHFFFAOYSA-N,3.0791812460476247,meta37-model
HGBOYTHUEUWSSQ-UHFFFAOYSA-N,2.147526799167171,GuthrieSolv-reconciled
IDPUKCWIGUEADI-UHFFFAOYSA-N,10.799340549453582,meta37-model
LYCAIKOWRPUZTN-UHFFFAOYSA-N,6.691133363440077,GuthrieSolv-reconciled
KJHKTHWMRKYKJE-UHFFFAOYSA-N,25.75587485567249,meta37-model
KRTSDMXIXPKRQR-AATRIKPKSA-N,10.344494736082344,GuthrieSolv-reconciled
JIGUQPWFLRLWPJ-UHFFFAOYSA-N,1.8630905383774528,GuthrieSolv-reconciled
IEMJMCVYAORWJV-UHFFFAOYSA-N,3.3010299956639813,meta37-model
HMSVXZJWPVIVIV-UHFFFAOYSA-N,2.9604867209146,GuthrieSolv-reconciled
DBCGADAHIXJHCE-UHFFFAOYSA-N,-0.1023729087095585,meta37-model
FYQFWFHDPNXORA-UHFFFAOYSA-N,-2.886056647693163,meta37-model
OMVSWZDEEGIJJI-UHFFFAOYSA-N,3.342422680822206,meta37-model
FUZZWVXGSFPDMH-UHFFFAOYSA-N,4.4500133020503565,GuthrieSolv-reconciled
NYHNVHGFPZAZGA-UHFFFAOYSA-N,4.894283399713877,GuthrieSolv-reconciled
LEJBBGNFPAFPKQ-UHFFFAOYSA-N,7.414973347970818,meta37-model
IUGYQRQAERSCNH-UHFFFAOYSA-N,3.8536138304150467,GuthrieSolv-reconciled
UCNVFOCBFJOQAL-UHFFFAOYSA-N,2.766202337227807,GuthrieSolv-reconciled
BELGUQVGZMFEAQ-UHFFFAOYSA-N,3.838849090737255,meta37-model
LESVOLZBIFDZGS-UHFFFAOYSA-N,13.44715803134222,meta37-model
WNDLTOTUHMHNOC-UHFFFAOYSA-N,3.255272505103306,meta37-model
VEFLKXRACNJHOV-UHFFFAOYSA-N,1.3783387876648898,GuthrieSolv-reconciled
NGXUJKBJBFLCAR-UHFFFAOYSA-N,3.413499613171041,GuthrieSolv-reconciled
YBRBMKDOPFTVDT-UHFFFAOYSA-N,2.3183308297495784,GuthrieSolv-reconciled
BQTCODOVGXJHRB-UHFFFAOYSA-N,3.146128035678238,meta37-model
LLZWPQFQEBKRLX-UHFFFAOYSA-N,1.6232492903979006,meta37-model
RIQRGMUSBYGDBL-UHFFFAOYSA-N,-3.958607314841775,meta37-model
NDAUXUAQIAJITI-UHFFFAOYSA-N,13.57978359661681,meta37-model
AORMDLNPRGXHHL-UHFFFAOYSA-N,-1.9872265799178452,GuthrieSolv-reconciled
PTJQVJQAZSLKJO-UHFFFAOYSA-N,3.755874855672492,meta37-model
HGCIXCUEYOPUTN-UHFFFAOYSA-N,-0.3054869028708853,GuthrieSolv-reconciled
BDJAEZRIGNCQBZ-UHFFFAOYSA-N,0.4927434162222634,GuthrieSolv-reconciled
ZEFMBAFMCSYJOO-UHFFFAOYSA-N,6.113943352306837,meta37-model
BACHBFVBHLGWSL-UHFFFAOYSA-N,5.548526386752432,GuthrieSolv-reconciled
APTZNLHMIGJTEW-UHFFFAOYSA-N,7.491361693834273,meta37-model
MEBQXILRKZHVCX-UHFFFAOYSA-N,6.568254145697778,GuthrieSolv-reconciled
CJPNOLIZCWDHJK-UHFFFAOYSA-N,-0.8538719643217619,meta37-model
DEWLEGDTCGBNGU-UHFFFAOYSA-N,4.075229574665403,GuthrieSolv-reconciled
YGHRJJRRZDOVPD-UHFFFAOYSA-N,1.761126529718547,GuthrieSolv-reconciled
QNVRIHYSUZMSGM-UHFFFAOYSA-N,2.932019684406386,GuthrieSolv-reconciled
QYMMJNLHFKGANY-UHFFFAOYSA-N,2.919340612052924,GuthrieSolv-reconciled
MRMOZBOQVYRSEM-UHFFFAOYSA-N,-1.3322127403979565,GuthrieSolv-reconciled
XXOYNJXVWVNOOJ-UHFFFAOYSA-N,6.931534673003894,GuthrieSolv-reconciled
GTCCGKPBSJZVRZ-UHFFFAOYSA-N,6.977723605288848,meta37-model
WWRGKAMABZHMCN-UHFFFAOYSA-N,2.7075701760979363,meta37-model
VLIZIVHXZXQRDE-UHFFFAOYSA-N,-2.597270477348625,GuthrieSolv-reconciled
SNWVRVDHQRBBFG-UHFFFAOYSA-N,3.204119982655925,meta37-model
BWUPSGJXXPATLU-UHFFFAOYSA-N,5.582763851541232,GuthrieSolv-reconciled
BGXXXYLRPIRDHJ-UHFFFAOYSA-N,-1.7080816822128724,GuthrieSolv-reconciled
SZXWCBDQKUTCNH-UHFFFAOYSA-N,1.6674045076039974,GuthrieSolv-reconciled
MEFOUWRMVYJCQC-UHFFFAOYSA-N,7.468036164538947,GuthrieSolv-reconciled
CXGONMQFMIYUJR-UHFFFAOYSA-N,1.2041199826559248,meta37-model
PWTNRNHDJZLBCD-UHFFFAOYSA-N,3.9409732256926024,GuthrieSolv-reconciled
BQYJATMQXGBDHF-UHFFFAOYSA-N,9.262419859683424,GuthrieSolv-reconciled
GOXQRTZXKQZDDN-UHFFFAOYSA-N,1.7335472160625203,GuthrieSolv-reconciled
JDTUAYPJSSXDNO-UHFFFAOYSA-N,3.4149733479708178,meta37-model
CGZZMOTZOONQIA-UHFFFAOYSA-N,3.230448921378274,meta37-model
KPGXRSRHYNQIFN-UHFFFAOYSA-N,10.380211241711606,meta37-model
XCJXQCUJXDUNDN-UHFFFAOYSA-N,1.6901960800285136,meta37-model
RSBUDFTVQYJNHK-UHFFFAOYSA-N,2.3565277580894874,GuthrieSolv-reconciled
UKFQWAVMIMCNEH-UHFFFAOYSA-N,2.9242792860618816,meta37-model
DEDZSLCZHWTGOR-UHFFFAOYSA-N,-4.11284571887157,GuthrieSolv-reconciled
GDXHBFHOEYVPED-UHFFFAOYSA-N,3.5985049438629093,GuthrieSolv-reconciled
VTQWKUZUPOTXEH-UHFFFAOYSA-N,8.505149978319906,meta37-model
XQTLDIFVVHJORV-UHFFFAOYSA-N,1.8039031039421545,GuthrieSolv-reconciled
PMPVIKIVABFJJI-UHFFFAOYSA-N,-0.769551078621726,meta37-model
YXBUQQDFTYOHQI-UHFFFAOYSA-N,27.14612803567824,meta37-model
ZDDZPDTVCZLFFC-UHFFFAOYSA-N,0.568201724066995,meta37-model
JEWXYDDSLPIBBO-UHFFFAOYSA-N,2.9444826721501687,meta37-model
VILGDADBAQFRJE-UHFFFAOYSA-N,11.778151250383644,meta37-model
KJIOQYGWTQBHNH-UHFFFAOYSA-N,2.531478917042255,meta37-model
VHGVOODVCUKVCL-UHFFFAOYSA-N,3.255272505103306,meta37-model
UPSXAPQYNGXVBF-UHFFFAOYSA-N,0.2787536009528289,meta37-model
GXFRQLQUKBSYQL-UHFFFAOYSA-N,6.959041392321094,meta37-model
QILSFLSDHQAZET-UHFFFAOYSA-N,6.065529559836882,GuthrieSolv-reconciled
VQTUBCCKSQIDNK-UHFFFAOYSA-N,-0.890422540439474,GuthrieSolv-reconciled
CWJSHJJYOPWUGX-UHFFFAOYSA-N,5.936433888371004,GuthrieSolv-reconciled
BQFCCUSDZLKBJG-UHFFFAOYSA-N,3.308640878973068,GuthrieSolv-reconciled
SQFXATUXPUCFFO-UHFFFAOYSA-N,14.397940008672036,meta37-model
YFGYUFNIOHWBOB-UHFFFAOYSA-N,7.366802391804458,GuthrieSolv-reconciled
QAOWNCQODCNURD-UHFFFAOYSA-N,16.49136169383427,meta37-model
HXQPUEQDBSPXTE-UHFFFAOYSA-N,2.2164541071076385,GuthrieSolv-reconciled
BAPJBEWLBFYGME-UHFFFAOYSA-N,2.089998430315906,GuthrieSolv-reconciled
LCVOCDOSGJHZFH-UHFFFAOYSA-N,2.342422680822206,meta37-model
NRZWYNLTFLDQQX-UHFFFAOYSA-N,4.079181246047625,meta37-model
RHRYBWFAHXCUCR-UHFFFAOYSA-N,2.342422680822206,meta37-model
NRAVUGAGYOBXIG-UHFFFAOYSA-N,1.8547294618597447,GuthrieSolv-reconciled
YDLYQMBWCWFRAI-UHFFFAOYSA-N,12.32221929473392,meta37-model
WHIVNJATOVLWBW-UHFFFAOYSA-N,4.301029995663981,meta37-model
UKOTXHQERFPCBU-UHFFFAOYSA-N,13.531478917042255,meta37-model
AMVYOVYGIJXTQB-UHFFFAOYSA-N,10.798690432095377,GuthrieSolv-reconciled
NJQQZRLWVLWNGD-UHFFFAOYSA-N,3.230448921378274,meta37-model
GNKZMNRKLCTJAY-UHFFFAOYSA-N,3.370223934703777,GuthrieSolv-reconciled
ZFHGXWPMULPQSE-UHFFFAOYSA-N,1.1760912590556811,meta37-model
LMNPKIOZMGYQIU-UHFFFAOYSA-N,8.060574227141187,GuthrieSolv-reconciled
ZJMWRROPUADPEA-UHFFFAOYSA-N,0.2791436766968107,GuthrieSolv-reconciled
UFEODZBUAFNAEU-UHFFFAOYSA-N,10.342422680822208,meta37-model
OTMSDBZUPAUEDD-UHFFFAOYSA-N,-1.3679699540404633,GuthrieSolv-reconciled
IXUOEGRSQCCEHB-UHFFFAOYSA-N,2.8920946026904804,meta37-model
OTLNPYWUJOZPPA-UHFFFAOYSA-N,4.60700335680458,GuthrieSolv-reconciled
KDDIUDIEWSLRMQ-ZBHICJROSA-N,3.449166308835394,GuthrieSolv-reconciled
SXSWMAUXEHKFGX-UHFFFAOYSA-N,2.7872028213630218,GuthrieSolv-reconciled
CXKIGWXPPVZSQK-UHFFFAOYSA-N,1.9014522600845172,GuthrieSolv-reconciled
KMSWCQQQRKBBAH-UHFFFAOYSA-N,3.658388599337781,GuthrieSolv-reconciled
POLCUAVZOMRGSN-UHFFFAOYSA-N,0.7930660970731511,GuthrieSolv-reconciled
QMMOXUPEWRXHJS-HWKANZROSA-N,-1.0091063025183988,GuthrieSolv-reconciled
UNBOSJFEZZJZLR-UHFFFAOYSA-N,7.7884141612011994,GuthrieSolv-reconciled
HCEMRNNDNPDGEQ-UHFFFAOYSA-N,16.175442345460542,GuthrieSolv-reconciled
ONIHOIFWLALAQH-UHFFFAOYSA-N,5.176091259055681,meta37-model
HMNKTRSOROOSPP-UHFFFAOYSA-N,4.480917754269324,GuthrieSolv-reconciled
OXNIZHLAWKMVMX-UHFFFAOYSA-N,9.019801681461297,GuthrieSolv-reconciled
MFESCIUQSIBMSM-UHFFFAOYSA-N,1.9912260756924949,meta37-model
RDYMFSUJUZBWLH-UHFFFAOYSA-N,2.6030716454282095,GuthrieSolv-reconciled
WVQBLGZPHOPPFO-UHFFFAOYSA-N,5.758081040521453,GuthrieSolv-reconciled
ZIBGPFATKBEMQZ-UHFFFAOYSA-N,7.839180414386777,GuthrieSolv-reconciled
NGAZZOYFWWSOGK-UHFFFAOYSA-N,2.359775237857347,GuthrieSolv-reconciled
SUVIGLJNEAMWEG-UHFFFAOYSA-N,0.7168393143174282,GuthrieSolv-reconciled
HIHSOGFAVTVMCY-UHFFFAOYSA-N,-2.6563067856098486,GuthrieSolv-reconciled
ZOKXUAHZSKEQSS-UHFFFAOYSA-N,4.826434985907492,GuthrieSolv-reconciled
IXORZMNAPKEEDV-UHFFFAOYSA-N,13.17609125905568,meta37-model
WEXRUCMBJFQVBZ-UHFFFAOYSA-N,10.462397997898956,meta37-model
SOTPOQQKAUOHRO-UHFFFAOYSA-N,12.278753600952829,meta37-model
GJRQTCIYDGXPES-UHFFFAOYSA-N,1.6660041433896866,GuthrieSolv-reconciled
HYIMSNHJOBLJNT-UHFFFAOYSA-N,11.531478917042255,meta37-model
UTKDCNDVTOWUHW-UHFFFAOYSA-N,-3.2798474271903575,GuthrieSolv-reconciled
DWEYPOWXNBAIDU-UHFFFAOYSA-N,0.9084850188786496,meta37-model
RJUFJBKOKNCXHH-UHFFFAOYSA-N,2.0767577804721835,GuthrieSolv-reconciled
PPKPKFIWDXDAGC-UHFFFAOYSA-N,0.6762615649641,GuthrieSolv-reconciled
NTBYINQTYWZXLH-UHFFFAOYSA-N,3.434443155821165,GuthrieSolv-reconciled
JZOIZKBKSZMVRV-UHFFFAOYSA-N,5.301029995663981,meta37-model
CDGNLUSBENXDGG-UHFFFAOYSA-N,5.301029995663981,meta37-model
GNQHLJHTOATTOJ-UHFFFAOYSA-N,3.3010299956639813,meta37-model
APQSQLNWAIULLK-UHFFFAOYSA-N,1.999835834167779,GuthrieSolv-reconciled
CKLLRBPBZLTGDJ-UHFFFAOYSA-N,2.410006248331963,GuthrieSolv-reconciled
RRAFCDWBNXTKKO-UHFFFAOYSA-N,4.384888239154866,GuthrieSolv-reconciled
WHOKDONDRZNCBC-UHFFFAOYSA-N,3.999668587819554,GuthrieSolv-reconciled
IBSQPLPBRSHTTG-UHFFFAOYSA-N,0.7824735702547702,GuthrieSolv-reconciled
NFFQZEXYZVZKNN-UHFFFAOYSA-N,3.6020599913279625,meta37-model
MLPVBIWIRCKMJV-UHFFFAOYSA-N,3.832508912706236,meta37-model
FOXFZRUHNHCZPX-UHFFFAOYSA-N,8.14851849224775,GuthrieSolv-reconciled
RUIFULUFLANOCI-UHFFFAOYSA-N,5.414973347970818,meta37-model
GPRYKVSEZCQIHD-UHFFFAOYSA-N,6.748188027006201,meta37-model
MSWZFWKMSRAUBD-UHFFFAOYSA-N,13.505149978319906,meta37-model
WTARULDDTDQWMU-UHFFFAOYSA-N,-0.1276119487918932,GuthrieSolv-reconciled
QBYJBZPUGVGKQQ-UHFFFAOYSA-N,2.230448921378274,meta37-model
QDHHCQZDFGDHMP-UHFFFAOYSA-N,3.322219294733919,meta37-model
HIGQPQRQIQDZMP-UHFFFAOYSA-N,1.0,meta37-model
YCBOYOYVDOUXLH-UHFFFAOYSA-N,5.301029995663981,meta37-model
LEKOWSSKXYFERR-UHFFFAOYSA-N,2.1964077831923223,GuthrieSolv-reconciled
RROQIUMZODEXOR-UHFFFAOYSA-N,6.719571416300828,GuthrieSolv-reconciled
BARKHVPKOOSMNW-UHFFFAOYSA-N,3.255272505103306,meta37-model
CZFFBEXEKNGXKS-UHFFFAOYSA-N,20.431363764158988,meta37-model
QELSKZZBTMNZEB-UHFFFAOYSA-N,5.501694565176031,GuthrieSolv-reconciled
BSKHPKMHTQYZBB-UHFFFAOYSA-N,3.30604476238149,GuthrieSolv-reconciled
CCEKAJIANROZEO-UHFFFAOYSA-N,-2.3467874862246565,meta37-model
WQZKKVJFBZPJSU-UHFFFAOYSA-N,0.9549364640368738,GuthrieSolv-reconciled
LGYNIFWIKSEESD-UHFFFAOYSA-N,1.4927136994217296,GuthrieSolv-reconciled
LCCNCVORNKJIRZ-UHFFFAOYSA-N,5.281364961192234,GuthrieSolv-reconciled
QTBFPMKWQKYFLR-UHFFFAOYSA-N,0.2773883912532158,GuthrieSolv-reconciled
RCTKUIOMKBEGTG-UHFFFAOYSA-N,1.1359023765452396,GuthrieSolv-reconciled
JVTAAEKCZFNVCJ-UHFFFAOYSA-N,5.258515012134208,GuthrieSolv-reconciled
UWKQJZCTQGMHKD-UHFFFAOYSA-N,0.2501579384762447,GuthrieSolv-reconciled
VFWCMGCRMGJXDK-UHFFFAOYSA-N,0.05967059867747544,GuthrieSolv-reconciled
IXSZQYVWNJNRAL-UHFFFAOYSA-N,5.298110914446586,GuthrieSolv-reconciled
ZYNDJIBBPLNPOW-KHPPLWFESA-N,1.403367575066206,GuthrieSolv-reconciled
CDNWLSGKTOELSD-UHFFFAOYSA-N,6.902826976845828,GuthrieSolv-reconciled
JDNTWHVOXJZDSN-UHFFFAOYSA-N,5.778151250383644,meta37-model
AVSIMRGRHWKCAY-UHFFFAOYSA-N,1.4265079575982464,GuthrieSolv-reconciled
JZHGRUMIRATHIU-UHFFFAOYSA-N,0.7986086023415082,GuthrieSolv-reconciled
KVFIJIWMDBAGDP-UHFFFAOYSA-N,3.913341511357647,GuthrieSolv-reconciled
XJCVRTZCHMZPBD-UHFFFAOYSA-N,6.3548429950109835,GuthrieSolv-reconciled
BWDBEAQIHAEVLV-UHFFFAOYSA-N,2.431363764158988,meta37-model
BXNANOICGRISHX-UHFFFAOYSA-N,5.684144632757542,GuthrieSolv-reconciled
BVALZCVRLDMXOQ-UHFFFAOYSA-N,1.9996957724595472,GuthrieSolv-reconciled
FVLVBPDQNARYJU-UHFFFAOYSA-N,7.991226075692495,meta37-model
XYDYODCWVCBIOQ-UHFFFAOYSA-N,-2.567752309648166,GuthrieSolv-reconciled
SPZGXONNVLTQDE-UHFFFAOYSA-N,7.301029995663981,meta37-model
HNKJADCVZUBCPG-UHFFFAOYSA-N,1.927130224470426,GuthrieSolv-reconciled
UNMYTEORJFXQBK-UHFFFAOYSA-N,9.833837282001854,GuthrieSolv-reconciled
SZXQTJUDPRGNJN-UHFFFAOYSA-N,6.643452676486188,meta37-model
IMWZZHHPURKASS-UHFFFAOYSA-N,7.959041392321094,meta37-model
YFSLABAYQDPWPF-UHFFFAOYSA-N,2.6646756196916845,GuthrieSolv-reconciled
BYYMILHAKOURNM-UHFFFAOYSA-N,7.491361693834273,meta37-model
XCEUTYGYMGYCBG-UHFFFAOYSA-N,2.556302500767288,meta37-model
OKIRBHVFJGXOIS-UHFFFAOYSA-N,0.0791812460476248,meta37-model
TZRXHJWUDPFEEY-UHFFFAOYSA-N,7.278753600952829,meta37-model
ZWLPBLYKEWSWPD-UHFFFAOYSA-N,5.3020554986220425,GuthrieSolv-reconciled
ICSNLGPSRYBMBD-UHFFFAOYSA-N,5.840258140478637,GuthrieSolv-reconciled
BBEAQIROQSPTKN-UHFFFAOYSA-N,3.2043132417487987,GuthrieSolv-reconciled
RBNIGDFIUWJJEV-UHFFFAOYSA-N,4.978166922818744,GuthrieSolv-reconciled
QQHZPQUHCAKSOL-UHFFFAOYSA-N,1.347673212438223,GuthrieSolv-reconciled
RRBMVWQICIXSEO-UHFFFAOYSA-N,4.257289484524442,GuthrieSolv-reconciled
XUAWBXBYHDRROL-UHFFFAOYSA-N,2.2829476738887067,GuthrieSolv-reconciled
SOTLWPHEAQOHHC-UHFFFAOYSA-N,8.0,meta37-model
NTIZESTWPVYFNL-UHFFFAOYSA-N,2.1682681765535543,GuthrieSolv-reconciled
RRHGJUQNOFWUDK-UHFFFAOYSA-N,-0.5353649752051811,GuthrieSolv-reconciled
XSAHYEQPUFJGKW-UHFFFAOYSA-N,0.919078092376074,meta37-model
OTEKOJQFKOIXMU-UHFFFAOYSA-N,3.278753600952829,meta37-model
UDYXCMRDCOVQLG-UHFFFAOYSA-N,2.091085757868143,GuthrieSolv-reconciled
IJXHLVMUNBOGRR-UHFFFAOYSA-N,1.230448921378274,meta37-model
DZJTZGHZAWTWGA-UHFFFAOYSA-N,-2.3973300546422283,GuthrieSolv-reconciled
DPYMFVXJLLWWEU-UHFFFAOYSA-N,-0.4685210829577448,meta37-model
WDLBXPUJJVVRGX-UHFFFAOYSA-N,5.612783856719736,meta37-model
RUVINXPYWBROJD-UHFFFAOYSA-N,2.619326009147431,GuthrieSolv-reconciled
BROFYOSLFHTGCQ-UHFFFAOYSA-N,3.041392685158225,meta37-model
NUEUMFZLNOCRCQ-UHFFFAOYSA-N,1.0413926851582251,meta37-model
MNQZXJOMYWMBOU-UHFFFAOYSA-N,11.690196080028514,meta37-model
VAYGXNSJCAHWJZ-UHFFFAOYSA-N,3.6647821237857365,GuthrieSolv-reconciled
JHSPCUHPSIUQRB-UHFFFAOYSA-N,7.301029995663981,meta37-model
MDNWOSOZYLHTCG-UHFFFAOYSA-N,10.192637728893288,GuthrieSolv-reconciled
XGQBSVVYMVILEL-UHFFFAOYSA-N,1.568201724066995,meta37-model
LDHQCZJRKDOVOX-UHFFFAOYSA-N,4.689423873590911,GuthrieSolv-reconciled
BQENMISTWGTJIJ-UHFFFAOYSA-N,1.5185139398778875,meta37-model
HKMTVMBEALTRRR-UHFFFAOYSA-N,2.95452714194523,GuthrieSolv-reconciled
ITVQAKZNYJEWKS-UHFFFAOYSA-N,1.8310763905282743,GuthrieSolv-reconciled
FFLFWNRFMZRFKU-UHFFFAOYSA-N,2.322219294733919,meta37-model
GSKHIRFMTJUBSM-UHFFFAOYSA-N,3.857332496431269,meta37-model
DKMROQRQHGEIOW-UHFFFAOYSA-N,4.600505986309927,GuthrieSolv-reconciled
BIWCEXHDIQZFHI-UHFFFAOYSA-N,1.8405284677351186,GuthrieSolv-reconciled
IRVDMKJLOCGUBJ-UHFFFAOYSA-N,4.412026433097044,GuthrieSolv-reconciled
LXJZYHPGRKBVGF-UHFFFAOYSA-N,4.079181246047625,meta37-model
MXNBDFWNYRNIBH-UHFFFAOYSA-N,4.730083257242874,GuthrieSolv-reconciled
CWRYPZZKDGJXCA-UHFFFAOYSA-N,2.2407984509466257,GuthrieSolv-reconciled
ANVREEJNGJMLOV-UHFFFAOYSA-N,4.924279286061882,meta37-model
IAQRGUVFOMOMEM-ARJAWSKDSA-N,-0.9998798393409992,GuthrieSolv-reconciled
XFCMNSHQOZQILR-UHFFFAOYSA-N,7.491361693834273,meta37-model
WYEMCZZCZXKDNC-UHFFFAOYSA-N,4.962125016505188,GuthrieSolv-reconciled
QNBTYORWCCMPQP-UHFFFAOYSA-N,13.380211241711606,meta37-model
UFNOUKDBUJZYDE-UHFFFAOYSA-N,7.531478917042255,meta37-model
VNKYTQGIUYNRMY-UHFFFAOYSA-N,1.16199979032182,GuthrieSolv-reconciled
MGNFYQILYYYUBS-UHFFFAOYSA-N,5.369036254642061,GuthrieSolv-reconciled
ZMQAAUBTXCXRIC-UHFFFAOYSA-N,3.431363764158988,meta37-model
CLZCPQKGOAXOJT-UHFFFAOYSA-N,-2.3808037075949646,GuthrieSolv-reconciled
KRHYYFGTRYWZRS-UHFFFAOYSA-N,2.300730613021381,GuthrieSolv-reconciled
CXNVOWPRHWWCQR-UHFFFAOYSA-N,4.079181246047625,meta37-model
QQZWEECEMNQSTG-UHFFFAOYSA-N,2.447158031342219,meta37-model
WAPNOHKVXSQRPX-UHFFFAOYSA-N,4.924279286061882,meta37-model
TVLSRXXIMLFWEO-UHFFFAOYSA-N,6.093950515361448,GuthrieSolv-reconciled
JJWKPURADFRFRB-UHFFFAOYSA-N,-0.31708320992605493,GuthrieSolv-reconciled
ZTMKADLOSYKWCA-UHFFFAOYSA-N,8.39508036511527,GuthrieSolv-reconciled
GZPHSAQLYPIAIN-UHFFFAOYSA-N,4.84514123291247,GuthrieSolv-reconciled
BHNZEZWIUMJCGF-UHFFFAOYSA-N,-0.6213242590771653,GuthrieSolv-reconciled
ORLPGMKKCAEWOW-UHFFFAOYSA-N,5.653212513775344,meta37-model
BLYXNIHKOMELAP-UHFFFAOYSA-N,8.278753600952829,meta37-model
LORSVOJSXMHDHF-UHFFFAOYSA-N,4.544068044350276,meta37-model
JTEWACHFMNTRBB-UHFFFAOYSA-N,1.8452621264838698,GuthrieSolv-reconciled
DQJCHOQLCLEDLL-UHFFFAOYSA-N,8.78463503204578,GuthrieSolv-reconciled
AJDIZQLSFPQPEY-UHFFFAOYSA-N,-1.3265953849166316,GuthrieSolv-reconciled
CELWCAITJAEQNL-UHFFFAOYSA-N,4.420230287647848,GuthrieSolv-reconciled
SBNFWQZLDJGRLK-UHFFFAOYSA-N,3.5255195180772336,GuthrieSolv-reconciled
CYTQBVOFDCPGCX-UHFFFAOYSA-N,3.342422680822206,meta37-model
CURLTUGMZLYLDI-UHFFFAOYSA-N,-0.12526580629081413,GuthrieSolv-reconciled
VEUZZDOCACZPRY-UHFFFAOYSA-N,6.041392685158225,meta37-model
QDTDKYHPHANITQ-UHFFFAOYSA-N,2.7075701760979363,meta37-model
HZUMMZVMNQSPFF-UHFFFAOYSA-N,1.7481880270062005,meta37-model
IQUPABOKLQSFBK-UHFFFAOYSA-N,3.2819323837326455,GuthrieSolv-reconciled
KEXGXAGJHHCTKD-UHFFFAOYSA-N,3.146128035678238,meta37-model
QPEBRZQSEUOWPA-UHFFFAOYSA-N,1.8547294618597454,GuthrieSolv-reconciled
VQHSOMBJVWLPSR-UHFFFAOYSA-N,19.46239799789896,meta37-model
MMOXZBCLCQITDF-UHFFFAOYSA-N,6.079181246047625,meta37-model
YBQZXXMEJHZYMB-UHFFFAOYSA-N,4.707570176097937,meta37-model
AFRRABLGSIKEJZ-UHFFFAOYSA-N,7.064665763808674,GuthrieSolv-reconciled
UDPGUMQDCGORJQ-UHFFFAOYSA-N,9.214028875919851,GuthrieSolv-reconciled
CYQFCXCEBYINGO-UHFFFAOYSA-N,5.0,meta37-model
HYBBIBNJHNGZAN-UHFFFAOYSA-N,3.817852171051194,GuthrieSolv-reconciled
MIZGSAALSYARKU-UHFFFAOYSA-N,2.230448921378274,meta37-model
ICUTUKXCWQYESQ-UHFFFAOYSA-N,8.732393759822969,meta37-model
FNUATPIDZQSFPD-UHFFFAOYSA-N,3.041392685158225,meta37-model
FHDSQIUCCGFXNL-UHFFFAOYSA-N,-3.118978873251287,GuthrieSolv-reconciled
IKZVAPMTXDXWMX-UHFFFAOYSA-N,0.36608904835200257,GuthrieSolv-reconciled
VLZVIIYRNMWPSN-UHFFFAOYSA-N,10.041392685158224,meta37-model
VUMCUSHVMYIRMB-UHFFFAOYSA-N,-0.2076083105017461,meta37-model
NJTWJZMVWTXLTD-UHFFFAOYSA-N,5.073864954825317,GuthrieSolv-reconciled
RLBIQVVOMOPOHC-UHFFFAOYSA-N,5.4682546131672085,GuthrieSolv-reconciled
PVOAHINGSUIXLS-UHFFFAOYSA-N,5.5870507465620385,GuthrieSolv-reconciled
LPIQUOYDBNQMRZ-UHFFFAOYSA-N,-0.4495491124010049,GuthrieSolv-reconciled
GOBGVVAHHOUMDK-UHFFFAOYSA-N,0.5185139398778874,meta37-model
CJNZAXGUTKBIHP-UHFFFAOYSA-N,4.533987793515682,GuthrieSolv-reconciled
WHTBVLXUSXVMEV-UHFFFAOYSA-N,5.434247579035584,GuthrieSolv-reconciled
QWBBPBRQALCEIZ-UHFFFAOYSA-N,4.412985039282215,GuthrieSolv-reconciled
GPHQHTOMRSGBNZ-UHFFFAOYSA-N,4.317293345103424,GuthrieSolv-reconciled
GKMIDMKPBOUSBQ-UHFFFAOYSA-N,7.487241539919856,GuthrieSolv-reconciled
ULTHEAFYOOPTTB-UHFFFAOYSA-N,1.4256145828598246,GuthrieSolv-reconciled
JSLBZIVMVVHMDJ-UHFFFAOYSA-N,3.8231006783068278,GuthrieSolv-reconciled
RYPKRALMXUUNKS-HWKANZROSA-N,-1.1853764907002886,GuthrieSolv-reconciled
STEPQTYSZVCJPV-UHFFFAOYSA-N,7.493107583410076,GuthrieSolv-reconciled
WJNRPILHGGKWCK-UHFFFAOYSA-N,6.8069218938726115,GuthrieSolv-reconciled
DIIIISSCIXVANO-UHFFFAOYSA-N,3.643452676486187,meta37-model
MFURKMJLDQBHRA-UHFFFAOYSA-N,2.934498451243568,meta37-model
DOFZAZXDOSGAJZ-UHFFFAOYSA-N,3.9959099661968756,GuthrieSolv-reconciled
YTBRNEUEFCNVHC-UHFFFAOYSA-N,2.19895271288348,GuthrieSolv-reconciled
SBBHTEMLRJJIGK-UHFFFAOYSA-N,7.968482948553935,meta37-model
BFWMWWXRWVJXSE-UHFFFAOYSA-M,4.732951508846028,GuthrieSolv-reconciled
JXTHEWSKYLZVJC-UHFFFAOYSA-N,13.755874855672491,meta37-model
HMBBJSKXDBUNNT-UHFFFAOYSA-N,3.755874855672492,meta37-model
MCSAJNNLRCFZED-UHFFFAOYSA-N,2.644189838730883,GuthrieSolv-reconciled
LXMSZDCAJNLERA-UHFFFAOYSA-N,8.342422680822207,meta37-model
KXAVVWXJUDQGDA-UHFFFAOYSA-N,4.041392685158225,meta37-model
FSCWZHGZWWDELK-LBPRGKRZSA-N,6.086933957098865,GuthrieSolv-reconciled
VMZVBRIIHDRYGK-UHFFFAOYSA-N,7.079181246047625,meta37-model
URYYVOIYTNXXBN-UHFFFAOYSA-N,0.18294607354087608,GuthrieSolv-reconciled
XAIKFWSNTFEXDC-UHFFFAOYSA-N,2.0,meta37-model
GPBUTTSWJNPYJL-UHFFFAOYSA-N,-2.494850021680094,meta37-model
ULLJIFAIUSUJBP-UHFFFAOYSA-N,10.672097857935718,meta37-model
HUPFGZXOMWLGNK-UHFFFAOYSA-N,3.2598639326550103,GuthrieSolv-reconciled
FBPFZTCFMRRESA-UHFFFAOYSA-N,14.825092032819994,GuthrieSolv-reconciled
SSIZLKDLDKIHEV-UHFFFAOYSA-N,5.431363764158987,meta37-model
WJURXKWTCOMRCE-UHFFFAOYSA-N,2.903089986991944,meta37-model
XLNZEKHULJKQBA-UHFFFAOYSA-N,2.9822078666928546,GuthrieSolv-reconciled
SGWJUIFOPCZXMR-UHFFFAOYSA-N,-3.3025770321203978,GuthrieSolv-reconciled
PFEFOYRSMXVNEL-UHFFFAOYSA-N,3.397940008672037,meta37-model
PKSORSNCSXBXOT-UHFFFAOYSA-N,3.6020599913279625,meta37-model
HVFJQRZGBBKTPL-UHFFFAOYSA-N,-4.101882344701393,GuthrieSolv-reconciled
ZSIAUFGUXNUGDI-UHFFFAOYSA-N,3.116579271381942,GuthrieSolv-reconciled
WEBQKRLKWNIYKK-UHFFFAOYSA-N,5.876712500040312,GuthrieSolv-reconciled
WXEHBUMAEPOYKP-UHFFFAOYSA-N,1.0380122304065602,GuthrieSolv-reconciled
FKLFBQCQQYDUAM-UHFFFAOYSA-N,6.626021737138839,GuthrieSolv-reconciled
ATSCZMXECPRPEA-UHFFFAOYSA-N,1.4313637641589874,meta37-model
ZUBZATZOEPUUQF-UHFFFAOYSA-N,-2.4168182279153276,GuthrieSolv-reconciled
BCCOBQSFUDVTJQ-UHFFFAOYSA-N,0.39893229397227586,GuthrieSolv-reconciled
LPAGFVYQRIESJQ-UHFFFAOYSA-N,4.164402719085805,GuthrieSolv-reconciled
UJQZTMFRMLEYQN-UHFFFAOYSA-N,0.0,meta37-model
ZQWPRMPSCMSAJU-UHFFFAOYSA-N,2.3458240310348573,GuthrieSolv-reconciled
LBJWJHMCZHKLQU-UHFFFAOYSA-N,3.113943352306837,meta37-model
NLZUEZXRPGMBCV-UHFFFAOYSA-N,0.8512583487190752,meta37-model
CHIFOSRWCNZCFN-UHFFFAOYSA-N,4.344859274481827,GuthrieSolv-reconciled
FUNUTBJJKQIVSY-UHFFFAOYSA-N,1.0291853306714978,GuthrieSolv-reconciled
RJKGJBPXVHTNJL-UHFFFAOYSA-N,4.085200705712886,GuthrieSolv-reconciled
UBCKGWBNUIFUST-YHYXMXQVSA-N,6.893436725094351,GuthrieSolv-reconciled
GKKDCARASOJPNG-UHFFFAOYSA-N,2.672097857935717,meta37-model
WEILNYJKAUGBAU-UHFFFAOYSA-N,-0.8860566476931632,meta37-model
COAUHYBSXMIJDK-UHFFFAOYSA-N,-0.619788758288394,meta37-model
QGRPVMLBTFGQDQ-UHFFFAOYSA-N,2.3863862739185415,GuthrieSolv-reconciled
DBULLUBYDONGLT-UHFFFAOYSA-N,-2.5480735261879075,GuthrieSolv-reconciled
KVBKAPANDHPRDG-UHFFFAOYSA-N,-3.1804560644581312,meta37-model
WTHRRGMBUAHGNI-UHFFFAOYSA-N,26.079181246047625,meta37-model
KLKFAASOGCDTDT-UHFFFAOYSA-N,2.5312563136609874,GuthrieSolv-reconciled
ZQFIWHOYWCJIHU-UHFFFAOYSA-N,3.255272505103306,meta37-model
UXLBXTIBYMXRNX-UHFFFAOYSA-N,3.0791812460476247,meta37-model
GGLIEWRLXDLBBF-UHFFFAOYSA-N,9.17609125905568,meta37-model
RFJQYRXZGNILIY-UHFFFAOYSA-N,1.5563025007672873,meta37-model
CWPPDTVYIJETDF-UHFFFAOYSA-N,3.146128035678238,meta37-model
DCPXXVXZJCAQDR-UHFFFAOYSA-N,3.2363180944138437,GuthrieSolv-reconciled
NQLVQOSNDJXLKG-UHFFFAOYSA-N,6.121563667018694,GuthrieSolv-reconciled
ZDWSNKPLZUXBPE-UHFFFAOYSA-N,3.1204622568389304,GuthrieSolv-reconciled
NIAJPNQTKGWEOI-UHFFFAOYSA-N,4.2552725051033065,meta37-model
WBEJYOJJBDISQU-UHFFFAOYSA-N,2.1671089556164618,GuthrieSolv-reconciled
ISAKRJDGNUQOIC-UHFFFAOYSA-N,9.067249248411041,GuthrieSolv-reconciled
TWSRVQVEYJNFKQ-UHFFFAOYSA-N,1.4360807210717628,GuthrieSolv-reconciled
KRADHMIOFJQKEZ-UHFFFAOYSA-N,4.748188027006201,meta37-model
QUSNBJAOOMFDIB-UHFFFAOYSA-N,3.21777553584532,GuthrieSolv-reconciled
QPRQEDXDYOZYLA-UHFFFAOYSA-N,3.156866999272735,GuthrieSolv-reconciled
UJMWVICAENGCRF-UHFFFAOYSA-N,-1.1426675035687317,meta37-model
FUUHMSUPRUNWRQ-UHFFFAOYSA-N,1.1987708513899769,GuthrieSolv-reconciled
VVGOCOMZRGWHPI-ARJAWSKDSA-N,2.306183559194163,GuthrieSolv-reconciled
LQLQRFGHAALLLE-UHFFFAOYSA-N,10.276657569140756,GuthrieSolv-reconciled
JIZZVMCXCCJUHI-UHFFFAOYSA-N,2.57978359661681,meta37-model
UWNADWZGEHDQAB-UHFFFAOYSA-N,-2.1514510782407177,GuthrieSolv-reconciled
TYNRPOFACABVSI-UHFFFAOYSA-N,-1.080921907623926,meta37-model
WMXCDAVJEZZYLT-UHFFFAOYSA-N,0.6020599913279624,meta37-model
LFULEKSKNZEWOE-UHFFFAOYSA-N,6.044283953757257,GuthrieSolv-reconciled
WJZPRRFFZWVZJL-UHFFFAOYSA-N,1.6369871015471302,GuthrieSolv-reconciled
CCEZFZGXWFJQEF-UHFFFAOYSA-N,2.5740677998017674,GuthrieSolv-reconciled
CFRFHWQYWJMEJN-UHFFFAOYSA-N,5.832508912706237,meta37-model
ZWBAMYVPMDSJGQ-UHFFFAOYSA-N,0.146128035678238,meta37-model
YEJRWHAVMIAJKC-UHFFFAOYSA-N,5.584470375195457,GuthrieSolv-reconciled
MPRGRXOERDECED-UHFFFAOYSA-N,6.234178979343773,GuthrieSolv-reconciled
IHPXJGBVRWFEJB-UHFFFAOYSA-N,-2.5087159473474427,GuthrieSolv-reconciled
GLOOIONSKMZYQZ-UHFFFAOYSA-N,1.724275869600789,meta37-model
NYPJDWWKZLNGGM-RPWUZVMVSA-N,4.847604290499326,GuthrieSolv-reconciled
ZQEIXNIJLIKNTD-UHFFFAOYSA-N,6.967453617009737,GuthrieSolv-reconciled
FVTWJXMFYOXOKK-UHFFFAOYSA-N,6.041392685158225,meta37-model
SWWHCQCMVCPLEQ-UHFFFAOYSA-N,3.531478917042255,meta37-model
HRYZWHHZPQKTII-UHFFFAOYSA-N,0.4066626014271612,GuthrieSolv-reconciled
WSWCOQWTEOXDQX-UHFFFAOYSA-N,5.690196080028514,meta37-model
RAUQLNDTFONODT-UHFFFAOYSA-N,6.113943352306837,meta37-model
SUPCQIBBMFXVTL-UHFFFAOYSA-N,1.6128432571935072,GuthrieSolv-reconciled
ZBQKPDHUDKSCRS-UHFFFAOYSA-N,0.380211241711606,meta37-model
JSFUMBWFPQSADC-UHFFFAOYSA-N,5.05466060259977,GuthrieSolv-reconciled
KKEYFWRCBNTPAC-UHFFFAOYSA-N,12.895700428314434,GuthrieSolv-reconciled
RAOIDOHSFRTOEL-UHFFFAOYSA-N,1.8797597217837565,GuthrieSolv-reconciled
CRVGTESFCCXCTH-UHFFFAOYSA-N,8.897627091290442,meta37-model
DRHKJLXJIQTDTD-UHFFFAOYSA-N,12.69897000433602,meta37-model
SNKTZHPOKPYBPT-UHFFFAOYSA-N,3.255272505103306,meta37-model
VYXHVRARDIDEHS-UHFFFAOYSA-N,-0.0315170514460648,meta37-model
IDCBOTIENDVCBQ-UHFFFAOYSA-N,8.041392685158225,meta37-model
MMASVVOQIKCFJZ-UHFFFAOYSA-N,-2.489037151995643,GuthrieSolv-reconciled
OSOUNOBYRMOXQQ-UHFFFAOYSA-N,0.1483702330454771,GuthrieSolv-reconciled
JJWLVOIRVHMVIS-UHFFFAOYSA-N,2.666899014749085,GuthrieSolv-reconciled
CGFCSKMZZXPWEY-UHFFFAOYSA-N,5.290609703100454,GuthrieSolv-reconciled
RIFGWPKJUGCATF-UHFFFAOYSA-N,0.8976270912904415,meta37-model
OBETXYAYXDNJHR-UHFFFAOYSA-N,3.8172454161587455,GuthrieSolv-reconciled
VJXRKZJMGVSXPX-UHFFFAOYSA-N,3.3833300440355933,GuthrieSolv-reconciled
VSTCOEMHOLOHOQ-JTQLQIEISA-N,6.529407655410045,GuthrieSolv-reconciled
FMMWHPNWAFZXNH-UHFFFAOYSA-N,4.646237723248078,GuthrieSolv-reconciled
SZNYYWIUQFZLLT-UHFFFAOYSA-N,0.9590413923210936,meta37-model
UKSLKNUCVPZQCQ-UHFFFAOYSA-N,3.7453330916827645,GuthrieSolv-reconciled
UKFXDFUAPNAMPJ-UHFFFAOYSA-N,9.388112768571192,GuthrieSolv-reconciled
JXOHGGNKMLTUBP-UHFFFAOYSA-N,11.959041392321094,meta37-model
NHDHVHZZCFYRSB-UHFFFAOYSA-N,7.5910646070264995,meta37-model
DOLQYFPDPKPQSS-UHFFFAOYSA-N,4.043164966611457,GuthrieSolv-reconciled
KCXMKQUNVWSEMD-UHFFFAOYSA-N,1.675776951393614,GuthrieSolv-reconciled
CTSPDTAOARRHCM-UHFFFAOYSA-N,6.967759614716379,GuthrieSolv-reconciled
LMIMSGCBKHFTDY-UHFFFAOYSA-N,2.806179973983887,meta37-model
VBKPPDYGFUZOAJ-UHFFFAOYSA-N,4.991226075692495,meta37-model
WMMFIDNWZNCBCT-UHFFFAOYSA-N,0.8920946026904804,meta37-model
QSKPIOLLBIHNAC-UHFFFAOYSA-N,3.0,meta37-model
KDLRVYVGXIQJDK-UHFFFAOYSA-N,19.92427928606188,meta37-model
NTSLROIKFLNUIJ-UHFFFAOYSA-N,3.0685251558895486,GuthrieSolv-reconciled
RXPQVFMDOJTCKE-UHFFFAOYSA-N,1.8073930254292288,GuthrieSolv-reconciled
HGUYBLVGLMAUFF-UHFFFAOYSA-N,8.785329835010767,meta37-model
ZGMCNGHHUQZNIH-UHFFFAOYSA-N,3.397940008672037,meta37-model
GZSKSYDWLZIPOX-UHFFFAOYSA-N,6.57978359661681,meta37-model
QMTNOLKHSWIQBE-UHFFFAOYSA-N,4.5522970405438725,GuthrieSolv-reconciled
UBCKGWBNUIFUST-BJMVGYQFSA-N,6.922671478343359,GuthrieSolv-reconciled
UTGQNNCQYDRXCH-UHFFFAOYSA-N,8.079181246047625,meta37-model
YASYVMFAVPKPKE-UHFFFAOYSA-N,10.523638176051659,GuthrieSolv-reconciled
VBWIZSYFQSOUFQ-UHFFFAOYSA-N,3.255272505103306,meta37-model
JXVIIQLNUPXOII-UHFFFAOYSA-N,8.448566721955107,GuthrieSolv-reconciled
NUVBSKCKDOMJSU-UHFFFAOYSA-N,5.706783897634436,GuthrieSolv-reconciled
POULHZVOKOAJMA-UHFFFAOYSA-N,3.44015381974612,GuthrieSolv-reconciled
UNXHWFMMPAWVPI-UHFFFAOYSA-N,11.409705658804977,GuthrieSolv-reconciled
SMQUZDBALVYZAC-UHFFFAOYSA-N,3.5678405633819055,GuthrieSolv-reconciled
XOILGBPDXMVFIP-UHFFFAOYSA-N,6.505149978319906,meta37-model
LHIJANUOQQMGNT-UHFFFAOYSA-N,11.342422680822208,meta37-model
SFVWPXMPRCIVOK-UHFFFAOYSA-N,3.865938711318359,GuthrieSolv-reconciled
HECLRDQVFMWTQS-UHFFFAOYSA-N,-0.4089353929735008,meta37-model
LECYCYNAEJDSIL-UHFFFAOYSA-N,0.569957115964522,GuthrieSolv-reconciled
INNPZTGYZSAJFN-UHFFFAOYSA-N,9.30102999566398,meta37-model
QZHDEAJFRJCDMF-UHFFFAOYSA-N,3.113943352306837,meta37-model
QUKOJKFJIHSBKV-UHFFFAOYSA-N,-2.4693583527083933,GuthrieSolv-reconciled
YGYAWVDWMABLBF-UHFFFAOYSA-N,0.1760912590556812,meta37-model
QQRRQEVOSMEVQB-UHFFFAOYSA-N,3.3010299956639813,meta37-model
RFFLAFLAYFXFSW-UHFFFAOYSA-N,0.9572464802918186,GuthrieSolv-reconciled
WERYXYBDKMZEQL-UHFFFAOYSA-N,7.559419197282439,GuthrieSolv-reconciled
XOZUGNYVDXMRKW-UHFFFAOYSA-N,10.477121254719664,meta37-model
QXHRQZNDMYRDPA-UHFFFAOYSA-N,2.041392685158225,meta37-model
GQKZRWSUJHVIPE-UHFFFAOYSA-N,1.4913616938342726,meta37-model
INQOMBQAUSQDDS-UHFFFAOYSA-N,0.6016466408644493,GuthrieSolv-reconciled
RUTNOQHQISEBGT-UHFFFAOYSA-N,-2.4201613373657933,GuthrieSolv-reconciled
MGLWZSOBALDPEK-UHFFFAOYSA-N,7.3189238032470385,GuthrieSolv-reconciled
QLNJFJADRCOGBJ-UHFFFAOYSA-N,6.7726570428643385,GuthrieSolv-reconciled
VSMDINRNYYEDRN-UHFFFAOYSA-N,5.041392685158225,meta37-model
GWQSENYKCGJTRI-UHFFFAOYSA-N,1.2508930035325498,GuthrieSolv-reconciled
NZGWDASTMWDZIW-UHFFFAOYSA-N,3.5318847879103497,GuthrieSolv-reconciled
YKPNYFKOKKKGNM-UHFFFAOYSA-N,-2.577591699882087,GuthrieSolv-reconciled
QZSIVSBQFNFAQG-UHFFFAOYSA-N,8.414238103239207,GuthrieSolv-reconciled
NFJPGAKRJKLOJK-UHFFFAOYSA-N,3.146128035678238,meta37-model
NKKMVIVFRUYPLQ-UHFFFAOYSA-N,2.3104131498747233,GuthrieSolv-reconciled
JTJMJGYZQZDUJJ-UHFFFAOYSA-N,3.643452676486187,meta37-model
SQCZQTSHSZLZIQ-UHFFFAOYSA-N,0.0048800066875390995,GuthrieSolv-reconciled
PFIADAMVCJPXSF-UHFFFAOYSA-N,2.6074099775862485,GuthrieSolv-reconciled
HLKZFXXWGVPYAY-UHFFFAOYSA-N,1.662757831681574,meta37-model
BMIPMKQAAJKBKP-UHFFFAOYSA-N,3.9332756872096684,GuthrieSolv-reconciled
VGVRPFIJEJYOFN-UHFFFAOYSA-N,3.400759093049069,GuthrieSolv-reconciled
WOWBFOBYOAGEEA-UHFFFAOYSA-N,6.087273908371618,GuthrieSolv-reconciled
MELUCTCJOARQQG-UHFFFAOYSA-N,-0.19643426518516185,GuthrieSolv-reconciled
CJJOSEISRRTUQB-UHFFFAOYSA-N,5.90636025400581,GuthrieSolv-reconciled
OWXJKYNZGFSVRC-UHFFFAOYSA-N,-0.3565473235138126,meta37-model
YTCGOUNVIAWCMG-UHFFFAOYSA-N,-0.1487416512809247,meta37-model
HCFAJYNVAYBARA-UHFFFAOYSA-N,2.075024726632456,GuthrieSolv-reconciled
TUALLFJCLUYJEN-UHFFFAOYSA-N,-1.6575773191777938,meta37-model
BDEIYMXBPHSOSG-UHFFFAOYSA-N,1.414973347970818,meta37-model
XNWFRZJHXBZDAG-UHFFFAOYSA-N,4.860151823425762,GuthrieSolv-reconciled
PJMPHNIQZUBGLI-UHFFFAOYSA-N,9.431363764158988,meta37-model
WIDHRBRBACOVOY-UHFFFAOYSA-N,2.338990399651631,GuthrieSolv-reconciled
UJVHVMNGOZXSOZ-UHFFFAOYSA-N,10.857332496431267,meta37-model
ZOXBWJMCXHTKNU-UHFFFAOYSA-N,3.544068044350276,meta37-model
UMNKXPULIDJLSU-UHFFFAOYSA-N,0.3230899491441626,GuthrieSolv-reconciled
BMURONZFJJPAOK-UHFFFAOYSA-N,2.472466651320925,GuthrieSolv-reconciled
BTFJIXJJCSYFAL-UHFFFAOYSA-N,3.0791812460476247,meta37-model
GQJXVHYUQPXZOL-UHFFFAOYSA-N,-2.3279021420642825,meta37-model
QPUYECUOLPXSFR-UHFFFAOYSA-N,1.7012061326918142,GuthrieSolv-reconciled
XCXKZBWAKKPFCJ-UHFFFAOYSA-N,-1.3767507096020994,meta37-model
OXTNCQMOKLOUAM-UHFFFAOYSA-N,12.7514886499527,GuthrieSolv-reconciled
NCBZRJODKRCREW-UHFFFAOYSA-N,5.235356579650001,GuthrieSolv-reconciled
DYSXLQBUUOPLBB-UHFFFAOYSA-N,5.007344764183656,GuthrieSolv-reconciled
BXWNKGSJHAJOGX-UHFFFAOYSA-N,2.486376227937191,GuthrieSolv-reconciled
RZXMPPFPUUCRFN-UHFFFAOYSA-N,3.983323297166244,GuthrieSolv-reconciled
AUEVFUYPKCWYNP-UHFFFAOYSA-M,8.589816147470392,GuthrieSolv-reconciled
XHQZJYCNDZAGLW-UHFFFAOYSA-N,5.339457074946003,GuthrieSolv-reconciled
SBMIVUVRFPGOEB-UHFFFAOYSA-N,0.3424226808222063,meta37-model
IKHGUXGNUITLKF-UHFFFAOYSA-N,2.489700564720264,GuthrieSolv-reconciled
QRMHDGWGLNLHMN-UHFFFAOYSA-N,3.806629006340202,GuthrieSolv-reconciled
RXSIKQJQLQRQQY-UHFFFAOYSA-N,3.041392685158225,meta37-model
UWTUEMKLYAGTNQ-UPHRSURJSA-N,0.8084754869500785,GuthrieSolv-reconciled
CSHWQDPOILHKBI-UHFFFAOYSA-N,3.732553004562991,GuthrieSolv-reconciled
YFXPPSKYMBTNAV-UHFFFAOYSA-N,4.201921304844402,GuthrieSolv-reconciled
CRSOQBOWXPBRES-UHFFFAOYSA-N,-1.8559495204093115,GuthrieSolv-reconciled
NAMYKGVDVNBCFQ-UHFFFAOYSA-N,0.3060378297612845,GuthrieSolv-reconciled
GRWFGVWFFZKLTI-UHFFFAOYSA-N,-0.7495333338814891,GuthrieSolv-reconciled
VPCDQGACGWYTMC-UHFFFAOYSA-N,0.0791812460476248,meta37-model
JJEPQBZQAGCZTH-UHFFFAOYSA-N,8.113943352306837,meta37-model
IMRYETFJNLKUHK-UHFFFAOYSA-N,2.7634279935629373,meta37-model
NVVZEKTVIXIUKW-UHFFFAOYSA-N,-4.102372908709558,meta37-model
YKFLAYDHMOASIY-UHFFFAOYSA-N,1.884041062869929,GuthrieSolv-reconciled
JJNZXLAFIPKXIG-UHFFFAOYSA-N,6.380211241711606,meta37-model
CUFXMPWHOWYNSO-UHFFFAOYSA-N,4.505149978319906,meta37-model
OUGPMNMLWKSBRI-UHFFFAOYSA-N,1.0712711861510489,GuthrieSolv-reconciled
MFEIKQPHQINPRI-UHFFFAOYSA-N,3.2866237066325112,GuthrieSolv-reconciled
RUYUCCQRWINUHE-UHFFFAOYSA-N,2.1721336277683463,GuthrieSolv-reconciled
YBNLWIZAWPBUKQ-UHFFFAOYSA-N,6.301029995663981,meta37-model
CWERGRDVMFNCDR-UHFFFAOYSA-N,6.113943352306837,meta37-model
AQNQQHJNRPDOQV-UHFFFAOYSA-N,0.42755369627186773,GuthrieSolv-reconciled
DKCPKDPYUFEZCP-UHFFFAOYSA-N,3.89209460269048,meta37-model
PLGACQRCZCVKGK-UHFFFAOYSA-N,1.7481880270062005,meta37-model
YXMNUPKWUMIZAV-UHFFFAOYSA-N,3.023452176625689,GuthrieSolv-reconciled
SCLCXTQIVCULDR-UHFFFAOYSA-N,1.9967422361172371,GuthrieSolv-reconciled
BLJRIMJGRPQVNF-UHFFFAOYSA-N,14.755874855672491,meta37-model
SOGAXMICEFXMKE-UHFFFAOYSA-N,1.6745112940517435,GuthrieSolv-reconciled
DVWSXZIHSUZZKJ-YSTUJMKBSA-N,3.039247568595308,GuthrieSolv-reconciled
HOOYQDGYTHKHOP-UHFFFAOYSA-N,5.3163339927786595,GuthrieSolv-reconciled
RZEKVGVHFLEQIL-UHFFFAOYSA-N,10.491361693834271,meta37-model
UQCNKQCJZOAFTQ-UHFFFAOYSA-N,16.778151250383644,meta37-model
BEQGRRJLJLVQAQ-UHFFFAOYSA-N,-1.1951132883287339,GuthrieSolv-reconciled
RJGDLRCDCYRQOQ-UHFFFAOYSA-N,4.491361693834273,meta37-model
GLCIPJOIEVLTPR-UHFFFAOYSA-N,-3.3356522415062844,GuthrieSolv-reconciled
JTXUVYOABGUBMX-UHFFFAOYSA-N,4.785329835010767,meta37-model
BITLXSQYFZTQGC-UHFFFAOYSA-N,-0.1804560644581313,meta37-model
WNAHIZMDSQCWRP-UHFFFAOYSA-N,-0.3872161432802645,meta37-model
UGNWTBMOAKPKBL-UHFFFAOYSA-N,4.508025405651287,GuthrieSolv-reconciled
ROWKJAVDOGWPAT-UHFFFAOYSA-N,3.105537363637724,GuthrieSolv-reconciled
ZOMSMJKLGFBRBS-UHFFFAOYSA-N,9.647838955662772,GuthrieSolv-reconciled
WWUVJRULCWHUSA-UHFFFAOYSA-N,-1.1075439019348226,GuthrieSolv-reconciled
ABRDPORILGADAP-UHFFFAOYSA-N,2.545897503797619,GuthrieSolv-reconciled
UWTUEMKLYAGTNQ-UHFFFAOYSA-N,1.462397997898956,meta37-model
LBKDGROORAKTLC-UHFFFAOYSA-N,-1.2709818370920836,GuthrieSolv-reconciled
BJELTSYBAHKXRW-UHFFFAOYSA-N,4.763427993562937,meta37-model
NVYUPBVXKLTYHV-UHFFFAOYSA-N,2.934498451243568,meta37-model
URUJZHZLCCIILC-UHFFFAOYSA-N,2.7082641253703197,GuthrieSolv-reconciled
CIWBSHSKHKDKBQ-UHFFFAOYSA-N,5.778151250383644,meta37-model
IDDBICIFODFKQO-UHFFFAOYSA-N,-1.5898492534335833,GuthrieSolv-reconciled
IXQGCWUGDFDQMF-UHFFFAOYSA-N,3.634170094749733,GuthrieSolv-reconciled
CCJKFLLIJCGHMO-UHFFFAOYSA-N,5.176091259055681,meta37-model
SQEGLLMNIBLLNQ-UHFFFAOYSA-N,-1.7212463990471711,meta37-model
YWAKXRMUMFPDSH-UHFFFAOYSA-N,-1.2506973151145366,GuthrieSolv-reconciled
JLQUFIHWVLZVTJ-UHFFFAOYSA-N,4.590457287656798,GuthrieSolv-reconciled
ACYOLKMEHHTLAB-UHFFFAOYSA-N,4.113943352306837,meta37-model
YTWXDQVNPCIEOX-UHFFFAOYSA-N,1.875614981599898,GuthrieSolv-reconciled
MGSRCZKZVOBKFT-UHFFFAOYSA-N,4.6223683238684705,GuthrieSolv-reconciled
IMHBYKMAHXWHRP-UHFFFAOYSA-N,7.772772752823859,GuthrieSolv-reconciled
GIRAOZDBJVKBGG-QPJJXVBHSA-N,-3.0792023134038318,GuthrieSolv-reconciled
BRBCKWCOTRPYGH-UHFFFAOYSA-N,3.9190780923760737,meta37-model
YWHLKYXPLRWGSE-UHFFFAOYSA-N,1.724275869600789,meta37-model
DXGLGDHPHMLXJC-UHFFFAOYSA-N,6.204119982655925,meta37-model
FFCCBBNQPIMUJI-UHFFFAOYSA-N,9.370722609950613,GuthrieSolv-reconciled
IRLZOQDGEAEIPX-UHFFFAOYSA-N,2.088344129412378,GuthrieSolv-reconciled
RCJVRSBWZCNNQT-UHFFFAOYSA-N,2.6232492903979003,meta37-model
XHFGWHUWQXTGAT-UHFFFAOYSA-N,2.531478917042255,meta37-model
FKLQIONHGSFYJY-UHFFFAOYSA-N,4.352188439312775,GuthrieSolv-reconciled
SCYULBFZEHDVBN-UHFFFAOYSA-N,0.5624693828610651,GuthrieSolv-reconciled
XJRBAMWJDBPFIM-UHFFFAOYSA-N,0.568201724066995,meta37-model
