ikey,dG_hyd_meta37
AAEVYOVXGOFMJO-UHFFFAOYSA-N,-8.761235228391673
AAOVKJBEBIDNHE-UHFFFAOYSA-N,-9.495085714152012
AAPVQEMYVNZIOO-UHFFFAOYSA-N,-12.90354715589562
ABDKAPXRBAPSQN-UHFFFAOYSA-N,-0.060957992858648335
ABIUHPWEYMSGSR-UHFFFAOYSA-N,-22.67827279338407
ABVVEAHYODGCLZ-UHFFFAOYSA-N,-3.2953064628671824
ABYGSZMCWVXFCQ-UHFFFAOYSA-N,3.235239975087958
ACBMYYVZWKYLIP-UHFFFAOYSA-N,-4.360599556136064
ACCHWUWBKYGKNM-UHFFFAOYSA-N,-9.043078107990851
ACGUYXCXAPNIKK-UHFFFAOYSA-N,-14.757124983402841
ACRXLLXANWELLX-UHFFFAOYSA-N,-9.130138107476888
ACUZDYFTRHEKOS-UHFFFAOYSA-N,-4.360599556136064
ACWBQPMHZXGDFX-UHFFFAOYSA-N,-22.011934765946087
ACYHSTUWOQNWCX-UHFFFAOYSA-N,3.250047173595053
ACYOLKMEHHTLAB-UHFFFAOYSA-N,-5.74137019863738
ADAKRBAJFHTIEW-UHFFFAOYSA-N,-3.024268579572178
ADDQHLREJDZPMT-UHFFFAOYSA-N,-6.400165220067684
ADEBPBSSDYVVLD-UHFFFAOYSA-N,-14.284317798396938
ADIMAYPTOBDMTL-UHFFFAOYSA-N,-10.61481305589889
ADRYPAGQXFMVFP-UHFFFAOYSA-N,-1.819280531986677
ADZSGNDOZREKJK-UHFFFAOYSA-N,-7.917813690238093
AEKSGHBVWJHELW-UHFFFAOYSA-N,-3.799491404526799
AEMFNILZOJDQLW-UHFFFAOYSA-N,-8.096413411801436
AEMRFAOFKBGASW-UHFFFAOYSA-N,-8.123069403344157
AETAPIFVELRIDN-UHFFFAOYSA-N,-4.140089320721886
AEXMKKGTQYQZCS-UHFFFAOYSA-N,2.5432536563705206
AFABGHUZZDYHJO-UHFFFAOYSA-N,2.457441651238806
AFBPFSWMIHJQDM-UHFFFAOYSA-N,-4.648180862978673
AFFLGGQVNFXPEV-UHFFFAOYSA-N,2.7571377351847484
AFIIBUOYKYSPKB-UHFFFAOYSA-N,-8.34558184786655
AFOSIXZFDONLBT-UHFFFAOYSA-N,-3.787616539837474
AFOVQGPNOZDUEP-UHFFFAOYSA-N,-3.8766182390366697
AFTPEBDOGXRMNQ-UHFFFAOYSA-N,3.48573951285571
AFTSHZRGGNMLHC-UHFFFAOYSA-N,0.7703487681915995
AFVFQIVMOAPDHO-UHFFFAOYSA-N,-0.060957992858648335
AFYPFACVUDMOHA-UHFFFAOYSA-N,2.1755987716396277
AFZSMODLJJCVPP-UHFFFAOYSA-N,-15.249435060373132
AFZZYIJIWUTJFO-UHFFFAOYSA-N,-0.6783806750946683
AGDYNDJUZRMYRG-UHFFFAOYSA-N,-1.8266234240471582
AGEZXYOZHKGVCM-UHFFFAOYSA-N,-0.8121911760206133
AGKSTYPVMZODRV-QJOMJCCJSA-N,-7.910335705544137
AGKSTYPVMZODRV-UHFFFAOYSA-N,-13.681231385368179
AGPTXRLVBIRYLV-UHFFFAOYSA-N,-4.084266617943749
AGUIVNYEYSCPNI-UHFFFAOYSA-N,-9.669798047327102
AGVKXDPPPSLISR-UHFFFAOYSA-N,-0.060957992858648335
AGYUOJIYYGGHKV-UHFFFAOYSA-N,-6.262498364559999
AHBGIHFKTBTQJP-UHFFFAOYSA-N,-1.7942014162443776
AHFMSNDOYCFEPH-UHFFFAOYSA-N,1.5968773280976074
AHHWIHXENZJRFG-UHFFFAOYSA-N,-4.191155143259266
AHJKRLASYNVKDZ-UHFFFAOYSA-N,-4.987826179972938
AHTPATJNIAFOLR-UHFFFAOYSA-N,-16.525652764039453
AHZUOPSGLWYCNF-UHFFFAOYSA-N,-1.398210815985035
AIFARXRIYKCEEV-UHFFFAOYSA-N,-4.555742701247011
AIGRXSNSLVJMEA-UHFFFAOYSA-N,-6.606311629320885
AIJULSRZWUXGPQ-UHFFFAOYSA-N,-8.196589243094124
AIKKULXCBHRFOS-UHFFFAOYSA-N,-11.579930317875084
AILKHAQXUAOOFU-UHFFFAOYSA-N,-3.8555753406224245
AIQOKYGLKGGWOI-UHFFFAOYSA-N,-3.763137178890763
AITNMTXHTIIIBB-UHFFFAOYSA-N,-1.5990582711334298
AIURIRUDHVDRFQ-UHFFFAOYSA-N,-1.9145358203658658
AJDIFHIHSYVDGP-UHFFFAOYSA-N,3.104361807979785
AJDIZQLSFPQPEY-UHFFFAOYSA-N,0.34282052297715093
AJDONJVWDSZZQF-UHFFFAOYSA-N,-0.7584542529829512
AJKLKINFZLWHQE-UHFFFAOYSA-N,-1.441728635359965
AJUXFTIOMRYFRL-UHFFFAOYSA-N,-2.8103845007579498
AKCRQHGQIJBRMN-UHFFFAOYSA-N,-5.105206582698081
AKEJUJNQAAGONA-UHFFFAOYSA-N,-0.060957992858648335
AKGGYBADQZYZPD-UHFFFAOYSA-N,-5.520502367436055
AKNQMEBLVAMSNZ-UHFFFAOYSA-N,-8.134473431967617
AKNUHUCEWALCOI-UHFFFAOYSA-N,-11.579930317875084
ALDJIKXAHSDLLB-UHFFFAOYSA-N,-2.745842581416114
ALFHIHDQSYXSGP-UHFFFAOYSA-N,-2.5999868333388902
ALHUZKCOMYUFRB-UHFFFAOYSA-N,-2.6993855010428884
ALIFPGGMJDWMJH-UHFFFAOYSA-N,-7.78574791715884
ALKYHXVLJMQRLQ-UHFFFAOYSA-N,-10.04454959560308
ALLIZEAXNXSFGD-UHFFFAOYSA-N,-2.4529964376746802
ALLOLPOYFRLCCX-UHFFFAOYSA-N,-11.579930317875084
ALQSHHUCVQOPAS-UHFFFAOYSA-N,-11.425320238104398
ALRLPDGCPYIVHP-UHFFFAOYSA-N,-8.333467070763216
ALSTYHKOOCGGFT-UHFFFAOYSA-N,-2.441787493176846
ALVPFGSHPUPROW-UHFFFAOYSA-N,-1.1253278202472043
ALVZNPYWJMLXKV-UHFFFAOYSA-N,-0.060957992858648335
ALYNCZNDIQEVRV-UHFFFAOYSA-N,-11.38896601246836
AMBJXYFIMKHOQE-UHFFFAOYSA-N,-8.148590747299892
AMCBMCWLCDERHY-UHFFFAOYSA-N,-2.7250430025713728
AMEKQAFGQBKLKX-UHFFFAOYSA-N,-12.960700960376403
AMFGTOFWMRQMEM-UHFFFAOYSA-N,-8.204228340932923
AMIMRNSIRUDHCM-UHFFFAOYSA-N,-1.6848702762651435
AMKBEJYNNQNKGD-UHFFFAOYSA-N,-3.787616539837474
AMQJEAYHLZJPGS-UHFFFAOYSA-N,-4.752733801813667
AMSFEMSYKQQCHL-UHFFFAOYSA-N,-0.5904577279799188
AMVYOVYGIJXTQB-UHFFFAOYSA-N,-15.451204362084027
ANGDWNBGPBMQHW-UHFFFAOYSA-N,-6.628849455999915
ANIAQSUBRGXWLS-UHFFFAOYSA-N,-4.676077105368499
ANOOTOPTCJRUPK-UHFFFAOYSA-N,-0.47661137338377224
ANSXAPJVJOKRDJ-UHFFFAOYSA-N,-9.061530673777629
ANUCHZVCBDOPOX-UHFFFAOYSA-N,-9.88368212614133
ANVREEJNGJMLOV-UHFFFAOYSA-N,-6.860258266530238
AOGQPLXWSUTHQB-UHFFFAOYSA-N,-2.2262848949703056
AOHJOMMDDJHIJH-UHFFFAOYSA-N,-6.075367034181548
AOMUHOFOVNGZAN-UHFFFAOYSA-N,-13.925818222352591
AOPDRZXCEAKHHW-UHFFFAOYSA-N,-1.2104618591441108
AOQMRUTZEYVDIL-UHFFFAOYSA-N,-4.181053512463838
AORMDLNPRGXHHL-UHFFFAOYSA-N,2.5432536563705206
AOXRBFRFYPMWLR-UHFFFAOYSA-N,-4.260423724843376
APQIUTYORBAGEZ-UHFFFAOYSA-N,-1.8266234240471582
APQSQLNWAIULLK-UHFFFAOYSA-N,-2.6886887769353365
APSMUYYLXZULMS-UHFFFAOYSA-N,-3.0247315427116686
APTZNLHMIGJTEW-UHFFFAOYSA-N,-10.40481029206395
AQDKZPFDOWHRDZ-UHFFFAOYSA-N,-4.014550138115878
AQIXAKUUQRKLND-UHFFFAOYSA-N,-18.583959361674353
AQIXEPGDORPWBJ-UHFFFAOYSA-N,-4.446411561267777
AQNQQHJNRPDOQV-UHFFFAOYSA-N,-1.75992574059518
AQONCPKMJSBHQT-UHFFFAOYSA-N,-3.763137178890763
AQPHBYQUCKHJLT-UHFFFAOYSA-N,-8.018930166540619
AQQNNAXBGPWALO-UHFFFAOYSA-N,0.14442011254722084
AQWROZBAYZBWIH-UHFFFAOYSA-N,-1.9667131558643225
AQXYVFBSOOBBQV-UHFFFAOYSA-N,-9.456108632422167
AQZGPSLYZOOYQP-UHFFFAOYSA-N,-1.723571514959144
AQZYBQIAUSKCCS-UHFFFAOYSA-N,11.687519987957117
ARCGXLSVLAOJQL-UHFFFAOYSA-N,-17.724890353639346
ARSRBNBHOADGJU-UHFFFAOYSA-N,-9.88368212614133
ARWOOWBJJKVYOV-UHFFFAOYSA-N,2.905961397549854
ARXHIJMGSIYYRZ-UHFFFAOYSA-N,-2.4854184454774613
ARXJGSRGQADJSQ-UHFFFAOYSA-N,-5.69337170284315
ARXKVVRQIIOZGF-UHFFFAOYSA-N,-17.822256563129045
ASHGTJPOSUFTGB-UHFFFAOYSA-N,-7.825375528506431
ASLWPAWFJZFCKF-UHFFFAOYSA-N,-9.689248219517332
ASUAYTHWZCLXAN-UHFFFAOYSA-N,-5.456975410888613
ASUDFOJKTJLAIK-UHFFFAOYSA-N,-6.67815174508512
ASWVTGNCAZCNNR-UHFFFAOYSA-N,-15.108081553439506
ASZMYJSJEOGSBR-UHFFFAOYSA-N,0.14442011254722084
ATEBGNALLCMSGS-UHFFFAOYSA-N,-1.1663716619076112
ATGUVEKSASEFFO-UHFFFAOYSA-N,-10.857954696804068
ATHHXGZTWNVVOU-UHFFFAOYSA-N,-9.130138107476888
ATIMVMORQPKRPC-UHFFFAOYSA-N,-3.033464789971701
ATQUFXWBVZUTKO-UHFFFAOYSA-N,0.25544282225411247
ATROHALUCMTWTB-OWBHPGMISA-N,-4.278908296687748
ATROHALUCMTWTB-UHFFFAOYSA-N,-2.0846301605965403
ATROHALUCMTWTB-WYMLVPIESA-N,-2.6678522701989715
ATSCZMXECPRPEA-UHFFFAOYSA-N,-2.037343057149556
ATUOYWHBWRKTHZ-UHFFFAOYSA-N,1.9160270325336444
ATVJXMYDOSMEPO-UHFFFAOYSA-N,-3.58837914874125
AUEWYHHKDYUYMI-UHFFFAOYSA-N,-3.9893858415483705
AUFSOOYCQYDGES-UHFFFAOYSA-N,-5.50839559532942
AUGNBQPSMWGAJE-UHFFFAOYSA-N,-2.5733308417961687
AUGQEEXBDZWUJY-UHFFFAOYSA-N,-19.941210869328145
AUHHYELHRWCWEZ-UHFFFAOYSA-N,-5.74137019863738
AUHZEENZYGFFBQ-UHFFFAOYSA-N,-0.9070719524159923
AUIKJTGFPFLMFP-UHFFFAOYSA-N,-4.862064941792902
AUKVIBNBLXQNIZ-UHFFFAOYSA-N,3.3301207514833364
AUQAUAIUNJIIEP-UHFFFAOYSA-N,-9.848431641033962
AUZONCFQVSMFAP-UHFFFAOYSA-N,-3.4609648585115456
AVFZOVWCLRSYKC-UHFFFAOYSA-N,-4.084266617943749
AVGQTJUPLKNPQP-UHFFFAOYSA-N,-1.398210815985035
AVMSWPWPYJVYKY-UHFFFAOYSA-N,-2.343665297695446
AVOLBYOSCILFLL-UHFFFAOYSA-N,-5.203328778179479
AVQQQNCBBIEMEU-UHFFFAOYSA-N,-7.050798585226886
AVSIMRGRHWKCAY-UHFFFAOYSA-N,-2.1392248954842676
AVTLBBWTUPQRAY-UHFFFAOYSA-N,-11.164276937349959
AVURWLKSFZBANQ-UHFFFAOYSA-N,-2.343665297695446
AVXURJPOCDRRFD-UHFFFAOYSA-N,-9.096815031028514
AVYGCQXNNJPXSS-UHFFFAOYSA-N,-5.827182203769095
AWHYRPPRRQITHX-UHFFFAOYSA-N,-4.776252936661187
AWJUIBRHMBBTKR-UHFFFAOYSA-N,-2.979828913634747
AWMVMTVKBNGEAK-UHFFFAOYSA-N,-4.446411561267777
AWYOMXWDGWUJHS-UHFFFAOYSA-N,-5.500530522443164
AWZOLILCOUMRDG-UHFFFAOYSA-N,-9.8356836303471
AWZVYNHQGTZJIH-UHFFFAOYSA-N,-5.352773786648061
AXGUBXVWZBFQGA-UHFFFAOYSA-N,-9.004376869296852
AXINNNJHLJWMTC-UHFFFAOYSA-N,-4.676077105368499
AXISYYRBXTVTFY-UHFFFAOYSA-N,-0.060957992858648335
AXNUJYHFQHQZBE-UHFFFAOYSA-N,-10.299335506666454
AXRYRYVKAWYZBR-UHFFFAOYSA-N,-41.25281049168229
AYJXHIDNNLJQDT-UHFFFAOYSA-N,-7.351173933068054
AYMUQTNXKPEMLM-UHFFFAOYSA-N,-0.44585278154584157
AZASWMGVGQEVCS-UHFFFAOYSA-N,-3.024268579572178
AZFKQCNGMSSWDS-UHFFFAOYSA-N,-4.260423724843376
AZLAWGCUDHUQDB-UHFFFAOYSA-N,3.104361807979785
AZQWKYJCGOJGHM-UHFFFAOYSA-N,-2.4187207620254827
AZSZCFSOHXEJQE-UHFFFAOYSA-N,0.058045309560200486
AZUXKVXMJOIAOF-UHFFFAOYSA-N,-9.14258830358578
AZXHAWRMEPZSSV-UHFFFAOYSA-N,-3.2073940665484746
AZYJYMAKTBXNSX-UHFFFAOYSA-N,-3.8447703443182517
AZYYQVGBVUCIEO-UHFFFAOYSA-N,-10.557659251418112
BACHBFVBHLGWSL-UHFFFAOYSA-N,-5.69337170284315
BADFHCOLISGRRW-UHFFFAOYSA-N,0.036498282431260756
BAFQDKPJKOLXFZ-UHFFFAOYSA-N,-10.321966912157457
BAHPQISAXRFLCL-UHFFFAOYSA-N,-10.460202976128205
BAJQRLZAPXASRD-UHFFFAOYSA-N,-5.361528118341523
BAMUEXIPKSRTBS-UHFFFAOYSA-N,2.284929911618861
BAPJBEWLBFYGME-UHFFFAOYSA-N,-2.9318304178405152
BAQAVOSOZGMPRM-UHFFFAOYSA-N,-23.237648653742983
BARKHVPKOOSMNW-UHFFFAOYSA-N,-4.555742701247011
BASMANVIUSSIIM-UHFFFAOYSA-N,-1.723571514959144
BATOPAZDIZEVQF-UHFFFAOYSA-N,-4.752733801813667
BAVYZALUXZFZLV-UHFFFAOYSA-N,-4.119759879941849
BAYAKMPRFGNNFW-UHFFFAOYSA-N,-4.172511328524669
BAZVSMNPJJMILC-UHFFFAOYSA-N,-14.253559206559009
BBABSCYTNHOKOG-UHFFFAOYSA-N,-1.0610168506755298
BBAWEDCPNXPBQM-UHFFFAOYSA-N,-39.4009937845916
BBAXFLIBRPXRBP-UHFFFAOYSA-N,-4.203269920362599
BBCUCNDIXLWBNQ-UHFFFAOYSA-N,-4.521467025597813
BBDKZWKEPDTENS-UHFFFAOYSA-N,0.30854484732795295
BBEAQIROQSPTKN-UHFFFAOYSA-N,-4.588164709049792
BBJPZPLAZVZTGR-UHFFFAOYSA-N,-10.973312631943237
BBKDWPHJZANJGB-UHFFFAOYSA-N,-11.583159382656923
BBMCTIGTTCKYKF-UHFFFAOYSA-N,-4.166165649512065
BBOLNFYSRZVALD-UHFFFAOYSA-N,-2.698799234691921
BBOZMMAURMEVAR-UHFFFAOYSA-N,-3.5199955379855843
BBPLSOGERZQYQC-UHFFFAOYSA-N,-3.697173924276224
BBUPBICWUURTNP-UHFFFAOYSA-N,-4.172511328524669
BBXXLROWFHWFQY-UHFFFAOYSA-N,-9.656471697325973
BCCOBQSFUDVTJQ-UHFFFAOYSA-N,3.3654051087342216
BCOXBEHFBZOJJZ-ARJAWSKDSA-N,-4.629243325762167
BCQMBFHBDZVHKU-UHFFFAOYSA-N,-9.34564070568343
BCQZXOMGPXTTIC-UHFFFAOYSA-N,-0.26272729456954436
BCTKCHOESSAGCN-UHFFFAOYSA-N,-7.6986616911255705
BCTQJXQXJVLSIG-UHFFFAOYSA-N,-11.392897390653753
BDAGIHXWWSANSR-UHFFFAOYSA-N,-7.437618390371133
BDCFWIDZNLCTMF-UHFFFAOYSA-N,-6.697190203513344
BDEIYMXBPHSOSG-UHFFFAOYSA-N,-2.014711651658554
BDERNNFJNOPAEC-UHFFFAOYSA-N,-4.954503103524564
BDFAOUQQXJIZDG-UHFFFAOYSA-N,-1.135406394814075
BDJRBEYXGGNYIS-UHFFFAOYSA-N,-15.722242245379036
BDNFHGUXBRZLRQ-UHFFFAOYSA-N,-1.9667131558643225
BDNKZNFMNDZQMI-UHFFFAOYSA-N,-1.9911925168110338
BDXKVABZWRZKOS-UHFFFAOYSA-N,-4.446411561267777
BEARMGATPGLSKG-UHFFFAOYSA-N,-1.7895425812415109
BEGNRPGEHZBNKK-UHFFFAOYSA-N,-4.098716981527604
BEIWUHUHJDEMQO-UHFFFAOYSA-N,-4.0769087210811765
BEJNERDRQOWKJM-UHFFFAOYSA-N,-6.964811205365232
BELGUQVGZMFEAQ-UHFFFAOYSA-N,-5.361528118341523
BEPAFCGSDWSTEL-UHFFFAOYSA-N,-6.927706934514697
BEYGZFVOTUDDJK-UHFFFAOYSA-N,-1.3582185949392147
BEYOBVMPDRKTNR-UHFFFAOYSA-N,-10.510908749978206
BEZDDPMMPIDMGJ-UHFFFAOYSA-N,-1.8266234240471582
BFCFYVKQTRLZHA-UHFFFAOYSA-N,-4.776252936661187
BFIMMTCNYPIMRN-UHFFFAOYSA-N,-0.7394157945547323
BFKJFAAPBSQJPD-UHFFFAOYSA-N,1.8844586349402175
BFKOEFFCVFMWPF-UHFFFAOYSA-N,-4.521467025597813
BFPYWIDHMRZLRN-UHFFFAOYSA-N,-13.16635157706658
BFSVOASYOCHEOV-UHFFFAOYSA-N,-6.871347051341829
BFTASCFRRBHFFK-UHFFFAOYSA-N,-4.405039222073494
BGHCVCJVXZWKCC-UHFFFAOYSA-N,3.48573951285571
BGJSXRVXTHVRSN-UHFFFAOYSA-N,-4.728052644060847
BGKAKRUFBSTALK-UHFFFAOYSA-N,-7.742040793698793
BGKIECJVXXHLDP-UHFFFAOYSA-N,-4.820692602598617
BGNGWHSBYQYVRX-UHFFFAOYSA-N,-6.619047101613205
BGNXCDMCOKJUMV-UHFFFAOYSA-N,-9.08567053629972
BGPPUXMKKQMWLV-UHFFFAOYSA-N,-4.360599556136064
BGQHJKADBZPYGJ-UHFFFAOYSA-N,0.4592483265014695
BGRKGHSKCFAPCL-UHFFFAOYSA-N,-4.6317607437981785
BGTOWKSIORTVQH-UHFFFAOYSA-N,-4.618923300887722
BGUWFUQJCDRPTL-UHFFFAOYSA-N,-7.166580507076128
BGXXXYLRPIRDHJ-UHFFFAOYSA-N,2.700583292143985
BGZZWXTVIYUUEY-UHFFFAOYSA-N,-11.563656067887054
BHAAPTBBJKJZER-UHFFFAOYSA-N,-7.749367464975572
BHELZAPQIKSEDF-UHFFFAOYSA-N,-0.5337651778645494
BHFJBHMTEDLICO-UHFFFAOYSA-N,4.693998415737083
BHGNYYIOYPFWKC-UHFFFAOYSA-N,3.4428883539950377
BHHGXPLMPWCGHP-UHFFFAOYSA-N,-6.242835584294218
BHIWKHZACMWKOJ-UHFFFAOYSA-N,-2.6961380785798585
BHKLONWXRPJNAE-UHFFFAOYSA-N,-6.157023579162503
BHNZEZWIUMJCGF-UHFFFAOYSA-N,0.5352563900323278
BHQBQWOZHYUVTL-UHFFFAOYSA-N,-2.98446456261905
BHRZNVHARXXAHW-UHFFFAOYSA-N,-4.203269920362599
BHWVLZJTVIYLIV-UHFFFAOYSA-N,-3.2953064628671824
BHXIWUJLHYHGSJ-UHFFFAOYSA-N,-5.2684935508752755
BIAVIOIDPRPYJK-UHFFFAOYSA-N,-4.203269920362599
BIISIZOQPWZPPS-UHFFFAOYSA-N,-2.1755791211203035
BIPUHAHGLJKIPK-UHFFFAOYSA-N,-5.427310288530464
BITLXSQYFZTQGC-UHFFFAOYSA-N,0.18821044320646466
BIWJNBZANLAXMG-UHFFFAOYSA-N,-3.7109598433923057
BIXZHMJUSMUDOQ-UHFFFAOYSA-N,-7.6032767860154955
BJELTSYBAHKXRW-UHFFFAOYSA-N,-6.6381595240393025
BJEPYKJPYRNKOW-UHFFFAOYSA-N,-16.381037266809333
BJFOCMRBCBZFJT-UHFFFAOYSA-N,-3.7420886185389515
BJIOGJUNALELMI-ONEGZZNKSA-N,-5.915490622453312
BJIOGJUNALELMI-UHFFFAOYSA-N,-5.352773786648061
BJQHLKABXJIVAM-UHFFFAOYSA-N,-6.908256762324468
BJQWYEJQWHSSCJ-UHFFFAOYSA-N,6.458000430960741
BJRNKVDFDLYUGJ-UHFFFAOYSA-N,-23.949712295906153
BKAQXYNWONVOAX-UHFFFAOYSA-N,-10.988119830450334
BKHVEYHSOXVAOP-UHFFFAOYSA-N,0.2453642476872418
BKIMMITUMNQMOS-UHFFFAOYSA-N,3.116236672669109
BKIXWRBZCQEZAQ-UHFFFAOYSA-N,-4.79888434215219
BKKNDZBSSSAGIB-UHFFFAOYSA-N,0.022552047562101482
BKOOMYPCSUNDGP-UHFFFAOYSA-N,0.9673398687582557
BKQICAFAUMRYLZ-UHFFFAOYSA-N,-4.360599556136064
BKYWPNROPGQIFZ-UHFFFAOYSA-N,-6.334269590301416
BLAYIQLVUNIICD-UHFFFAOYSA-N,-1.5510597753391988
BLFLLBZGZJTVJG-UHFFFAOYSA-N,-8.588723488771727
BLJRIMJGRPQVNF-UHFFFAOYSA-N,-20.435436797994576
BLLFVUPNHCTMSV-UHFFFAOYSA-N,-3.607055537471622
BLNBSBLKPFFJKQ-UHFFFAOYSA-N,3.1533409435196424
BLXSFCHWMBESKV-UHFFFAOYSA-N,-0.6104218743097172
BLYXNIHKOMELAP-UHFFFAOYSA-N,-11.492017921556375
BMFVGAAISNGQNM-UHFFFAOYSA-N,-3.8447703443182517
BMIPMKQAAJKBKP-UHFFFAOYSA-N,-5.553281971025985
BMKDZUISNHGIBY-UHFFFAOYSA-N,-23.643390055360264
BMLIZLVNXIYGCK-UHFFFAOYSA-N,-10.601027136782808
BMRWNKZVCUKKSR-UHFFFAOYSA-N,-8.233847253484228
BMTAFVWTTFSTOG-UHFFFAOYSA-N,-3.4609648585115456
BMURONZFJJPAOK-UHFFFAOYSA-N,-3.4812942992915845
BMVXCPBXGZKUPN-UHFFFAOYSA-N,-4.061916413428973
BMWPPNAUMLRKML-UHFFFAOYSA-N,-5.999693943389039
BMXRLHMJGHJGLR-UHFFFAOYSA-N,-1.441728635359965
BMZVDHQOAJUZJL-UHFFFAOYSA-N,-2.7659448348205187
BNIXVQGCZULYKV-UHFFFAOYSA-N,-1.4988824398407423
BNRNAKTVFSZAFA-UHFFFAOYSA-N,0.8470054646367673
BNRNXUUZRGQAQC-UHFFFAOYSA-N,-25.64868004364269
BNWJOHGLIBDBOB-UHFFFAOYSA-N,-6.485977225199397
BOBYQFFCQPQLOB-UHFFFAOYSA-N,-4.446411561267777
BOCJQSFSGAZAPQ-UHFFFAOYSA-N,-9.726352490367866
BODRLKRKPXBDBN-UHFFFAOYSA-N,-3.5199955379855843
BOFHKBLZOYVHSI-UHFFFAOYSA-N,-9.714237713264534
BOHCMQZJWOGWTA-UHFFFAOYSA-N,-3.697173924276224
BOJLCKCCKQMGKD-UHFFFAOYSA-N,-4.485112799961778
BOPPSUHPZARXTH-UHFFFAOYSA-N,-6.744338842370582
BOSAWIQFTJIYIS-UHFFFAOYSA-N,1.3763670926834313
BOSMZFBHAYFUBJ-UHFFFAOYSA-N,-7.866747867700713
BOTUVXISJHKZKJ-UHFFFAOYSA-N,-9.92812179207876
BOUGCJDAQLKBQH-UHFFFAOYSA-N,0.7241982278530769
BOVQCIDBZXNFEJ-UHFFFAOYSA-N,-1.5510597753391988
BPEWUONYVDABNZ-UHFFFAOYSA-N,-7.79611796641548
BPIUIOXAFBGMNB-UHFFFAOYSA-N,-0.9760745499323948
BPKAHTKRCLCHEA-UHFFFAOYSA-N,-6.697190203513344
BPPMIQPXQVIZNJ-UHFFFAOYSA-N,-7.780935862569001
BPPVUXSMLBXYGG-UHFFFAOYSA-N,-21.345500646676985
BPQMGSKTAYIVFO-UHFFFAOYSA-N,-21.015659271283575
BPRHUIZQVSMCRT-UHFFFAOYSA-N,-24.71783845731569
BPRYUXCVCCNUFE-UHFFFAOYSA-N,-5.442687055930289
BPZSYCZIITTYBL-UHFFFAOYSA-N,-28.271985264674573
BPZZWRPHVVDAPT-UHFFFAOYSA-N,-17.01510049156164
BQCIDUSAKPWEOX-UHFFFAOYSA-N,1.6162229112807154
BQENMISTWGTJIJ-UHFFFAOYSA-N,-2.157677461271045
BQFCCUSDZLKBJG-UHFFFAOYSA-N,-4.728254440866955
BQHCQAQLTCQFJZ-UHFFFAOYSA-N,-2.316403281774907
BQJMULPFAUGVGY-UHFFFAOYSA-N,-5.059368651702323
BQOFWKZOCNGFEC-UHFFFAOYSA-N,0.5036879924389007
BQTCODOVGXJHRB-UHFFFAOYSA-N,-4.405039222073494
BQYJATMQXGBDHF-UHFFFAOYSA-N,-14.981410349972165
BRBCKWCOTRPYGH-UHFFFAOYSA-N,-5.472305968481594
BREATYVWRHIPIY-UHFFFAOYSA-N,-7.074142345344466
BREOHRVZEZMFOB-UHFFFAOYSA-N,4.358418613100241
BRHDDEIRQPDPMG-UHFFFAOYSA-N,-5.081002857699688
BRLQWZUYTZBJKN-UHFFFAOYSA-N,-4.084266617943749
BROFYOSLFHTGCQ-UHFFFAOYSA-N,-4.260423724843376
BRPSAOUFIJSKOT-UHFFFAOYSA-N,-5.827182203769095
BRWIZMBXBAOCCF-UHFFFAOYSA-N,-10.510908749978206
BSAIUMLZVGUGKX-UHFFFAOYSA-N,-3.024268579572178
BSFHJMGROOFSRA-UHFFFAOYSA-N,-4.172511328524669
BSFZSQRJGZHMMV-UHFFFAOYSA-N,-2.1005236567902674
BSJDQMWAWFTDGD-UHFFFAOYSA-N,-5.1919063171863105
BSKHPKMHTQYZBB-UHFFFAOYSA-N,-4.752733801813667
BSMGLVDZZMBWQB-UHFFFAOYSA-N,-4.405039222073494
BSPCSKHALVHRSR-UHFFFAOYSA-N,-0.060957992858648335
BSWWXRFVMJHFBN-UHFFFAOYSA-N,-7.94180333203075
BSYJHYLAMMJNRC-UHFFFAOYSA-N,-4.752733801813667
BSYNRYMUTXBXSQ-UHFFFAOYSA-N,-9.784736954860477
BSYVTEYKTMYBMK-UHFFFAOYSA-N,-9.420030249821975
BSZXAFXFTLXUFV-UHFFFAOYSA-N,-2.6186858176187853
BTAGRXWGMYTPBY-UHFFFAOYSA-N,-2.608615199047054
BTANRVKWQNVYAZ-UHFFFAOYSA-N,-4.79888434215219
BTFJIXJJCSYFAL-UHFFFAOYSA-N,-4.312601060341832
BTFQKIATRPGRBS-UHFFFAOYSA-N,-4.084266617943749
BTGGSWBKRYMHQK-UHFFFAOYSA-N,3.059082868188332
BTGRAWJCKBQKAO-UHFFFAOYSA-N,-10.142005870892989
BTJIUGUIPKRLHP-UHFFFAOYSA-N,-7.94180333203075
BTLXPCBPYBNQNR-UHFFFAOYSA-N,-9.079432333626887
BTMVHUNTONAYDX-UHFFFAOYSA-N,-2.6014305243644493
BTNXBLUGMAMSSH-UHFFFAOYSA-N,-7.681425595894472
BTOCFTAWZMMTNB-UHFFFAOYSA-N,-1.3512860197987144
BTRCDLZQISXWHZ-UHFFFAOYSA-N,-2.037343057149556
BUDQDWGNQVEFAC-UHFFFAOYSA-N,-0.060957992858648335
BUHNCQOJJZAOMJ-UHFFFAOYSA-N,-9.700059474833962
BUKLLCIUMZELOH-UHFFFAOYSA-N,-3.8685527863226383
BUKWTHPBLJVYMZ-UHFFFAOYSA-N,-8.454912987845782
BULHJTXRZFEUDQ-UHFFFAOYSA-N,-2.6419382754954293
BULLHNJGPPOUOX-UHFFFAOYSA-N,-4.405039222073494
BULVZWIRKLYCBC-UHFFFAOYSA-N,-5.1919063171863105
BUYMVQAILCEWRR-UHFFFAOYSA-N,-3.6230474470735987
BVAKDOXCVSMKHE-UHFFFAOYSA-N,3.0272349734699135
BVALZCVRLDMXOQ-UHFFFAOYSA-N,-2.9318304178405152
BVKCQBBZBGYNOP-UHFFFAOYSA-N,8.582165438193597
BVSOVPUWHJWGEP-UHFFFAOYSA-N,-1.8266234240471582
BWDBEAQIHAEVLV-UHFFFAOYSA-N,-3.4181136996508736
BWHOZHOGCMHOBV-BQYQJAHWSA-N,-5.857130329322889
BWLUMTFWVZZZND-UHFFFAOYSA-N,-6.231819200132678
BWLVSYUUKOQICP-UHFFFAOYSA-N,-10.61481305589889
BWUPSGJXXPATLU-UHFFFAOYSA-N,-8.332153659406924
BWVZAZPLUTUBKD-UHFFFAOYSA-N,-4.446411561267777
BWWVXHRLMPBDCK-UHFFFAOYSA-N,-3.4181136996508736
BWZVCCNYKMEVEX-UHFFFAOYSA-N,-4.820692602598617
BXEHUCNTIZGSOJ-UHFFFAOYSA-N,-6.854163181991351
BXGYBSJAZFGIPX-UHFFFAOYSA-N,-11.38896601246836
BXJHOKLLMOYSRQ-UHFFFAOYSA-N,-3.1043421574604606
BXKKQFGRMSOANI-UHFFFAOYSA-N,-7.0807537380993
BXKLTNKYLCZOHF-UHFFFAOYSA-N,-4.676077105368499
BXNANOICGRISHX-UHFFFAOYSA-N,-7.437618390371133
BXPMAGSOWXBZHS-WEVVVXLNSA-N,-7.2044336744902875
BXSMMAVTEURRGG-UHFFFAOYSA-N,-0.17028913283788208
BXSVYGKOUULJCL-UHFFFAOYSA-N,-2.343665297695446
BXWNKGSJHAJOGX-UHFFFAOYSA-N,-3.8225581356781633
BYDRTKVGBRTTIT-UHFFFAOYSA-N,-4.9830816176352615
BYEAHWXPCBROCE-UHFFFAOYSA-N,-3.8868691052498368
BYEVBITUADOIGY-UHFFFAOYSA-N,-2.120186437056049
BYGQBDHUGHBGMD-UHFFFAOYSA-N,-2.4748046981211087
BYYMILHAKOURNM-UHFFFAOYSA-N,-10.40481029206395
BZGLBXYQOMFXAU-UHFFFAOYSA-N,-8.402735652347326
BZHJMEDXRYGGRV-UHFFFAOYSA-N,-0.03019940102071778
BZHMBWZPUJHVEE-UHFFFAOYSA-N,2.812317886526306
BZLVMXJERCGZMT-UHFFFAOYSA-N,-2.287842594917309
BZMIHNKNQJJVRO-JZJYNLBNSA-N,-8.659720893856253
BZNDWPRGXNILMS-CLFYSBASSA-N,-6.642853152524584
BZNDWPRGXNILMS-UHFFFAOYSA-N,-7.94180333203075
BZORFPDSXLZWJF-UHFFFAOYSA-N,-8.2265785454477
BZQKBFHEWDPQHD-UHFFFAOYSA-N,-7.7653593745775495
BZTYNSQSZHARAZ-UHFFFAOYSA-N,-2.6499875382413367
BZUDVELGTZDOIG-UHFFFAOYSA-N,-0.379155098093863
CAFROQYMUICGNO-UHFFFAOYSA-N,-1.5990582711334298
CAHQGWAXKLQREW-UHFFFAOYSA-N,-2.157677461271045
CAROGICRCNKEOD-UHFFFAOYSA-N,-1.441728635359965
CATSNJVOTSVZJV-UHFFFAOYSA-N,-3.0656409187664604
CAUBWLYZCDDYEF-UHFFFAOYSA-N,-4.178790559415887
CAWHJQAVHZEVTJ-UHFFFAOYSA-N,-5.641194367344692
CAWSVYYOUZEMHA-UHFFFAOYSA-N,-2.526089016223235
CAWXEEYDBZRFPE-UHFFFAOYSA-N,-7.489795725869589
CAYGQBVSOZLICD-UHFFFAOYSA-N,-3.3219624544099045
CBBDONKZEJKFJP-UHFFFAOYSA-N,-4.485112799961778
CBCIHIVRDWLAME-UHFFFAOYSA-N,-20.829671434859172
CBCKQZAAMUWICA-UHFFFAOYSA-N,-10.510908749978206
CBENFWSGALASAD-UHFFFAOYSA-N,0.7703487681915995
CBEQRNSPHCCXSH-UHFFFAOYSA-N,-3.8969476798167078
CBFCDTFDPHXCNY-UHFFFAOYSA-N,2.591252152164751
CBHPZSADBWMIGE-UHFFFAOYSA-N,-3.638623935065049
CBMXCNPQDUJNHT-UHFFFAOYSA-N,-2.4958475965353526
CBOQJANXLMLOSS-UHFFFAOYSA-N,-10.385147511798168
CBTVGIZVANVGBH-UHFFFAOYSA-N,-7.760472237383391
CBVFSZDQEHBJEQ-UHFFFAOYSA-N,3.1533409435196424
CCCIYAQYQZQDIZ-UHFFFAOYSA-N,-2.7659448348205187
CCEFMUBVSUDRLG-UHFFFAOYSA-N,-3.0240773130285366
CCEKAJIANROZEO-UHFFFAOYSA-N,3.1794172723098204
CCEZFZGXWFJQEF-UHFFFAOYSA-N,-3.71834745110635
CCGPUGMWYLICGL-UHFFFAOYSA-N,-9.29722970688174
CCJKFLLIJCGHMO-UHFFFAOYSA-N,-7.207952846270411
CCOQPGVQAWPUPE-UHFFFAOYSA-N,-3.846061011141373
CCRCUPLGCSFEDV-BQYQJAHWSA-N,-5.143494401962527
CDAISMWEOUEBRE-UHFFFAOYSA-N,-37.86674986089855
CDAWCLOXVUBKRW-UHFFFAOYSA-N,-11.216454272848416
CDBAMNGURPMUTG-UHFFFAOYSA-N,-6.109025083368273
CDEGOUYLXTUDAU-UHFFFAOYSA-N,1.6064721099227772
CDGNLUSBENXDGG-UHFFFAOYSA-N,-7.380464585890355
CDKDZKXSXLNROY-UHFFFAOYSA-N,-2.979828913634747
CDOSHBSSFJOMGT-UHFFFAOYSA-N,-3.787616539837474
CDXFIRXEAJABAZ-UHFFFAOYSA-N,3.4225589132149987
CEBKHWWANWSNTI-UHFFFAOYSA-N,-5.297381102583806
CEOCDNVZRAIOQZ-UHFFFAOYSA-N,-2.157677461271045
CERQOIWHTDAKMF-UHFFFAOYSA-N,-6.687746526910294
CETBSQOFQKLHHZ-UHFFFAOYSA-N,-1.385174192319202
CETWDUZRCINIHU-UHFFFAOYSA-N,-3.787616539837474
CEUORZQYGODEFX-UHFFFAOYSA-N,-21.297502150882753
CFBYEGUGFPZCNF-UHFFFAOYSA-N,-6.6277303729814125
CFEUGIGSIREATC-UHFFFAOYSA-N,-1.0915152991669776
CFEYPBVKHMZCFR-UHFFFAOYSA-N,-5.063834243503797
CFJYNSNXFXLKNS-UHFFFAOYSA-N,2.498813990433089
CFKMVGJGLGKFKI-UHFFFAOYSA-N,-5.584040562863915
CFNJLPHOBMVMNS-UHFFFAOYSA-N,-2.71733806228801
CFRFHWQYWJMEJN-UHFFFAOYSA-N,-8.114315071650696
CFVWNXQPGQOHRJ-UHFFFAOYSA-N,-2.287842594917309
CFWIFHZJKFFDFU-UHFFFAOYSA-N,-3.8766182390366697
CFXQEHVMCRXUSD-UHFFFAOYSA-N,-2.745842581416114
CGFCSKMZZXPWEY-UHFFFAOYSA-N,-7.5142750868162995
CGHIBGNXEGJPQZ-UHFFFAOYSA-N,0.2453642476872418
CGLQOIMEUPORRI-UHFFFAOYSA-N,-11.300091156093398
CGLVZFOCZLHKOH-UHFFFAOYSA-N,-14.284317798396938
CGWJMIUMPDDHQC-UHFFFAOYSA-N,-4.555742701247011
CGYGETOMCSJHJU-UHFFFAOYSA-N,-2.6419382754954293
CGZZMOTZOONQIA-UHFFFAOYSA-N,-4.521467025597813
CHBAWFGIXDBEBT-UHFFFAOYSA-N,2.8811442945098378
CHIFOSRWCNZCFN-UHFFFAOYSA-N,-6.222506143514179
CHIHQLCVLOXUJW-UHFFFAOYSA-N,-5.902237668099129
CHLAOFANYRDCPD-UHFFFAOYSA-N,-2.273035396410213
CHLICZRVGGXEOD-UHFFFAOYSA-N,-1.049594389682361
CHNUNORXWHYHNE-UHFFFAOYSA-N,-7.716044388527196
CHUGKEQJSLOLHL-UHFFFAOYSA-N,-9.420030249821975
CHVJITGCYZJHLR-UHFFFAOYSA-N,-1.0610168506755298
CHZCERSEMVWNHL-UHFFFAOYSA-N,-6.742298760842841
CHZVHXPAKQDRSE-UHFFFAOYSA-N,-4.728254440866955
CICQUFBZCADHHX-UHFFFAOYSA-N,-2.1005236567902674
CIEXPHRYOLIQQD-UHFFFAOYSA-N,-10.321966912157457
CIFFBTOJCKSRJY-UHFFFAOYSA-N,-8.2265785454477
CIFWZNRJIBNXRE-UHFFFAOYSA-N,-7.617405644271116
CIHOLLKRGTVIJN-UHFFFAOYSA-N,-4.446411561267777
CIPFDHFTBYJKQB-UHFFFAOYSA-N,0.9673398687582557
CITMYAMXIZQCJD-UHFFFAOYSA-N,-2.5358398175811727
CIWBSHSKHKDKBQ-UHFFFAOYSA-N,-8.039259607320659
CIZUOSOWGOENRE-UHFFFAOYSA-N,4.783666775450534
CJDNEKOMKXLSBN-UHFFFAOYSA-N,-2.9318304178405152
CJDWRQLODFKPEL-UHFFFAOYSA-N,-13.831994575817713
CJFLBOQMPJCWLR-UHFFFAOYSA-N,-3.7505122689869403
CJGXJKVMUHXVHL-UHFFFAOYSA-N,-0.45704877070644656
CJHXCRMKMMBYJQ-UHFFFAOYSA-N,-9.757345841917589
CJJOSEISRRTUQB-UHFFFAOYSA-N,-9.621799551532872
CJPNOLIZCWDHJK-UHFFFAOYSA-N,1.1180433479317722
CJPQIRJHIZUAQP-UHFFFAOYSA-N,-7.409722147981308
CKAPSXZOOQJIBF-UHFFFAOYSA-N,-2.3823665363894464
CKDDYGBBKXIHRY-UHFFFAOYSA-N,0.08039551407497739
CKKOVFGIBXCEIJ-UHFFFAOYSA-N,-4.521467025597813
CKLLRBPBZLTGDJ-UHFFFAOYSA-N,-2.8796530823420587
CKMXAIVXVKGGFM-UHFFFAOYSA-N,-7.268402383087805
CKUBKYSLNCKBOI-UHFFFAOYSA-N,-2.3568451924337115
CKXMNTLGGAOERF-UHFFFAOYSA-N,-4.126613223917431
CLKZWXHKFXZIMA-UHFFFAOYSA-N,-19.549076623650542
CLMQUEQFVUMDPC-UHFFFAOYSA-N,-7.3497059940524245
CLODVDBWNVQLGO-UHFFFAOYSA-N,-0.7394157945547323
CLZCPQKGOAXOJT-UHFFFAOYSA-N,3.1533409435196424
CMCJNODIWQEOAI-UHFFFAOYSA-N,-13.977995557851047
CMDKPGRTAQVGFQ-UHFFFAOYSA-N,-9.28621974889603
CMKBCTPCXZNQKX-UHFFFAOYSA-N,-0.8485560380206643
CMSMOCZEIVJLDB-UHFFFAOYSA-N,-12.806090880605714
CMVQZRLQEOAYSW-UHFFFAOYSA-N,-4.618923300887722
CNDHHGUSRIZDSL-UHFFFAOYSA-N,0.40469609256892175
CNJGWCQEGROXEE-UHFFFAOYSA-N,-9.043078107990851
CNKHSLKYRMDDNQ-UHFFFAOYSA-N,-12.256626999154644
CNMFHDIDIMZHKY-UHFFFAOYSA-N,-2.4958475965353526
COAUHYBSXMIJDK-UHFFFAOYSA-N,0.7948281291383107
COBPKKZHLDDMTB-UHFFFAOYSA-N,-15.82241807667172
CODNYICXDISAEA-UHFFFAOYSA-N,-1.9667131558643225
COKIAYPRHYHYCH-UHFFFAOYSA-N,-4.752733801813667
COKMIXFXJJXBQG-UHFFFAOYSA-N,-17.346154528785526
CONWAEURSVPLRM-UHFFFAOYSA-N,-6.6381595240393025
COYBRKAVBMYYSF-UHFFFAOYSA-N,-10.87029072735596
CPELXLSAUQHCOX-UHFFFAOYSA-N,-3.8969476798167078
CPGPAVAKSZHMBP-UHFFFAOYSA-N,-4.446411561267777
CPIVYSAVIPTCCX-UHFFFAOYSA-N,-2.3022929585011638
CPJRRXSHAYUTGL-UHFFFAOYSA-N,-5.141982849799252
CPJSUEIXXCENMM-UHFFFAOYSA-N,-11.216454272848416
CQEYYJKEWSMYFG-UHFFFAOYSA-N,-2.441787493176846
CQIJHYPCKYZMIV-UHFFFAOYSA-N,-9.561783397603989
CRBJBYGJVIBWIY-UHFFFAOYSA-N,-5.325716818112257
CRCBRZBVCDKPGA-UHFFFAOYSA-N,-2.4529964376746802
CRDAMVZIKSXKFV-UHFFFAOYSA-N,-2.8103845007579498
CRGZRXUKXVTRNO-UHFFFAOYSA-N,-2.3495898017280483
CRIGTVCBMUKRSL-FNORWQNLSA-N,-3.9587514463349986
CRNIHJHMEQZAAS-UHFFFAOYSA-N,-1.2771595425960893
CRPUJAZIXJMDBK-UHFFFAOYSA-N,0.7703487681915995
CRQQGFGUEAVUIL-UHFFFAOYSA-N,-7.122140841138696
CRSBERNSMYQZNG-UHFFFAOYSA-N,3.0272349734699135
CRSOQBOWXPBRES-UHFFFAOYSA-N,2.949751728209098
CRUILBNAQILVHZ-UHFFFAOYSA-N,-5.520859963223204
CRVGTESFCCXCTH-UHFFFAOYSA-N,-12.346540268436874
CRZQGDNQQAALAY-UHFFFAOYSA-N,-4.318905745011972
CSCPPACGZOOCGX-UHFFFAOYSA-N,-3.972003144146744
CSHWQDPOILHKBI-UHFFFAOYSA-N,-5.236345983123741
CSKNSYBAZOQPLR-UHFFFAOYSA-N,-4.820692602598617
CSVFWMMPUJDVKH-UHFFFAOYSA-N,-5.034576681412846
CSXDVUGDFSYXTD-UHFFFAOYSA-N,-4.485112799961778
CTAPFRYPJLPFDF-UHFFFAOYSA-N,-3.8969476798167078
CTFRWEPMHUGVMM-UHFFFAOYSA-N,-8.1054310414446
CTISQZXTUUHJNC-UHFFFAOYSA-N,-3.799491404526799
CTJBHIROCMPUKL-UHFFFAOYSA-N,-13.785154377451065
CTJBHIROCMPUKL-WEVVVXLNSA-N,-7.49185088642748
CTKINSOISVBQLD-UHFFFAOYSA-N,-9.206146171007747
CTLMCQOGOWNFHA-UHFFFAOYSA-N,-3.4399219600973012
CTMHWPIWNRWQEG-UHFFFAOYSA-N,0.6813470689924043
CTQNGGLPUBDAKN-UHFFFAOYSA-N,-1.135406394814075
CTRLABGOLIVAIY-UHFFFAOYSA-N,-14.61989760103378
CTSLUCNDVMMDHG-UHFFFAOYSA-N,-11.492017921556375
CTVRBEKNQHJPLX-UHFFFAOYSA-N,-2.120186437056049
CUARLQDWYSRQDF-UHFFFAOYSA-N,-6.056847747869817
CUDYYMUUJHLCGZ-UHFFFAOYSA-N,-7.622317499996147
CUFNKYGDVFVPHO-UHFFFAOYSA-N,-3.607055537471622
CUFXMPWHOWYNSO-UHFFFAOYSA-N,-6.281536822988219
CUGLICQCTXWQNF-UHFFFAOYSA-N,-2.657930185097407
CUILPNURFADTPE-UHFFFAOYSA-N,-4.900766180486901
CUONGYYJJVDODC-UHFFFAOYSA-N,-8.730476636553743
CURLTUGMZLYLDI-UHFFFAOYSA-N,0.050776601523672305
CUVLMZNMSPJDON-UHFFFAOYSA-N,-7.012838609278994
CUZKCNWZBXLAJX-UHFFFAOYSA-N,-7.749367464975572
CVHZOJJKTDOEJC-UHFFFAOYSA-N,-10.142005870892989
CVNOWLNNPYYEOH-UHFFFAOYSA-N,-10.460202976128205
CVOGMKGEVNGRSK-OWOJBTEDSA-N,-1.6623447612407922
CVOGMKGEVNGRSK-UPHRSURJSA-N,-2.222291313330036
CVQODEWAPZVVBU-UHFFFAOYSA-N,-8.06851716941161
CVRALZAYCYJELZ-UHFFFAOYSA-N,-5.534039857961469
CVUGPAFCQJIYDT-UHFFFAOYSA-N,-5.378662457458047
CVXBEEMKQHEXEN-UHFFFAOYSA-N,-7.489795725869589
CWERGRDVMFNCDR-UHFFFAOYSA-N,-8.502911483640014
CWFOCCVIPCEQCK-UHFFFAOYSA-N,-9.220256494281491
CWJSHJJYOPWUGX-UHFFFAOYSA-N,-6.6381595240393025
CWLKGDAVCFYWJK-UHFFFAOYSA-N,-11.050568689828419
CWPPDTVYIJETDF-UHFFFAOYSA-N,-4.405039222073494
CWRKZMLUDFBPAO-VOTSOKGWSA-N,-2.8162949633125347
CWRYPZZKDGJXCA-UHFFFAOYSA-N,-3.174972058745694
CWZVMVIHYSYLSI-UHFFFAOYSA-N,-17.04585908339957
CXBDYQVECUFKRK-UHFFFAOYSA-N,-1.4988824398407423
CXBMCYHAMVGWJQ-UHFFFAOYSA-N,-5.78580986457481
CXGONMQFMIYUJR-UHFFFAOYSA-N,-1.723571514959144
CXHFIVFPHDGZIS-UHFFFAOYSA-N,3.608546749639401
CXJSOEPQXUCJSA-UHFFFAOYSA-N,-2.0962099738437985
CXKIGWXPPVZSQK-UHFFFAOYSA-N,-2.3823665363894464
CXMXRPHRNRROMY-UHFFFAOYSA-N,-15.634329849060325
CXNVOWPRHWWCQR-UHFFFAOYSA-N,-5.69337170284315
CXOFVDLJLONNDW-UHFFFAOYSA-N,-13.012878295874856
CXOWYJMDMMMMJO-UHFFFAOYSA-N,2.8495758969164107
CXOYNJAHPUASHN-UHFFFAOYSA-N,-2.4303650321836776
CXPJZISGVIVNEL-UHFFFAOYSA-N,-8.663778953101763
CXQSCYIVCSCSES-UHFFFAOYSA-N,-0.017440173483718388
CXWXQJXEFPUFDZ-UHFFFAOYSA-N,-1.5990582711334298
CXXRQFOKRZJAJA-UHFFFAOYSA-N,-3.1406963830964965
CYEKUDPFXBLGHH-UHFFFAOYSA-N,-5.981362936440316
CYIDZMCFTVVTJO-UHFFFAOYSA-N,-21.829819984003528
CYIFVRUOHKNECG-UHFFFAOYSA-N,-0.3428008724578272
CYNYIHKIEHGYOZ-UHFFFAOYSA-N,-0.6339410091572372
CYQFCXCEBYINGO-UHFFFAOYSA-N,-6.964811205365232
CYRHBNRLQMLULE-UHFFFAOYSA-N,-8.219220648585125
CYRMSUTZVYGINF-UHFFFAOYSA-N,0.7241982278530769
CYRZCBUWRUACKJ-UHFFFAOYSA-N,-3.8661890879787775
CYTQBVOFDCPGCX-UHFFFAOYSA-N,-4.676077105368499
CYTYCFOTNPOANT-UHFFFAOYSA-N,-0.3040996337638271
CYWROHZCELEGSE-UHFFFAOYSA-N,2.8419367990776108
CYXIKYKBLDZZNW-UHFFFAOYSA-N,-0.004403549817885523
CZCMNCOQMXNFTL-UHFFFAOYSA-N,13.331095051629395
CZFFBEXEKNGXKS-UHFFFAOYSA-N,-28.271985264674573
CZGCEKJOLUNIFY-UHFFFAOYSA-N,-5.168387182338789
CZIHNRWJTSTCEX-UHFFFAOYSA-N,-11.264452768642647
CZMRCDWAGMRECN-UGDNZRGBSA-N,-12.775483477018467
CZPWVGJYEJSRLH-UHFFFAOYSA-N,-6.133504444314983
CZRVDACSCJKRFL-UHFFFAOYSA-N,-16.948402808109662
CZSXBBWOROMVEW-UHFFFAOYSA-N,-7.008250682386757
CZZYITDELCSZES-UHFFFAOYSA-N,-3.2073940665484746
CZZZABOKJQXEBO-UHFFFAOYSA-N,-5.267639747751154
DAFIBNSJXIGBQB-UHFFFAOYSA-N,4.278345035211958
DAJYZXUXDOSMCG-UHFFFAOYSA-N,-20.591956628012543
DAKWPKUUDNSNPN-UHFFFAOYSA-N,-10.572466449925209
DATAGRPVKZEWHA-UHFFFAOYSA-N,-18.628399027611785
DAUAQNGYDSHRET-UHFFFAOYSA-N,-9.985295428840518
DBCGADAHIXJHCE-UHFFFAOYSA-N,0.08039551407497739
DBGIVFWFUFKIQN-UHFFFAOYSA-N,-4.146715477321834
DBULLUBYDONGLT-UHFFFAOYSA-N,3.2207896115041037
DBZJJPROPLPMSN-UHFFFAOYSA-N,-22.21044207736049
DCAYPVUWAIABOU-UHFFFAOYSA-N,2.9682042939958753
DCEPGADSNJKOJK-UHFFFAOYSA-N,-2.633779495614561
DCFDVJPDXYGCOK-UHFFFAOYSA-N,-4.116784478938028
DCKVNWZUADLDEH-UHFFFAOYSA-N,-2.4958475965353526
DCMURXAZTZQAFB-UHFFFAOYSA-N,-2.8103845007579498
DCOPUUMXTXDBNB-UHFFFAOYSA-N,-7.78632944078421
DCPDZFRGNJDWPP-UHFFFAOYSA-N,-2.6886887769353365
DCPXXVXZJCAQDR-UHFFFAOYSA-N,-4.703264076361403
DCSKAMGZSIRJAQ-UHFFFAOYSA-N,-4.286726361556953
DCTOHCCUXLBQMS-UHFFFAOYSA-N,2.38238618690877
DCUJJWWUNKIJPH-UHFFFAOYSA-N,-4.446411561267777
DCXXMTOCNZCJGO-UHFFFAOYSA-N,-1.75992574059518
DCXYFEDJOCDNAF-UHFFFAOYSA-N,-19.91673150838144
DDBMQDADIHOWIC-UHFFFAOYSA-N,-11.192384579342031
DDBREPKUVSBGFI-UHFFFAOYSA-N,-16.831975004585342
DDFGFKGJBOILQZ-UHFFFAOYSA-N,-4.021598742348984
DDIZAANNODHTRB-UHFFFAOYSA-N,-5.495194917670086
DDMOUSALMHHKOS-UHFFFAOYSA-N,2.227776107138084
DDTBPAQBQHZRDW-UHFFFAOYSA-N,2.418740412544806
DDUHZTYCFQRHIY-RBHXEPJQSA-N,-9.533274492126946
DDUIUBPJPOKOMV-UHFFFAOYSA-N,-10.950392858535732
DDVNRFNDOPPVQJ-UHFFFAOYSA-N,-3.182702818265918
DECIPOUIJURFOJ-UHFFFAOYSA-N,-6.435408832218682
DEDOPGXGGQYYMW-UHFFFAOYSA-N,-5.968935351551108
DEIGXXQKDWULML-UHFFFAOYSA-N,-3.8225581356781633
DELZPCKTBPIBEE-UHFFFAOYSA-N,-3.2674102204773563
DENRZWYUOJLTMF-UHFFFAOYSA-N,-5.001033544299645
DEWLEGDTCGBNGU-UHFFFAOYSA-N,-5.78580986457481
DFBKLUNHFCTMDC-UHFFFAOYSA-N,-5.019394577566366
DFCAFRGABIXSDS-UHFFFAOYSA-N,-5.131282911488258
DFEYYRMXOJXZRJ-UHFFFAOYSA-N,1.1624830138692033
DFOXKPDFWGNLJU-UHFFFAOYSA-N,-4.405039222073494
DFPAKSUCGFBDDF-UHFFFAOYSA-N,-13.764111479036822
DFUYAWQUODQGFF-UHFFFAOYSA-N,2.315688503456792
DFVOXRAAHOJJBN-UHFFFAOYSA-N,1.4586548224554043
DFWFIQKMSFGDCQ-UHFFFAOYSA-N,-10.008195369967044
DFXQXFGFOLXAPO-UHFFFAOYSA-N,-10.958130528096758
DFYRUELUNQRZTB-UHFFFAOYSA-N,-8.58703160108803
DGBIGWXXNGSACT-UHFFFAOYSA-N,-14.61989760103378
DGEMPTLPTFNEHJ-UHFFFAOYSA-N,3.347503448884963
DGEZNRSVGBDHLK-UHFFFAOYSA-N,-11.724545815105202
DGFBULNMARLFTH-UHFFFAOYSA-N,-4.405039222073494
DGKXDLCVQSQVBC-UHFFFAOYSA-N,-1.6233993668764155
DGLIBALSRMUQDD-UHFFFAOYSA-N,-5.827182203769095
DGVVWUTYPXICAM-UHFFFAOYSA-N,-7.166580507076128
DHCSBRKYHMINPB-UHFFFAOYSA-N,-8.984047428516813
DHDBTLFALXRTLB-UHFFFAOYSA-N,-1.9145358203658658
DHHVAGZRUROJKS-UHFFFAOYSA-N,-5.902237668099129
DHIVLKMGKIZOHF-UHFFFAOYSA-N,0.5516864882331318
DHKHKXVYLBGOIT-UHFFFAOYSA-N,-3.3719631593123496
DHLVZXZRIZBPKG-UHFFFAOYSA-N,-2.8224992778612816
DHMQDGOQFOQNFH-UHFFFAOYSA-N,-20.030212568527343
DHNHHYWBZNQHGN-UHFFFAOYSA-N,-3.8868691052498368
DHUMTYRHKMCVAG-UHFFFAOYSA-N,-5.168387182338789
DHVLDKHFGIVEIP-UHFFFAOYSA-N,-8.984047428516813
DHXVGJBLRPWPCS-UHFFFAOYSA-N,-3.39548229415987
DICRHEJCQXFJBY-UHFFFAOYSA-N,-12.404383734949748
DIIFUCUPDHMNIV-UHFFFAOYSA-N,-5.74137019863738
DIIIISSCIXVANO-UHFFFAOYSA-N,-5.091730485893622
DIKBFYAXUHHXCS-UHFFFAOYSA-N,-2.316403281774907
DIOQZVSQGTUSAI-UHFFFAOYSA-N,3.3301207514833364
DIQMPQMYFZXDAX-UHFFFAOYSA-N,-2.1392248954842676
DIRFUJHNVNOBMY-UHFFFAOYSA-N,-7.7653593745775495
DIVBBSLQUDHECU-UHFFFAOYSA-N,-4.203269920362599
DJEUXBQAKBLKPO-UHFFFAOYSA-N,-2.1005236567902674
DJHHDLMTUOLVHY-UHFFFAOYSA-N,-4.312601060341832
DJKGDNKYTKCJKD-UHFFFAOYSA-N,-16.5112024004556
DJNTZVRUYMHBTD-UHFFFAOYSA-N,-2.2032629060762643
DJYSEQMMCZAKGT-UHFFFAOYSA-N,3.0069055326898746
DKCPKDPYUFEZCP-UHFFFAOYSA-N,-5.43504795809149
DKEGCUDAFWNSSO-UHFFFAOYSA-N,-2.1755791211203035
DKGAVHZHDRPRBM-UHFFFAOYSA-N,-4.521467025597813
DKIDEFUBRARXTE-UHFFFAOYSA-N,-8.881910190215217
DKMROQRQHGEIOW-UHFFFAOYSA-N,-5.584040562863915
DKPFZGUDAPQIHT-UHFFFAOYSA-N,-2.506098462748521
DLDJFQGPPSQZKI-UHFFFAOYSA-N,-9.31069910984274
DLEGDLSLRSOURQ-UHFFFAOYSA-N,-0.21828762863211312
DLFVBJFMPXGRIB-UHFFFAOYSA-N,-9.88368212614133
DLGOEMSEDOSKAD-UHFFFAOYSA-N,-12.0841152595347
DLHQZZUEERVIGQ-UHFFFAOYSA-N,-4.648180862978673
DLKQHBOKULLWDQ-UHFFFAOYSA-N,-3.2381526583864058
DLRJIFUOBPOJNS-UHFFFAOYSA-N,-2.316403281774907
DMAYBPBPEUFIHJ-UHFFFAOYSA-N,-0.9107153172062379
DMBHHRLKUKUOEG-UHFFFAOYSA-N,-5.527486119823152
DMEDNTFWIHCBRK-UHFFFAOYSA-N,-1.1150769540340362
DMEGYFMYUHOHGS-UHFFFAOYSA-N,0.9041592691175444
DMHIJUVUPKCGLJ-UHFFFAOYSA-N,-4.521467025597813
DMKNOEJJJSHSML-UHFFFAOYSA-N,0.00892280018324279
DMLAVOWQYNRWNQ-UHFFFAOYSA-N,-4.521467025597813
DMLQSUZPTTUUDP-UHFFFAOYSA-N,-6.083503739412539
DMOBGFAKTSXOHG-UHFFFAOYSA-N,-3.833767080175997
DMOVPHYFYSASTC-UHFFFAOYSA-N,-1.561922615784833
DMPUGHYNLCGVPX-UHFFFAOYSA-N,-10.526900659580182
DMSMPAJRVJJAGA-UHFFFAOYSA-N,-10.29122898785192
DMSSTTLDFWKBSX-UHFFFAOYSA-N,-10.942554040105307
DMULVCHRPCFFGV-UHFFFAOYSA-N,-10.526900659580182
DMVOXQPQNTYEKQ-UHFFFAOYSA-N,-7.24665408496441
DMWVYCCGCQPJEA-UHFFFAOYSA-N,-1.4109700435220343
DMXUBGVVJLVCPB-UHFFFAOYSA-N,-4.830454170250534
DMYHGDXADUDKCQ-UHFFFAOYSA-N,-7.489795725869589
DNDPLEAVNVOOQZ-UHFFFAOYSA-N,-0.8770826500624159
DNIAPMSPPWPWGF-UHFFFAOYSA-N,-8.730476636553743
DNJIEGIFACGWOD-UHFFFAOYSA-N,-1.2192161908375736
DNJRKFKAFWSXSE-UHFFFAOYSA-N,-0.6783806750946683
DNRJTBAOUJJKDY-UHFFFAOYSA-N,-3.1406963830964965
DNSISZSEWVHGLH-UHFFFAOYSA-N,-8.515653214717702
DNTHHIVFNQZZRD-UHFFFAOYSA-N,-29.00058704234553
DNVPQKQSNYMLRS-UHFFFAOYSA-N,-3.0656409187664604
DNXHEGUUPJUMQT-UHFFFAOYSA-N,-10.83950213101729
DNXXUUPUQXSUFH-UHFFFAOYSA-N,-1.0260752548348413
DOBMPNYZJYQDGZ-UHFFFAOYSA-N,-15.567632165608346
DOFZAZXDOSGAJZ-UHFFFAOYSA-N,-6.201463245099935
DOGIHOCMZJUJNR-UHFFFAOYSA-N,3.5318900531942328
DOIRQSBPFJWKBE-UHFFFAOYSA-N,-6.083503739412539
DOJXGHGHTWFZHK-UHFFFAOYSA-N,-7.537794221663821
DOJZTBGOWIYFAC-UHFFFAOYSA-N,-4.260423724843376
DOLQYFPDPKPQSS-UHFFFAOYSA-N,-5.74137019863738
DOOTYTYQINUNNV-UHFFFAOYSA-N,-10.637814607549902
DOPJTDJKZNWLRB-UHFFFAOYSA-N,-14.547122219567898
DOULWWSSZVEPIN-UHFFFAOYSA-N,-12.265381330848108
DOUMFZQKYFQNTF-UHFFFAOYSA-N,-34.523669612350794
DOUYETYNHWVLEO-UHFFFAOYSA-N,-14.507129998522078
DOWJXOHBNXRUOD-UHFFFAOYSA-N,-3.787616539837474
DOYJTLUPPPUSMD-UHFFFAOYSA-N,3.092717537821589
DOZUTNBCPVUMPY-UHFFFAOYSA-N,-3.7755017627341427
DPBLXKKOBLCELK-UHFFFAOYSA-N,-4.203269920362599
DPCILIMHENXHQX-UHFFFAOYSA-N,-4.521467025597813
DPIZKMGPXNXSGL-UHFFFAOYSA-N,-11.967687456010381
DPJCXCZTLWNFOH-UHFFFAOYSA-N,-7.825375528506431
DPKKOVGCHDUSAI-UHFFFAOYSA-N,-2.316403281774907
DPSPPJIUMHPXMA-UHFFFAOYSA-N,-15.192880617332369
DPVYDTACPLLHCF-UHFFFAOYSA-N,-3.536819894631561
DPYMAXOKJUBANR-UHFFFAOYSA-N,-6.881301164944482
DPYMFVXJLLWWEU-UHFFFAOYSA-N,0.5859621638823297
DQCKKXVULJGBQN-UHFFFAOYSA-N,-23.207407234055104
DQJCHOQLCLEDLL-UHFFFAOYSA-N,-12.338901170598074
DQKWXTIYGWPGOO-UHFFFAOYSA-N,-4.038700827598723
DQQNMIPXXNPGCV-UHFFFAOYSA-N,-0.3040996337638271
DQWPFSLDHJDLRL-UHFFFAOYSA-N,-8.114315071650696
DQZCVNGCTZLGAQ-UHFFFAOYSA-N,-8.761235228391673
DRHKJLXJIQTDTD-UHFFFAOYSA-N,-17.59532296485064
DRLFMBDRBRZALE-UHFFFAOYSA-N,-16.593101432023914
DROMNWUQASBTFM-UHFFFAOYSA-N,-3.4181136996508736
DRUIESSIVFYOMK-UHFFFAOYSA-N,-5.968935351551108
DSBIJCMXAIKKKI-UHFFFAOYSA-N,-8.984047428516813
DSKJPMWIHSOYEA-UHFFFAOYSA-N,-7.537794221663821
DSKYSDCYIODJPC-UHFFFAOYSA-N,-8.30785799430561
DSNHSQKRULAAEI-UHFFFAOYSA-N,-0.794808478618987
DSRNRYQBBJQVCW-UHFFFAOYSA-N,-8.663778953101763
DSRUAYIFDCHEEV-UHFFFAOYSA-N,-6.47250112839494
DSSAZLXYIQIXGW-UHFFFAOYSA-N,3.0482778718841588
DSSYKIVIOFKYAU-UHFFFAOYSA-N,-3.4812942992915845
DSTPUJAJSXTJHM-UHFFFAOYSA-N,-5.414846424399102
DTAPQAJKAFRNJB-UHFFFAOYSA-N,-7.560425627154823
DTDMYWXTWWFLGJ-UHFFFAOYSA-N,-4.360599556136064
DTDSAWVUFPGDMX-UHFFFAOYSA-N,-7.839485851780173
DTGKSKDOIYIVQL-UHFFFAOYSA-N,-4.260423724843376
DTMRKGRREZAYAP-UHFFFAOYSA-N,-3.607055537471622
DTQVDTLACAAQTR-UHFFFAOYSA-N,-7.437618390371133
DTSXXSAWQHPLEF-UHFFFAOYSA-N,-2.5733308417961687
DTUQWGWMVIHBKE-UHFFFAOYSA-N,-3.3719631593123496
DTWJISBCMBWFNY-UHFFFAOYSA-N,0.17030878335720576
DUEPRVBVGDRKAG-UHFFFAOYSA-N,-7.489795725869589
DUFKCOQISQKSAV-UHFFFAOYSA-N,-9.648494924523995
DUFVKSUJRWYZQP-UHFFFAOYSA-N,-7.3497059940524245
DUKPKQFHJQGTGU-UHFFFAOYSA-N,-2.8641653378317393
DULCUDSUACXJJC-UHFFFAOYSA-N,-4.678350028299562
DUPUVYJQZSLSJB-UHFFFAOYSA-N,2.770464085185876
DURPTKYDGMDSBL-UHFFFAOYSA-N,-1.0722257951733636
DUWYZHLZDVCZIO-UHFFFAOYSA-N,-21.4700138905027
DUXCSEISVMREAX-UHFFFAOYSA-N,-4.269210314082605
DUXYWXYOBMKGIN-UHFFFAOYSA-N,-14.690515476543897
DVCCCQNKIYNAKB-UHFFFAOYSA-N,-15.492576701278308
DVEFUHVVWJONKR-UHFFFAOYSA-N,-4.098716981527604
DVOODWOZJVJKQR-UHFFFAOYSA-N,-6.663571659348417
DVWSXZIHSUZZKJ-UHFFFAOYSA-N,-3.980757475840207
DWBQZSYTSNYEEJ-UHFFFAOYSA-N,-1.2573528102924625
DWEYPOWXNBAIDU-UHFFFAOYSA-N,-1.3153674360785421
DWFZBUWUXWZWKD-UHFFFAOYSA-N,-3.8111356746849943
DWRKFAJEBUWTQM-UHFFFAOYSA-N,-10.142005870892989
DXBHBZVCASKNBY-UHFFFAOYSA-N,-4.954503103524564
DXGLGDHPHMLXJC-UHFFFAOYSA-N,-8.627424727465728
DXNCZXXFRKPEPY-UHFFFAOYSA-N,-14.566813595050633
DXVYLFHTJZWTRF-UHFFFAOYSA-N,-2.7659448348205187
DXXVCXKMSWHGTF-UHFFFAOYSA-N,-7.332726351357632
DYAHQFWOVKZOOW-UHFFFAOYSA-N,-6.458715209278857
DYDNPESBYVVLBO-UHFFFAOYSA-N,-8.984047428516813
DYIZJUDNMOIZQO-UHFFFAOYSA-N,-26.064333424167806
DYONNFFVDNILGI-UHFFFAOYSA-N,-1.723571514959144
DYRDKSSFIWVSNM-UHFFFAOYSA-N,-13.542012736545884
DYSUSQZPGJXVAL-UHFFFAOYSA-N,-1.8866395779760399
DYSXLQBUUOPLBB-UHFFFAOYSA-N,-7.537794221663821
DYUQAZSOFZSPHD-UHFFFAOYSA-N,-4.435214336797951
DYUWTXWIYMHBQS-UHFFFAOYSA-N,-4.084266617943749
DZBUGLKDJFMEHC-UHFFFAOYSA-N,-6.85307661098291
DZJTZGHZAWTWGA-UHFFFAOYSA-N,3.2808057654329845
DZMDPHNGKBEVRE-UHFFFAOYSA-N,0.22570146742146047
DZNVIZQPWLDQHI-UHFFFAOYSA-N,-2.3685542588421304
DZPCYXCBXGQBRN-UHFFFAOYSA-N,-0.11898594222908088
FAGUFWYHJQFNRV-UHFFFAOYSA-N,-24.795826255463496
FAHIPPHRJJJQOG-UHFFFAOYSA-N,-5.003818089574915
FALCMQXTWHPRIH-UHFFFAOYSA-N,-1.2192161908375736
FAMJUFMHYAFYNU-UHFFFAOYSA-N,0.8761051898783734
FAMOAJMEFGYSNY-UHFFFAOYSA-N,-4.260423724843376
FATBKZJZAHWCSL-UHFFFAOYSA-N,-0.6994235735089124
FAXDZWQIWUSWJH-UHFFFAOYSA-N,-7.074142345344466
FAXWFCTVSHEODL-UHFFFAOYSA-N,-7.560425627154823
FBCQUCJYYPMKRO-UHFFFAOYSA-N,-2.5161770373153916
FBGJJTQNZVNEQU-UHFFFAOYSA-N,-4.473093531309875
FBMORZZOJSDNRQ-UHFFFAOYSA-N,-8.918564864165138
FBMQNRKSAWNXBT-UHFFFAOYSA-N,-2.6924082573257824
FBOUIAKEJMZPQG-AWNIVKPZSA-N,-7.443385832621141
FBPFZTCFMRRESA-UHFFFAOYSA-N,-25.196672437481524
FBQQHUGEACOBDN-UHFFFAOYSA-N,-7.780935862569001
FBUKVWPVBMHYJY-UHFFFAOYSA-N,-5.540522743488985
FBWNMEQMRUMQSO-UHFFFAOYSA-N,-27.18406076591469
FBWWGYIEJGQWJP-UHFFFAOYSA-N,-4.521467025597813
FCBBRODPXVPZAH-UHFFFAOYSA-N,-4.014550138115878
FCEHBMOGCRZNNI-UHFFFAOYSA-N,-2.8224992778612816
FCJSHPDYVMKCHI-UHFFFAOYSA-N,-6.098528071448069
FCOAHACKGGIURQ-UHFFFAOYSA-N,-8.07796084601466
FCOUHTHQYOMLJT-UHFFFAOYSA-N,-4.084266617943749
FCSHDIVRCWTZOX-UHFFFAOYSA-N,-11.350264773774361
FCSSPCOFDUKHPV-UHFFFAOYSA-N,-1.3582185949392147
FCUOIGTWJDBTHR-UHFFFAOYSA-N,-4.405039222073494
FDAJTLLBHNHECW-UHFFFAOYSA-N,-3.6230474470735987
FDAYLTPAFBGXAB-UHFFFAOYSA-N,-4.360599556136064
FDCQNVKWWMNRQN-UHFFFAOYSA-N,12.962192172544174
FDDDEECHVMSUSB-UHFFFAOYSA-N,-11.38896601246836
FDMFUZHCIRHGRG-UHFFFAOYSA-N,2.0030870320196823
FDOPVENYMZRARC-UHFFFAOYSA-N,-4.022708917996745
FDPIMTJIUBPUKL-UHFFFAOYSA-N,-3.638623935065049
FDQQNNZKEJIHMS-UHFFFAOYSA-N,-6.867354930075322
FENFUOGYJVOCRY-UHFFFAOYSA-N,-8.140203742460681
FEPBITJSIHRMRT-UHFFFAOYSA-N,-15.205917240998202
FERIUCNNQQJTOY-UHFFFAOYSA-N,-6.109025083368273
FEWJPZIEWOKRBE-LWMBPPNESA-N,-22.61072974008328
FEWJPZIEWOKRBE-UHFFFAOYSA-N,-26.82058472088802
FEYJIFXFOHFGCC-UHFFFAOYSA-N,-2.8796530823420587
FFCCBBNQPIMUJI-UHFFFAOYSA-N,-13.591599739416877
FFGPTBGBLSHEPO-UHFFFAOYSA-N,-11.579930317875084
FFLFWNRFMZRFKU-UHFFFAOYSA-N,-3.2674102204773563
FFNVQNRYTPFDDP-UHFFFAOYSA-N,-7.732937366774767
FFSSWMQPCJRCRV-UHFFFAOYSA-N,-8.12406013469847
FFWSICBKRCICMR-UHFFFAOYSA-N,-3.0656409187664604
FGDPOTMRBQHPJK-UHFFFAOYSA-N,-0.585942513363006
FGIWFCGDPUIBEZ-UHFFFAOYSA-N,-6.400165220067684
FGLBSLMDCBOPQK-UHFFFAOYSA-N,-3.2674102204773563
FGPPDYNPZTUNIU-UHFFFAOYSA-N,-2.1087560468897824
FGZCXIPKUCJGHW-UHFFFAOYSA-N,0.2975415831856984
FHIVAFMUCKRCQO-UHFFFAOYSA-N,-7.021965009846008
FHJCGIUZJXWNET-UHFFFAOYSA-N,3.2207896115041037
FHKSXSQHXQEMOK-UHFFFAOYSA-N,-9.206146171007747
FHNKBSDJERHDHZ-UHFFFAOYSA-N,-3.5199955379855843
FHTGJZOULSYEOB-UHFFFAOYSA-N,-2.334088320163925
FHUDAMLDXFJHJE-UHFFFAOYSA-N,-4.937120406122936
FHZMAAGOSXDIBJ-UHFFFAOYSA-N,-13.925818222352591
FIAHOPQKBBASOY-UHFFFAOYSA-N,7.1199598981028736
FIAXCDIQXHJNIX-UHFFFAOYSA-N,-3.5009570795573657
FIGVVZUWCLSUEI-UHFFFAOYSA-N,5.462124577146618
FIHBHSQYSYVZQE-UHFFFAOYSA-N,-6.806811303325865
FINOAUDUYKVGDS-UHFFFAOYSA-N,-1.9911925168110338
FIPOITUDJFQRRN-UHFFFAOYSA-N,-3.9893858415483705
FIPWRIJSWJWJAI-UHFFFAOYSA-N,-11.702737554658775
FIQMHBFVRAXMOP-UHFFFAOYSA-N,-10.654365481493524
FITIWKDOCAUBQD-UHFFFAOYSA-N,-4.24930400067039
FITQCDWGUKECBJ-UHFFFAOYSA-N,-4.360599556136064
FIYBYNHDEOSJPL-UHFFFAOYSA-N,-3.0656409187664604
FJBFPHVGVWTDIP-UHFFFAOYSA-N,-2.6657690035278305
FJKIXWOMBXYWOQ-UHFFFAOYSA-N,-1.355196966092448
FJKROLUGYXJWQN-UHFFFAOYSA-N,-13.221744261130837
FJLUATLTXUNBOT-UHFFFAOYSA-N,-6.643688822643775
FJTNLJLPLJDTRM-UHFFFAOYSA-N,-16.3337954412364
FJUVPPYNSDTRQV-UHFFFAOYSA-N,-1.4988824398407423
FJXOYCIYKQJAAF-UHFFFAOYSA-N,-4.648180862978673
FKERUJTUOYLBKB-UHFFFAOYSA-N,-13.656951522936318
FKIKPQHMWFZFEB-UHFFFAOYSA-N,-9.043078107990851
FKLFBQCQQYDUAM-UHFFFAOYSA-N,-9.260698404940296
FKLQIONHGSFYJY-UHFFFAOYSA-N,-6.262498364559999
FKNQCJSGGFJEIZ-UHFFFAOYSA-N,-5.049383879919942
FKRCODPIKNYEAC-UHFFFAOYSA-N,-2.8224992778612816
FKUPPRZPSYCDRS-UHFFFAOYSA-N,-1.441728635359965
FLAQQSHRLBFIEZ-UHFFFAOYSA-N,-15.887900641023394
FLBJFXNAEMSXGL-UHFFFAOYSA-N,-7.582233887601252
FLIACVVOZYBSBS-UHFFFAOYSA-N,-1.2530088531132446
FLKPEMZONWLCSK-UHFFFAOYSA-N,-6.415347323914164
FLMIYUXOBAUKJM-UHFFFAOYSA-N,-3.7505122689869403
FLTJDUOFAQWHDF-UHFFFAOYSA-N,2.958907036895644
FLUWAIIVLCVEKF-UHFFFAOYSA-N,-4.452048176754543
FLVAIUDBQNOKHB-UHFFFAOYSA-N,-0.060957992858648335
FLVIGYVXZHLUHP-UHFFFAOYSA-N,-7.732937366774767
FLXYIZWPNQYPIT-UHFFFAOYSA-N,0.6223163895183655
FMAZQSYXRGRESX-UHFFFAOYSA-N,-11.492017921556375
FMEFHKJRIGHSLB-UHFFFAOYSA-N,-7.317283986249645
FMGGHNGKHRCJLL-UHFFFAOYSA-N,-3.39548229415987
FMKOJHQHASLBPH-UHFFFAOYSA-N,-0.5058689354747232
FMLSQAUAAGVTJO-UHFFFAOYSA-N,-4.405039222073494
FMMWHPNWAFZXNH-UHFFFAOYSA-N,-6.537043047736777
FMTFEIJHMMQUJI-UHFFFAOYSA-N,-6.133504444314983
FMWLUWPQPKEARP-UHFFFAOYSA-N,-1.441728635359965
FMYCPRQGKSONCP-UHFFFAOYSA-N,-3.8100822838237534
FNAZRRHPUDJQCJ-UHFFFAOYSA-N,5.109651796262206
FNUATPIDZQSFPD-UHFFFAOYSA-N,-4.260423724843376
FOANIXZHAMJWOI-UHFFFAOYSA-N,-6.584099420680797
FOCAUTSVDIKZOP-UHFFFAOYSA-N,-8.941196269656139
FODBVCSYJKNBLO-UHFFFAOYSA-N,-10.109707602539146
FOHHWGVAOVDVLP-UHFFFAOYSA-N,-9.234042413397574
FOIBFBMSLDGNHL-UHFFFAOYSA-N,-4.987826179972938
FOLPKOWCPVGUCA-UHFFFAOYSA-N,-7.58265828697379
FONWDRSQXQZNBN-UHFFFAOYSA-N,-2.441787493176846
FOTKYAAJKYLFFN-UHFFFAOYSA-N,-0.060957992858648335
FOUWCSDKDDHKQP-UHFFFAOYSA-N,-6.400165220067684
FOXFZRUHNHCZPX-UHFFFAOYSA-N,-11.522776513394305
FOYHNROGBXVLLX-UHFFFAOYSA-N,-6.056847747869817
FPEYJPVHPGDXDD-UHFFFAOYSA-N,-0.21828762863211312
FPIQNBOUYZLESW-UHFFFAOYSA-N,-2.120186437056049
FPKCTSIVDAWGFA-UHFFFAOYSA-N,-9.726352490367866
FPPLREPCQJZDAQ-UHFFFAOYSA-N,-8.2265785454477
FPWNLURCHDRMHC-UHFFFAOYSA-N,-2.5999868333388902
FPYJFEHAWHCUMM-UHFFFAOYSA-N,-7.40760260721972
FPYUJUBAXZAQNL-UHFFFAOYSA-N,-4.021961907839756
FPZWZCWUIYYYBU-UHFFFAOYSA-N,-8.402735652347326
FQDIANVAWVHZIR-OWOJBTEDSA-N,-2.4390902072561174
FQDIANVAWVHZIR-UHFFFAOYSA-N,-2.3022929585011638
FQDIANVAWVHZIR-UPHRSURJSA-N,-2.1030285777162243
FQGSQKFVAAJWFY-UHFFFAOYSA-N,-6.742298760842841
FQHLOOOXLDQLPF-UHFFFAOYSA-N,7.392359101099004
FQMZVFJYMPNUCT-YRNVUSSQSA-N,-3.000267165287579
FQPSGWSUVKBHSU-UHFFFAOYSA-N,-8.08169526569366
FQSUTLQHSDLLAN-UHFFFAOYSA-N,-18.25411798628094
FQYUMYWMJTYZTK-UHFFFAOYSA-N,-6.242835584294218
FRASJONUBLZVQX-UHFFFAOYSA-N,-9.8356836303471
FRCCEHPWNOQAEU-UHFFFAOYSA-N,-2.710764683478961
FRCFWPVMFJMNDP-UHFFFAOYSA-N,-4.919218746273678
FRCHKSNAZZFGCA-UHFFFAOYSA-N,0.12776178938807212
FRDAATYAJDYRNW-UHFFFAOYSA-N,-3.8111356746849943
FRLMQDUYUJIHCZ-UHFFFAOYSA-N,-4.588164709049792
FRLZQXRXIKQFNS-UHFFFAOYSA-N,-3.433845518415618
FROBCXTULYFHEJ-UHFFFAOYSA-N,-16.049985395402057
FRPHFZCDPYBUAU-UHFFFAOYSA-N,-22.95383644209203
FRPZMMHWLSIFAZ-UHFFFAOYSA-N,-7.514501538627975
FRQDZJMEHSJOPU-UHFFFAOYSA-N,-7.372275005971644
FRQMUZJSZHZSGN-UHFFFAOYSA-N,-8.730476636553743
FRQUNVLMWIYOLV-UHFFFAOYSA-N,-2.157677461271045
FRUMTAZIGSJVOJ-UHFFFAOYSA-N,-4.555742701247011
FSAVDKDHPDSCTO-UHFFFAOYSA-N,-8.241028909031556
FSAVDKDHPDSCTO-WQLSENKSSA-N,-8.881028142400323
FSAVDKDHPDSCTO-XYOKQWHBSA-N,-9.222295920199429
FSAWRQYDMHSDRN-UHFFFAOYSA-N,-2.343665297695446
FSCWZHGZWWDELK-UHFFFAOYSA-N,-8.547351149577445
FSGNOVKGEXRRHD-UHFFFAOYSA-N,-10.299335506666454
FSPZPQQWDODWAU-UHFFFAOYSA-N,1.1624830138692033
FSWXOANXOQPCFF-UHFFFAOYSA-N,-9.34564070568343
FTBUKOLPOATXGV-UHFFFAOYSA-N,-1.8266234240471582
FTCOKXNKPOUEFH-UHFFFAOYSA-N,-8.295581142964103
FTECWCULPOFDJS-UHFFFAOYSA-N,6.842895219647934
FTOVXSOBNPWTSH-UHFFFAOYSA-N,-6.368596822474256
FTPXXARYDFWPGE-UHFFFAOYSA-N,-4.555742701247011
FTZDEZOARSJHGU-UHFFFAOYSA-N,-3.560335066544475
FTZILAQGHINQQR-UHFFFAOYSA-N,-2.5733308417961687
FUCOMWZKWIEKRK-UHFFFAOYSA-N,-1.4296138582566331
FUDNBFMOXDUIIE-UHFFFAOYSA-N,2.378917775645146
FULZLIGZKMKICU-UHFFFAOYSA-N,-11.63210765337354
FUNUTBJJKQIVSY-UHFFFAOYSA-N,-1.2015778289380168
FUSUHKVFWTUUBE-UHFFFAOYSA-N,-3.935648918510708
FUTDYIMYZIMPBJ-UHFFFAOYSA-N,-8.039259607320659
FUUHMSUPRUNWRQ-UHFFFAOYSA-N,-1.723571514959144
FUZZWVXGSFPDMH-UHFFFAOYSA-N,-6.262498364559999
FVCOIAYSJZGECG-UHFFFAOYSA-N,-6.213679860367327
FVHAWXWFPBPFOS-UHFFFAOYSA-N,-3.763137178890763
FVIDSGRVHCMQNQ-UHFFFAOYSA-N,-4.815869869312849
FVLVBPDQNARYJU-UHFFFAOYSA-N,-11.09500835576585
FVNIMHIOIXPIQT-UHFFFAOYSA-N,-1.6848702762651435
FVQITOLOYMWVFU-UHFFFAOYSA-N,-14.18686152310703
FVSKHRXBFJPNKK-UHFFFAOYSA-N,-4.260423724843376
FVTWJXMFYOXOKK-UHFFFAOYSA-N,-8.402735652347326
FVUGZKDGWGKCFE-UHFFFAOYSA-N,-3.4666402331972472
FVVXWRGARUACNW-UHFFFAOYSA-N,-5.028371191446654
FWAJPSIPOULHHH-UHFFFAOYSA-N,-2.6735066730888564
FWCBATIDXGJRMF-UHFFFAOYSA-N,-19.549076623650542
FWIROFMBWVMWLB-UHFFFAOYSA-N,-5.74137019863738
FWLWTILKTABGKQ-UHFFFAOYSA-N,-2.1392248954842676
FWZUNOYOVVKUNF-UHFFFAOYSA-N,-3.2073940665484746
FXHGMKSSBGDXIY-UHFFFAOYSA-N,-2.6961380785798585
FXHOOIRPVKKKFG-UHFFFAOYSA-N,-8.402735652347326
FXLOVSHXALFLKQ-UHFFFAOYSA-N,-4.405039222073494
FXNDIJDIPNCZQJ-UHFFFAOYSA-N,1.984634466232905
FXRLMCRCYDHQFW-UHFFFAOYSA-N,2.439993164250062
FXRXQYZZALWWGA-UHFFFAOYSA-N,-2.5358398175811727
FXTKWBZFNQHAAO-UHFFFAOYSA-N,-7.283008310600447
FXXCTCCAZGTNNO-UHFFFAOYSA-N,-4.485112799961778
FYFDQJRXFWGIBS-UHFFFAOYSA-N,-3.7755017627341427
FYGHSUNMUKGBRK-UHFFFAOYSA-N,-1.2015778289380168
FYMBAYNKBWGEIK-UHFFFAOYSA-N,-4.084266617943749
FYQFWFHDPNXORA-UHFFFAOYSA-N,3.9240242988718363
FYQGBXGJFWXIPP-UEVLXMDPSA-N,-3.2244177720015363
FYZBOYWSHKHDMT-UHFFFAOYSA-N,-6.987159251489741
FZBSTAVCYOMFMD-UHFFFAOYSA-N,-3.638623935065049
FZENGILVLUJGJX-UHFFFAOYSA-N,-5.049383879919942
FZERHIULMFGESH-UHFFFAOYSA-N,-9.161706505070319
FZFNDUTVMQOPCT-UHFFFAOYSA-N,-0.6994235735089124
FZFUUSROAHKTTF-UHFFFAOYSA-N,-1.9145358203658658
FZIIBDOXPQOKBP-UHFFFAOYSA-N,-3.4609648585115456
FZJUFJKVIYFBSY-UHFFFAOYSA-N,-4.791646487563353
FZQMZRXKWHQJAG-UHFFFAOYSA-N,2.083160609907965
FZRBKIRIBLNOAM-WHVZTFIZSA-N,-5.607384848047012
FZSPYHREEHYLCB-UHFFFAOYSA-N,-0.26272729456954436
FZSVSABTBYGOQH-UHFFFAOYSA-N,-9.02803319845668
FZSVSABTBYGOQH-XFFZJAGNSA-N,-8.69371138251982
FZWFDJBZTLTRGH-UHFFFAOYSA-N,-3.347483798365639
FZXISNSWEXTPMF-UHFFFAOYSA-N,-8.402735652347326
FZXRXKLUIMKDEL-UHFFFAOYSA-N,-2.343665297695446
GABFTOZBVQIDBB-UHFFFAOYSA-N,-5.472305968481594
GAPFWGOSHOCNBM-UHFFFAOYSA-N,-1.8266234240471582
GATVIKZLVQHOMN-UHFFFAOYSA-N,-1.8866395779760399
GAWAYYRQGQZKCR-UHFFFAOYSA-N,-6.927706934514697
GBAWQJNHVWMTLU-UHFFFAOYSA-N,-7.166580507076128
GBBZLMLLFVFKJM-UHFFFAOYSA-N,-2.1175906913786946
GBDZXPJXOMHESU-UHFFFAOYSA-N,-1.3512860197987144
GBIHOLCMZGAKNG-UHFFFAOYSA-N,-7.582233887601252
GBNHEBQXJVDXSW-UHFFFAOYSA-N,-7.021965009846008
GBNVXYXIRHSYEG-UHFFFAOYSA-N,-2.4068458973361575
GBONVOIRPAJSLA-UHFFFAOYSA-N,-4.312601060341832
GBOYJIHYACSLGN-UHFFFAOYSA-N,-10.199159675373767
GBPAQIZWHVCENQ-UHFFFAOYSA-N,-5.297381102583806
GBROPGWFBFCKAG-UHFFFAOYSA-N,-5.827182203769095
GBUCDGDROYMOAN-UHFFFAOYSA-N,-2.2422768045722816
GCDBEYOJCZLKMC-UHFFFAOYSA-N,-15.038106925433228
GCDCKEORRIGZKI-UHFFFAOYSA-N,-3.39548229415987
GCFDWHIKRXCUPJ-UHFFFAOYSA-N,-4.446411561267777
GCFKTDRTZYDRBI-UHFFFAOYSA-N,3.636442992029227
GCGFXFIPOBRMQT-UHFFFAOYSA-N,3.581890758096679
GCKMFJBGXUYNAG-UHFFFAOYSA-N,-9.334218244690263
GCLFPNQSLCWZAQ-UHFFFAOYSA-N,-4.820692602598617
GDCJAPJJFZWILF-UHFFFAOYSA-N,-7.784389452156766
GDOPTJXRTPNYNR-UHFFFAOYSA-N,1.5510794258585223
GDRBQWCGBCJTLB-UHFFFAOYSA-N,-4.260423724843376
GDTBXPJZTBHREO-UHFFFAOYSA-N,-1.7942014162443776
GDTZUQIYUMGJRT-UHFFFAOYSA-N,-6.299823679089691
GDXHBFHOEYVPED-UHFFFAOYSA-N,-4.728254440866955
GEAWFZNTIFJMHR-UHFFFAOYSA-N,1.2626588451618912
GELCOLZWXWHMIB-UHFFFAOYSA-N,-6.964811205365232
GELKGHVAFRCJNA-UHFFFAOYSA-N,-2.5137728892850255
GEOVEUCEIQCBKH-UHFFFAOYSA-N,-5.584040562863915
GEPDYQSQVLXLEU-AATRIKPKSA-N,-11.54990506848483
GEPDYQSQVLXLEU-UHFFFAOYSA-N,-12.16124209404457
GETJJZZRPQFSFM-UHFFFAOYSA-N,-3.8661890879787775
GETQZCLCWQTVFV-UHFFFAOYSA-N,-3.2073940665484746
GETTZEONDQJALK-UHFFFAOYSA-N,-0.26272729456954436
GEWDNTWNSAZUDX-UHFFFAOYSA-N,-8.663778953101763
GEYOCULIXLDCMW-UHFFFAOYSA-N,-9.079432333626887
GFADZIUESKAXAK-UHFFFAOYSA-N,2.2556723495279103
GFXPLABVZOBCCW-UHFFFAOYSA-N,-4.728254440866955
GGCSSNBKKAUURC-UHFFFAOYSA-N,-17.704654104829874
GGDYAKVUZMZKRV-UHFFFAOYSA-N,-4.937120406122936
GGLIEWRLXDLBBF-UHFFFAOYSA-N,-12.731035416275676
GGMPTLAAIUQMIE-UHFFFAOYSA-N,-1.4988824398407423
GGOIYPAZTVTJBE-UHFFFAOYSA-N,-4.728254440866955
GGSUCNLOZRCGPQ-UHFFFAOYSA-N,-2.979828913634747
GGUOCFNAWIODMF-UHFFFAOYSA-N,-5.203328778179479
GGXKWVWZWMLJEH-UHFFFAOYSA-N,-15.82241807667172
GHASVSINZRGABV-UHFFFAOYSA-N,-11.308892434580079
GHBSPIPJMLAMEP-UHFFFAOYSA-N,-7.46581003828971
GHDIHPNJQVDFBL-UHFFFAOYSA-N,-2.657930185097407
GHKOFFNLGXMVNJ-UHFFFAOYSA-N,-5.287630301225867
GHLDSOWZIOPMTC-UHFFFAOYSA-N,0.2975415831856984
GHMLBKRAJCXXBS-UHFFFAOYSA-N,-11.65658701432025
GHVNFZFCNZKVNT-UHFFFAOYSA-N,-5.865883442463094
GHXZTYHSJHQHIJ-UHFFFAOYSA-N,-39.19534316790141
GIEZWIDCIFCQPS-UHFFFAOYSA-N,2.643429487663208
GIJXKZJWITVLHI-UHFFFAOYSA-N,-9.783506294848642
GILIYJDBJZWGBG-UHFFFAOYSA-N,-4.260423724843376
GIUGGRUEPHPVNR-UHFFFAOYSA-N,-3.2381526583864058
GJBRNHKUVLOCEB-UHFFFAOYSA-N,-2.9318304178405152
GJJSUPSPZIZYPM-UHFFFAOYSA-N,-6.84136915007013
GJNGXPDXRVXSEH-UHFFFAOYSA-N,-3.926205241907659
GJQIMXVRFNLMTB-UHFFFAOYSA-N,-1.8717172009346337
GJRQTCIYDGXPES-UHFFFAOYSA-N,-2.369741626485624
GJSURZIOUXUGAL-UHFFFAOYSA-N,-12.769736654969675
GKASDNZWUGIAMG-UHFFFAOYSA-N,-2.443863075901988
GKEUODMJRFDLJY-UHFFFAOYSA-N,-3.3945912668413536
GKIPXFAANLTWBM-UHFFFAOYSA-N,-5.584040562863915
GKKDCARASOJPNG-UHFFFAOYSA-N,-3.7505122689869403
GKTWGGQPFAXNFI-UHFFFAOYSA-N,-9.783506294848642
GKVUDAZMZLMNJQ-UHFFFAOYSA-N,-0.060957992858648335
GLCIPJOIEVLTPR-UHFFFAOYSA-N,-0.17028913283788208
GLDOVTGHNKAZLK-UHFFFAOYSA-N,-2.080194216010229
GLDWASBMYWLQGG-UHFFFAOYSA-N,-7.643269007061315
GLOBUAZSRIOKLN-UHFFFAOYSA-N,-10.759428553129009
GLOOIONSKMZYQZ-UHFFFAOYSA-N,-2.441787493176846
GLUUGHFHXGJENI-UHFFFAOYSA-N,-7.5142750868162995
GLWWLNJJJCTFMZ-UHFFFAOYSA-N,-10.442301316278945
GLZPCOQZEFWAFX-JXMROGBWSA-N,-5.3599322870921355
GLZPCOQZEFWAFX-UHFFFAOYSA-N,-3.6686132374186253
GLZPCOQZEFWAFX-YFHOEESVSA-N,-5.298406499616736
GMBRUAIJEFRHFQ-UHFFFAOYSA-N,-9.486201683945916
GMEHFXXZSWDEDB-UHFFFAOYSA-N,-8.34558184786655
GMGWMIJIGUYNAY-UHFFFAOYSA-N,-14.972370381918193
GMRQFYUYWCNGIN-UHFFFAOYSA-N,-6.823457698431607
GNBHRKFJIUUOQI-UHFFFAOYSA-N,-19.987361409666672
GNEVIACKFGQMHB-UHFFFAOYSA-N,-2.1392248954842676
GNKZMNRKLCTJAY-UHFFFAOYSA-N,-4.820692602598617
GNOIPBMMFNIUFM-UHFFFAOYSA-N,-7.386080400948121
GNOOAFGERMHQJE-UHFFFAOYSA-N,-19.05466615549326
GNQHLJHTOATTOJ-UHFFFAOYSA-N,-4.618923300887722
GNROHGFUVTWFNG-UHFFFAOYSA-N,-4.312601060341832
GNVRJGIVDSQCOP-UHFFFAOYSA-N,-4.187415535830488
GNXFOGHNGIVQEH-UHFFFAOYSA-N,-18.81152451458808
GOBGVVAHHOUMDK-UHFFFAOYSA-N,-0.776906818769728
GOCVCBDBQYEFQD-UHFFFAOYSA-N,-2.4187207620254827
GOFFZTAPOOICFT-UHFFFAOYSA-N,-1.643497937070861
GOHBXWHNJHENRX-UHFFFAOYSA-N,-5.74137019863738
GOJCZVPJCKEBQV-UHFFFAOYSA-N,-8.454912987845782
GOKKOFHHJFGZHW-UHFFFAOYSA-N,-4.921560507837488
GOLXNESZZPUPJE-UHFFFAOYSA-N,-2.33018920089099
GOOHAUXETOMSMM-UHFFFAOYSA-N,-3.5737324610232473
GOOHAUXETOMSMM-VKHMYHEASA-N,-3.48252078362935
GOQYKNQRPGWPLP-UHFFFAOYSA-N,-2.8796530823420587
GOWLARCWZRESHU-QGOAFFKASA-N,-8.82934201914994
GOWLARCWZRESHU-UHFFFAOYSA-N,-7.789319730446715
GOXQRTZXKQZDDN-UHFFFAOYSA-N,-2.4854184454774613
GOYDNIKZWGIXJT-UHFFFAOYSA-N,-0.7394157945547323
GPAPPPVRLPGFEQ-UHFFFAOYSA-N,-7.283008310600447
GPBUTTSWJNPYJL-UHFFFAOYSA-N,3.383857674520999
GPHQHTOMRSGBNZ-UHFFFAOYSA-N,-6.157023579162503
GPRYKVSEZCQIHD-UHFFFAOYSA-N,-9.378657910627693
GPSDUZXPYCFOSQ-UHFFFAOYSA-N,-5.865883442463094
GPXBXXGIAQBQNI-UHFFFAOYSA-N,-21.188171010903517
GPXLRLUVLMHHIK-UHFFFAOYSA-N,-13.778221802310565
GQBVHGLNSHPKPG-UHFFFAOYSA-N,-4.743511816854349
GQCZPFJGIXHZMB-UHFFFAOYSA-N,-5.1919063171863105
GQJXVHYUQPXZOL-UHFFFAOYSA-N,3.1533409435196424
GQKRUMZWUHSLJF-UHFFFAOYSA-N,-19.05466615549326
GQKZBCPTCWJTAS-UHFFFAOYSA-N,-3.5213286685895575
GQKZRWSUJHVIPE-UHFFFAOYSA-N,-2.120186437056049
GQPLMRYTRLFLPF-UHFFFAOYSA-N,0.25544282225411247
GQYIWUVLTXOXAJ-UHFFFAOYSA-N,-11.308892434580079
GRIHRCLOUQZXPD-UHFFFAOYSA-N,-7.464274381913855
GRJRKPMIRMSBNK-UHFFFAOYSA-N,0.4451380032277258
GRPRVIYRYGLIJU-UHFFFAOYSA-N,-7.9299284673414245
GRSMWKLPSNHDHA-UHFFFAOYSA-N,-6.400165220067684
GRSQYISVQKPZCW-UHFFFAOYSA-N,-2.19296181852193
GRWFGVWFFZKLTI-IUCAKERBSA-N,0.9585475587393049
GRWFGVWFFZKLTI-UHFFFAOYSA-N,0.13603310770800794
GRWRDFGBFYSOKR-UHFFFAOYSA-N,-1.8266234240471582
GRXKLBBBQUKJJZ-UHFFFAOYSA-N,-5.1919063171863105
GRYLNZFGIOXLOG-UHFFFAOYSA-N,-8.81838903287245
GSEJCLTVZPLZKY-UHFFFAOYSA-N,-14.602514903632153
GSKHIRFMTJUBSM-UHFFFAOYSA-N,-5.387049462297259
GSNKRSKIWFBWEG-UHFFFAOYSA-N,-2.7250430025713728
GSNZNZUNAJCHDO-UHFFFAOYSA-N,-10.691469752344059
GSPFUBNBRPVALJ-UHFFFAOYSA-N,-16.0655597175769
GSSDZVRLQDXOPL-UHFFFAOYSA-N,-4.312601060341832
GSWMXIIUDJOXNF-UHFFFAOYSA-N,-3.2674102204773563
GTCAXTIRRLKXRU-UHFFFAOYSA-N,-8.049171586228502
GTCCGKPBSJZVRZ-UHFFFAOYSA-N,-9.695593898529934
GTKURBTWZFQHHY-UHFFFAOYSA-N,-4.203269920362599
GTLACDSXYULKMZ-UHFFFAOYSA-N,1.4033226900634184
GTRSAMFYSUBAGN-UHFFFAOYSA-N,-7.810925164922576
GTSJHTSVFKEASK-UHFFFAOYSA-N,-10.111247279055059
GTVWRXDRKAHEAD-UHFFFAOYSA-N,-7.643269007061315
GUBGYTABKSRVRQ-DCSYEGIMSA-N,-15.843793366992616
GUCFBWGWRCILHN-UHFFFAOYSA-N,-1.4988824398407423
GUEIZVNYDFNHJU-UHFFFAOYSA-N,-10.496981817558545
GUHWHNUGIGOSCN-UHFFFAOYSA-N,-4.091535325980278
GUMCAKKKNKYFEB-UHFFFAOYSA-N,-6.281536822988219
GUMULFRCHLJNDY-UHFFFAOYSA-N,3.608546749639401
GUVLYNGULCJVDO-UHFFFAOYSA-N,-4.405039222073494
GUWAXPTVCYBOMV-UHFFFAOYSA-N,-6.85307661098291
GUXACCKTQWVTLG-UHFFFAOYSA-N,-11.492017921556375
GUYMMHOQXYZMJQ-UHFFFAOYSA-N,-5.034576681412846
GVEPBJHOBDJJJI-UHFFFAOYSA-N,-4.521467025597813
GVEUEBXMTMZVSD-UHFFFAOYSA-N,4.989317392140718
GVGCUCJTUSOZKP-UHFFFAOYSA-N,2.315688503456792
GVGLGOZIDCSQPN-UHFFFAOYSA-N,-16.94177023870759
GVPODVKBTHCGFU-UHFFFAOYSA-N,-7.380464585890355
GVWISOJSERXQBM-UHFFFAOYSA-N,-3.7505122689869403
GVYLCNUFSHDAAW-UHFFFAOYSA-N,-2.1005236567902674
GVZNXUAPPLHUOM-UHFFFAOYSA-N,-9.385737095636037
GWESVXSMPKAFAS-UHFFFAOYSA-N,1.829552352708804
GWHJZXXIDMPWGX-UHFFFAOYSA-N,-0.9070719524159923
GWOWBISZHLPYEK-UHFFFAOYSA-N,-3.6686132374186253
GWQOYRSARAWVTC-UHFFFAOYSA-N,-3.3719631593123496
GWQSENYKCGJTRI-UHFFFAOYSA-N,-1.8177627184501226
GWTYBAOENKSFAY-UHFFFAOYSA-N,4.585806399868368
GWYFCOCPABKNJV-UHFFFAOYSA-N,-6.201463245099935
GWYPDXLJACEENP-UHFFFAOYSA-N,-0.3040996337638271
GWZMWHWAWHPNHN-UHFFFAOYSA-N,-9.191695807423894
GXAMYUGOODKVRM-UHFFFAOYSA-N,-11.783560880166974
GXDHCNNESPLIKD-UHFFFAOYSA-N,2.897574392710641
GXEKYRXVRROBEV-UHFFFAOYSA-N,-14.176767930658233
GXFRQLQUKBSYQL-UHFFFAOYSA-N,-9.669798047327102
GXNNLIMMEXHBKV-UHFFFAOYSA-N,-2.441787493176846
GXVMAQACUOSFJF-UHFFFAOYSA-N,-2.157677461271045
GXVUZYLYWKWJIM-UHFFFAOYSA-N,-7.9641266321178215
GYCMBHHDWRMZGG-UHFFFAOYSA-N,-2.979828913634747
GYCRUUSYQLIIBA-UHFFFAOYSA-N,-4.702733096911221
GYFAGKUZYNFMBN-UHFFFAOYSA-N,-6.784250202999379
GYHFUZHODSMOHU-UHFFFAOYSA-N,-1.9911925168110338
GYKXQTKSWLAUIT-UHFFFAOYSA-N,-7.780935862569001
GYLDXXLJMRTVSS-UHFFFAOYSA-N,-9.486201683945916
GYMFBYTZOGMSQJ-UHFFFAOYSA-N,-1.8968504199411642
GYNNXHKOJHMOHS-UHFFFAOYSA-N,1.711946895320272
GYSCXPVAKHVAAY-UHFFFAOYSA-N,-4.022708917996745
GYSSRZJIHXQEHQ-UHFFFAOYSA-N,-10.942554040105307
GYUVMLBYMPKZAZ-UHFFFAOYSA-N,-8.402735652347326
GYVGXEWAOAAJEU-UHFFFAOYSA-N,-3.5737324610232473
GYWYASONLSQZBB-UHFFFAOYSA-N,-2.681145770927655
GYZLOYUZLJXAJU-UHFFFAOYSA-N,-8.730476636553743
GZDFHIJNHHMENY-UHFFFAOYSA-N,-2.4529964376746802
GZFGOTFRPZRKDS-UHFFFAOYSA-N,-7.283008310600447
GZJFAWOTMWATOS-UHFFFAOYSA-N,3.2652292774415344
GZMAAYIALGURDQ-UHFFFAOYSA-N,-8.547351149577445
GZPHSAQLYPIAIN-UHFFFAOYSA-N,-6.89493041232334
GZSKSYDWLZIPOX-UHFFFAOYSA-N,-9.146130017078866
GZUXJHMPEANEGY-UHFFFAOYSA-N,-0.921522315999847
GZVHEAJQGPRDLQ-UHFFFAOYSA-N,-12.18157153482461
HAAFFTHBNFBVKY-UHFFFAOYSA-N,-5.74137019863738
HAORKNGNJCEJBX-UHFFFAOYSA-N,-7.6032767860154955
HAPOJKSPCGLOOD-UHFFFAOYSA-N,-2.8196576495050385
HARGZZNYNSYSGJ-UHFFFAOYSA-N,-11.492017921556375
HARQWLDROVMFJE-UHFFFAOYSA-N,-5.69337170284315
HAWJXYBZNNRMNO-UHFFFAOYSA-N,-10.111247279055059
HAWPXGHAZFHHAD-UHFFFAOYSA-N,-4.72636038815008
HAXBIWFMXWRORI-UHFFFAOYSA-N,-6.444604886005115
HAZQOLYHFUUJJN-UHFFFAOYSA-N,-1.9411918119085876
HBGGXOJOCNVPFY-UHFFFAOYSA-N,-5.865883442463094
HBHZKFOUIUMKHV-UHFFFAOYSA-N,-17.22582012466404
HBPDKDSFLXWOAE-UHFFFAOYSA-N,-10.523800391808582
HBXWAITUZKDDNP-UHFFFAOYSA-N,-7.631792521311032
HBZDPWBWBJMYRY-UHFFFAOYSA-N,-3.2381526583864058
HBZFBSFGXQBQTB-UHFFFAOYSA-N,5.404970772665841
HCAUQPZEWLULFJ-UHFFFAOYSA-N,-7.537794221663821
HCDGVLDPFQMKDK-UHFFFAOYSA-N,2.897574392710641
HCFAJYNVAYBARA-UHFFFAOYSA-N,-2.8224992778612816
HCGFUIQPSOCUHI-UHFFFAOYSA-N,-5.69337170284315
HCHHIPCZJSRFRT-UHFFFAOYSA-N,-0.379155098093863
HCRBXQFHJMCTLF-UHFFFAOYSA-N,-1.9145358203658658
HCRWJJJUKUVORR-UHFFFAOYSA-N,-10.703344617033384
HCTWZIFNBBCVGM-UHFFFAOYSA-N,-5.257388881537986
HCTWZIFNBBCVGM-VERWGIOPSA-N,-2.10886142149813
HCWZEPKLWVAEOV-UHFFFAOYSA-N,-2.745842581416114
HCXVJBMSMIARIN-UHFFFAOYSA-N,-2.785395007010748
HDGQICNBXPAKLR-UHFFFAOYSA-N,3.14071603361582
HDPNBNXLBDFELL-UHFFFAOYSA-N,-4.485112799961778
HDULUCZRGGWTMZ-UHFFFAOYSA-N,-1.723571514959144
HDWLUGYOLUHEMN-UHFFFAOYSA-N,-8.588723488771727
HDZGCSFEDULWCS-UHFFFAOYSA-N,-5.465037260445067
HEBKCHPVOIAQTA-UHFFFAOYSA-N,-20.760402853275068
HECLRDQVFMWTQS-UHFFFAOYSA-N,0.5036879924389007
HEDRZPFGACZZDS-UHFFFAOYSA-N,-1.155069175079856
HEFNNWSXXWATRW-UHFFFAOYSA-N,-7.24665408496441
HEMINMLPKZELPP-UHFFFAOYSA-N,-2.5454345994063425
HETCEOQFVDFGSY-UHFFFAOYSA-N,-1.643497937070861
HEWLCNCSWBMZHG-UHFFFAOYSA-N,-3.96311911394065
HEZNVIYQEUHLNI-UHFFFAOYSA-N,-10.142005870892989
HFACYLZERDEVSX-UHFFFAOYSA-N,-13.499161577685213
HFBWPRKWDIRYNX-UHFFFAOYSA-N,-5.218675282797606
HFCYZXMHUIHAQI-UHFFFAOYSA-N,-15.06887405800728
HFDVRLIODXPAHB-UHFFFAOYSA-N,3.4428883539950377
HFEASCCDHUVYKU-UHFFFAOYSA-N,-2.4748046981211087
HFEHLDPGIKPNKL-UHFFFAOYSA-N,-1.398210815985035
HFEJHAAIJZXXRE-UHFFFAOYSA-N,-2.3348318501056067
HFFLGKNGCAIQMO-UHFFFAOYSA-N,-9.614617895985544
HFHAVERNVFNSHL-UHFFFAOYSA-N,-6.499157119937662
HFHFGHLXUCOHLN-UHFFFAOYSA-N,-5.41947147010004
HFJRKMMYBMWEAD-UHFFFAOYSA-N,-1.9159215065798199
HFNGYHHRRMSKEU-UHFFFAOYSA-N,-5.990913818908345
HFPZCAJZSCWRBC-UHFFFAOYSA-N,-0.7394157945547323
HFVMLYAGWXSTQI-UHFFFAOYSA-N,-2.710764683478961
HFZKOYWDLDYELC-UHFFFAOYSA-N,-4.172511328524669
HFZWRUODUSTPEG-UHFFFAOYSA-N,-5.486584287574006
HGBOYTHUEUWSSQ-UHFFFAOYSA-N,-3.1406963830964965
HGCIXCUEYOPUTN-UHFFFAOYSA-N,0.050776601523672305
HGCMMKIIGJXXMW-UHFFFAOYSA-N,-7.317283986249645
HGDVHRITTGWMJK-UHFFFAOYSA-N,-4.405039222073494
HGINCPLSRVDWNT-UHFFFAOYSA-N,-3.174972058745694
HGMYRFJAJNYBRX-UHFFFAOYSA-N,-3.4181136996508736
HGTUJZTUQFXBIH-UHFFFAOYSA-N,-1.5558667192486109
HGUFODBRKLSHSI-UHFFFAOYSA-N,-3.7755017627341427
HGUYBLVGLMAUFF-UHFFFAOYSA-N,-12.191483513732452
HHECSPXBQJHZAF-UHFFFAOYSA-N,-6.703363551742113
HHLFWLYXYJOTON-UHFFFAOYSA-N,-7.560425627154823
HHMCAJWVGYGUEF-UHFFFAOYSA-N,-8.627424727465728
HHOSMYBYIHNXNO-UHFFFAOYSA-N,2.905961397549854
HHVIBTZHLRERCL-UHFFFAOYSA-N,-1.5510597753391988
HHXNVASVVVNNDG-UHFFFAOYSA-N,-1.8266234240471582
HIGGFWFRAWSMBR-UHFFFAOYSA-N,-2.8224992778612816
HIGQPQRQIQDZMP-DHZHZOJOSA-N,-3.3250161302024086
HIGQPQRQIQDZMP-FLIBITNWSA-N,-3.5746768230202077
HIGQPQRQIQDZMP-UHFFFAOYSA-N,-1.441728635359965
HIHSOGFAVTVMCY-UHFFFAOYSA-N,3.3301207514833364
HIILBTHBHCLUER-UHFFFAOYSA-N,-0.26272729456954436
HILNUELUDBMBJQ-UHFFFAOYSA-N,-0.060957992858648335
HINASMOVWHGCAK-UHFFFAOYSA-N,-3.2953064628671824
HJBYDWKNARZTMJ-UHFFFAOYSA-N,-4.728254440866955
HJFZAYHYIWGLNL-UHFFFAOYSA-N,-4.728254440866955
HJIUPFPIEBPYIE-UHFFFAOYSA-N,-8.07796084601466
HJJKSUVYCQAMBG-UHFFFAOYSA-N,-0.5304083296397497
HJJPJSXJAXAIPN-UHFFFAOYSA-N,-7.781534052385637
HJJVPARKXDDIQD-UHFFFAOYSA-N,-11.765918154299484
HJLSLZFTEKNLFI-UHFFFAOYSA-N,-12.035136123994842
HJOVHMDZYOCNQW-UHFFFAOYSA-N,-4.987826179972938
HJRJRUMKQCMYDL-UHFFFAOYSA-N,-11.09500835576585
HJUFTIJOISQSKQ-UHFFFAOYSA-N,-14.912354227989312
HJUGFYREWKUQJT-UHFFFAOYSA-N,-2.4068458973361575
HJWLCRVIBGQPNF-UHFFFAOYSA-N,-0.794808478618987
HKAMKLBXTLTVCN-UHFFFAOYSA-N,-10.526900659580182
HKDCIIMOALDWHF-UHFFFAOYSA-N,0.17030878335720576
HKIOYBQGHSTUDB-UHFFFAOYSA-N,-7.662307465489535
HKMTVMBEALTRRR-UHFFFAOYSA-N,-4.153269215460151
HKOOXMFOFWEVGF-UHFFFAOYSA-N,-8.241028909031556
HKPHPIREJKHECO-UHFFFAOYSA-N,-7.810925164922576
HKTCLPBBJDIBGF-UHFFFAOYSA-N,-1.2881138471368798
HLBLWEWZXPIGSM-UHFFFAOYSA-N,-12.769736654969675
HLCSDJLATUNSSI-UHFFFAOYSA-N,-2.617121172455412
HLIAVLHNDJUHFG-UHFFFAOYSA-N,-9.783506294848642
HLKZFXXWGVPYAY-UHFFFAOYSA-N,-2.3568451924337115
HLQDGCWIOSOMDP-UHFFFAOYSA-N,-2.9318304178405152
HLVFKOKELQSXIQ-UHFFFAOYSA-N,-0.060957992858648335
HLZKNKRTKFSKGZ-UHFFFAOYSA-N,-3.0656409187664604
HMBBJSKXDBUNNT-UHFFFAOYSA-N,-5.246959730480095
HMIBKHHNXANVHR-UHFFFAOYSA-N,-8.046610441084056
HMKKIXGYKWDQSV-KAMYIIQDSA-N,-6.266383379851409
HMKKIXGYKWDQSV-UHFFFAOYSA-N,-4.881727722058683
HMMSZUQCCUWXRA-UHFFFAOYSA-N,-5.641194367344692
HMNKTRSOROOSPP-UHFFFAOYSA-N,-5.69337170284315
HMSVXZJWPVIVIV-UHFFFAOYSA-N,-4.203269920362599
HMSWAIKSFDFLKN-UHFFFAOYSA-N,1.2104815096634347
HNBDRPTVWVGKBR-UHFFFAOYSA-N,-2.6657690035278305
HNEGQIOMVPPMNR-IHWYPQMZSA-N,-14.423927708745344
HNFSPSWQNZVCTB-UHFFFAOYSA-N,-0.4936185264277686
HNJBEVLQSNELDL-UHFFFAOYSA-N,-10.225815666916489
HNJJXZKZRAWDPF-UHFFFAOYSA-N,-6.89493041232334
HNKJADCVZUBCPG-UHFFFAOYSA-N,-2.8224992778612816
HNRMPXKDFBEGFZ-UHFFFAOYSA-N,2.498813990433089
HNVRRHSXBLFLIG-UHFFFAOYSA-N,-4.485112799961778
HNXNKTMIVROLTK-UHFFFAOYSA-N,-6.611405437420232
HOAAQUNESXYFDT-UHFFFAOYSA-N,3.383857674520999
HOBRTVXSIVSXIA-UHFFFAOYSA-N,-2.9318304178405152
HOGMPEULJBVHLZ-UHFFFAOYSA-N,-11.579930317875084
HOKKPVIRMVDYPB-UHFFFAOYSA-N,-17.10301288788035
HOLHYSJJBXSLMV-UHFFFAOYSA-N,-5.534039857961469
HOMGKSMUEGBAAB-UHFFFAOYSA-N,-12.806090880605714
HOPMUCXYRNOABF-UHFFFAOYSA-N,-4.588164709049792
HOQADATXFBOEGG-UHFFFAOYSA-N,-7.6032767860154955
HORIEOQXBKUKGQ-UHFFFAOYSA-N,-3.55634976362162
HORNXRXVQWOLPJ-UHFFFAOYSA-N,-6.867354930075322
HOWGUJZVBDQJKV-UHFFFAOYSA-N,5.304794941373153
HOYRZHJJAHRMLL-UHFFFAOYSA-N,-7.879927762438978
HPAFOABSQZMTHE-UHFFFAOYSA-N,-5.540522743488985
HPEUJPJOZXNMSJ-UHFFFAOYSA-N,-0.9356326392735907
HPFDGTFXAVIVTH-UHFFFAOYSA-N,-9.171345527510764
HPGJOUYGWKFYQW-UHFFFAOYSA-N,-8.204228340932923
HPNMFZURTQLUMO-UHFFFAOYSA-N,-4.178790559415887
HPPDPHZGXWMRHN-UHFFFAOYSA-N,1.0016155444074535
HPQURZRDYMUHJI-UHFFFAOYSA-N,2.5432536563705206
HPRGYUWRGCTBAV-UHFFFAOYSA-N,-3.2402295240791243
HPXRVTGHNJAIIH-UHFFFAOYSA-N,-5.236345983123741
HPYNZHMRTTWQTB-UHFFFAOYSA-N,-4.937120406122936
HQABUPZFAYXKJW-UHFFFAOYSA-N,-4.405039222073494
HQLKZWRSOHTERR-UHFFFAOYSA-N,-3.692160782804593
HQOVXPHOJANJBR-UHFFFAOYSA-N,-2.1005236567902674
HQSMEHLVLOGBCK-UHFFFAOYSA-N,-6.687746526910294
HQUQLFOMPYWACS-UHFFFAOYSA-N,-5.403479560498063
HQWKMYFWGMCJSW-UHFFFAOYSA-N,-8.730476636553743
HQZHQNKZOYIKQC-UHFFFAOYSA-N,3.313227773235765
HRBKVYFZANMGRE-UHFFFAOYSA-N,-5.584040562863915
HRDGAIGDKJXHIU-UHFFFAOYSA-N,-3.07554561485456
HRGPYCVTDOECMG-UHFFFAOYSA-N,-1.1646639569050259
HRPVXLWXLXDGHG-UHFFFAOYSA-N,-9.92812179207876
HRQGCQVOJVTVLU-UHFFFAOYSA-N,-2.9318304178405152
HRVUKLBFRPWXPJ-UHFFFAOYSA-N,-3.972003144146744
HRXZRAXKKNUKRF-UHFFFAOYSA-N,-5.427310288530464
HRYZWHHZPQKTII-UHFFFAOYSA-N,-0.5058689354747232
HSFWRNGVRCDJHI-UHFFFAOYSA-N,-0.060957992858648335
HSIBGVUMFOSJPD-UHFFFAOYSA-N,-12.90354715589562
HSJKGGMUJITCBW-UHFFFAOYSA-N,-7.751730882416614
HSMVPDGQOIQYSR-UHFFFAOYSA-N,-14.953024798735084
HSNWZBCBUUSSQD-UHFFFAOYSA-N,-1.723571514959144
HSOMNBKXPGCNBH-UHFFFAOYSA-N,3.059082868188332
HSQFVBWFPBKHEB-UHFFFAOYSA-N,-5.306975884408976
HSRJKNPTNIJEKV-UHFFFAOYSA-N,-12.140199195630327
HSSBORCLYSCBJR-UHFFFAOYSA-N,-5.520859963223204
HSUIVCLOAAJSRE-UHFFFAOYSA-N,-6.617116625625059
HSZCJVZRHXPCIA-UHFFFAOYSA-N,-4.79888434215219
HTDQSWDEWGSAMN-UHFFFAOYSA-N,-2.617121172455412
HTENFZMEHKCNMD-UHFFFAOYSA-N,-14.070433719582711
HTHNTJCVPNKCPZ-UHFFFAOYSA-N,0.4736986900853244
HTJDQJBWANPRPF-UHFFFAOYSA-N,-4.419220290157114
HTKIMWYSDZQQBP-UHFFFAOYSA-N,-8.333467070763216
HTLZVHNRZJPSMI-UHFFFAOYSA-N,-4.172511328524669
HTOYXTGJEOUKPM-UHFFFAOYSA-N,-3.799491404526799
HTSABYAWKQAHBT-UHFFFAOYSA-N,-5.343889756441966
HTVITOHKHWFJKO-UHFFFAOYSA-N,-12.90354715589562
HTWIZMNMTWYQRN-UHFFFAOYSA-N,-4.720523654716002
HUAZGNHGCJGYNP-UHFFFAOYSA-N,-2.2578532925637322
HUBANNPOLNYSAD-UHFFFAOYSA-N,-9.82686023227342
HUKPVYBUJRAUAG-UHFFFAOYSA-N,-7.749367464975572
HULDRQRKKXRXBI-UHFFFAOYSA-N,-9.322573974532066
HUMNYLRZRPPJDN-UHFFFAOYSA-N,-4.159752100987669
HUPGRQWHZOWFPQ-UHFFFAOYSA-N,8.066336226375785
HUSIBQLZEMMTCQ-UHFFFAOYSA-N,-15.694346002989207
HUTDUHSNJYTCAR-UHFFFAOYSA-N,-13.977995557851047
HUWXDEQWWKGHRV-UHFFFAOYSA-N,-7.9299284673414245
HVBSAKJJOYLTQU-UHFFFAOYSA-N,-14.464278839661407
HVCFCNAITDHQFX-UHFFFAOYSA-N,-4.728254440866955
HVCNXQOWACZAFN-UHFFFAOYSA-N,-8.339555052706615
HVDXCGSGEQKWGB-UHFFFAOYSA-N,-5.034576681412846
HVFJQRZGBBKTPL-UHFFFAOYSA-N,-1.2447375347933087
HVGZQCSMLUDISR-UHFFFAOYSA-N,-4.191155143259266
HVHNMNGARPCGGD-UHFFFAOYSA-N,-11.967687456010381
HVLLSGMXQDNUAL-UHFFFAOYSA-N,-6.499157119937662
HVRUGFJYCAFAAN-UHFFFAOYSA-N,-1.2611676329941128
HVTICUPFWKNHNG-UHFFFAOYSA-N,-0.8290841542681848
HVYWMOMLDIMFJA-DPAQBDIFSA-N,-3.82605439571378
HVYWMOMLDIMFJA-UHFFFAOYSA-N,-3.024268579572178
HVZJRWJGKQPSFL-UHFFFAOYSA-N,-1.8866395779760399
HWATZEJQIXKWQS-UHFFFAOYSA-N,-13.319200536420748
HWCUCNKPBMGSSC-UHFFFAOYSA-N,-6.1488987951669225
HWHZTSGXJYKIPK-UHFFFAOYSA-N,-2.617121172455412
HWIGZMADSFQMOI-UHFFFAOYSA-N,-5.091730485893622
HWSSEYVMGDIFMH-UHFFFAOYSA-N,-14.070433719582711
HWWYDZCSSYKIAD-UHFFFAOYSA-N,-4.954503103524564
HXDOZKJGKXYMEW-UHFFFAOYSA-N,-5.999693943389039
HXEWMTXDBOQQKO-UHFFFAOYSA-N,-6.706487460613573
HXGDTGSAIMULJN-UHFFFAOYSA-N,-3.2381526583864058
HXHWSAZORRCQMX-UHFFFAOYSA-N,-15.946931320497436
HXJUTPCZVOIRIF-UHFFFAOYSA-N,-5.1802620470281155
HXKKHQJGJAFBHI-UHFFFAOYSA-N,-11.107123132869182
HXQDUXXBVMMIKL-UHFFFAOYSA-N,4.024200130164525
HXQPUEQDBSPXTE-UHFFFAOYSA-N,-3.697173924276224
HXVNBWAKAOHACI-UHFFFAOYSA-N,-2.8224992778612816
HYAFETHFCAUJAY-UHFFFAOYSA-N,-14.070433719582711
HYBBIBNJHNGZAN-UHFFFAOYSA-N,-5.316419561012024
HYFLWBNQFMXCPA-UHFFFAOYSA-N,-1.1150769540340362
HYIMSNHJOBLJNT-UHFFFAOYSA-N,-15.983285546133471
HYJSGOXICXYZGS-UHFFFAOYSA-N,-17.1967040908278
HYNYIQBCBHJTOZ-UHFFFAOYSA-N,-1.8866395779760399
HYQGGNWDPQZLGX-UHFFFAOYSA-N,-3.7376158349350277
HYTRYEXINDDXJK-UHFFFAOYSA-N,-3.1043421574604606
HYVWIQDYBVKITD-UHFFFAOYSA-N,-6.281536822988219
HYXITZLLTYIPOF-UHFFFAOYSA-N,-9.29858433273941
HYZJCKYKOHLVJF-UHFFFAOYSA-N,-6.715642769300118
HZAXFHJVJLSVMW-UHFFFAOYSA-N,-11.350264773774361
HZDIJTXDRLNTIS-UHFFFAOYSA-N,-7.5142750868162995
HZIUHEQKVCPTAJ-UHFFFAOYSA-N,-3.024268579572178
HZJKXKUJVSEEFU-UHFFFAOYSA-N,-9.389271657984047
HZKBYBNLTLVSPX-UHFFFAOYSA-N,-16.55354900642928
HZPKNSYIDSNZKW-UHFFFAOYSA-N,-2.053606309045998
HZRSNVGNWUDEFX-UHFFFAOYSA-N,-12.035136123994842
HZUMMZVMNQSPFF-UHFFFAOYSA-N,-2.4748046981211087
IAHFWCOBPZCAEA-UHFFFAOYSA-N,-9.146130017078866
IAIHUHQCLTYTSF-UHFFFAOYSA-N,-4.133389127320708
IAKHMKGGTNLKSZ-UHFFFAOYSA-N,-20.974286932089292
IAKOZHOLGAGEJT-UHFFFAOYSA-N,-7.074142345344466
IALRSQMWHFKJJA-UHFFFAOYSA-N,3.235239975087958
IANQTJSKSUMEQM-UHFFFAOYSA-N,-2.3568451924337115
IANUJLZYFUDJIH-UHFFFAOYSA-N,-9.206146171007747
IAOZJIPTCAWIRG-UHFFFAOYSA-N,-22.141173495776385
IAQRGUVFOMOMEM-ARJAWSKDSA-N,0.7086958701432362
IAQRGUVFOMOMEM-ONEGZZNKSA-N,0.8042874981522239
IAQRGUVFOMOMEM-UHFFFAOYSA-N,1.1180433479317722
IAUKWGFWINVWKS-UHFFFAOYSA-N,-1.8266234240471582
IAVREABSGIHHMO-UHFFFAOYSA-N,-9.714237713264534
IAYPIBMASNFSPL-UHFFFAOYSA-N,-3.024268579572178
IAZDPXIOMUYVGZ-UHFFFAOYSA-N,-8.870566368370907
IBDVWXAVKPRHCU-UHFFFAOYSA-N,-8.568809219305676
IBLKWZIFZMJLFL-UHFFFAOYSA-N,-8.241028909031556
IBOFVQJTBBUKMU-UHFFFAOYSA-N,-12.960700960376403
IBSQPLPBRSHTTG-UHFFFAOYSA-N,-1.3003751284263392
IBXNCJKFFQIKKY-UHFFFAOYSA-N,-0.05493119769871423
IBYHHJPAARCAIE-UHFFFAOYSA-N,-2.037343057149556
IBZHOAONZVJLOB-UHFFFAOYSA-N,-3.763137178890763
IBZZDPVVVSNQOY-UHFFFAOYSA-N,-12.060125617742044
ICBJCVRQDSQPGI-UHFFFAOYSA-N,-1.5584855956769514
ICKISBPYFVBVQG-UHFFFAOYSA-N,-9.561783397603989
ICKWICRCANNIBI-UHFFFAOYSA-N,-4.110796071256293
ICMAFTSLXCXHRK-UHFFFAOYSA-N,-2.608615199047054
ICMWWNHDUZJFDW-UHFFFAOYSA-N,-10.008195369967044
ICNFHJVPAJKPHW-UHFFFAOYSA-N,-13.591599739416877
ICOAEPDGFWLUTI-UHFFFAOYSA-N,-2.1392248954842676
ICSNLGPSRYBMBD-UHFFFAOYSA-N,-9.714237713264534
ICTXHFFSOAJUMG-UHFFFAOYSA-N,-10.111247279055059
ICTXINQOXPMQPM-UHFFFAOYSA-N,-4.312601060341832
ICUTUKXCWQYESQ-UHFFFAOYSA-N,-12.118390935183898
ICWUMLXQKFTJMH-UHFFFAOYSA-N,-10.33120175567037
IDCBOTIENDVCBQ-UHFFFAOYSA-N,-11.164276937349959
IDCPFAYURAQKDZ-UHFFFAOYSA-N,-19.033247411832733
IDGDEUZERZKYHG-UHFFFAOYSA-N,-4.312601060341832
IDKMFABKPPHDBI-UHFFFAOYSA-N,-6.3521667242734505
IDNUEBSJWINEMI-UHFFFAOYSA-N,-2.2578532925637322
IDOWTHOLJBTAFI-UHFFFAOYSA-N,-14.507129998522078
IDPUKCWIGUEADI-UHFFFAOYSA-N,-14.972370381918193
IDQNBVFPZMCDDN-UHFFFAOYSA-N,-6.546001722910044
IECJUMYEWJOKHM-UHFFFAOYSA-N,-3.3219624544099045
IEDVJHCEMCRBQM-UHFFFAOYSA-N,-16.63020570287445
IEJIGPNLZYLLBP-UHFFFAOYSA-N,-2.2578532925637322
IELWGTFQRBDDCZ-UHFFFAOYSA-N,-4.752733801813667
IEMJMCVYAORWJV-UHFFFAOYSA-N,-4.618923300887722
IEPRKVQEAMIZSS-UHFFFAOYSA-N,-8.34558184786655
IEPRKVQEAMIZSS-WAYWQWQTSA-N,-5.967007026567293
IFDHMBHPLKHMOY-UHFFFAOYSA-N,-4.112827304801348
IFLREYGFSNHWGE-UHFFFAOYSA-N,-8.275701054824657
IFXNWIUSZUHIDG-UHFFFAOYSA-N,-4.676077105368499
IGARGHRYKHJQSM-UHFFFAOYSA-N,-1.9552186918639203
IGFHQQFPSIBGKE-UHFFFAOYSA-N,-4.006278819795942
IGGUPRCHHJZPBS-UHFFFAOYSA-N,6.842895219647934
IGODOXYLBBXFDW-UHFFFAOYSA-N,-2.4320223732672748
IGSWOIOCVJEQRH-UHFFFAOYSA-N,-3.5384481037723616
IGUYEXXAGBDLLX-UHFFFAOYSA-N,-8.402735652347326
IHIDFKLAWYPTKB-UHFFFAOYSA-N,-2.080194216010229
IHPKGUQCSIINRJ-UHFFFAOYSA-N,-0.05493119769871423
IHPXJGBVRWFEJB-UHFFFAOYSA-N,3.508370918346713
IHZAEIHJPNTART-UHFFFAOYSA-N,-0.8455142524689888
IIACRCGMVDHOTQ-UHFFFAOYSA-N,-15.336821317341538
IIEWJVIFRVWJOD-UHFFFAOYSA-N,1.711946895320272
IIKXRERKNIJJQY-UHFFFAOYSA-N,-4.126613223917431
IIPZYDQGBIWLBU-UHFFFAOYSA-N,-4.702733096911221
IISBACLAFKSPIT-UHFFFAOYSA-N,-12.191483513732452
IIYFAKIEWZDVMP-UHFFFAOYSA-N,3.6964591459581086
IIYGOARYARWJBO-UHFFFAOYSA-N,3.250047173595053
IJALWSVNUBBQRA-UHFFFAOYSA-N,-4.647481742695522
IJDNQMDRQITEOD-UHFFFAOYSA-N,2.0417882707136825
IJFPVINAQGWBRJ-UHFFFAOYSA-N,-4.061916413428973
IJGRMHOSHXDMSA-UHFFFAOYSA-N,2.418740412544806
IJJVMEJXYNJXOJ-UHFFFAOYSA-N,-16.831975004585342
IJMWOMHMDSDKGK-UHFFFAOYSA-N,-2.3022929585011638
IJUNKLAVMFKPCX-UHFFFAOYSA-N,-18.483783530381668
IJXHLVMUNBOGRR-UHFFFAOYSA-N,-1.75992574059518
IKCLCGXPQILATA-UHFFFAOYSA-N,-7.747818100472777
IKECULIHBUCAKR-UHFFFAOYSA-N,-4.022708917996745
IKEHOXWJQXIQAG-UHFFFAOYSA-N,-5.865883442463094
IKHGUXGNUITLKF-UHFFFAOYSA-N,-3.5199955379855843
IKTHMQYJOWTSJO-UHFFFAOYSA-N,-4.0542773155901735
IKVXBIIHQGXQRQ-UHFFFAOYSA-N,-11.113915594049706
IKXILDNPCZPPRV-UHFFFAOYSA-N,-8.984047428516813
IKYICRRUVNIHPP-UHFFFAOYSA-N,-10.142005870892989
ILERPRJWJPJZDN-UHFFFAOYSA-N,-7.643269007061315
ILHIHKRJJMKBEE-UHFFFAOYSA-N,-5.465037260445067
ILPSCQCLBHQUEM-UHFFFAOYSA-N,-7.680760031276311
ILQGIJDYSLHIOX-UHFFFAOYSA-N,-4.776252936661187
ILUJQPXNXACGAN-UHFFFAOYSA-N,-9.636046656932708
IMACFCSSMIZSPP-UHFFFAOYSA-N,-5.370156484049687
IMALTUQZEIFHJW-UHFFFAOYSA-N,0.802026345503041
IMDXZWRLUZPMDH-UHFFFAOYSA-N,-4.485112799961778
IMFACGCPASFAPR-UHFFFAOYSA-N,-4.203269920362599
IMHBYKMAHXWHRP-UHFFFAOYSA-N,-11.023613092448432
IMIDOCRTMDIQIJ-UHFFFAOYSA-N,-9.28621974889603
IMNFDUFMRHMDMM-UHFFFAOYSA-N,2.643429487663208
IMNIMPAHZVJRPE-UHFFFAOYSA-N,-6.387371215206863
IMPPGHMHELILKG-UHFFFAOYSA-N,-7.150687511543274
IMRWILPUOVGIMU-UHFFFAOYSA-N,-4.6719116405674646
IMRYETFJNLKUHK-UHFFFAOYSA-N,-3.8766182390366697
IMSSROKUHAOUJS-UHFFFAOYSA-N,-9.356849650181264
IMUDHTPIFIBORV-UHFFFAOYSA-N,-14.653220677482159
IMWZZHHPURKASS-UHFFFAOYSA-N,-11.050568689828419
INAMEDPXUAWNKL-UHFFFAOYSA-N,-5.747789657872474
INAXVXBDKKUCGI-UHFFFAOYSA-N,-9.166561187835981
INDOGKYZYLAGEM-UHFFFAOYSA-N,-3.2073940665484746
INFDPOAKFNIJBF-UHFFFAOYSA-N,-16.323883462328556
INISTDXBRIBGOC-UHFFFAOYSA-N,-8.627424727465728
INLIRICAUXXHSB-UHFFFAOYSA-N,-3.799491404526799
INLLPKCGLOXCIV-UHFFFAOYSA-N,-0.379155098093863
INMGJWCKWKKMPN-UHFFFAOYSA-N,-4.648180862978673
INNPZTGYZSAJFN-UHFFFAOYSA-N,-12.90354715589562
INQOMBQAUSQDDS-UHFFFAOYSA-N,-1.0139604777315094
INRBXOGZPDFCLQ-UHFFFAOYSA-N,-4.203269920362599
INYDMNPNDHRJQJ-UHFFFAOYSA-N,-7.537794221663821
INYHZQLKOKTDAI-UHFFFAOYSA-N,-0.7476829585398193
IOGXOCVLYRDXLW-UHFFFAOYSA-N,-1.8266234240471582
IOJUPLGTWVMSFF-UHFFFAOYSA-N,-6.715642769300118
IOPBNBSKOPJKEG-UHFFFAOYSA-N,-1.1046478029761444
IOQPZZOEVPZRBK-UHFFFAOYSA-N,-3.7505122689869403
IOUNQDKNJZEDEP-UHFFFAOYSA-N,-6.687746526910294
IOVARPVVZDOPGQ-UHFFFAOYSA-N,-2.564175533109623
IOVCWXUNBOPUCH-UHFFFAOYSA-N,-4.312601060341832
IPBRZLMGGXHHMS-UHFFFAOYSA-N,-2.6657690035278305
IPBVNPXQWQGGJP-UHFFFAOYSA-N,-3.6230474470735987
IPCRBOOJBPETMF-UHFFFAOYSA-N,-12.450789504519966
IPCSVZSSVZVIGE-UHFFFAOYSA-N,-5.107880777207933
IPKKHRVROFYTEK-UHFFFAOYSA-N,-6.1796549846535065
IPPYBNCEPZCLNI-UHFFFAOYSA-N,-9.36785291432352
IPSFQAKXDJVQOX-UHFFFAOYSA-N,-4.79888434215219
IPWBFGUBXWMIPR-UHFFFAOYSA-N,-1.7592525661987635
IQGKIPDJXCAMSM-UHFFFAOYSA-N,-15.174190928659645
IQPSEEYGBUAQFF-UHFFFAOYSA-N,-24.39462323852223
IQRUSQUYPCHEKN-UHFFFAOYSA-N,-0.379155098093863
IQSZNZVZXOFRJS-UHFFFAOYSA-N,-4.728254440866955
IQUPABOKLQSFBK-UHFFFAOYSA-N,-4.971396081772136
IQVNEKKDSLOHHK-UHFFFAOYSA-N,-5.641194367344692
IQXKGRKRIRMQCQ-UHFFFAOYSA-N,-4.260423724843376
IRCMYGHHKLLGHV-UHFFFAOYSA-N,-8.096413411801436
IRIAEXORFWYRCZ-UHFFFAOYSA-N,-7.537794221663821
IRLSKJITMWPWNY-UHFFFAOYSA-N,-4.312601060341832
IRLZOQDGEAEIPX-UHFFFAOYSA-N,-2.9318304178405152
IROINLKCQGIITA-UHFFFAOYSA-N,-8.454912987845782
IRSCQMHQWWYFCW-UHFFFAOYSA-N,-29.338984364985475
IRSVDHPYXFLLDS-UHFFFAOYSA-N,-3.094256611965479
IRVDMKJLOCGUBJ-UHFFFAOYSA-N,-6.133504444314983
ISAOCJYIOMOJEB-UHFFFAOYSA-N,-7.674333928134025
ISAVYTVYFVQUDY-UHFFFAOYSA-N,-5.246959730480095
ISBWNEKJSSLXOD-UHFFFAOYSA-N,-6.237397329914742
ISEUFVQQFVOBCY-UHFFFAOYSA-N,-10.321966912157457
ISPYQTSUDJAMAB-UHFFFAOYSA-N,-5.003818089574915
ISRGONDNXBCDBM-UHFFFAOYSA-N,-1.5510597753391988
ISRUGXGCCGIOQO-UHFFFAOYSA-N,-9.537632708121144
ISSLCMSTXXUOEU-UHFFFAOYSA-N,-4.046539646029148
ISTJMQSHILQAEC-UHFFFAOYSA-N,-3.9978918149567293
ISWSIDIOOBJBQZ-UHFFFAOYSA-N,-6.742298760842841
ISWXYJQANHQYSR-UHFFFAOYSA-N,-6.133504444314983
ISYWECDDZWTKFF-UHFFFAOYSA-N,-11.019114174627536
ITQTTZVARXURQS-UHFFFAOYSA-N,-4.203269920362599
ITVQAKZNYJEWKS-UHFFFAOYSA-N,-2.7179463390262875
ITXDBGLYYSJNPK-UHFFFAOYSA-N,-1.284998361026514
IUBSYMUCCVWXPE-UHFFFAOYSA-N,-12.59722491534973
IUGYQRQAERSCNH-UHFFFAOYSA-N,-5.493597947302664
IUJLOAKJZQBENM-UHFFFAOYSA-N,-5.3746446444238245
IUNMPGNGSSIWFP-UHFFFAOYSA-N,-6.04874876512751
IUQAXCIUEPFPSF-UHFFFAOYSA-N,-18.21274564708666
IUTPYMGCWINGEY-UHFFFAOYSA-N,-2.6657690035278305
IUYHQGMDSZOPDZ-UHFFFAOYSA-N,-1.4988824398407423
IVFYLRMMHVYGJH-UHFFFAOYSA-N,-9.161706505070319
IVLDCRDTRQCTIY-UHFFFAOYSA-N,-4.752733801813667
IVLICPVPXWEGCA-UHFFFAOYSA-N,-10.385147511798168
IVRDRRWQABCXLY-UHFFFAOYSA-N,-4.485112799961778
IVRIRQXJSNCSPQ-UHFFFAOYSA-N,-1.1253278202472043
IVSZLXZYQVIEFR-UHFFFAOYSA-N,-0.8121911760206133
IVUXTESCPZUGJC-UHFFFAOYSA-N,-10.810712871231136
IVVRJIDVYSPKFZ-UHFFFAOYSA-N,-3.638623935065049
IWDCLRJOBJJRNH-UHFFFAOYSA-N,-6.133504444314983
IWEDIXLBFLAXBO-UHFFFAOYSA-N,-10.759428553129009
IWTBVKIGCDZRPL-UHFFFAOYSA-N,-4.159752100987669
IWWCSDGEIDYEJV-UHFFFAOYSA-N,-4.752733801813667
IWWVOLGZHKFWKK-UHFFFAOYSA-N,-4.191155143259266
IWYRWIUNAVNFPE-UHFFFAOYSA-N,-6.524678463893396
IXAVTTRPEXFVSX-UHFFFAOYSA-N,3.4028961329492184
IXEVGHXRXDBAOB-UHFFFAOYSA-N,-6.927706934514697
IXORZMNAPKEEDV-UHFFFAOYSA-N,-18.25411798628094
IXQGCWUGDFDQMF-UHFFFAOYSA-N,-5.203328778179479
IXSZQYVWNJNRAL-UHFFFAOYSA-N,-7.489795725869589
IXUOEGRSQCCEHB-UHFFFAOYSA-N,-4.0542773155901735
IXZVOZCULZBCDY-UHFFFAOYSA-N,-1.6241818447053458
IYFMQUDCYNWFTL-UHFFFAOYSA-N,-2.19296181852193
IYGVHNHWORPMFU-UHFFFAOYSA-N,-4.728254440866955
IYKFYARMMIESOX-UHFFFAOYSA-N,-4.954503103524564
IYRWEQXVUNLMAY-UHFFFAOYSA-N,-4.112827304801348
IYXGSMUGOJNHAZ-UHFFFAOYSA-N,-5.571925785760584
IYYZUPMFVPLQIF-UHFFFAOYSA-N,-4.006278819795942
IYZWUWBAFUBNCH-UHFFFAOYSA-N,-2.1005236567902674
IZCBNTYXTMZSDP-UHFFFAOYSA-N,-26.613797305618874
IZFZCMFMJKDHJZ-UHFFFAOYSA-N,-19.05466615549326
IZMJMCDDWKSTTK-UHFFFAOYSA-N,-16.08074182142338
IZUKQUVSCNEFMJ-UHFFFAOYSA-N,-7.879927762438978
IZUPBVBPLAPZRR-UHFFFAOYSA-N,-8.34558184786655
JAHJITLFJSDRCG-UHFFFAOYSA-N,-3.174972058745694
JAJLKEVKNDUJBG-UHFFFAOYSA-N,7.1079268229192
JARKCYVAAOWBJS-UHFFFAOYSA-N,-2.6735066730888564
JAYCNKDKIKZTAF-UHFFFAOYSA-N,-2.8796530823420587
JAZJVWLGNLCNDD-UHFFFAOYSA-N,-5.999693943389039
JBDHZKLJNAIJNC-UHFFFAOYSA-N,-9.642842449947114
JBIJLHTVPXGSAM-UHFFFAOYSA-N,-7.623606226795534
JBKVHLHDHHXQEQ-UHFFFAOYSA-N,-12.009059795204664
JBMGJOKJUYGIJH-UHFFFAOYSA-N,-4.133389127320708
JBQRJHVXZMSLNH-UHFFFAOYSA-N,2.38238618690877
JBSLOWBPDRZSMB-BQYQJAHWSA-N,-4.4395564715668385
JBSLOWBPDRZSMB-FPLPWBNLSA-N,-5.82505744172363
JCCCMAAJYSNBPR-UHFFFAOYSA-N,-1.3386232584589406
JCKYGMPEJWAADB-UHFFFAOYSA-N,-11.050568689828419
JCMNMOBHVPONLD-UHFFFAOYSA-N,-1.723571514959144
JCTXKRPTIMZBJT-UHFFFAOYSA-N,-6.317891048624254
JCXJVPUVTGWSNB-UHFFFAOYSA-N,0.7948281291383107
JCYPECIVGRXBMO-FOCLMDBBSA-N,-5.94353391188945
JCYPECIVGRXBMO-UHFFFAOYSA-N,-9.079432333626887
JDNTWHVOXJZDSN-UHFFFAOYSA-N,-8.039259607320659
JDPKCYMVSKDOGS-UHFFFAOYSA-N,-1.872280969066055
JDQVBGQWADMTAM-UHFFFAOYSA-N,-4.2836595907971855
JDSHMPZPIAZGSV-UHFFFAOYSA-N,-16.831975004585342
JDTUAYPJSSXDNO-UHFFFAOYSA-N,-4.776252936661187
JDUYPUMQALQRCN-UHFFFAOYSA-N,-2.9318304178405152
JDWQITFHZOBBFE-UHFFFAOYSA-N,-9.36814078376388
JDZUWXRNKHXZFE-UHFFFAOYSA-N,-2.014711651658554
JEEQUUSFXYRPRK-UHFFFAOYSA-N,3.3654051087342216
JEVCWSUVFOYBFI-UHFFFAOYSA-N,-0.44585278154584157
JEWXYDDSLPIBBO-UHFFFAOYSA-N,-4.126613223917431
JEYJJJXOFWNEHN-UHFFFAOYSA-N,-4.702733096911221
JEYLQCXBYFQJRO-UHFFFAOYSA-N,-13.012878295874856
JFCQEDHGNNZCLN-UHFFFAOYSA-N,-14.783780974945563
JFDZBHWFFUWGJE-UHFFFAOYSA-N,-4.006278819795942
JFIMDKGRGPNPRQ-UHFFFAOYSA-N,-1.0610168506755298
JFIOVJDNOJYLKP-UHFFFAOYSA-N,-13.938728775918829
JFNLZVQOOSMTJK-UHFFFAOYSA-N,0.003913264594087806
JFSPBVWPKOEZCB-UHFFFAOYSA-N,-10.82046367258907
JGBJHRKCUKTQOE-UHFFFAOYSA-N,-7.489795725869589
JGFZNNIVVJXRND-UHFFFAOYSA-N,-2.811099629424872
JGHZJRVDZXSNKQ-UHFFFAOYSA-N,-1.9667131558643225
JGTNAGYHADQMCM-UHFFFAOYSA-N,-5.168387182338789
JHBKHLUZVFWLAG-UHFFFAOYSA-N,-2.316403281774907
JHBVPKZLIBDTJR-UHFFFAOYSA-N,-2.3568451924337115
JHIVVAPYMSGYDF-UHFFFAOYSA-N,-4.618923300887722
JHJMZCXLJXRCHK-UHFFFAOYSA-N,-4.312601060341832
JHJOOSLFWRRSGU-UHFFFAOYSA-N,-4.312601060341832
JHJUYGMZIWDHMO-UHFFFAOYSA-N,-20.159873149286618
JHOWUOKQHJHGMU-UHFFFAOYSA-N,-8.663778953101763
JHRWWRDRBPCWTF-UHFFFAOYSA-N,-9.669798047327102
JHSPCUHPSIUQRB-UHFFFAOYSA-N,-10.142005870892989
JIEGVNXCNNWVPH-UHFFFAOYSA-N,-4.360599556136064
JIEJJGMNDWIGBJ-UHFFFAOYSA-N,-1.672878855589822
JIGUQPWFLRLWPJ-UHFFFAOYSA-N,-2.625508177294625
JIRJHEXNDQBKRZ-UHFFFAOYSA-N,-6.47250112839494
JIRNEODMTPGRGV-UHFFFAOYSA-N,2.022125490447901
JIVANURAWUCQIG-UHFFFAOYSA-N,-0.060957992858648335
JIWAGFGPBKDFQN-UHFFFAOYSA-N,-7.905449106394714
JIYIHILAGIZIMD-CLFYSBASSA-N,-3.504014996857853
JIZZVMCXCCJUHI-UHFFFAOYSA-N,-3.6230474470735987
JJCKHVUTVOPLBV-UHFFFAOYSA-N,-7.429950206123512
JJEPQBZQAGCZTH-UHFFFAOYSA-N,-11.264452768642647
JJIUCEJQJXNMHV-UHFFFAOYSA-N,-8.845045024415171
JJNZXLAFIPKXIG-UHFFFAOYSA-N,-8.870566368370907
JJTUDXZGHPGLLC-UHFFFAOYSA-N,-7.873869060152524
JJUBFBTUBACDHW-UHFFFAOYSA-N,0.3668101647698073
JJVKJJNCIILLRP-UHFFFAOYSA-N,-5.442687055930289
JJWKPURADFRFRB-UHFFFAOYSA-N,0.34282052297715093
JJWLVOIRVHMVIS-UHFFFAOYSA-N,-3.8447703443182517
JJXNVYMIYBNZQX-UHFFFAOYSA-N,-7.662307465489535
JJYPMNFTHPTTDI-UHFFFAOYSA-N,-5.827182203769095
JKIJEFPNVSHHEI-UHFFFAOYSA-N,-3.0656409187664604
JLBJTVDPSNHSKJ-UHFFFAOYSA-N,-1.2771595425960893
JLCYYQOQSAMWTA-UHFFFAOYSA-N,2.9318500683598394
JLGLQAWTXXGVEM-UHFFFAOYSA-N,-16.416321624060217
JLJXMZMKMRQOLN-UHFFFAOYSA-N,-11.63210765337354
JLKIGFTWXXRPMT-UHFFFAOYSA-N,-14.669212587084132
JLLJHQLUZAKJFH-UHFFFAOYSA-N,-11.575336759578894
JLQUFIHWVLZVTJ-UHFFFAOYSA-N,-6.767661767282085
JLTDJTHDQAWBAV-UHFFFAOYSA-N,-3.697173924276224
JLVWYWVLMFVCDI-UHFFFAOYSA-N,-6.67815174508512
JLYFCTQDENRSOL-UHFFFAOYSA-N,-9.334218244690263
JLYXXMFPNIAWKQ-GNIYUCBRSA-N,-2.8030680728969175
JLYXXMFPNIAWKQ-UHFFFAOYSA-N,-5.003818089574915
JMANVNJQNLATNU-UHFFFAOYSA-N,-0.9628946551941299
JMGYHLJVDHUACM-UHFFFAOYSA-N,-4.555742701247011
JMMWKPVZQRWMSS-UHFFFAOYSA-N,-2.738989237440532
JMRDKKYZLXDPLN-UHFFFAOYSA-N,-4.203269920362599
JNCSIWAONQTVCF-UHFFFAOYSA-N,-9.88368212614133
JNMRHUJNCSQMMB-UHFFFAOYSA-N,-16.109999383514328
JNNHVXMCVRYTTN-UHFFFAOYSA-N,-17.913520070085855
JNRLEMMIVRBKJE-UHFFFAOYSA-N,-7.380464585890355
JNTOCHDNEULJHD-UHFFFAOYSA-N,-40.67628964169541
JNTOKFNBDFMTIV-UHFFFAOYSA-N,-2.037343057149556
JNVHSHPAAMRSKK-UHFFFAOYSA-N,-4.446411561267777
JODWPAQNABOHDG-UHFFFAOYSA-N,-4.79888434215219
JOMJXRTUQWIHQD-UHFFFAOYSA-N,-3.024268579572178
JOMNTHCQHJPVAZ-UHFFFAOYSA-N,-6.508220725957024
JOOMJVFZQRQWKR-UHFFFAOYSA-N,-1.786626944740056
JOUBGGHXBLOLFY-UHFFFAOYSA-N,-2.1392248954842676
JOXIMZWYDAKGHI-UHFFFAOYSA-N,-9.649695793922698
JOYRKODLDBILNP-UHFFFAOYSA-N,-7.7653593745775495
JOZKFWLRHCDGJA-UHFFFAOYSA-N,-2.6684532367359903
JPGQOUSTVILISH-UHFFFAOYSA-N,0.1196030095072039
JPIYZTWMUGTEHX-UHFFFAOYSA-N,-7.623606226795534
JPMHUDBOKDBBLG-UHFFFAOYSA-N,-2.979828913634747
JPMIIZHYYWMHDT-UHFFFAOYSA-N,-7.633531089125137
JPOPEORRMSDUIP-UHFFFAOYSA-N,-4.405039222073494
JPOXNPPZZKNXOV-UHFFFAOYSA-N,-1.723571514959144
JPUIYNHIEXIFMV-UHFFFAOYSA-N,-4.648180862978673
JQCXWCOOWVGKMT-UHFFFAOYSA-N,-4.446411561267777
JQVDAXLFBXTEQA-UHFFFAOYSA-N,-4.752733801813667
JQZAEUFPPSRDOP-UHFFFAOYSA-N,-2.625508177294625
JQZFYIGAYWLRCC-UHFFFAOYSA-N,1.7986466298085038
JRBJSXQPQWSCCF-UHFFFAOYSA-N,-12.095759529692895
JRBPAEWTRLWTQC-UHFFFAOYSA-N,-2.7659448348205187
JRGGUPZKKTVKOV-UHFFFAOYSA-N,-1.9846318011061914
JRHNUZCXXOTJCA-UHFFFAOYSA-N,-0.26272729456954436
JRLPEMVDPFPYPJ-UHFFFAOYSA-N,-1.0260752548348413
JRSRWACZUFLWKF-UHFFFAOYSA-N,-3.5906254392708195
JRZJOMJEPLMPRA-UHFFFAOYSA-N,2.022125490447901
JRZKNHITLINYHV-UHFFFAOYSA-N,-3.2381526583864058
JSFUMBWFPQSADC-UHFFFAOYSA-N,-7.074142345344466
JSLBZIVMVVHMDJ-UHFFFAOYSA-N,-4.862064941792902
JSNRRGGBADWTMC-NTCAYCPXSA-N,-0.37201754775771434
JSQYFPHYSOZLPT-UHFFFAOYSA-N,-5.936513343748327
JSRLURSZEMLAFO-UHFFFAOYSA-N,-1.5510597753391988
JSYGRUBHOCKMGQ-UHFFFAOYSA-N,-3.9978918149567293
JSZOAYXJRCEYSX-UHFFFAOYSA-N,-3.5199955379855843
JTGMTYWYUZDRBK-UHFFFAOYSA-N,-5.091730485893622
JTHMVYBOQLDDIY-UHFFFAOYSA-N,-21.090714735613613
JTJMJGYZQZDUJJ-UHFFFAOYSA-N,-5.091730485893622
JTPNRXUCIXHOKM-UHFFFAOYSA-N,-2.5912325016454276
JTSBGMZPPPULTA-UHFFFAOYSA-N,-8.712295307697849
JTUSORDQZVOEAZ-UHFFFAOYSA-N,-2.4958475965353526
JTXMVXSTHSMVQF-UHFFFAOYSA-N,-7.6032767860154955
JTXUVYOABGUBMX-UHFFFAOYSA-N,-6.668400943727185
JTZCTMAVMHRNTR-UHFFFAOYSA-N,-13.418072785402174
JUGRTVJQTFZHOM-UHFFFAOYSA-N,-8.895045729317617
JUHXTONDLXIGGK-UHFFFAOYSA-N,-7.166580507076128
JUINSXZKUKVTMD-UHFFFAOYSA-N,-3.4609648585115456
JUJWROOIHBZHMG-UHFFFAOYSA-N,-4.79888434215219
JUVIOZPCNVVQFO-UHFFFAOYSA-N,-15.722242245379036
JVQIKJMSUIMUDI-UHFFFAOYSA-N,-5.69337170284315
JVSWJIKNEAIKJW-UHFFFAOYSA-N,2.905961397549854
JVTAAEKCZFNVCJ-UHFFFAOYSA-N,-7.623606226795534
JVUSEQPOWCBYNG-UHFFFAOYSA-N,-4.752733801813667
JVYYDUWJIJMOGW-UHFFFAOYSA-N,-4.676077105368499
JWAZRIHNYRIHIV-UHFFFAOYSA-N,-7.582233887601252
JWBOIMRXGHLCPP-UHFFFAOYSA-N,-4.862064941792902
JWUCHKBSVLQQCO-UHFFFAOYSA-N,-10.143168684241681
JWUJQDFVADABEY-UHFFFAOYSA-N,-0.8455142524689888
JWXWOEUKHXOUSK-UHFFFAOYSA-N,-5.003818089574915
JXCGFZXSOMJFOA-UHFFFAOYSA-N,-11.425320238104398
JXHJNEJVUNHLKO-UHFFFAOYSA-N,-6.201463245099935
JXMYUMNAEKRMIP-UHFFFAOYSA-N,-3.8868691052498368
JXOHGGNKMLTUBP-UHFFFAOYSA-N,-16.573651259833685
JXPOLSKBTUYKJB-UHFFFAOYSA-N,2.812317886526306
JXSJBGJIGXNWCI-UHFFFAOYSA-N,-8.663778953101763
JXTHEWSKYLZVJC-UHFFFAOYSA-N,-19.05466615549326
JXTHNDFMNIQAHM-UHFFFAOYSA-N,-8.984047428516813
JXTPJDDICSTXJX-UHFFFAOYSA-N,7.039886320214592
JXVIIQLNUPXOII-UHFFFAOYSA-N,-11.875249294278719
JYDYHSHPBDZRPU-UHFFFAOYSA-N,-4.776252936661187
JYFHYPJRHGVZDY-UHFFFAOYSA-N,-9.389271657984047
JYGLAHSAISAEAL-UHFFFAOYSA-N,-13.83898760195861
JYGXADMDTFJGBT-UHFFFAOYSA-N,-7.825375528506431
JYQUHIFYBATCCY-UHFFFAOYSA-N,-3.6642606723283784
JYVLIDXNZAXMDK-UHFFFAOYSA-N,-4.521467025597813
JYYNAJVZFGKDEQ-UHFFFAOYSA-N,-4.728254440866955
JZALLXAUNPOCEU-UHFFFAOYSA-N,1.3198126496426683
JZBKRUIGSVOOIC-UHFFFAOYSA-N,3.0700861323305864
JZDVJXBKJDADAY-UHFFFAOYSA-N,-3.8447703443182517
JZFZCLFEPXCRCA-UHFFFAOYSA-N,-0.8615061620709654
JZHGRUMIRATHIU-UHFFFAOYSA-N,-1.2927360305875397
JZJILZTVTMMGAR-UHFFFAOYSA-N,-4.191155143259266
JZOIZKBKSZMVRV-UHFFFAOYSA-N,-7.380464585890355
JZVOLXQREJNTTL-UHFFFAOYSA-N,-4.776252936661187
JZZBTMVTLBHJHL-UHFFFAOYSA-N,-9.689248219517332
KAATUXNTWXVJKI-UHFFFAOYSA-N,-4.776252936661187
KAESVJOAVNADME-UHFFFAOYSA-N,-4.405039222073494
KAKZBPTYRLMSJV-UHFFFAOYSA-N,0.6038638237315885
KAQBNBSMMVTKRN-UHFFFAOYSA-N,-16.58668788349952
KAUWEMQJFDRELR-UHFFFAOYSA-N,-5.14390782139208
KAVGMUDTWQVPDF-UHFFFAOYSA-N,6.058338960037595
KBCNUEXDHWDIFX-UHFFFAOYSA-N,-4.312601060341832
KBEBGUQPQBELIU-CMDGGOBGSA-N,-4.725284212183372
KBEBGUQPQBELIU-UHFFFAOYSA-N,-4.64539017230863
KBOPZPXVLCULAV-UHFFFAOYSA-N,-13.44089626024336
KBPCCVWUMVGXGF-UHFFFAOYSA-N,3.4028961329492184
KBPLFHHGFOOTCA-UHFFFAOYSA-N,-3.8111356746849943
KBSPJIWZDWBDGM-UHFFFAOYSA-N,-5.41947147010004
KCOCSOWTADCKOL-UHFFFAOYSA-N,-16.000668243535095
KCVGVSIBBGIJNZ-UHFFFAOYSA-N,-4.405039222073494
KCXMKQUNVWSEMD-UHFFFAOYSA-N,-2.3823665363894464
KCXVZYZYPLLWCC-UHFFFAOYSA-N,-15.127114437589842
KCXZNSGUUQJJTR-UHFFFAOYSA-N,-4.166165649512065
KDDUERRSHIDEPP-MSUUIHNZSA-N,-5.407157901364863
KDHCALLFPWZTPN-UHFFFAOYSA-N,2.0030870320196823
KDIAMAVWIJYWHN-UHFFFAOYSA-N,2.1049688703543934
KDKYADYSIPSCCQ-UHFFFAOYSA-N,-0.21828762863211312
KDLRVYVGXIQJDK-UHFFFAOYSA-N,-27.571817904049983
KDPAWGWELVVRCH-UHFFFAOYSA-N,-9.130138107476888
KDRZICOOQNIJDN-UHFFFAOYSA-N,3.6657005541201775
KDSNLYIMUZNERS-UHFFFAOYSA-N,-4.555742701247011
KDUIUFJBNGTBMD-UHFFFAOYSA-N,-2.7526184848193904
KDVYCTOWXSLNNI-UHFFFAOYSA-N,-6.881301164944482
KDWQYMVPYJGPHS-UHFFFAOYSA-N,-9.033470028824585
KDXKERNSBIXSRK-UHFFFAOYSA-N,-14.015084404301401
KDYFGRWQOYBRFD-UHFFFAOYSA-N,-15.018168284157278
KEMCLRGAIUJRAN-UHFFFAOYSA-N,-4.360599556136064
KEMQGTRYUADPNZ-UHFFFAOYSA-N,-8.597723617797241
KENZYIHFBRWMOD-UHFFFAOYSA-N,-2.6961380785798585
KEQGZUUPPQEDPF-UHFFFAOYSA-N,-6.109025083368273
KETQAJRQOHHATG-UHFFFAOYSA-N,-9.399700809041937
KEVMYFLMMDUPJE-UHFFFAOYSA-N,3.5318900531942328
KEVYVLWNCKMXJX-UHFFFAOYSA-N,-6.836983708725967
KEWNKZNZRIAIAK-UHFFFAOYSA-N,-5.641194367344692
KEXGXAGJHHCTKD-UHFFFAOYSA-N,-4.405039222073494
KFARNLMRENFOHE-UHFFFAOYSA-N,-3.8111356746849943
KFDVPJUYSDEJTH-UHFFFAOYSA-N,-5.41947147010004
KFETUQFRWIVAMU-UHFFFAOYSA-N,-5.824090887621985
KFFUZIROJGXTQH-UHFFFAOYSA-N,-5.091730485893622
KFNNIILCVOLYIR-UHFFFAOYSA-N,-2.5548782760093913
KFPBGJYBKSQIAI-UHFFFAOYSA-N,-5.968935351551108
KFQRHGKKSHJMCO-UHFFFAOYSA-N,-4.312601060341832
KFRVYYGHSPLXSZ-UHFFFAOYSA-N,-1.135406394814075
KFSLWBXXFJQRDL-UHFFFAOYSA-N,-5.999693943389039
KFUSEUYYWQURPO-OWOJBTEDSA-N,-1.2532941613964006
KFUSEUYYWQURPO-UHFFFAOYSA-N,-1.1646639569050259
KFUSEUYYWQURPO-UPHRSURJSA-N,-1.2509754059073686
KFZMGEQAYNKOFK-UHFFFAOYSA-N,-4.900766180486901
KGEKLUUHTZCSIP-HOSYDEDBSA-N,-2.635162576413488
KGEKLUUHTZCSIP-UHFFFAOYSA-N,-2.0715346050584067
KGHMWBNEMFNJFZ-UHFFFAOYSA-N,-8.663778953101763
KGHYGBGIWLNFAV-UHFFFAOYSA-N,-8.275701054824657
KGIGUEBEKRSTEW-UHFFFAOYSA-N,-5.352773786648061
KGKGSIUWJCAFPX-UHFFFAOYSA-N,-11.030466436424014
KGNQDBQYEBMPFZ-UHFFFAOYSA-N,-1.7889421790593438
KGRVJHAUYBGFFP-UHFFFAOYSA-N,-13.16635157706658
KGVPNLBXJKTABS-UHFFFAOYSA-N,-9.8356836303471
KHCZSJXTDDHLGJ-UHFFFAOYSA-N,-6.6381595240393025
KHNYNFUTFKJLDD-UHFFFAOYSA-N,-7.074142345344466
KHOITXIGCFIULA-UHFFFAOYSA-N,-13.221744261130837
KHZRTXVUEZJYNE-UHFFFAOYSA-N,-15.00026662430802
KICUISADAVMYCJ-UHFFFAOYSA-N,-2.057212460982309
KIDJHPQACZGFTI-UHFFFAOYSA-N,2.3396786398064027
KIEDNEWSYUYDSN-UHFFFAOYSA-N,-8.029181032753787
KIPMDPDAFINLIV-UHFFFAOYSA-N,-7.780935862569001
KISVAASFGZJBCY-UHFFFAOYSA-N,-1.5589310756668198
KIZJVNGSIWXYTL-UHFFFAOYSA-N,-15.249435060373132
KJBDZJFSYQUNJT-UHFFFAOYSA-N,-1.9911925168110338
KJCVRFUGPWSIIH-UHFFFAOYSA-N,-7.810925164922576
KJDRSWPQXHESDQ-UHFFFAOYSA-N,-2.4068458973361575
KJFMBFZCATUALV-UHFFFAOYSA-N,-18.606590767165354
KJHKTHWMRKYKJE-UHFFFAOYSA-N,-35.62391386550906
KJIOQYGWTQBHNH-UHFFFAOYSA-N,-3.55634976362162
KJPRLNWUNMBNBZ-QPJJXVBHSA-N,-5.523727978766006
KJPRLNWUNMBNBZ-UHFFFAOYSA-N,-5.370156484049687
KJRCEJOSASVSRA-UHFFFAOYSA-N,-1.0610168506755298
KKBGNYHHEIAGOH-UHFFFAOYSA-N,-14.602514903632153
KKEYFWRCBNTPAC-UHFFFAOYSA-N,-14.972370381918193
KKQWHYGECTYFIA-UHFFFAOYSA-N,-2.4958475965353526
KLAPGAOQRZTCBI-UHFFFAOYSA-N,-4.260423724843376
KLCDQSGLLRINHY-UHFFFAOYSA-N,-10.666990391397347
KLGMSAOQDHLCOS-UHFFFAOYSA-N,-10.321966912157457
KLIDCXVFHGNTTM-UHFFFAOYSA-N,-6.914810500462785
KLIHWYNSISMOMR-UHFFFAOYSA-N,-4.79888434215219
KLIHYVJAYWCEDM-UHFFFAOYSA-N,-7.409722147981308
KLKFAASOGCDTDT-UHFFFAOYSA-N,-3.351555147132223
KLOHTAIHCCMZIL-UHFFFAOYSA-N,11.111568346433305
KLSJWNVTNUYHDU-UHFFFAOYSA-N,-15.306588864853907
KLSLBUSXWBJMEC-UHFFFAOYSA-N,-5.077944566777541
KMAQZIILEGKYQZ-UHFFFAOYSA-N,-4.555742701247011
KMGBZBJJOKUPIA-UHFFFAOYSA-N,-0.21828762863211312
KMJWPTLIPUJEGI-UHFFFAOYSA-N,-3.4017846841780273
KMKWGXGSGPYISJ-UHFFFAOYSA-N,-16.202437545245992
KMOUUZVZFBCRAM-UHFFFAOYSA-N,-7.81890623450006
KMPQYAYAQWNLME-UHFFFAOYSA-N,-0.060957992858648335
KMTDMTZBNYGUNX-UHFFFAOYSA-N,-6.056847747869817
KMTRUDSVKNLOMY-UHFFFAOYSA-N,-2.7526184848193904
KMWHQWJVSALJAW-UHFFFAOYSA-N,-4.260423724843376
KMZHZAAOEWVPSE-UHFFFAOYSA-N,-10.800800892323291
KNACVESXMPHLNM-UHFFFAOYSA-N,-4.900766180486901
KNAHARQHSZJURB-UHFFFAOYSA-N,-10.199159675373767
KNFRYRRZMRETJX-UHFFFAOYSA-N,-4.79888434215219
KNKRKFALVUDBJE-UHFFFAOYSA-N,-1.3371756965249708
KNTFAYXQHRNXSM-UHFFFAOYSA-N,-3.8661890879787775
KNUQGVIXAYDSOX-UHFFFAOYSA-N,-7.437618390371133
KNWQLFOXPQZGPX-UHFFFAOYSA-N,-3.695509310514021
KODLUXHSIZOKTG-UHFFFAOYSA-N,-7.911992645525117
KOKPBCHLPVDQTK-UHFFFAOYSA-N,-5.74137019863738
KOSAMXZBGUIISK-UHFFFAOYSA-N,-4.919218746273678
KOTNFWJIMRGVBR-UHFFFAOYSA-N,-4.116254957923948
KOWVWXQNQNCRRS-UHFFFAOYSA-N,-7.6986616911255705
KPGXRSRHYNQIFN-UHFFFAOYSA-N,-14.393648938376174
KPMKEVXVVHNIEY-UHFFFAOYSA-N,-4.260423724843376
KPSSIOMAKSHJJG-UHFFFAOYSA-N,-3.7376158349350277
KQBFUDNJKCZEDQ-UHFFFAOYSA-N,-2.3022929585011638
KQCMTOWTPBNWDB-UHFFFAOYSA-N,-5.827182203769095
KQDJTBPASNJQFQ-UHFFFAOYSA-N,-6.33527374602588
KQIGMPWTAHJUMN-UHFFFAOYSA-N,-11.567712405854495
KQKPFRSPSRPDEB-UHFFFAOYSA-N,-16.260702862687843
KQNPFQTWMSNSAP-UHFFFAOYSA-N,-6.109025083368273
KQSABULTKYLFEV-UHFFFAOYSA-N,-11.891679392479523
KQTVWCSONPJJPE-UHFFFAOYSA-N,-4.084266617943749
KQWGXHWJMSMDJJ-UHFFFAOYSA-N,-1.643497937070861
KRADHMIOFJQKEZ-UHFFFAOYSA-N,-6.617116625625059
KRHYYFGTRYWZRS-UHFFFAOYSA-N,-7.662307465489535
KRIMXCDMVRMCTC-UHFFFAOYSA-N,-4.485112799961778
KRIOVPPHQSLHCZ-UHFFFAOYSA-N,-3.2073940665484746
KRKNYBCHXYNGOX-UHFFFAOYSA-N,-27.487651060638253
KRTSDMXIXPKRQR-AATRIKPKSA-N,-13.927868882911131
KRTSDMXIXPKRQR-UHFFFAOYSA-N,-14.669212587084132
KRZCOLNOCZKSDF-UHFFFAOYSA-N,-5.034576681412846
KSEFBQCEGMTNPD-UHFFFAOYSA-N,-5.73000835983845
KSFCDINBDBFFSI-UHFFFAOYSA-N,-5.1802620470281155
KSMVNVHUTQZITP-UHFFFAOYSA-N,-4.446411561267777
KSMVZQYAVGTKIV-UHFFFAOYSA-N,-1.4988824398407423
KTJJIBIRZGQFQZ-UHFFFAOYSA-N,-5.479487624028922
KTTXLLZIBIDUCR-UHFFFAOYSA-N,-1.7942014162443776
KTXUOWUHFLBZPW-UHFFFAOYSA-N,-2.8796530823420587
KTZVZZJJVJQZHV-UHFFFAOYSA-N,-1.5510597753391988
KUAZQDVKQLNFPE-UHFFFAOYSA-N,-7.464274381913855
KUCOHFSKRZZVRO-UHFFFAOYSA-N,-5.12502158861782
KUFFULVDNCHOFZ-UHFFFAOYSA-N,-5.865883442463094
KUMXLFIBWFCMOJ-UHFFFAOYSA-N,2.905961397549854
KVBKAPANDHPRDG-UHFFFAOYSA-N,4.330522370710414
KVFIJIWMDBAGDP-UHFFFAOYSA-N,-5.584040562863915
KVGLBTYUCJYMND-UHFFFAOYSA-N,-4.954503103524564
KVIZNNVXXNFLMU-UHFFFAOYSA-N,-4.776252936661187
KVMPUXDNESXNOH-UHFFFAOYSA-N,-7.810925164922576
KVNRLNFWIYMESJ-UHFFFAOYSA-N,-3.96311911394065
KVNYFPKFSJIPBJ-UHFFFAOYSA-N,-1.4046243645094316
KVSKGMLNBAPGKH-UHFFFAOYSA-N,-13.012878295874856
KVWDHTXUZHCGIO-UHFFFAOYSA-N,-17.346154528785526
KVXVLCBFSKMBAR-UHFFFAOYSA-N,-24.334607084593348
KVZJLSYJROEPSQ-OCAPTIKFSA-N,1.1347253561483441
KVZJLSYJROEPSQ-UHFFFAOYSA-N,1.711946895320272
KVZJLSYJROEPSQ-YUMQZZPRSA-N,1.2359709985874403
KWGRBVOPPLSCSI-UHFFFAOYSA-N,-11.724545815105202
KWGUFOITWDSNQY-UHFFFAOYSA-N,-4.446411561267777
KWISWUFGPUHDRY-UHFFFAOYSA-N,-0.21828762863211312
KWIXNFOTNVKIGM-UHFFFAOYSA-N,-9.234042413397574
KWKAKUADMBZCLK-UHFFFAOYSA-N,2.127600275845396
KWKXNDCHNDYVRT-UHFFFAOYSA-N,0.934917860955475
KWLVWJPJKJMCSH-UHFFFAOYSA-N,-10.321966912157457
KWMDHCLJYMVBNS-UHFFFAOYSA-N,-11.076364541031252
KWOLFJPFCHCOCG-UHFFFAOYSA-N,-4.79888434215219
KWSHGRJUSUJPQD-UHFFFAOYSA-N,-2.2746588022747023
KWVPRPSXBZNOHS-UHFFFAOYSA-N,-5.527486119823152
KXAVVWXJUDQGDA-UHFFFAOYSA-N,-5.641194367344692
KXDAEFPNCMNJSK-UHFFFAOYSA-N,-10.748623556824835
KXGYBSNVFXBPNO-UHFFFAOYSA-N,-8.333467070763216
KXIPYLZZJZMMPD-UHFFFAOYSA-N,-3.7505122689869403
KXKVLQRXCPHEJC-UHFFFAOYSA-N,-3.2381526583864058
KXOJXWNARBQHNX-UHFFFAOYSA-N,-2.369741626485624
KXRPCFINVWWFHQ-UHFFFAOYSA-N,-5.968935351551108
KXUHSQYYJYAXGZ-UHFFFAOYSA-N,0.1115537467612967
KYCZJIBOPKRSOV-UHFFFAOYSA-N,3.2808057654329845
KYEZYLFPHRVFBF-UHFFFAOYSA-N,-3.1077216153854854
KYPYTERUKNKOLP-UHFFFAOYSA-N,-13.785154377451065
KYWIYKKSMDLRDC-UHFFFAOYSA-N,-2.2422768045722816
KYWJZCSJMOILIZ-UHFFFAOYSA-N,-4.588164709049792
KZAUOCCYDRDERY-UHFFFAOYSA-N,-11.107123132869182
KZAUOCCYDRDERY-UITAMQMPSA-N,-7.798109490209522
KZBOXYKTSUUBTO-UHFFFAOYSA-N,-6.47250112839494
KZBUYRJDOAKODT-UHFFFAOYSA-N,-0.5604211694072708
KZCOBXFFBQJQHH-UHFFFAOYSA-N,-0.11811179733942538
KZLMCDNAVVJKPX-UHFFFAOYSA-N,-1.9145358203658658
KZNDFYDURHAESM-UHFFFAOYSA-N,-6.486812369073959
KZNICNPSHKQLFF-UHFFFAOYSA-N,-10.701882034458293
KZNJSFHJUQDYHE-UHFFFAOYSA-N,-3.1103283930973147
KZUBXUKRWLMPIO-UHFFFAOYSA-N,-4.312601060341832
KZVBBTZJMSWGTK-UHFFFAOYSA-N,-5.500530522443164
LAAVYEUJEMRIGF-UHFFFAOYSA-N,2.083160609907965
LACXVZHAJMVESG-UHFFFAOYSA-N,-2.4748046981211087
LADSWAAWPMGHBE-UHFFFAOYSA-N,-3.9978918149567293
LAHWLEDBADHJGA-UHFFFAOYSA-N,-2.681145770927655
LAIUFBWHERIJIH-UHFFFAOYSA-N,2.949751728209098
LAMUXTNQCICZQX-UHFFFAOYSA-N,-6.284722661801398
LAPPDPWPIZBBJY-UHFFFAOYSA-N,-4.260423724843376
LASHFHLFDRTERB-UHFFFAOYSA-N,-4.203269920362599
LATYTXGNKNKTDS-UHFFFAOYSA-N,-9.701873129421154
LAVARTIQQDZFNT-UHFFFAOYSA-N,-7.057721073354586
LAXBNTIAOJWAOP-UHFFFAOYSA-N,-2.6499875382413367
LBICMZLDYMBIGA-UHFFFAOYSA-N,-2.1382612355610053
LBJWJHMCZHKLQU-UHFFFAOYSA-N,-4.360599556136064
LBKDGROORAKTLC-UHFFFAOYSA-N,-2.33018920089099
LBKPGNUOUPTQKA-UHFFFAOYSA-N,-8.241028909031556
LBLUJHQRJVUQJR-UHFFFAOYSA-N,-4.676077105368499
LBNXAWYDQUGHGX-UHFFFAOYSA-N,-2.4529964376746802
LBVDHZOJOFOXJM-UHFFFAOYSA-N,9.188783124125443
LCCNCVORNKJIRZ-UHFFFAOYSA-N,-7.6032767860154955
LCFKURIJYIJNRU-UHFFFAOYSA-N,-4.521467025597813
LCFVJGUPQDGYKZ-UHFFFAOYSA-N,-12.140199195630327
LCGLNKUTAGEVQW-UHFFFAOYSA-N,-0.9070719524159923
LCTONWCANYUPML-UHFFFAOYSA-N,-9.561783397603989
LCVOCDOSGJHZFH-UHFFFAOYSA-N,-3.2953064628671824
LCXMEXLGMKFLQO-UHFFFAOYSA-N,-3.1406963830964965
LCZUOKDVTBMCMX-UHFFFAOYSA-N,-5.936513343748327
LCZVSXRMYJUNFX-UHFFFAOYSA-N,-17.83041534300991
LDCRTTXIJACKKU-ARJAWSKDSA-N,-6.690160376484183
LDCRTTXIJACKKU-ONEGZZNKSA-N,-6.621077541977984
LDCRTTXIJACKKU-UHFFFAOYSA-N,-6.6381595240393025
LDHQCZJRKDOVOX-IHWYPQMZSA-N,-7.675301856231968
LDHQCZJRKDOVOX-NSCUHMNNSA-N,-7.055587948144698
LDHQCZJRKDOVOX-UHFFFAOYSA-N,-6.964811205365232
LDPJEMNNPDFBCQ-UHFFFAOYSA-N,-2.343665297695446
LDTLDBDUBGAEDT-UHFFFAOYSA-N,-4.76077535280611
LDVVMCZRFWMZSG-UHFFFAOYSA-N,-9.096815031028514
LDZLXQFDGRCELX-UHFFFAOYSA-N,-5.902237668099129
LECYCYNAEJDSIL-UHFFFAOYSA-N,-0.921522315999847
LEJBBGNFPAFPKQ-UHFFFAOYSA-N,-10.299335506666454
LEKOWSSKXYFERR-UHFFFAOYSA-N,-3.3914988380262576
LELOWRISYMNNSU-UHFFFAOYSA-N,-3.697173924276224
LEQAOMBKQFMDFZ-UHFFFAOYSA-N,-9.726352490367866
LESVOLZBIFDZGS-UHFFFAOYSA-N,-18.628399027611785
LFEGLDRNIDJMKB-UHFFFAOYSA-N,9.402667202939671
LFEHSRSSAGQWNI-UHFFFAOYSA-N,-3.3719631593123496
LFHISGNCFUNFFM-UHFFFAOYSA-N,-1.5510597753391988
LFHQKYSBKVWWOS-UHFFFAOYSA-N,-4.446411561267777
LFJQCDVYDGGFCH-UHFFFAOYSA-N,0.4178759873071869
LFMWZTSOMGDDJU-UHFFFAOYSA-N,-1.244415528067198
LFQSCWFLJHTTHZ-UHFFFAOYSA-N,-5.118386477436344
LFSAPCRASZRSKS-UHFFFAOYSA-N,-0.060957992858648335
LFULEKSKNZEWOE-UHFFFAOYSA-N,-9.92812179207876
LFVLUOAHQIVABZ-UHFFFAOYSA-N,-5.2145377226773135
LGDSHSYDSCRFAB-UHFFFAOYSA-N,-3.68306360100248
LGIRBUBHIWTVCK-UHFFFAOYSA-N,0.2354522687793984
LGNMURXRPLMVJI-UHFFFAOYSA-N,-5.936513343748327
LGRFSURHDFAFJT-UHFFFAOYSA-N,-9.176888608916796
LGUZHRODIJCVOC-UHFFFAOYSA-N,4.521486676117137
LGXVIGDEPROXKC-UHFFFAOYSA-N,-0.01095728795620212
LGYNIFWIKSEESD-UHFFFAOYSA-N,-2.080194216010229
LHGVFZTZFXWLCP-UHFFFAOYSA-N,-5.968935351551108
LHHGDZSESBACKH-UHFFFAOYSA-N,-7.866747867700713
LHIJANUOQQMGNT-UHFFFAOYSA-N,-15.722242245379036
LHJGJYXLEPZJPM-UHFFFAOYSA-N,-5.827182203769095
LHJPKLWGGMAUAN-UHFFFAOYSA-N,-5.641194367344692
LHRCREOYAASXPZ-UHFFFAOYSA-N,-7.866747867700713
LHTCKMYRNOGUOA-UHFFFAOYSA-N,-3.7376158349350277
LHXDLQBQYFFVNW-UHFFFAOYSA-N,-3.6824932730361404
LIKMAJRDDDTEIG-UHFFFAOYSA-N,1.636213464755429
LINPIYWFGCPVIE-UHFFFAOYSA-N,-5.156272405235459
LIQJBAPSLUZUTB-UHFFFAOYSA-N,-4.555742701247011
LIYSVIAQQQEQBT-UHFFFAOYSA-N,-7.732937366774767
LJAIDEYQVIJERM-UHFFFAOYSA-N,-10.538330186652518
LJDSTRZHPWMDPG-UHFFFAOYSA-N,-8.312582283075633
LJIIBBYARMPSMT-UHFFFAOYSA-N,3.0482778718841588
LJOZMWRYMKECFF-UHFFFAOYSA-N,-12.731035416275676
LJQOBQLZTUSEJA-UHFFFAOYSA-N,-2.014711651658554
LJSQFQKUNVCTIA-UHFFFAOYSA-N,-1.3512860197987144
LJWIIRATRWPHBA-UHFFFAOYSA-N,-6.858594399357691
LKAJKIOFIWVMDJ-UHFFFAOYSA-N,-8.81838903287245
LKAPNEGVXBMYKE-UHFFFAOYSA-N,-4.752733801813667
LKHLFUVHHXCNJH-UHFFFAOYSA-N,-2.2422768045722816
LKJPSUCKSLORMF-UHFFFAOYSA-N,-7.964870063182113
LKKOGZVQGQUVHF-UHFFFAOYSA-N,-4.987826179972938
LKPLKUMXSAEKID-UHFFFAOYSA-N,-5.343889756441966
LLCSWKVOHICRDD-UHFFFAOYSA-N,-1.0139604777315094
LLEMOWNGBBNAJR-UHFFFAOYSA-N,-6.083503739412539
LLHKCFNBLRBOGN-UHFFFAOYSA-N,-4.752733801813667
LLLFASISUZUJEQ-UHFFFAOYSA-N,-7.1940485909699685
LLMLGZUZTFMXSA-UHFFFAOYSA-N,-3.1043421574604606
LLMLSUSAKZVFOA-UHFFFAOYSA-N,-6.524678463893396
LLPMAOBOEQFPRE-UHFFFAOYSA-N,-7.6986616911255705
LLQPHQFNMLZJMP-UHFFFAOYSA-N,-14.24383685935139
LLUQZGDMUIMPTC-UHFFFAOYSA-N,-3.8766182390366697
LLWADFLAOKUBDR-UHFFFAOYSA-N,-9.569622216034416
LLYXJBROWQDVMI-UHFFFAOYSA-N,-3.8969476798167078
LLZWPQFQEBKRLX-UHFFFAOYSA-N,-2.3022929585011638
LMCLPMXCYFSRNG-UHFFFAOYSA-N,-11.265525918421117
LMHCYRULPLGEEZ-UHFFFAOYSA-N,0.20666300899324164
LMIMSGCBKHFTDY-UHFFFAOYSA-N,-3.935648918510708
LMJLCLBSUNZLNW-UHFFFAOYSA-N,-4.555742701247011
LMKQNTMFZLAJDV-UHFFFAOYSA-N,-9.356849650181264
LMNZTLDVJIUSHT-UHFFFAOYSA-N,-8.984047428516813
LMQJBFRGXHMNOX-UHFFFAOYSA-N,-2.463999701816935
LMUUXHHNCDERBQ-UHFFFAOYSA-N,1.984634466232905
LMWNGLDCJDIIBR-CMDGGOBGSA-N,-3.4248443052313595
LMYRWZFENFIFIT-UHFFFAOYSA-N,-6.572676959687628
LNEPOXFFQSENCJ-UHFFFAOYSA-N,-16.68735950735522
LNETULKMXZVUST-UHFFFAOYSA-N,-9.433900127204028
LNGAGQAGYITKCW-UHFFFAOYSA-N,-7.5142750868162995
LNIMMWYNSBZESE-UHFFFAOYSA-N,-6.492974940799034
LNJNFVJKDJYTEU-UHFFFAOYSA-N,-9.453541385811484
LNNWVNGFPYWNQE-UHFFFAOYSA-N,-13.562342177325926
LNNXFUZKZLXPOF-UHFFFAOYSA-N,-1.75992574059518
LNPDTQAFDNKSHK-UHFFFAOYSA-N,-12.545047579851273
LNRIEBFNWGMXKP-UHFFFAOYSA-N,-7.905449106394714
LNTHITQWFMADLM-UHFFFAOYSA-N,-24.172524496031297
LNWDBNKKBLRAMH-UHFFFAOYSA-N,-5.641194367344692
LNWWQYYLZVZXKS-UHFFFAOYSA-N,-9.969494131273045
LOCHFZBWPCLPAN-UHFFFAOYSA-N,-0.794808478618987
LOCWBQIWHWIRGN-UHFFFAOYSA-N,-8.918564864165138
LOMVENUNSWAXEN-UHFFFAOYSA-N,-5.902237668099129
LORSVOJSXMHDHF-UHFFFAOYSA-N,-6.33527374602588
LOTKRQAVGJMPNV-UHFFFAOYSA-N,-7.5142750868162995
LOZWAPSEEHRYPG-UHFFFAOYSA-N,-3.8766182390366697
LPEKGGXMPWTOCB-UHFFFAOYSA-N,-8.984047428516813
LPIQUOYDBNQMRZ-UHFFFAOYSA-N,0.27612283952517236
LPNBBFKOUUSUDB-UHFFFAOYSA-N,-7.380464585890355
LQAVWYMTUMSFBE-UHFFFAOYSA-N,-5.396986444525875
LQDARGUHUSPFNL-UHFFFAOYSA-N,-9.399700809041937
LQEGJNOKOZHBBZ-UHFFFAOYSA-N,-3.347483798365639
LQERIDTXQFOHKA-UHFFFAOYSA-N,4.764628317022316
LQKRYVGRPXFFAV-UHFFFAOYSA-N,-5.969123896466229
LQNUZADURLCDLV-UHFFFAOYSA-N,-4.485112799961778
LQQYOLMGDBGEBC-UHFFFAOYSA-N,-4.702733096911221
LQZZUXJYWNFBMV-UHFFFAOYSA-N,-4.260423724843376
LRDFRRGEGBBSRN-UHFFFAOYSA-N,-3.3219624544099045
LRHPLDYGYMQRHN-UHFFFAOYSA-N,-4.862064941792902
LRMHVVPPGGOAJQ-UHFFFAOYSA-N,-2.394731120232826
LRTFPLFDLJYEKT-UHFFFAOYSA-N,-5.242751443551815
LRUUNMYPIBZBQH-UHFFFAOYSA-N,-7.021965009846008
LRWHHSXTGZSMSN-UHFFFAOYSA-N,-7.810925164922576
LSACYLWPPQLVSM-UHFFFAOYSA-N,-6.905937153595812
LSDPWZHWYPCBBB-UHFFFAOYSA-N,-1.4109700435220343
LSHROXHEILXKHM-UHFFFAOYSA-N,-13.538950669035223
LSKONYYRONEBKA-UHFFFAOYSA-N,-1.0379501195241656
LSWOCDLIYSKTRX-UHFFFAOYSA-N,-11.164276937349959
LSWYGACWGAICNM-UHFFFAOYSA-N,-5.363086934421361
LSXKDWGTSHCFPP-UHFFFAOYSA-N,0.27612283952517236
LSXWFXONGKSEMY-UHFFFAOYSA-N,-0.47661137338377224
LTEQMZWBSYACLV-UHFFFAOYSA-N,-0.11811179733942538
LTFTWJYRQNTCHI-UHFFFAOYSA-N,-4.7998392484272685
LTHNHFOGQMKPOV-UHFFFAOYSA-N,-4.146715477321834
LTMHDMANZUZIPE-UHFFFAOYSA-N,-34.18808980971396
LTYMSROWYAPPGB-UHFFFAOYSA-N,-3.4693646786353565
LTYRAPJYLUPLCI-UHFFFAOYSA-N,-4.919218746273678
LUBCGHUOCJOIJA-UHFFFAOYSA-N,-1.3227253329411164
LUFPJJNWMYZRQE-UHFFFAOYSA-N,-5.14390782139208
LUKBXSAWLPMMSZ-UHFFFAOYSA-N,-19.709944093112295
LULAYUGMBFYYEX-UHFFFAOYSA-N,-8.06851716941161
LVAGMBHLXLZJKZ-UHFFFAOYSA-N,-4.312601060341832
LVBXEMGDVWVTGY-UHFFFAOYSA-N,-2.8224992778612816
LVDKZNITIUWNER-UHFFFAOYSA-N,-12.872788564057691
LVGUZGTVOIAKKC-UHFFFAOYSA-N,0.4178759873071869
LVHBHZANLOWSRM-UHFFFAOYSA-N,-12.377573078001285
LVKTWOXHRYGDMM-UHFFFAOYSA-N,-11.93842989391943
LVMTVPFRTKXRPH-UHFFFAOYSA-N,0.7948281291383107
LVNDUJYMLJDECN-UHFFFAOYSA-N,-10.442301316278945
LVQDKIWDGQRHTE-UHFFFAOYSA-N,-16.124109706788076
LVROLHVSYNLFBE-UHFFFAOYSA-N,-2.6961380785798585
LVTYICIALWPMFW-UHFFFAOYSA-N,-11.788982747340672
LVWOBZPDFCTAOU-UHFFFAOYSA-N,-9.024039649562633
LVYBAQIVPKCOEE-UHFFFAOYSA-N,-4.521467025597813
LVZPKYYPPLUECL-UHFFFAOYSA-N,-2.979828913634747
LVZWSLJZHVFIQJ-UHFFFAOYSA-N,0.7023899674066484
LWBHHRRTOZQPDM-UHFFFAOYSA-N,-13.472794122238742
LWLJUMBEZJHXHV-UHFFFAOYSA-N,-3.0746905921786682
LWLRMRFJCCMNML-UHFFFAOYSA-N,-1.26921689574002
LXBGSDVWAMZHDD-UHFFFAOYSA-N,-5.236345983123741
LXCFILQKKLGQFO-UHFFFAOYSA-N,-9.783506294848642
LXEJRKJRKIFVNY-UHFFFAOYSA-N,-3.8851163969199094
LXIZRZRTWSDLKK-UHFFFAOYSA-N,-12.18157153482461
LXJZYHPGRKBVGF-UHFFFAOYSA-N,-5.69337170284315
LXMSZDCAJNLERA-UHFFFAOYSA-N,-11.579930317875084
LXQOQPGNCGEELI-UHFFFAOYSA-N,-11.38896601246836
LXUNZSDDXMPKLP-UHFFFAOYSA-N,-2.5912325016454276
LYAGTVMJGHTIDH-UHFFFAOYSA-N,-6.687746526910294
LYCAIKOWRPUZTN-UHFFFAOYSA-N,-9.726352490367866
LYGJENNIWJXYER-UHFFFAOYSA-N,-4.10581364507269
LZCLXQDLBQLTDK-UHFFFAOYSA-N,-6.444604886005115
LZDKZFUFMNSQCJ-UHFFFAOYSA-N,-3.638623935065049
LZDSILRDTDCIQT-UHFFFAOYSA-N,-1.6848702762651435
LZENXKBSJNMIKY-UHFFFAOYSA-N,9.745790011584193
MAHPNPYYQAIOJN-UHFFFAOYSA-N,-9.49838117154967
MAKRYGRRIKSDES-UHFFFAOYSA-N,2.958907036895644
MARKPJMFLDWCID-UHFFFAOYSA-N,-6.400165220067684
MAWMBEVNJGEDAD-UHFFFAOYSA-N,-3.9166104600824894
MAXCWSIJKVASQC-UHFFFAOYSA-N,-5.1802620470281155
MBABOKRGFJTBAE-UHFFFAOYSA-N,-5.287630301225867
MBDNRNMVTZADMQ-UHFFFAOYSA-N,-5.246959730480095
MBDOYVRWFFCFHM-UHFFFAOYSA-N,-3.5737324610232473
MBDUIEKYVPVZJH-UHFFFAOYSA-N,-8.121791452550847
MBNGWHIJMBWFHU-UHFFFAOYSA-N,-22.034284970460863
MBZRJSQZCBXRGK-UHFFFAOYSA-N,-2.881797865616151
MCEYLFHKATVXLN-UHFFFAOYSA-N,3.059082868188332
MCJGNVYPOGVAJF-UHFFFAOYSA-N,-6.458715209278857
MCLCGGLTQMCMHF-UHFFFAOYSA-N,-6.028848773347736
MCNOFYBITGAAGM-UHFFFAOYSA-N,-8.447406373982512
MCOQHIWZJUDQIC-UHFFFAOYSA-N,-8.761235228391673
MCSAJNNLRCFZED-UHFFFAOYSA-N,-3.8225581356781633
MCSINKKTEDDPNK-UHFFFAOYSA-N,-2.5358398175811727
MCTWTZJPVLRJOU-UHFFFAOYSA-N,-7.582233887601252
MCVUKOYZUCWLQQ-UHFFFAOYSA-N,1.1180433479317722
MCWXGJITAZMZEV-UHFFFAOYSA-N,-11.107123132869182
MDBGGTQNNUOQRC-UHFFFAOYSA-N,-7.464274381913855
MDCCBJLCTOTLKM-UHFFFAOYSA-N,-0.26272729456954436
MDHAARLWBHZGIP-UHFFFAOYSA-N,-7.6986616911255705
MDHYEMXUFSJLGV-UHFFFAOYSA-N,-4.55797654825287
MDKCFLQDBWCQCV-UHFFFAOYSA-N,-4.1624021833508085
MDNWOSOZYLHTCG-UHFFFAOYSA-N,-14.284317798396938
MDNZFYGATDCKRB-UHFFFAOYSA-N,-4.178790559415887
MDSPKCWGOVVFJD-UHFFFAOYSA-N,-4.100863264354153
MDZKJHQSJHYOHJ-UHFFFAOYSA-N,-12.274009696556272
MEBQXILRKZHVCX-UHFFFAOYSA-N,-9.079432333626887
MEFOUWRMVYJCQC-UHFFFAOYSA-N,-10.526900659580182
MEFQWPUMEMWTJP-UHFFFAOYSA-N,-12.689663077081395
MELUCTCJOARQQG-UHFFFAOYSA-N,-0.26272729456954436
MEUKEBNAABNAEX-UHFFFAOYSA-N,-5.387049462297259
MEXUFEQDCXZEON-UHFFFAOYSA-N,0.7468296333440795
MFEIKQPHQINPRI-UHFFFAOYSA-N,-4.728254440866955
MFESCIUQSIBMSM-UHFFFAOYSA-N,-2.8103845007579498
MFHPYLFZSCSNST-UHFFFAOYSA-N,-1.2643835487169754
MFOCDFTXLCYLKU-UHFFFAOYSA-N,-8.289027404825786
MFOUDYKPLGXPGO-UHFFFAOYSA-N,-6.733544429149378
MFSWTRQUCLNFOM-UHFFFAOYSA-N,-7.5076994674940245
MFURKMJLDQBHRA-UHFFFAOYSA-N,-4.112827304801348
MFUVCHZWGSJKEQ-UHFFFAOYSA-N,-3.2073940665484746
MGJKQDOBUOMPEZ-UHFFFAOYSA-N,-10.501809016068808
MGLWZSOBALDPEK-UHFFFAOYSA-N,-10.748623556824835
MGNCLNQXLYJVJD-UHFFFAOYSA-N,-6.549157824840108
MGNNYOODZCAHBA-UHFFFAOYSA-N,-9.783506294848642
MGNZXYYWBUKAII-UHFFFAOYSA-N,-0.6783806750946683
MGOHCFMYLBAPRN-UHFFFAOYSA-N,-13.083508197160091
MGSGWAXIEMEWCQ-UHFFFAOYSA-N,0.00892280018324279
MGSRCZKZVOBKFT-UHFFFAOYSA-N,-5.403479560498063
MGWAVDBGNNKXQV-UHFFFAOYSA-N,-5.500530522443164
MHAJPDPJQMAIIY-UHFFFAOYSA-M,-5.902237668099129
MHAJPDPJQMAIIY-UHFFFAOYSA-N,-8.81838903287245
MHDVGSVTJDSBDK-UHFFFAOYSA-N,-7.6032767860154955
MHIHRIPETCJEMQ-UHFFFAOYSA-N,-7.3497059940524245
MHKLKWCYGIBEQF-UHFFFAOYSA-N,-7.647284587873567
MHNNAWXXUZQSNM-UHFFFAOYSA-N,1.6568934820264887
MHPSPNGWFAGBNH-UHFFFAOYSA-N,3.4028961329492184
MHZGKXUYDGKKIU-UHFFFAOYSA-N,-3.607055537471622
MIBBFRQOCRYDDB-UHFFFAOYSA-N,-4.126613223917431
MIHADVKEHAFNPG-UHFFFAOYSA-N,-13.403010332444245
MIJLZGZLQLAQCM-UHFFFAOYSA-N,-15.273584922915465
MINYPECWDZURGR-UHFFFAOYSA-N,-6.85307661098291
MIYFJEKZLFWKLZ-UHFFFAOYSA-N,-6.540441137886951
MIYIEPHJPVBSEV-UHFFFAOYSA-N,-4.841735501012863
MIZGSAALSYARKU-UHFFFAOYSA-N,-3.1406963830964965
MIZLGWKEZAPEFJ-UHFFFAOYSA-N,1.6568934820264887
MJCNKMDTLRSHNK-UHFFFAOYSA-N,-4.203269920362599
MJOKZMZDONULOD-UHFFFAOYSA-N,-4.260423724843376
MJQVZIANGRDJBT-VAWYXSNFSA-N,-5.8356587408800396
MJSYSGSEEADMTK-UHFFFAOYSA-N,-7.6032767860154955
MJTPMXWJHPOWGH-UHFFFAOYSA-N,-5.3916068905324686
MJUJXFBTEFXVKU-UHFFFAOYSA-N,-5.063834243503797
MJVAVZPDRWSRRC-UHFFFAOYSA-N,-9.58499898343424
MKARNSWMMBGSHX-UHFFFAOYSA-N,-5.571925785760584
MKEFGIKZZDCMQC-UHFFFAOYSA-N,-0.8121911760206133
MKERQGLKSFEKAE-UHFFFAOYSA-N,-1.8266234240471582
MKIAKZAWONVRFF-UHFFFAOYSA-N,-2.2578532925637322
MKIJJIMOAABWGF-UHFFFAOYSA-N,-5.019394577566366
MKQSWTQPLLCSOB-UHFFFAOYSA-N,-6.958784410205297
MKRFORPSRBMAIP-UHFFFAOYSA-N,-4.485112799961778
MKUXAQIIEYXACX-UHFFFAOYSA-N,-27.511801750121105
MLFHJEHSLIIPHL-UHFFFAOYSA-N,-2.5454345994063425
MLGCXEBRWGEOQX-UHFFFAOYSA-N,-10.04454959560308
MLHOXUWWKVQEJB-UHFFFAOYSA-N,-7.283008310600447
MLKCGVHIFJBRCD-UHFFFAOYSA-N,-9.607349187949017
MLPVBIWIRCKMJV-UHFFFAOYSA-N,-5.352773786648061
MLRVZFYXUZQSRU-UHFFFAOYSA-N,0.09577228147480235
MLUCVPSAIODCQM-IHWYPQMZSA-N,-4.223546330966131
MLUCVPSAIODCQM-NSCUHMNNSA-N,-4.36725755691289
MLUCVPSAIODCQM-UHFFFAOYSA-N,-3.347483798365639
MLWGAEVSWJXOQJ-UHFFFAOYSA-N,-1.75992574059518
MMASVVOQIKCFJZ-UHFFFAOYSA-N,2.784093332564735
MMOXZBCLCQITDF-UHFFFAOYSA-N,-8.454912987845782
MMTJWDQKGUNSDK-UHFFFAOYSA-N,-1.9145358203658658
MMXKVMNBHPAILY-UHFFFAOYSA-N,-1.8266234240471582
MNDIARAMWBIKFW-UHFFFAOYSA-N,0.1196030095072039
MNDSSKADVGDFDF-UHFFFAOYSA-N,-5.147572017986191
MNFMIVVPXOGUMX-UHFFFAOYSA-N,-4.485112799961778
MNHVNIJQQRJYDH-UHFFFAOYSA-N,-10.73762029268258
MNOILHPDHOHILI-UHFFFAOYSA-N,-8.790492790482626
MNOJRWOWILAHAV-UHFFFAOYSA-N,-7.021965009846008
MNQZXJOMYWMBOU-UHFFFAOYSA-N,-16.202437545245992
MNWFXJYAOYHMED-UHFFFAOYSA-N,-6.109025083368273
MNYBZEHWPRTNJY-UHFFFAOYSA-N,-5.827182203769095
MOIPGXQKZSZOQX-UHFFFAOYSA-N,-3.8225581356781633
MOTZDAYCYVMXPC-UHFFFAOYSA-N,-7.166580507076128
MOXLHAPKZWTHEX-UHFFFAOYSA-N,-1.1701980750771845
MOYAFQVGZZPNRA-UHFFFAOYSA-N,-0.017440173483718388
MPBLPZLNKKGCGP-UHFFFAOYSA-N,-1.0949869510092967
MPCDNZSLJWJDNW-UHFFFAOYSA-N,-1.441728635359965
MPPPKRYCTPRNTB-UHFFFAOYSA-N,-0.11811179733942538
MPYQJQDSICRCJJ-UHFFFAOYSA-N,3.0069055326898746
MQHNKCZKNAJROC-UHFFFAOYSA-N,-6.47250112839494
MQIUGAXCHLFZKX-UHFFFAOYSA-N,-5.546936292013379
MRABAEUHTLLEML-UHFFFAOYSA-N,-5.69337170284315
MRBKEAMVRSLQPH-UHFFFAOYSA-N,-6.028951505479991
MRPNWLPYJSSISQ-UHFFFAOYSA-N,-10.04454959560308
MSHFRERJPWKJFX-UHFFFAOYSA-N,-7.7925829191699085
MSWZFWKMSRAUBD-UHFFFAOYSA-N,-18.708472605500067
MSXVEPNJUHWQHW-UHFFFAOYSA-N,-4.555742701247011
MTBYTWZDRVOMBR-UHFFFAOYSA-N,-4.260423724843376
MTCFGRXMJLQNBG-UHFFFAOYSA-N,-19.37963221077375
MTCPZNVSDFCBBE-UHFFFAOYSA-N,-2.2422768045722816
MTHSVFCYNBDYFN-UHFFFAOYSA-N,-9.8356836303471
MTLMVEWEYZFYTH-UHFFFAOYSA-N,-2.2422768045722816
MTXSIJUGVMTTMU-UHFFFAOYSA-N,-9.77902981374534
MTZQAGJQAFMTAQ-UHFFFAOYSA-N,-3.347483798365639
MUBZPKHOEPUJKR-UHFFFAOYSA-N,-14.111806058776992
MUCZHBLJLSDCSD-UHFFFAOYSA-N,-5.41947147010004
MUDSDYNRBDKLGK-UHFFFAOYSA-N,-6.281536822988219
MUJOIMFVNIBMKC-UHFFFAOYSA-N,-5.725200217583927
MULHANRBCQBHII-UHFFFAOYSA-N,-9.561783397603989
MUMGGOZAMZWBJJ-UHFFFAOYSA-N,-9.512468411553638
MUMQYXACQUZOFP-UHFFFAOYSA-N,-7.166580507076128
MUPPEBVXFKNMCI-UHFFFAOYSA-N,-3.8225581356781633
MUTGBJKUEZFXGO-UHFFFAOYSA-N,-4.312601060341832
MUXOBHXGJLMRAB-UHFFFAOYSA-N,-6.784250202999379
MVBGKYGTNGPFHT-UHFFFAOYSA-N,-4.446969078623357
MVLOWDRGPHBNNF-UHFFFAOYSA-N,3.0272349734699135
MVPPADPHJFYWMZ-UHFFFAOYSA-N,-1.3718478423180738
MVWHGTYKUMDIHL-UHFFFAOYSA-N,-2.8164724827013474
MVXIJRBBCDLNLX-UHFFFAOYSA-N,-2.703495975442433
MWAGUKZCDDRDCS-UHFFFAOYSA-N,-9.88368212614133
MWBPRDONLNQCFV-UHFFFAOYSA-N,-4.618923300887722
MWFCRQNUHFSUNY-UHFFFAOYSA-N,-4.648180862978673
MWFMGBPGAXYFAR-UHFFFAOYSA-N,-7.380464585890355
MWGATWIBSKHFMR-UHFFFAOYSA-N,-9.849297760712634
MWKFXSUHUHTGQN-UHFFFAOYSA-N,-3.2073940665484746
MWKULKMSBBSGTP-UHFFFAOYSA-N,-2.8104005677974895
MWOOGOJBHIARFG-UHFFFAOYSA-N,-9.8356836303471
MWPLVEDNUUSJAV-UHFFFAOYSA-N,-3.7755017627341427
MWPZLWRHHPWTFS-UHFFFAOYSA-N,-6.281536822988219
MWVTWFVJZLCBMC-UHFFFAOYSA-N,-7.748420119570456
MWWATHDPGQKSAR-UHFFFAOYSA-N,-0.5337651778645494
MXDGSCZQIMQLII-UHFFFAOYSA-N,-4.555742701247011
MXFQRSUWYYSPOC-UHFFFAOYSA-N,-6.733544429149378
MXLMTQWGSQIYOW-UHFFFAOYSA-N,-4.038700827598723
MXMOTZIXVICDSD-UHFFFAOYSA-N,-4.881727722058683
MXVAYAXIPRGORY-UHFFFAOYSA-N,-1.0722257951733636
MXWAGQASUDSFBG-UHFFFAOYSA-N,-8.165020845500697
MXWJVTOOROXGIU-UHFFFAOYSA-N,-9.28621974889603
MYEIDJPOUKASEC-UHFFFAOYSA-N,-4.618923300887722
MYHGOWDLVRDUFA-UHFFFAOYSA-N,-5.073427644716148
MYKUKUCHPMASKF-UHFFFAOYSA-N,-10.078825271252278
MYMOFIZGZYHOMD-UHFFFAOYSA-N,2.0417882707136825
MYSAFUYQSBEEDR-UHFFFAOYSA-N,-4.862064941792902
MZHCENGPTKEIGP-RXMQYKEDSA-N,-8.393443049960819
MZHCENGPTKEIGP-UHFFFAOYSA-N,-9.67635178546542
MZTLOILRKLUURT-NTUHNPAUSA-N,-4.867103819478997
MZTLOILRKLUURT-UHFFFAOYSA-N,-8.761235228391673
MZZBPDKVEFVLFF-UHFFFAOYSA-N,-13.756929823489495
NAGRVUXEKKZNHT-UHFFFAOYSA-N,-7.5663898706619666
NALZTFARIYUCBY-UHFFFAOYSA-N,-3.347483798365639
NAMYKGVDVNBCFQ-UHFFFAOYSA-N,-0.5058689354747232
NAQMVNRVTILPCV-UHFFFAOYSA-N,-9.561783397603989
NAQWICRLNQSPPW-UHFFFAOYSA-N,-2.8224992778612816
NATVSFWWYVJTAZ-UHFFFAOYSA-N,-5.936513343748327
NAYYNDKKHOIIOD-UHFFFAOYSA-N,-14.18686152310703
NBBJYMSMWIIQGU-UHFFFAOYSA-N,-3.347483798365639
NBCMACYORPIYNY-NSCUHMNNSA-N,-7.917669466314053
NBFMTHWVRBOVPE-UHFFFAOYSA-N,-3.68306360100248
NBOCQTNZUPTTEI-UHFFFAOYSA-N,-21.15741241906559
NBQCNZYJJMBDKY-UHFFFAOYSA-N,-11.264452768642647
NBRKLOOSMBRFMH-UHFFFAOYSA-N,0.2975415831856984
NBUKAOOFKZFCGD-UHFFFAOYSA-N,-4.937120406122936
NBUMCEJRJRRLCA-UHFFFAOYSA-N,2.770464085185876
NBVXSUQYWXRMNV-UHFFFAOYSA-N,-0.3040996337638271
NCBZRJODKRCREW-UHFFFAOYSA-N,-7.437618390371133
NCKMMSIFQUPKCK-UHFFFAOYSA-N,-9.669798047327102
NCSVCMFDHINRJE-UHFFFAOYSA-N,-2.014711651658554
NCYHCGGUQGDEQW-UHFFFAOYSA-N,-3.3219624544099045
NDAUXUAQIAJITI-UHFFFAOYSA-N,-18.81152451458808
NDDLLTAIKYHPOD-UHFFFAOYSA-N,-15.108081553439506
NDFKTBCGKNOHPJ-UHFFFAOYSA-N,-2.9318304178405152
NDJKXXJCMXVBJW-UHFFFAOYSA-N,4.4508567748319035
NDKYEUQMPZIGFN-UHFFFAOYSA-N,-1.7942014162443776
NDRKXFLZSRHAJE-UHFFFAOYSA-N,-9.726352490367866
NDSBDLSWTGLNQA-UHFFFAOYSA-N,-6.658488964819341
NDUPDOJHUQKPAG-UHFFFAOYSA-N,-16.546695662453697
NDVASEGYNIMXJL-UHFFFAOYSA-N,0.519264480430351
NDVWOBYBJYUSMF-UHFFFAOYSA-N,-4.900766180486901
NECRQCBKTGZNMH-UHFFFAOYSA-N,-4.109585807265859
NEHDRDVHPTWWFG-UHFFFAOYSA-N,-6.617116625625059
NEHMKBQYUWJMIP-UHFFFAOYSA-N,-0.7394157945547323
NEHNMFOYXAPHSD-SNVBAGLBSA-N,-2.643544008328808
NEHNMFOYXAPHSD-UHFFFAOYSA-N,-2.5358398175811727
NEHRITNOSGFGGS-UHFFFAOYSA-N,-4.312601060341832
NEKOXWSIMFDGMA-UHFFFAOYSA-N,-3.7376158349350277
NETOHYFTCONTDT-UHFFFAOYSA-N,-2.01667975401459
NEZONWMXZKDMKF-UHFFFAOYSA-N,-17.26867128352471
NEZWFWIACBUQMN-UHFFFAOYSA-N,-10.586916813509065
NFACJZMKEDPNKN-UHFFFAOYSA-N,-8.761235228391673
NFAVNWJJYQAGNB-UHFFFAOYSA-N,-1.3329595951042235
NFBOHOGPQUYFRF-UHFFFAOYSA-N,-3.2953064628671824
NFFNGYZBZAPKKE-UHFFFAOYSA-N,-3.2381526583864058
NFFQZEXYZVZKNN-UHFFFAOYSA-N,-5.034576681412846
NFGXHKASABOEEW-LDRANXPESA-N,-4.505550280770817
NFGXHKASABOEEW-RBDUDSBRSA-N,-5.711540559015762
NFGXHKASABOEEW-UHFFFAOYSA-N,-4.954503103524564
NFJPGAKRJKLOJK-UHFFFAOYSA-N,-4.405039222073494
NFLGAXVYCFJBMK-BDAKNGLRSA-N,-3.345174735011647
NFLGAXVYCFJBMK-UHFFFAOYSA-N,-3.024268579572178
NFRKUDYZEVQXTE-UHFFFAOYSA-N,0.00892280018324279
NGAZZOYFWWSOGK-UHFFFAOYSA-N,-3.4181136996508736
NGDNVOAEIVQRFH-UHFFFAOYSA-N,-4.360599556136064
NGFPWHGISWUQOI-UHFFFAOYSA-N,-5.69337170284315
NGHOLYJTSCBCGC-UHFFFAOYSA-N,-6.784250202999379
NGHOLYJTSCBCGC-VAWYXSNFSA-N,-6.060831147143087
NGXUJKBJBFLCAR-UHFFFAOYSA-N,-4.618923300887722
NHARPDSAXCBDDR-UHFFFAOYSA-N,-2.33018920089099
NHDHVHZZCFYRSB-UHFFFAOYSA-N,-10.542477147571633
NHDODQWIKUYWMW-UHFFFAOYSA-N,-1.75992574059518
NHGVZTMBVDFPHJ-UHFFFAOYSA-N,-2.633779495614561
NHLUVTZJQOJKCC-UHFFFAOYSA-N,-5.317843905433514
NHMTUAZFVQMRRK-UHFFFAOYSA-N,-9.485848290105494
NHOWDZOIZKMVAI-UHFFFAOYSA-N,-9.113708009276085
NHPPIJMARIVBGU-UHFFFAOYSA-N,-3.6142533736525673
NHTMVDHEPJAVLT-UHFFFAOYSA-N,2.87309503176393
NHUHCSRWZMLRLA-UHFFFAOYSA-N,-14.111806058776992
NIAJPNQTKGWEOI-UHFFFAOYSA-N,-5.936513343748327
NIAVXHWAURFNOW-UHFFFAOYSA-N,-9.737428634572204
NICWAKGKDIAMOD-UHFFFAOYSA-N,-5.378662457458047
NIFKBBMCXCMCAO-UHFFFAOYSA-N,-19.864554172882983
NIHNNTQXNPWCJQ-UHFFFAOYSA-N,-3.39548229415987
NIJJYAXOARWZEE-UHFFFAOYSA-N,-5.809657012729513
NIMLQBUJDJZYEJ-UHFFFAOYSA-N,-4.706964499907376
NIPDVSLAMPAWTP-UHFFFAOYSA-N,-8.730476636553743
NIQCNGHVCWTJSM-UHFFFAOYSA-N,-7.074142345344466
NIXKBAZVOQAHGC-UHFFFAOYSA-N,-10.251337010872223
NIXOWILDQLNWCW-UHFFFAOYSA-N,-6.808080931031782
NIXXQNOQHKNPEJ-UHFFFAOYSA-N,-14.070433719582711
NJBCRXCAPCODGX-UHFFFAOYSA-N,-0.060957992858648335
NJCBUSHGCBERSK-UHFFFAOYSA-N,2.457441651238806
NJFDMENHTAYHMA-CCEZHUSRSA-N,-2.7405041564279164
NJFDMENHTAYHMA-UHFFFAOYSA-N,-5.3429673477246435
NJGBTKGETPDVIK-UHFFFAOYSA-N,-10.61481305589889
NJNQUTDUIPVROZ-UHFFFAOYSA-N,-3.8969476798167078
NJQQZRLWVLWNGD-UHFFFAOYSA-N,-4.521467025597813
NKAMGQZDVMQEJL-UHFFFAOYSA-N,4.728274091386279
NKDDWNXOKDWJAK-UHFFFAOYSA-N,-3.0656409187664604
NKGLWUJPCTUDEH-UHFFFAOYSA-N,-5.156272405235459
NKJOXAZJBOMXID-UHFFFAOYSA-N,-1.8887814085060128
NKKMVIVFRUYPLQ-NSCUHMNNSA-N,-3.8466690062856657
NKMJCVVUYDKHAV-UHFFFAOYSA-N,3.1283514497724405
NKNFWVNSBIXGLL-UHFFFAOYSA-N,-9.010947630633218
NKTDTMONXHODTI-UHFFFAOYSA-N,-0.6339410091572372
NKTOLZVEWDHZMU-UHFFFAOYSA-N,-5.968935351551108
NLBLNZDNOSSGPW-UHFFFAOYSA-N,-7.122140841138696
NLHHRLWOUZZQLW-UHFFFAOYSA-N,-3.4609648585115456
NLVWEKPJFUPVMZ-UHFFFAOYSA-N,-4.360599556136064
NLXGURFLBLRZRO-UHFFFAOYSA-N,-5.306975884408976
NLYNUTMZTCLNOO-UHFFFAOYSA-N,-9.378657910627693
NLZUEZXRPGMBCV-UHFFFAOYSA-N,-1.2363505299540958
NMBXMBCZBXUXAM-UHFFFAOYSA-N,-5.69337170284315
NMHGOXYVOKDNHF-UHFFFAOYSA-N,-12.545047579851273
NMJJFJNHVMGPGM-UHFFFAOYSA-N,-2.5094363886900473
NMMAFYSZGOFZCM-UHFFFAOYSA-N,-9.561783397603989
NMOALOSNPWTWRH-UHFFFAOYSA-N,-0.6104218743097172
NMPPAMFEYWGNCI-UHFFFAOYSA-N,-4.260423724843376
NMRPBPVERJPACX-UHFFFAOYSA-N,-4.038700827598723
NMSUCVXVCHZTEH-UHFFFAOYSA-N,-4.446411561267777
NMUPLZRHSXJCJQ-UHFFFAOYSA-N,-6.572676959687628
NMWKWBPNKPGATC-UHFFFAOYSA-N,-6.485977225199397
NMWSKOLWZZWHPL-UHFFFAOYSA-N,-2.681145770927655
NNBZCPXTIHJBJL-UHFFFAOYSA-N,0.9673398687582557
NNKVPIKMPCQWCG-UHFFFAOYSA-N,-10.343775172603886
NNPPMTNAJDCUHE-UHFFFAOYSA-N,2.227776107138084
NNWHUJCUHAELCL-SNAWJCMRSA-N,-5.49293883809141
NNXHDILUOAXSPU-UHFFFAOYSA-N,-0.44585278154584157
NOEGNKMFWQHSLB-UHFFFAOYSA-N,-10.628289152703347
NOMWSTMYQKABST-UHFFFAOYSA-N,-2.5358398175811727
NOOLISFMXDJSKH-KXUCPTDWSA-N,-4.24795551303426
NOOLISFMXDJSKH-UHFFFAOYSA-N,-4.485112799961778
NOPFSRXAKWQILS-UHFFFAOYSA-N,-1.6848702762651435
NOQGZXFMHARMLW-UHFFFAOYSA-N,-13.270659293557364
NOWKCMXCCJGMRR-UHFFFAOYSA-N,-4.618923300887722
NPAGDVCDWIYMMC-UHFFFAOYSA-N,-9.669798047327102
NPDACUSDTOMAMK-UHFFFAOYSA-N,-1.441728635359965
NPDIDUXTRAITDE-UHFFFAOYSA-N,-2.2098547967695015
NPFVOOAXDOBMCE-PLNGDYQASA-N,-3.12859980373148
NPFVOOAXDOBMCE-UHFFFAOYSA-N,-2.6961380785798585
NPHCXUPGMINOPP-UHFFFAOYSA-N,-4.728254440866955
NPNPZTNLOVBDOC-UHFFFAOYSA-N,-0.21828762863211312
NPOJQCVWMSKXDN-UHFFFAOYSA-N,-5.641194367344692
NPPQSCRMBWNHMW-UHFFFAOYSA-N,-11.308892434580079
NPQPNSNHYJTUSA-UHFFFAOYSA-N,-4.588164709049792
NPUACKRELIJTFM-UHFFFAOYSA-N,-1.135406394814075
NPWMZOGDXOFZIN-UHFFFAOYSA-N,-8.588723488771727
NPZRPUOKIPAIEL-UHFFFAOYSA-N,-4.648180862978673
NQBXSWAWVZHKBZ-UHFFFAOYSA-N,-5.105206582698081
NQFUSWIGRKFAHK-UHFFFAOYSA-N,-2.4958475965353526
NQLVQOSNDJXLKG-UHFFFAOYSA-N,-6.767196962128894
NQPDZGIKBAWPEJ-UHFFFAOYSA-N,-6.617116625625059
NQQVFXUMIDALNH-UHFFFAOYSA-N,-10.92656213050333
NQRYJNQNLNOLGT-UHFFFAOYSA-N,-5.370156484049687
NQXUSSVLFOBRSE-UHFFFAOYSA-N,-4.588164709049792
NRBNBYFPJCCKTO-UHFFFAOYSA-N,-2.1392248954842676
NRFQZTCQAYEXEE-UHFFFAOYSA-N,-3.4539410558537176
NRGGMCIBEHEAIL-UHFFFAOYSA-N,-4.446411561267777
NRJUFUBKIFIKFI-UHFFFAOYSA-N,3.0169841072567465
NRKYWOKHZRQRJR-UHFFFAOYSA-N,-3.5089645846939197
NRXQIUSYPAHGNM-UHFFFAOYSA-N,-7.680760031276311
NRZVENBFUFCASY-UHFFFAOYSA-N,-3.4812942992915845
NRZWYNLTFLDQQX-UHFFFAOYSA-N,-5.69337170284315
NSDXKMRVQOSASS-UHFFFAOYSA-N,-4.360599556136064
NSGXIBWMJZWTPY-UHFFFAOYSA-N,3.4225589132149987
NSKIRYMHNFTRLR-UHFFFAOYSA-N,-4.091535325980278
NSMWYRLQHIXVAP-UHFFFAOYSA-N,-6.369316648907182
NSPMIYGKQJPBQR-UHFFFAOYSA-N,-5.865883442463094
NSWAMPCUPHPTTC-UHFFFAOYSA-N,-18.21274564708666
NTAHCMPOMKHKEU-UHFFFAOYSA-N,-6.157023579162503
NTBYINQTYWZXLH-UHFFFAOYSA-N,-4.862064941792902
NTDQQZYCCIDJRK-UHFFFAOYSA-N,-4.900766180486901
NTGBCQFKKOCODF-UHFFFAOYSA-N,-4.260423724843376
NTHGIYFSMNNHSC-UHFFFAOYSA-N,-1.5510597753391988
NTIZESTWPVYFNL-UHFFFAOYSA-N,-2.7980199169145705
NTKSJAPQYKCFPP-UHFFFAOYSA-N,-1.8266234240471582
NTLJTUMJJWVCTL-UHFFFAOYSA-N,-3.1896962911339823
NTOPKICPEQUPPH-UHFFFAOYSA-N,-6.3521667242734505
NTPLXRHDUXRPNE-UHFFFAOYSA-N,-4.521467025597813
NTSLROIKFLNUIJ-UHFFFAOYSA-N,-4.360599556136064
NUEUMFZLNOCRCQ-UHFFFAOYSA-N,-1.4988824398407423
NUIURNJTPRWVAP-UHFFFAOYSA-N,-11.92324779007295
NUJGJRNETVAIRJ-UHFFFAOYSA-N,-2.4303650321836776
NUKYPUAOHBNCPY-UHFFFAOYSA-N,-11.164276937349959
NUKZAGXMHTUAFE-UHFFFAOYSA-N,-2.3568451924337115
NUMQCACRALPSHD-UHFFFAOYSA-N,-1.723571514959144
NUNSNNOYACKRIK-UHFFFAOYSA-N,-4.046539646029148
NUPJIGQFXCQJBK-UHFFFAOYSA-N,-22.748902694669304
NUPSHWCALHZGOV-UHFFFAOYSA-N,-1.8371695215483825
NUQDJSMHGCTKNL-UHFFFAOYSA-N,-3.794287022381379
NURQLCJSMXZBPC-UHFFFAOYSA-N,-5.343889756441966
NUVBSKCKDOMJSU-UHFFFAOYSA-N,-9.322573974532066
NVAGRWXDIIKUBU-UHFFFAOYSA-N,-3.0516489188338776
NVGOPFQZYCNLDU-UHFFFAOYSA-N,-10.910132032302526
NVJUHMXYKCUMQA-UHFFFAOYSA-N,-1.8866395779760399
NVLPQIPTCCLBEU-UHFFFAOYSA-N,-1.4988824398407423
NVVZEKTVIXIUKW-UHFFFAOYSA-N,5.603478084080244
NVYUPBVXKLTYHV-UHFFFAOYSA-N,-4.112827304801348
NWBJYWHLCVSVIJ-UHFFFAOYSA-N,-15.866857742609152
NWOYYECMNBWCNK-UHFFFAOYSA-N,-2.1755791211203035
NWPNXBQSRGKSJB-UHFFFAOYSA-N,-4.588164709049792
NWQWQKUXRJYXFH-UHFFFAOYSA-N,-4.841735501012863
NWSIFTLPLKCTSX-UHFFFAOYSA-N,-4.588164709049792
NWVVVBRKAWDGAB-UHFFFAOYSA-N,-6.499157119937662
NWWZPOKUUAIXIW-UHFFFAOYSA-N,-17.630264560691327
NXQDBZGWYSEGFL-UHFFFAOYSA-N,-3.672097224709101
NXQMCAOPTPLPRL-UHFFFAOYSA-N,-13.749661115452966
NXXYKOUNUYWIHA-UHFFFAOYSA-N,-5.236345983123741
NYCBYBDDECLFPE-UHFFFAOYSA-N,-10.142005870892989
NYGISSDEOKKXOE-UHFFFAOYSA-N,-10.572466449925209
NYOKZHDTNBDPOB-UHFFFAOYSA-N,-7.021965009846008
NYPJDWWKZLNGGM-UHFFFAOYSA-N,-8.148590747299892
NYQDCVLCJXRDSK-UHFFFAOYSA-N,-3.39548229415987
NYRMIJKDBAQCHC-UHFFFAOYSA-N,-8.578692942476884
NYTOUQBROMCLBJ-UHFFFAOYSA-N,-1.441728635359965
NZGWDASTMWDZIW-UHFFFAOYSA-N,-3.980757475840207
NZNRRXXETLSZRO-UHFFFAOYSA-N,-8.049171586228502
NZPGYIBESMMUFU-UHFFFAOYSA-N,-4.360599556136064
NZUPFZNVGSWLQC-UHFFFAOYSA-N,-22.56894165340484
NZUPQBVDIWCPBX-UHFFFAOYSA-N,-4.203269920362599
NZZFYRREKKOMAT-UHFFFAOYSA-N,-2.4854184454774613
NZZIMKJIVMHWJC-UHFFFAOYSA-N,-10.111247279055059
OAEQTHQGPZKTQP-UHFFFAOYSA-N,-2.2262848949703056
OAICVXFJPJFONN-UHFFFAOYSA-N,0.7596258154220461
OAKJQQAXSVQMHS-UHFFFAOYSA-N,-6.415347323914164
OAKURXIZZOAYBC-UHFFFAOYSA-N,-7.283008310600447
OALHHIHQOFIMEF-UHFFFAOYSA-N,-23.503300323543098
OALYTRUKMRCXNH-UHFFFAOYSA-N,-3.7109598433923057
OAPPEBNXKAKQGS-UHFFFAOYSA-N,-8.289027404825786
OAWAZQITIZDJRB-UHFFFAOYSA-N,-8.049171586228502
OAYSFAKCFYRCRU-UHFFFAOYSA-N,-2.120186437056049
OAYXUHPQHDHDDZ-UHFFFAOYSA-N,-9.079432333626887
OAZWDJGLIYNYMU-UHFFFAOYSA-N,-11.38896601246836
OBCSAIDCZQSFQH-UHFFFAOYSA-N,-10.442301316278945
OBETXYAYXDNJHR-UHFFFAOYSA-N,-5.500530522443164
OBIUJJSQKPGKME-UHFFFAOYSA-N,-1.8573820158850889
OBKHYUIZSOIEPG-UHFFFAOYSA-N,2.418740412544806
OBNCKNCVKJNDBV-UHFFFAOYSA-N,-2.625508177294625
OBOHUKJIPIBYTA-UHFFFAOYSA-N,-4.203269920362599
OBTWBSRJZRCYQV-UHFFFAOYSA-N,0.8470054646367673
OBYVIBDTOCAXSN-UHFFFAOYSA-N,-0.060957992858648335
OBZIQQJJIKNWNO-UHFFFAOYSA-N,-2.316403281774907
OCHOKXCPKDPNQU-UHFFFAOYSA-N,-4.937120406122936
OCJBOOLMMGQPQU-UHFFFAOYSA-N,-1.4988824398407423
OCKPCBLVNKHBMX-UHFFFAOYSA-N,-0.44585278154584157
ODCWYMIRDDJXKW-UHFFFAOYSA-N,-10.299335506666454
ODGLTLJZCVNPBU-UHFFFAOYSA-N,3.347503448884963
ODHAQPXNQDBHSH-UHFFFAOYSA-N,-1.1453183737219181
ODKSFYDXXFIFQN-UHFFFAOYSA-N,-25.439814078386703
ODLMAHJVESYWTB-UHFFFAOYSA-N,-0.8121911760206133
OEBRKCOSUFCWJD-UHFFFAOYSA-N,-6.9526964282619
OEDMOCYNWLHUDP-UHFFFAOYSA-N,-6.537043047736777
OEVIJAZJVZDBQL-UHFFFAOYSA-N,-3.6674381060292625
OEYGTUAKNZFCDJ-UHFFFAOYSA-N,3.0700861323305864
OEYKUHBCPJRXGZ-UHFFFAOYSA-N,-1.8573820158850889
OEYOMNZEMCPTKN-UHFFFAOYSA-N,-6.649721440297181
OFBQJSOFQDEBGM-UHFFFAOYSA-N,2.284929911618861
OFCFYWOKHPOXKF-UHFFFAOYSA-N,-7.122140841138696
OFCNXPDARWKPPY-UHFFFAOYSA-N,-16.739536842853678
OFDYMSKSGFSLLM-UHFFFAOYSA-N,-5.936513343748327
OFHHDSQXFXLTKC-UHFFFAOYSA-N,-2.8487504947846825
OFIYMUXECPHIPZ-UHFFFAOYSA-N,-4.405039222073494
OFOBLEOULBTSOW-UHFFFAOYSA-N,-16.599447111036515
OFZCIYFFPZCNJE-UHFFFAOYSA-N,-10.460202976128205
OGBQILNBLMPPDP-UHFFFAOYSA-N,-5.156272405235459
OGLDWXZKYODSOB-UHFFFAOYSA-N,0.4178759873071869
OGRAOKJKVGDSFR-UHFFFAOYSA-N,-6.222506143514179
OGTZINCGZYXZCR-UHFFFAOYSA-N,-4.820692602598617
OHBQPCCCRFSCAX-UHFFFAOYSA-N,-1.2278445565457372
OHCSZUQRNNNMRG-UHFFFAOYSA-N,-9.113708009276085
OHLUUHNLEMFGTQ-UHFFFAOYSA-N,-9.592541989441921
OHMBHFSEKCCCBW-UHFFFAOYSA-N,-10.460202976128205
OHMHBGPWCHTMQE-UHFFFAOYSA-N,0.28673658688152437
OHRBQTOZYGEWCJ-UHFFFAOYSA-N,-4.05963459207557
OHSMKBPEDBXYDU-UHFFFAOYSA-N,-4.752733801813667
OHXAOPZTJOUYKM-UHFFFAOYSA-N,-0.6783806750946683
OHZNMGSGEFVFTI-UHFFFAOYSA-N,3.296797675034961
OIAQMFOKAXHPNH-UHFFFAOYSA-N,-3.6538060389115294
OIBKGNPMOMMSSI-UHFFFAOYSA-N,-4.521467025597813
OIFBSDVPJOWBCH-UHFFFAOYSA-N,-3.4181136996508736
OIGNJSKKLXVSLS-UHFFFAOYSA-N,-8.289027404825786
OILUAKBAMVLXGF-UHFFFAOYSA-N,-5.410187288597813
OISVCGZHLKNMSJ-UHFFFAOYSA-N,-4.485112799961778
OJDKRASKNKPYDH-UHFFFAOYSA-N,3.3301207514833364
OJGMBLNIHDZDGS-UHFFFAOYSA-N,-4.752733801813667
OJMMVQQUTAEWLP-UHFFFAOYSA-N,-28.938138182967446
OJOWICOBYCXEKR-UHFFFAOYSA-N,0.934917860955475
OJUZRFGUKHQNJX-UHFFFAOYSA-N,-7.489795725869589
OJVOGABFNZDOOZ-UHFFFAOYSA-N,-7.166580507076128
OKANYBNORCUPKZ-UHFFFAOYSA-N,-5.472305968481594
OKBJVIVEFXPEOU-UHFFFAOYSA-N,-2.8224992778612816
OKCRKWVABWILDR-UHFFFAOYSA-N,2.8651523849078604
OKDGRDCXVWSXDC-UHFFFAOYSA-N,-4.555742701247011
OKIBNKKYNPBDRS-UHFFFAOYSA-N,-12.872788564057691
OKIJSNGRQAOIGZ-UHFFFAOYSA-N,-7.953447602188946
OKIRBHVFJGXOIS-UHFFFAOYSA-N,-0.17028913283788208
OKIYQFLILPKULA-UHFFFAOYSA-N,2.151119410692916
OKJPEAGHQZHRQV-UHFFFAOYSA-N,-1.6848702762651435
OKKJLVBELUTLKV-UHFFFAOYSA-N,-5.168387182338789
OKUGPJPKMAEJOE-UHFFFAOYSA-N,-4.061916413428973
OKVWYBALHQFVFP-UHFFFAOYSA-N,2.770464085185876
OKXVARYIKDXAEO-UHFFFAOYSA-N,-3.972003144146744
OLBCVFGFOZPWHH-UHFFFAOYSA-N,-5.69337170284315
OLFNXLXEGXRUOI-UHFFFAOYSA-N,-18.363449126260175
OLNTVTPDXPETLC-UHFFFAOYSA-N,-21.805593693139542
OLQJQHSAWMFDJE-UHFFFAOYSA-N,-13.464885902036016
OLRPKAJSAOYYCY-UHFFFAOYSA-N,-3.55634976362162
OLTYAGNRSNFHLK-UHFFFAOYSA-N,-4.014550138115878
OLZQTUCTGLHFTQ-UHFFFAOYSA-N,-2.4555403102605418
OMDFJTSKBNDDRM-UHFFFAOYSA-N,-7.24665408496441
OMFRMAHOUUJSGP-UHFFFAOYSA-N,-6.109025083368273
OMIGHNLMNHATMP-UHFFFAOYSA-N,-9.024039649562633
OMMLUKLXGSRPHK-UHFFFAOYSA-N,2.812317886526306
OMPJBNCRMGITSC-UHFFFAOYSA-N,-5.370156484049687
OMQBXAQAHHFSST-UHFFFAOYSA-N,-7.810925164922576
OMVSWZDEEGIJJI-UHFFFAOYSA-N,-4.676077105368499
ONBXNGYZXZBRJA-UHFFFAOYSA-N,-4.0694594194366545
ONCZDRURRATYFI-UHFFFAOYSA-N,-8.402735652347326
ONIHOIFWLALAQH-UHFFFAOYSA-N,-7.207952846270411
ONKNPOPIGWHAQC-UHFFFAOYSA-N,-3.2073940665484746
ONKRUAQFUNKYAX-UHFFFAOYSA-N,-8.627424727465728
ONKUXPIBXRRIDU-UHFFFAOYSA-N,-6.616606289269848
ONNCPBRWFSKDMQ-UHFFFAOYSA-N,-2.738989237440532
ONUFESLQCSAYKA-UHFFFAOYSA-N,-1.8940912634096323
ONUFSRWQCKNVSL-UHFFFAOYSA-N,-1.75992574059518
ONXPZLFXDMAPRO-UHFFFAOYSA-N,-0.379155098093863
OOHAUGDGCWURIT-UHFFFAOYSA-N,-3.419186103283831
OOHIAOSLOGDBCE-UHFFFAOYSA-N,-9.689248219517332
OOLUVSIJOMLOCB-UHFFFAOYSA-N,-2.617121172455412
OORLZFUTLGXMEF-UHFFFAOYSA-N,-14.669212587084132
OPASCBHCTNRLRM-UHFFFAOYSA-N,-4.119759879941849
OPGCOAPTHCZZIW-UHFFFAOYSA-N,-2.958125113793529
OPKOKAMJFNKNAS-UHFFFAOYSA-N,-7.437618390371133
OPKYDBFRKPQCBS-UHFFFAOYSA-N,-2.5733308417961687
OPLCSTZDXXUYDU-UHFFFAOYSA-N,-3.9371099044186186
OPXLLQIJSORQAM-UHFFFAOYSA-N,-18.912913007711246
OQDXASJSCOTNQS-UHFFFAOYSA-N,-5.902237668099129
OQHHASWHOGRCRC-UHFFFAOYSA-N,-19.321866194835188
OQIQSTLJSLGHID-UHFFFAOYSA-N,-15.567632165608346
OQMBBFQZGJFLBU-UHFFFAOYSA-N,-6.242835584294218
OQOGEOLRYAOSKO-UHFFFAOYSA-N,-1.8266234240471582
OQZCSNDVOWYALR-UHFFFAOYSA-N,-7.471763390985627
ORFPWVRKFLOQHK-UHFFFAOYSA-N,-14.653220677482159
ORFWYUFLWUWSFM-UHFFFAOYSA-N,0.20666300899324164
ORILYTVJVMAKLC-UHFFFAOYSA-N,-0.47661137338377224
ORLPGMKKCAEWOW-UHFFFAOYSA-N,-7.866747867700713
ORMHZBNNECIKOH-UHFFFAOYSA-N,-9.188785547969646
ORSUQGVCWLXKLZ-UHFFFAOYSA-N,-4.555742701247011
ORTVZLZNOYNASJ-UHFFFAOYSA-N,-8.233847253484228
ORTVZLZNOYNASJ-UPHRSURJSA-N,-10.03910117502268
OSASVXMJTNOKOY-UHFFFAOYSA-N,-5.641194367344692
OSDLLIBGSJNGJE-UHFFFAOYSA-N,-6.524678463893396
OSDWBNJEKMUWAV-UHFFFAOYSA-N,-0.5604211694072708
OSINZLLLLCUKJH-UHFFFAOYSA-N,-5.003818089574915
OSKIMJMPFNLVOU-UHFFFAOYSA-N,3.250047173595053
OSMAJVWUIUORGC-WAYWQWQTSA-N,-2.41507938281009
OSOUNOBYRMOXQQ-UHFFFAOYSA-N,-0.3040996337638271
OSRFTCIVMWPVNP-UHFFFAOYSA-N,-2.19296181852193
OSSQSXOTMIGBCF-UHFFFAOYSA-N,1.0016155444074535
OSUHJPCHFDQAIT-UHFFFAOYSA-N,-8.81838903287245
OSVXSBDYLRYLIG-UHFFFAOYSA-N,-1.9911925168110338
OSWPMRLSEDHDFF-UHFFFAOYSA-N,-6.157023579162503
OTBXOEAOVRKTNQ-UHFFFAOYSA-N,-15.192880617332369
OTEKOJQFKOIXMU-UHFFFAOYSA-N,-4.588164709049792
OTFNCXLUCRUNCH-UHFFFAOYSA-N,-2.014711651658554
OTISWHNJCUMBFI-UHFFFAOYSA-N,-4.728254440866955
OTKXWJHPGBRXCR-UHFFFAOYSA-N,-7.537794221663821
OTLNPYWUJOZPPA-UHFFFAOYSA-N,-10.83950213101729
OTMSDBZUPAUEDD-UHFFFAOYSA-N,1.7854667350702385
OTQFXRBLGNEOGH-UHFFFAOYSA-N,-3.5906254392708195
OTTCXKPQKOLSJN-UHFFFAOYSA-N,0.02959737214364644
OTTZHAVKAVGASB-HWKANZROSA-N,1.2023354448022925
OTTZHAVKAVGASB-UHFFFAOYSA-N,1.636213464755429
OUBMGJOQLXMSNT-UHFFFAOYSA-N,-10.04454959560308
OUCCVXVYGFBXSV-UHFFFAOYSA-N,-7.489795725869589
OUGPMNMLWKSBRI-UHFFFAOYSA-N,-2.014711651658554
OUNSASXJZHBGAI-UHFFFAOYSA-N,-4.312601060341832
OUWSNHWQZPEFEX-UHFFFAOYSA-N,-6.3175451628520936
OVBFMEVBMNZIBR-UHFFFAOYSA-N,-6.1796549846535065
OVGGLBAWFMIPPY-UHFFFAOYSA-N,-28.687638645199694
OVISMSJCKCDOPU-UHFFFAOYSA-N,-2.169262190702173
OVOUKWFJRHALDD-UHFFFAOYSA-N,-15.192880617332369
OVOVDHYEOQJKMD-UHFFFAOYSA-N,-4.091535325980278
OVPLZYJGTGDFNB-UHFFFAOYSA-N,-7.716044388527196
OVSKIKFHRZPJSS-UHFFFAOYSA-N,-3.5906254392708195
OVWYEQOVUDKZNU-UHFFFAOYSA-N,-4.084266617943749
OWBTYPJTUOEWEK-UHFFFAOYSA-N,-8.241028909031556
OWBTYPJTUOEWEK-ZXZARUISSA-N,-8.267399358343521
OWCNPTHAWPMOJU-UHFFFAOYSA-N,-4.172511328524669
OWDLFBLNMPCXSD-UHFFFAOYSA-N,-10.534607377985859
OWFKEHICSVOVAC-UHFFFAOYSA-N,3.636442992029227
OWICEWMBIBPFAH-UHFFFAOYSA-N,-15.137700465990811
OWIKHYCFFJSOEH-UHFFFAOYSA-N,-3.799491404526799
OWNAXTAAAQTBSP-UHFFFAOYSA-N,0.23059768122465485
OWNRRUFOJXFKCU-UHFFFAOYSA-N,-13.083508197160091
OWRCNXZUPFZXOS-UHFFFAOYSA-N,-13.221744261130837
OWWIWYDDISJUMY-UHFFFAOYSA-N,1.8259086457290425
OWXJKYNZGFSVRC-UHFFFAOYSA-N,0.43135208411164344
OWZPCEFYPSAJFR-UHFFFAOYSA-N,-5.225540986819569
OWZREIFADZCYQD-UHFFFAOYSA-N,-5.156272405235459
OXFFPTMSBXBVLZ-UHFFFAOYSA-N,-4.159752100987669
OXHNLMTVIGZXSG-UHFFFAOYSA-N,-1.9145358203658658
OXMIDRBAFOEOQT-UHFFFAOYSA-N,-3.024268579572178
OXNIZHLAWKMVMX-UHFFFAOYSA-N,-14.096633977328445
OXQGTIUCKGYOAA-UHFFFAOYSA-N,-6.056847747869817
OXVVNXMNLYYMOL-UHFFFAOYSA-N,-3.347483798365639
OXYNQEOLHRWEPE-UHFFFAOYSA-N,-9.58499898343424
OXYRENDGHPGWKV-UHFFFAOYSA-N,-6.7553232338664255
OYHQOLUKZRVURQ-UHFFFAOYSA-N,-7.074142345344466
OYIKARCXOQLFHF-UHFFFAOYSA-N,-11.264452768642647
OYSVBCSOQFXYHK-UHFFFAOYSA-N,-2.8613671014791944
OZAIFHULBGXAKX-UHFFFAOYSA-N,-2.830409598864418
OZAIFHULBGXAKX-VAWYXSNFSA-N,-2.508874078767893
OZCMOJQQLBXBKI-UHFFFAOYSA-N,0.39179965851700915
OZDGMOYKSFPLSE-UHFFFAOYSA-N,-4.597497541679855
OZHJEQVYCBTHJT-UHFFFAOYSA-N,-4.203269920362599
OZLPEWBQZDDFCQ-UHFFFAOYSA-N,-3.1406963830964965
PAAZPARNPHGIKF-UHFFFAOYSA-N,-2.2578532925637322
PAFZNILMFXTMIY-UHFFFAOYSA-N,-5.267639747751154
PAMIQIKDUOTOBW-UHFFFAOYSA-N,-3.8868691052498368
PANVCEBTPSTUEL-UHFFFAOYSA-N,-3.0670799774923454
PAPBSGBWRJIAAV-UHFFFAOYSA-N,-3.024268579572178
PAYFWJAKKLILIT-UHFFFAOYSA-N,-4.521467025597813
PAYRUJLWNCNPSJ-UHFFFAOYSA-N,-5.74137019863738
PAZDSSMTPLLLIR-UHFFFAOYSA-N,-4.133389127320708
PBGKNXWGYQPUJK-UHFFFAOYSA-N,-7.380464585890355
PBKONEOXTCPAFI-UHFFFAOYSA-N,-1.9667131558643225
PBMFSQRYOILNGV-UHFFFAOYSA-N,-8.013392869196167
PBWZKZYHONABLN-UHFFFAOYSA-N,-8.156862065619828
PCCSBWNGDMYFCW-UHFFFAOYSA-N,-7.964870063182113
PCFHYANYPQEMPU-UHFFFAOYSA-N,-4.446411561267777
PCIUEQPBYFRTEM-UHFFFAOYSA-N,-2.5358398175811727
PCKNFPQPGUWFHO-UHFFFAOYSA-N,-6.934052613527301
PCNWBUOSTLGPMI-UHFFFAOYSA-N,-7.5142750868162995
PCQCYDNFBUADOK-UHFFFAOYSA-N,-4.178790559415887
PCWGTDULNUVNBN-UHFFFAOYSA-N,-4.490425349349089
PDIVDRVTPZNRDZ-UHFFFAOYSA-N,-3.926205241907659
PDMFRPIFZAKMLH-UHFFFAOYSA-N,-4.521467025597813
PDQAZBWRQCGBEV-UHFFFAOYSA-N,-6.7678201047985755
PDSNLYSELAIEBU-UHFFFAOYSA-N,-2.3204721833680777
PECXRRMHOQBOIE-UHFFFAOYSA-N,-2.120186437056049
PEDCQBHIVMGVHV-UHFFFAOYSA-N,-8.547351149577445
PETRWTHZSKVLRE-UHFFFAOYSA-N,-5.968935351551108
PFCHFHIRKBAQGU-UHFFFAOYSA-N,-3.1406963830964965
PFDCOZXELJAUTR-UHFFFAOYSA-N,-9.76181906213873
PFEFOYRSMXVNEL-UHFFFAOYSA-N,-4.752733801813667
PFEOZHBOMNWTJB-UHFFFAOYSA-N,2.498813990433089
PFHLGQKVKALLMD-UHFFFAOYSA-N,-4.588164709049792
PFIADAMVCJPXSF-UHFFFAOYSA-N,-3.347483798365639
PFJJMJDEVDLPNE-UHFFFAOYSA-N,-8.076413997819301
PFNCKQIYLAVYJF-UHFFFAOYSA-N,-7.3497059940524245
PFNHSEQQEPMLNI-UHFFFAOYSA-N,-3.8661890879787775
PFRFNYYIOSQSDD-UHFFFAOYSA-N,-4.485112799961778
PGFXOWRDDHCDTE-UHFFFAOYSA-N,2.227776107138084
PGIBJVOPLXHHGS-UHFFFAOYSA-N,-2.8796530823420587
PGJBQBDNXAZHBP-UHFFFAOYSA-N,-8.402735652347326
PGMYKACGEOXYJE-UHFFFAOYSA-N,-2.7179463390262875
PGOOBECODWQEAB-UHFFFAOYSA-N,-19.287194049042085
PGPNJCAMHOJTEF-UHFFFAOYSA-N,-3.4181136996508736
PGRHXDWITVMQBC-UHFFFAOYSA-N,-6.7678201047985755
PHFSTDOPTZHECA-UHFFFAOYSA-N,-4.203269920362599
PHMNXPYGVPEQSJ-UHFFFAOYSA-N,-7.380464585890355
PHNUZKMIPFFYSO-UHFFFAOYSA-N,-5.74137019863738
PHSJJYZIFPWCLZ-UHFFFAOYSA-N,-2.3894168963248577
PHSUVQBHRAWOQD-UHFFFAOYSA-N,-7.295932789229128
PHTQWCKDNZKARW-UHFFFAOYSA-N,-4.260423724843376
PHVNLLCAQHGNKU-UHFFFAOYSA-N,-12.545047579851273
PHYFQTYBJUILEZ-UHFFFAOYSA-N,-1.9911925168110338
PIAOLBVUVDXHHL-UHFFFAOYSA-N,-5.370156484049687
PIEXCQIOSMOEOU-UHFFFAOYSA-N,-6.242835584294218
PIICEJLVQHRZGT-UHFFFAOYSA-N,-9.92812179207876
PIIZYNQECPTVEO-UHFFFAOYSA-N,-8.588723488771727
PIORTDHJOLELKR-UHFFFAOYSA-N,-2.7656641938023725
PISLZQACAJMAIO-UHFFFAOYSA-N,-9.969494131273045
PITDPGCTIMCYEZ-UHFFFAOYSA-N,-4.360599556136064
PITHIPNORFGJPI-UHFFFAOYSA-N,-2.014711651658554
PITWUHDDNUVBPT-UHFFFAOYSA-N,-12.59722491534973
PIVBPZFQXKMHBD-UHFFFAOYSA-N,-3.7376158349350277
PIVQQUNOTICCSA-UHFFFAOYSA-N,-8.984047428516813
PIWKPBJCKXDKJR-UHFFFAOYSA-N,0.25544282225411247
PIZCXVUFSNPNON-UHFFFAOYSA-N,-16.17744805149879
PJANXHGTPQOBST-UHFFFAOYSA-N,-2.1755791211203035
PJANXHGTPQOBST-VAWYXSNFSA-N,-2.1396542799195153
PJGJQVRXEUVAFT-UHFFFAOYSA-N,-1.9145358203658658
PJGSXYOJTGTZAV-UHFFFAOYSA-N,-2.8796530823420587
PJHBSPRZHUOIAS-UHFFFAOYSA-N,-4.521467025597813
PJIFKODHGMUPFH-UHFFFAOYSA-N,3.116236672669109
PJMPHNIQZUBGLI-UHFFFAOYSA-N,-13.083508197160091
PJVJTCIRVMBVIA-UHFFFAOYSA-N,-7.24665408496441
PJVWKTKQMONHTI-UHFFFAOYSA-N,-11.050568689828419
PJXHBTZLHITWFX-UHFFFAOYSA-N,-3.5067192897372266
PKAHQJNJPDVTDP-UHFFFAOYSA-N,-4.203269920362599
PKEGIXYNAGGYPN-UHFFFAOYSA-N,-2.8224992778612816
PKJBWOWQJHHAHG-UHFFFAOYSA-N,-3.0656409187664604
PKQWGBLKCJIMDP-UHFFFAOYSA-N,-6.157023579162503
PKSORSNCSXBXOT-UHFFFAOYSA-N,-5.034576681412846
PKTSCJXWLVREKX-UHFFFAOYSA-N,-5.049383879919942
PLAZTCDQAHEYBI-UHFFFAOYSA-N,-4.618923300887722
PLAZXGNBGZYJSA-UHFFFAOYSA-N,-2.1405347855517354
PLDWAJLZAAHOGG-UHFFFAOYSA-N,-1.7942014162443776
PLGACQRCZCVKGK-UHFFFAOYSA-N,-2.4748046981211087
PLHJDBGFXBMTGZ-UHFFFAOYSA-N,-12.307332773004646
PLIKAWJENQZMHA-UHFFFAOYSA-N,-10.875856356653328
PLLBRTOLHQQAQQ-UHFFFAOYSA-N,-3.7109598433923057
PLQDLOBGKJCDSZ-UHFFFAOYSA-N,-9.689248219517332
PLSMHHUFDLYURK-UHFFFAOYSA-N,-4.588164709049792
PLUBXMRUUVWRLT-UHFFFAOYSA-N,-5.105206582698081
PLZDDPSCZHRBOY-UHFFFAOYSA-N,3.2066792882303594
PLZZPPHAMDJOSR-UHFFFAOYSA-N,-3.39548229415987
PMAAYIYCDXGUAP-UHFFFAOYSA-N,-13.033472851952556
PMBXCGGQNSVESQ-UHFFFAOYSA-N,-1.0015958938881298
PMCVMORKVPSKHZ-UHFFFAOYSA-N,-15.492576701278308
PMGCQNGBLMMXEW-UHFFFAOYSA-N,-4.5982640356750055
PMHURSZHKKJGBM-UHFFFAOYSA-N,-10.111247279055059
PMJHHCWVYXUKFD-UHFFFAOYSA-N,0.5685794664807035
PMPBFICDXLLSRM-UHFFFAOYSA-N,-2.1711659158168173
PMPVIKIVABFJJI-UHFFFAOYSA-N,1.0016155444074535
PMXMIIMHBWHSKN-UHFFFAOYSA-N,-25.59328735957843
PNDPGZBMCMUPRI-UHFFFAOYSA-N,-2.5999868333388902
PNLQPWWBHXMFCA-UHFFFAOYSA-N,0.5685794664807035
PNPCRKVUWYDDST-UHFFFAOYSA-N,-6.109025083368273
PNQBEPDZQUOCNY-UHFFFAOYSA-N,-2.394731120232826
PNVJTZOFSHSLTO-UHFFFAOYSA-N,-5.902237668099129
PNVPNXKRAUBJGW-UHFFFAOYSA-N,-5.225540986819569
POAOYUHQDCAZBD-UHFFFAOYSA-N,-5.500530522443164
POBOUPFSQKXZFZ-UHFFFAOYSA-N,-0.24909127254541907
PODAMDNJNMAKAZ-UHFFFAOYSA-N,0.7241982278530769
POFHGKISWXYKLB-UHFFFAOYSA-N,-4.521467025597813
POFMQEVZKZVAPQ-UHFFFAOYSA-N,-24.267909401141367
POIARNZEYGURDG-FNORWQNLSA-N,-4.4007793654297025
POJWUDADGALRAB-UHFFFAOYSA-N,-21.956297172313054
POLCUAVZOMRGSN-UHFFFAOYSA-N,-1.2611676329941128
POOSGDOYLQNASK-UHFFFAOYSA-N,5.6111171819190435
POQLVOYRGNFGRM-UHFFFAOYSA-N,0.3197537918257869
POULHZVOKOAJMA-UHFFFAOYSA-N,-5.641194367344692
PPBRXRYQALVLMV-UHFFFAOYSA-N,-1.192560199294852
PPDBOQMNKNNODG-UHFFFAOYSA-N,-11.38896601246836
PPDZLUVUQQGIOJ-UHFFFAOYSA-N,-1.4988824398407423
PPKPKFIWDXDAGC-IHWYPQMZSA-N,-1.5770191609744897
PPKPKFIWDXDAGC-NSCUHMNNSA-N,-1.3144425388314227
PPKPKFIWDXDAGC-UHFFFAOYSA-N,-1.0260752548348413
PPLBPDUKNRCHGG-UHFFFAOYSA-N,-1.5510597753391988
PPQNQXQZIWHJRB-UHFFFAOYSA-N,-5.131282911488258
PPTYJKAXVCCBDU-UHFFFAOYSA-N,-12.545047579851273
PPWNCLVNXGCGAF-UHFFFAOYSA-N,0.7492921519157658
PPXUHEORWJQRHJ-UHFFFAOYSA-N,-2.287842594917309
PQHZWWBJPCNNGI-UHFFFAOYSA-N,-1.8573820158850889
PQIOSYKVBBWRRI-UHFFFAOYSA-N,-4.260423724843376
PQJJJMRNHATNKG-UHFFFAOYSA-N,-4.146715477321834
PQKBPHSEKWERTG-UHFFFAOYSA-N,-11.229567604204629
PQLMXFQTAMDXIZ-UHFFFAOYSA-N,-2.1435129952293446
PQNFLJBBNBOBRQ-UHFFFAOYSA-N,-1.4988824398407423
PQOSNJHBSNZITJ-UHFFFAOYSA-N,-4.006278819795942
PQRRSJBLKOPVJV-UHFFFAOYSA-N,-7.839485851780173
PQTBTIFWAXVEPB-UHFFFAOYSA-N,-14.091387710856903
PQYJRMFWJJONBO-UHFFFAOYSA-N,-4.166165649512065
PRAKJMSDJKAYCZ-UHFFFAOYSA-N,-9.096838114100644
PRBHEGAFLDMLAL-UHFFFAOYSA-N,0.8749017070265934
PRKTYWJFCODJOA-UHFFFAOYSA-N,-3.4181136996508736
PRLMFHYBTOQSLN-UHFFFAOYSA-N,-5.323169021262771
PRLVTUNWOQKEAI-UHFFFAOYSA-N,-5.257388881537986
PRNCMAKCNVRZFX-UHFFFAOYSA-N,-4.312601060341832
PRNZBCYBKGCOFI-UHFFFAOYSA-N,0.22570146742146047
PROQIPRRNZUXQM-UHFFFAOYSA-N,-14.253559206559009
PRPINYUDVPFIRX-UHFFFAOYSA-N,-9.376017926564264
PSABUFWDVWCFDP-UHFFFAOYSA-N,3.347503448884963
PSBKJPTZCVYXSD-UHFFFAOYSA-N,-3.1829036168190985
PSINWXIDJYEXLO-UHFFFAOYSA-N,-4.618923300887722
PSQYTAPXSHCGMF-BQYQJAHWSA-N,-4.491191496791516
PSQYTAPXSHCGMF-UHFFFAOYSA-N,-4.862064941792902
PSQZJKGXDGNDFP-UHFFFAOYSA-N,-3.5906254392708195
PSVQKOKKLWHNRP-UHFFFAOYSA-N,2.958907036895644
PSWSPFSDVZVVDC-UHFFFAOYSA-N,-8.114315071650696
PSXCGTLGGVDWFU-UHFFFAOYSA-N,-5.077944566777541
PTCGDEVVHUXTMP-UHFFFAOYSA-N,-12.164560585130085
PTFJIKYUEPWBMS-UHFFFAOYSA-N,-3.2073940665484746
PTJQVJQAZSLKJO-UHFFFAOYSA-N,-5.246959730480095
PTSLUOSUHFGQHV-UHFFFAOYSA-N,-0.048843215755316596
PTTPXKJBFFKCEK-UHFFFAOYSA-N,-3.2381526583864058
PUIYMUZLKQOUOZ-UHFFFAOYSA-N,-11.522776513394305
PUKWIVZFEZFVAT-UHFFFAOYSA-N,-2.386497410590831
PUPZLCDOIYMWBV-UHFFFAOYSA-N,-10.04454959560308
PURSZYWBIQIANP-UHFFFAOYSA-N,-2.3823665363894464
PUYXTUJWRLOUCW-UHFFFAOYSA-N,-7.878185539730821
PVFOMCVHYWHZJE-UHFFFAOYSA-N,-2.394731120232826
PVNIIMVLHYAWGP-UHFFFAOYSA-N,-8.844087385170331
PVOAHINGSUIXLS-UHFFFAOYSA-N,-7.9299284673414245
PVTHJAPFENJVNC-UHFFFAOYSA-N,-12.753670272424877
PVWOIHVRPOBWPI-UHFFFAOYSA-N,-0.6783806750946683
PVYBHVJTMRRXLG-UHFFFAOYSA-N,-2.8796530823420587
PWATWSYOIIXYMA-UHFFFAOYSA-N,-0.9070719524159923
PWEOEHNGYFXZLI-UHFFFAOYSA-N,-10.442301316278945
PWNAWOCHVWERAR-UHFFFAOYSA-N,-8.654364026804847
PWRBCZZQRRPXAB-UHFFFAOYSA-N,-4.119759879941849
PWWSSIYVTQUJQQ-UHFFFAOYSA-N,-3.2381526583864058
PWXTUWQHMIFLKL-UHFFFAOYSA-N,-7.3497059940524245
PWYIUEFFPNVCMW-UHFFFAOYSA-N,-9.621799551532872
PXAGFNRKXSYIHU-UHFFFAOYSA-N,-2.9318304178405152
PXBFMLJZNCDSMP-UHFFFAOYSA-N,-14.547122219567898
PXBRQCKWGAHEHS-UHFFFAOYSA-N,1.5003736520085205
PXDNXJSDGQBLKS-UHFFFAOYSA-N,-20.266421634292026
PXGZQGDTEZPERC-UHFFFAOYSA-N,-11.837159630392676
PXHNHTBJHHSVPT-UHFFFAOYSA-N,3.608546749639401
PXIKRTCSSLJURC-UHFFFAOYSA-N,-5.613813795811627
PXKLMJQFEQBVLD-UHFFFAOYSA-N,-13.415906766496159
PXMNMQRDXWABCY-UHFFFAOYSA-N,-11.425320238104398
PXOZAFXVEWKXED-ISLYRVAYSA-N,-7.194818648093218
PXSOHRWMIRDKMP-UHFFFAOYSA-N,-18.583959361674353
PXSXRABJBXYMFT-UHFFFAOYSA-N,-3.8015845068374166
PXUULQAPEKKVAH-UHFFFAOYSA-N,-4.260423724843376
PXWUKZGIHQRDHL-UHFFFAOYSA-N,-10.008195369967044
PXWYZLWEKCMTEZ-UHFFFAOYSA-N,-3.904888015660939
PYGSKMBEVAICCR-UHFFFAOYSA-N,1.0016155444074535
PYGXAGIECVVIOZ-UHFFFAOYSA-N,-7.94180333203075
PYKLUAIDKVVEOS-RAXLEYEMSA-N,-6.004141360802397
PYKLUAIDKVVEOS-UHFFFAOYSA-N,-10.321966912157457
PYLMCYQHBRSDND-SOFGYWHQSA-N,-3.1575146008822834
PYLMCYQHBRSDND-UHFFFAOYSA-N,-2.5308873456420757
PYLWMHQQBFSUBP-UHFFFAOYSA-N,-0.8770826500624159
PYMYPHUHKUWMLA-UHFFFAOYSA-N,-10.142005870892989
PYOKUURKVVELLB-UHFFFAOYSA-N,-4.521467025597813
PYOLJOJPIPCRDP-UHFFFAOYSA-N,2.2011201155953626
PYUSJFJVDVSXIU-UHFFFAOYSA-N,-0.3428008724578272
PYZHTHZEHQHHEN-UHFFFAOYSA-N,-4.446411561267777
PYZSVQVRHDXQSL-UHFFFAOYSA-N,-11.981797779284125
PZBPKYOVPCNPJY-UHFFFAOYSA-N,-9.689248219517332
PZHIWRCQKBBTOW-UHFFFAOYSA-N,-1.723571514959144
PZIRJMYRYORVIT-UHFFFAOYSA-N,-19.05466615549326
PZPYIRQFCOFLGJ-UHFFFAOYSA-N,-3.8111356746849943
PZXOQEXFMJCDPG-UHFFFAOYSA-N,-16.24949391819001
QABLOFMHHSOFRJ-UHFFFAOYSA-N,-2.8224992778612816
QACXEXNKLFWKLK-UHFFFAOYSA-N,3.250047173595053
QAHFOPIILNICLA-UHFFFAOYSA-N,-12.487893775370498
QAIPRVGONGVQAS-UHFFFAOYSA-N,-19.709944093112295
QALGVLROELGEEM-UHFFFAOYSA-N,3.463931252409282
QANMHLXAZMSUEX-UHFFFAOYSA-N,-17.04585908339957
QAOJBHRZQQDFHA-UHFFFAOYSA-N,-8.678553852399737
QAOWNCQODCNURD-UHFFFAOYSA-N,-22.831746074575797
QAQJMLQRFWZOBN-UHFFFAOYSA-N,-7.283008310600447
QARBMVPHQWIHKH-UHFFFAOYSA-N,-3.8555753406224245
QARVLSVVCXYDNA-UHFFFAOYSA-N,-1.723571514959144
QAYICIQNSGETAS-UHFFFAOYSA-N,-11.164276937349959
QBBJBWKVSJWYQK-UHFFFAOYSA-N,6.99188782442036
QBBKKFZGCDJDQK-UHFFFAOYSA-N,-3.285378003291603
QBDSZLJBMIMQRS-UHFFFAOYSA-N,-7.582233887601252
QBELEDRHMPMKHP-UHFFFAOYSA-N,-2.1169276374250634
QBKSWRVVCFFDOT-UHFFFAOYSA-N,-36.018148502373656
QBPFLULOKWLNNW-UHFFFAOYSA-N,-12.009059795204664
QBSJMKIUCUGGNG-UHFFFAOYSA-N,-6.64575697007276
QBUMXSSCYUMVAW-UHFFFAOYSA-N,-1.0260752548348413
QBYJBZPUGVGKQQ-UHFFFAOYSA-N,-3.1406963830964965
QCAWEPFNJXQPAN-UHFFFAOYSA-N,-13.601043416019925
QCDWFXQBSFUVSP-UHFFFAOYSA-N,-7.9299284673414245
QCFYJCYNJLBDRT-UHFFFAOYSA-N,-4.203269920362599
QCHSJPKDWOFACC-UHFFFAOYSA-N,-4.260423724843376
QCKHVNQHBOGZER-UHFFFAOYSA-N,-1.192560199294852
QCOGKXLOEWLIDC-UHFFFAOYSA-N,-3.4181136996508736
QCPASDYEQAVIJF-UHFFFAOYSA-N,-4.919218746273678
QCQALVMFTWRCFI-UHFFFAOYSA-N,0.30854484732795295
QCRFMSUKWRQZEM-UHFFFAOYSA-N,-5.584040562863915
QCWXDVFBZVHKLV-UHFFFAOYSA-N,-0.3428008724578272
QDFKKJYEIFBEFC-UHFFFAOYSA-N,-1.5789437434720313
QDGZDCVAUDNJFG-UHFFFAOYSA-N,-26.538741841288843
QDHHCQZDFGDHMP-UHFFFAOYSA-N,-4.648180862978673
QDQFGVXGPSYEJU-UHFFFAOYSA-N,-4.987826179972938
QDRXWCAVUNHOGA-UHFFFAOYSA-N,-6.133504444314983
QDTDKYHPHANITQ-UHFFFAOYSA-N,-3.799491404526799
QEDJMOONZLUIMC-UHFFFAOYSA-N,-1.0483859856334465
QEHKBHWEUPXBCW-UHFFFAOYSA-N,-0.585942513363006
QELSKZZBTMNZEB-UHFFFAOYSA-N,-9.146130017078866
QELUAJBXJAWSRC-UHFFFAOYSA-N,-5.082762382929099
QENGPZGAWFQWCZ-UHFFFAOYSA-N,-0.9356326392735907
QEPTXDCPBXMWJC-UHFFFAOYSA-N,-2.681145770927655
QEVGZEDELICMKH-UHFFFAOYSA-N,-14.597419911466519
QEVHRUUCFGRFIF-UHFFFAOYSA-N,-28.57830750522046
QEWYKACRFQMRMB-UHFFFAOYSA-N,-8.761235228391673
QFMDFTQOJHFVNR-UHFFFAOYSA-N,-3.024268579572178
QFOHBWFCKVYLES-UHFFFAOYSA-N,-8.984047428516813
QFQLZVAAQOJUFS-UHFFFAOYSA-N,-3.9439572453805605
QGBRLVONZXHAKJ-UHFFFAOYSA-N,-0.6104218743097172
QGBSISYHAICWAH-UHFFFAOYSA-N,-11.164276937349959
QGDKRLQRLFUJPP-UHFFFAOYSA-N,-1.9667131558643225
QGHREAKMXXNCOA-UHFFFAOYSA-N,-10.142005870892989
QGJOPFRUJISHPQ-UHFFFAOYSA-N,-0.3040996337638271
QGLZXHRNAYXIBU-UHFFFAOYSA-N,-10.008195369967044
QGLZXHRNAYXIBU-WEVVVXLNSA-N,-8.766344769252918
QGQSRQPXXMTJCM-UHFFFAOYSA-N,-9.860314414454526
QGRPVMLBTFGQDQ-UHFFFAOYSA-N,-3.3719631593123496
QGTYWWGEWOBMAK-UHFFFAOYSA-N,-2.7179463390262875
QGVFLDUEHSIZIG-UHFFFAOYSA-N,-4.166165649512065
QGZKDVFQNNGYKY-UHFFFAOYSA-N,-4.446411561267777
QHCCDDQKNUYGNC-UHFFFAOYSA-N,-3.561444235158951
QHGVXILFMXYDRS-UHFFFAOYSA-N,-13.773557907283031
QHJMFSMPSZREIF-UHFFFAOYSA-N,-2.564175533109623
QHLDBFLIDFTHQI-UHFFFAOYSA-N,3.508370918346713
QHMGJGNTMQDRQA-UHFFFAOYSA-N,7.423117692936934
QHMTXANCGGJZRX-UHFFFAOYSA-N,-12.36889047295165
QHOQHJPRIBSPCY-UHFFFAOYSA-N,-6.43015452242126
QHPQWRBYOIRBIT-UHFFFAOYSA-N,-6.056847747869817
QHTJSSMHBLGUHV-UHFFFAOYSA-N,-0.21828762863211312
QHTQREMOGMZHJV-UHFFFAOYSA-N,-6.524678463893396
QHWKHLYUUZGSCW-UHFFFAOYSA-N,-7.207952846270411
QHZSDTDMQZPUKC-UHFFFAOYSA-N,-2.5823484714393334
QIGBRXMKCJKVMJ-UHFFFAOYSA-N,-12.220272773518609
QILSFLSDHQAZET-UHFFFAOYSA-N,-7.132816358486415
QILUYCYPNYWMIL-UHFFFAOYSA-N,-3.2073940665484746
QIMMUPPBPVKWKM-UHFFFAOYSA-N,-2.343665297695446
QIONYIKHPASLHO-UHFFFAOYSA-N,-9.537632708121144
QIORDSKCCHRSSD-UHFFFAOYSA-N,-5.450230061937971
QIQXTHQIDYTFRH-UHFFFAOYSA-N,-12.191483513732452
QJJDNZGPQDGNDX-UHFFFAOYSA-N,-3.6969875578274145
QJOOIMSFFIUFKX-UHFFFAOYSA-N,-3.0656409187664604
QJPJQTDYNZXKQF-UHFFFAOYSA-N,-2.014711651658554
QJRSPJSHRYYBJL-UHFFFAOYSA-N,-7.074142345344466
QJYHUJAGJUHXJN-UHFFFAOYSA-N,-7.8532717708962565
QJZUKDFHGGYHMC-UHFFFAOYSA-N,-7.24665408496441
QKFJKGMPGYROCL-UHFFFAOYSA-N,-2.933993961387893
QKMNFFSBZRGHDJ-UHFFFAOYSA-N,-2.441787493176846
QKRRAXACNUNGCF-UHFFFAOYSA-N,-4.405039222073494
QKSKPIVNLNLAAV-UHFFFAOYSA-N,-4.022708917996745
QKVSMSABRNCNRS-UHFFFAOYSA-N,-0.060957992858648335
QLCTXEMDCZGPCG-UHFFFAOYSA-N,-1.4046243645094316
QLHULAHOXSSASE-UHFFFAOYSA-N,-12.36889047295165
QLNJFJADRCOGBJ-UHFFFAOYSA-N,-2.367470193571946
QLORRTLBSJTMSN-UHFFFAOYSA-N,-7.6986616911255705
QMBJSIBWORFWQT-UHFFFAOYSA-N,-10.61481305589889
QMGVPVSNSZLJIA-UHFFFAOYSA-N,-16.095549019930473
QMMFVYPAHWMCMS-UHFFFAOYSA-N,-1.643497937070861
QMMOXUPEWRXHJS-HWKANZROSA-N,0.8733184658045641
QMMOXUPEWRXHJS-HYXAFXHYSA-N,0.8341832129805784
QMMOXUPEWRXHJS-UHFFFAOYSA-N,1.2626588451618912
QMTNOLKHSWIQBE-UHFFFAOYSA-N,-6.3413011201834735
QMUDLTGWHILKHH-UHFFFAOYSA-N,-1.723571514959144
QNAYBMKLOCPYGJ-UHFFFAOYSA-N,-19.31509029143191
QNBTYORWCCMPQP-UHFFFAOYSA-N,-18.53596086588012
QNGVNLMMEQUVQK-UHFFFAOYSA-N,-7.879927762438978
QNILTEGFHQSKFF-UHFFFAOYSA-N,-8.402735652347326
QNRMTGGDHLBXQZ-UHFFFAOYSA-N,0.7703487681915995
QNVRIHYSUZMSGM-UHFFFAOYSA-N,-3.9166104600824894
QORAVNMWUNPXAO-UHFFFAOYSA-N,-3.8225581356781633
QPFMBZIOSGYJDE-UHFFFAOYSA-N,-2.4958475965353526
QPFYXYFORQJZEC-UHFFFAOYSA-N,-17.83041534300991
QPJDMGCKMHUXFD-UHFFFAOYSA-N,-2.1005236567902674
QPJVMBTYPHYUOC-UHFFFAOYSA-N,-4.038700827598723
QPQKUYVSJWQSDY-CCEZHUSRSA-N,-6.943719274758662
QPQKUYVSJWQSDY-UHFFFAOYSA-N,-11.724545815105202
QPRQEDXDYOZYLA-UHFFFAOYSA-N,-4.521467025597813
QPUYECUOLPXSFR-UHFFFAOYSA-N,-2.4529964376746802
QQCWGAMGBCGAQJ-UHFFFAOYSA-N,3.1283514497724405
QQFGAXUIQVKBKU-UHFFFAOYSA-N,-0.5058689354747232
QQHZPQUHCAKSOL-UHFFFAOYSA-N,-1.9911925168110338
QQLIGMASAVJVON-UHFFFAOYSA-N,-6.216034279739102
QQODLKZGRKWIFG-UHFFFAOYSA-N,-8.241028909031556
QQOMQLYQAXGHSU-UHFFFAOYSA-N,-5.306975884408976
QQONPFPTGQHPMA-UHFFFAOYSA-N,1.2104815096634347
QQQYTWIFVNKMRW-UHFFFAOYSA-N,-9.34564070568343
QQRRQEVOSMEVQB-UHFFFAOYSA-N,-4.618923300887722
QQURWFRNETXFTN-UHFFFAOYSA-N,-4.312601060341832
QQVHEQUEHCEAKS-UHFFFAOYSA-N,-6.845807902946383
QQVIHTHCMHWDBS-UHFFFAOYSA-N,-13.925818222352591
QQZOPKMRPOGIEB-UHFFFAOYSA-N,-3.6230474470735987
QQZWEECEMNQSTG-UHFFFAOYSA-N,-3.4399219600973012
QRMPKOFEUHIBNM-UHFFFAOYSA-N,1.9324571307344485
QROGIFZRVHSFLM-UHFFFAOYSA-N,-1.2447375347933087
QRPPSTNABSMSCS-UHFFFAOYSA-N,-0.26272729456954436
QRUDEWIWKLJBPS-UHFFFAOYSA-N,-6.800242112601357
QSGNQELHULIMSJ-UXBLZVDNSA-N,-9.06125027494263
QSHJLBQLQVSEFV-UHFFFAOYSA-N,-2.8796530823420587
QSJXEFYPDANLFS-UHFFFAOYSA-N,-4.555742701247011
QSKPIOLLBIHNAC-UHFFFAOYSA-N,-4.203269920362599
QSLJIVKCVHQPLV-UHFFFAOYSA-N,-8.402735652347326
QSNSCYSYFYORTR-UHFFFAOYSA-N,-5.442687055930289
QSQLTHHMFHEFIY-UHFFFAOYSA-N,-0.3040996337638271
QSSJZLPUHJDYKF-UHFFFAOYSA-N,-3.94494617561094
QSSXJPIWXQTSIX-UHFFFAOYSA-N,-1.441728635359965
QSVYJSJPLCSACO-UHFFFAOYSA-N,-4.881727722058683
QTBFPMKWQKYFLR-UHFFFAOYSA-N,-1.8866395779760399
QTBSBXVTEAMEQO-UHFFFAOYSA-N,-6.964811205365232
QTDRLOKFLJJHTG-UHFFFAOYSA-N,-7.716044388527196
QTOMCRXZFDHJOL-UHFFFAOYSA-N,-4.0769087210811765
QTXHFDHVLBDJIO-UHFFFAOYSA-N,-11.891679392479523
QTYCMDBMOLSEAM-UHFFFAOYSA-N,-1.0423536188126992
QUBNQDBPPTZYJL-UHFFFAOYSA-N,-3.5820462303820433
QUDWYFHPNIMBFC-UHFFFAOYSA-N,-6.874368589803982
QUGUFLJIAFISSW-UHFFFAOYSA-N,-0.8922647539088961
QUIMTLZDMCNYGY-UHFFFAOYSA-N,-4.038700827598723
QUKGYYKBILRGFE-UHFFFAOYSA-N,-4.676077105368499
QUKOJKFJIHSBKV-UHFFFAOYSA-N,2.770464085185876
QUKRIOLKOHUUBM-UHFFFAOYSA-N,5.143927471911404
QULYNCCPRWKEMF-UHFFFAOYSA-N,0.15292608595557952
QUMDOMSJJIFTCA-UHFFFAOYSA-N,-2.5055708445963116
QUPLGUUISJOUPJ-UHFFFAOYSA-N,-4.919218746273678
QUSNBJAOOMFDIB-UHFFFAOYSA-N,-4.112827304801348
QUWSDLYBOVGOCW-UHFFFAOYSA-N,-4.702733096911221
QVAPRJWSOUITIF-UHFFFAOYSA-N,-3.607055537471622
QVLAWKAXOMEXPM-UHFFFAOYSA-N,-1.4988824398407423
QVWUJLANSDKRAH-UHFFFAOYSA-N,-3.024268579572178
QWBBPBRQALCEIZ-UHFFFAOYSA-N,-6.083503739412539
QWGRWMMWNDWRQN-UHFFFAOYSA-N,-7.021965009846008
QWJDXMFJOMPTCV-UHFFFAOYSA-N,-4.006278819795942
QWPPOHNGKGFGJK-UHFFFAOYSA-N,-5.865883442463094
QWTDNUCVQCZILF-UHFFFAOYSA-N,2.3481105112595726
QWUWMCYKGHVNAV-UHFFFAOYSA-N,-3.0656409187664604
QWVCIORZLNBIIC-UHFFFAOYSA-N,-7.780935862569001
QWVGKYWNOKOFNN-UHFFFAOYSA-N,-5.584040562863915
QXAITBQSYVNQDR-UHFFFAOYSA-N,-4.752733801813667
QXHRQZNDMYRDPA-UHFFFAOYSA-N,-2.8796530823420587
QXJKBPAVAHBARF-UHFFFAOYSA-N,-4.648180862978673
QXJQHYBHAIHNGG-UHFFFAOYSA-N,-8.81838903287245
QXKHYNVANLEOEG-UHFFFAOYSA-N,-8.049171586228502
QXKPLNCZSFACPU-UHFFFAOYSA-N,-5.6383426867142
QXLPXWSKPNOQLE-UHFFFAOYSA-N,-4.752733801813667
QXPLZEKPCGUWEM-UHFFFAOYSA-N,-4.191155143259266
QXSZNDIIPUOQMB-UHFFFAOYSA-N,-1.9911925168110338
QXYMVUZOGFVPGH-UHFFFAOYSA-N,-13.037357656821564
QXZHEJWDLVUFFB-UHFFFAOYSA-N,-2.1392248954842676
QYDYPVFESGNLHU-UHFFFAOYSA-N,-2.120186437056049
QYEGXUUXWMKHHS-UHFFFAOYSA-N,-1.6842796582064983
QYKIQEUNHZKYBP-UHFFFAOYSA-N,-0.21828762863211312
QYMMJNLHFKGANY-UHFFFAOYSA-N,-8.402735652347326
QYPNKSZPJQQLRK-UHFFFAOYSA-N,-8.730476636553743
QYSGYZVSCZSLHT-UHFFFAOYSA-N,4.783666775450534
QYSXJUFSXHHAJI-UHFFFAOYSA-N,-2.8796530823420587
QYZLKGVUSQXAMU-UHFFFAOYSA-N,0.8749017070265934
QZCLKYGREBVARF-UHFFFAOYSA-N,-10.83950213101729
QZESEQBMSFFHRY-UHFFFAOYSA-N,-4.10581364507269
QZHDEAJFRJCDMF-UHFFFAOYSA-N,-4.360599556136064
QZLAEIZEPJAELS-UHFFFAOYSA-N,-0.21828762863211312
QZRGKCOWNLSUDK-UHFFFAOYSA-N,-4.79888434215219
QZSFJRIWRPJUOH-UHFFFAOYSA-N,-4.405039222073494
QZXATCCPQKOEIH-UHFFFAOYSA-N,-13.362568421785443
QZXCCPZJCKEPSA-UHFFFAOYSA-N,-4.648180862978673
QZYHIOPPLUPUJF-UHFFFAOYSA-N,-4.776252936661187
QZYNWJQFTJXIRN-UHFFFAOYSA-N,-1.6848702762651435
RAASUWZPTOJQAY-UHFFFAOYSA-N,-6.512053553989574
RAHZWNYVWXNFOC-UHFFFAOYSA-N,-2.157677461271045
RANCECPPZPIPNO-UHFFFAOYSA-N,-5.049383879919942
RAOIDOHSFRTOEL-UHFFFAOYSA-N,-2.759302677852581
RAPBNVDSDCTNRC-UHFFFAOYSA-N,-7.6986616911255705
RAPZEAPATHNIPO-UHFFFAOYSA-N,-19.448900792357854
RAUQLNDTFONODT-UHFFFAOYSA-N,-8.502911483640014
RAUWPNXIALNKQM-UHFFFAOYSA-N,-13.203842601281579
RBACIKXCRWGCBB-UHFFFAOYSA-N,-3.024268579572178
RBAJFFLBHVZCDY-UHFFFAOYSA-N,-7.021965009846008
RBBNTRDPSVZESY-UHFFFAOYSA-N,-1.0260752548348413
RBFNYMHNIOKXLA-UHFFFAOYSA-N,-4.446411561267777
RBGSZIRWNWQDOK-UHFFFAOYSA-N,-5.257388881537986
RBNIGDFIUWJJEV-UHFFFAOYSA-N,-9.36785291432352
RBNWAMSGVWEHFP-UHFFFAOYSA-N,-7.972003489523088
RBSXHDIPCIWOMG-UHFFFAOYSA-N,-12.545047579851273
RCJVRSBWZCNNQT-UHFFFAOYSA-N,-3.68306360100248
RCSBILYQLVXLJG-UHFFFAOYSA-N,-2.897926357724402
RDBIYWSVMRVKSG-UHFFFAOYSA-N,-12.18157153482461
RDHNTAXPFZIMDN-UHFFFAOYSA-N,-2.151544119776048
RDHPKYGYEGBMSE-UHFFFAOYSA-N,-0.7584542529829512
RDIDGZFQASQXBU-UHFFFAOYSA-N,-24.902714780779014
RDJTWDKSYLLHRW-UHFFFAOYSA-N,-10.03742306652345
RDOWQLZANAYVLL-UHFFFAOYSA-N,-7.539484417905321
RDOXTESZEPMUJZ-UHFFFAOYSA-N,-2.617121172455412
RDQSIADLBQFVMY-UHFFFAOYSA-N,-8.588723488771727
RDYMFSUJUZBWLH-UHFFFAOYSA-N,-4.702733096911221
RECUKUPTGUEGMW-UHFFFAOYSA-N,-5.267639747751154
REEFSLKDEDEWAO-UHFFFAOYSA-N,-19.05466615549326
REEQLXCGVXDJSQ-UHFFFAOYSA-N,-10.275816371818932
REHONNLQRWTIFF-UHFFFAOYSA-N,-3.3719631593123496
REIDAMBAPLIATC-UHFFFAOYSA-N,-9.023645740269679
REIUXOLGHVXAEO-UHFFFAOYSA-N,-3.8447703443182517
RELMFMZEBKVZJC-UHFFFAOYSA-N,-2.2422768045722816
RENMDAKOXSCIGH-UHFFFAOYSA-N,-4.702733096911221
REQPQFUJGGOFQL-UHFFFAOYSA-N,-4.405039222073494
REXUYBKPWIPONM-UHFFFAOYSA-N,-5.370156484049687
REYJJPSVUYRZGE-UHFFFAOYSA-N,-2.014711651658554
RFCAUADVODFSLZ-UHFFFAOYSA-N,2.812317886526306
RFFFKMOABOFIDF-UHFFFAOYSA-N,-3.5737324610232473
RFFLAFLAYFXFSW-UHFFFAOYSA-N,-1.75992574059518
RFFOTVCVTJUTAD-UHFFFAOYSA-N,-2.7980199169145705
RFHAOTPXVQNOHP-UHFFFAOYSA-N,-15.77441958087749
RFJQYRXZGNILIY-UHFFFAOYSA-N,-2.2098547967695015
RFKMCNOHBTXSMU-UHFFFAOYSA-N,-1.2447375347933087
RFZHJHSNHYIRNE-UHFFFAOYSA-N,-4.702733096911221
RGCKGOZRHPZPFP-UHFFFAOYSA-N,-4.873609300670299
RGCLLPNLLBQHPF-CMDGGOBGSA-N,-14.272358695558406
RGCLLPNLLBQHPF-HJWRWDBZSA-N,-14.461176352311686
RGCLLPNLLBQHPF-UHFFFAOYSA-N,-5.361528118341523
RGCZULIFYUPTAR-UHFFFAOYSA-N,-4.360599556136064
RGFNRWTWDWVHDD-UHFFFAOYSA-N,-2.1392248954842676
RGHHSNMVTDWUBI-UHFFFAOYSA-N,-10.666990391397347
RGLYKWWBQGJZGM-UHFFFAOYSA-N,-7.825375528506431
RGNPBRKPHBKNKX-UHFFFAOYSA-N,-4.728254440866955
RGRUUTLDBCWYBL-UHFFFAOYSA-N,-4.405039222073494
RGSFGYAAUTVSQA-UHFFFAOYSA-N,1.1624830138692033
RGXWDWUGBIJHDO-UHFFFAOYSA-N,-2.1755791211203035
RHFKNNBDKARGKL-UHFFFAOYSA-N,-25.072159193655818
RHIROFAGUQOFLU-UHFFFAOYSA-N,-4.588164709049792
RHJOIOVESMTJEK-UHFFFAOYSA-N,-12.18157153482461
RHLVCLIPMVJYKS-UHFFFAOYSA-N,-3.2073940665484746
RHMPLDJJXGPMEX-UHFFFAOYSA-N,-6.33527374602588
RHMRCCBCYFAZIK-UHFFFAOYSA-N,3.2652292774415344
RHPUJHQBPORFGV-UHFFFAOYSA-N,-6.056847747869817
RHQDFWAXVIIEBN-UHFFFAOYSA-N,-4.312601060341832
RHRYBWFAHXCUCR-UHFFFAOYSA-N,-3.2953064628671824
RHUYHJGZWVXEHW-UHFFFAOYSA-N,-4.588164709049792
RIBGNAJQTOXRDK-UHFFFAOYSA-N,-3.024268579572178
RIFGWPKJUGCATF-UHFFFAOYSA-N,-1.3003751284263392
RIFKADJTWUGDOV-UHFFFAOYSA-N,-4.014550138115878
RIMXLXBUOQMDHV-UHFFFAOYSA-N,-2.7593186782205703
RINCXYDBBGOEEQ-UHFFFAOYSA-N,-8.042554347400193
RIOQSEWOXXDEQQ-UHFFFAOYSA-N,-8.402735652347326
RIOXQFHNBCKOKP-UHFFFAOYSA-N,-12.645223411143961
RIQRGMUSBYGDBL-UHFFFAOYSA-N,5.404970772665841
RISLXYINQFKFRL-UHFFFAOYSA-N,-4.618923300887722
RIVIDPPYRINTTH-UHFFFAOYSA-N,-4.595291023520796
RIWRFSMVIUAEBX-UHFFFAOYSA-N,-7.163309250765683
RIZMRRKBZQXFOY-UHFFFAOYSA-N,-6.697190203513344
RJASFPFZACBKBE-UHFFFAOYSA-N,-4.156339983820894
RJCQBQGAPKAMLL-UHFFFAOYSA-N,1.747580807271124
RJGDLRCDCYRQOQ-UHFFFAOYSA-N,-6.262498364559999
RJKCKKDSSSRYCB-UHFFFAOYSA-N,-7.283008310600447
RJKFOVLPORLFTN-UHFFFAOYSA-N,-7.7653593745775495
RJKGJBPXVHTNJL-UHFFFAOYSA-N,-5.78580986457481
RJMDFMUPJANPGX-UHFFFAOYSA-N,-2.6940814915565516
RJMUSRYZPJIFPJ-UHFFFAOYSA-N,-10.526900659580182
RJTJVVYSTUQWNI-UHFFFAOYSA-N,-2.1005236567902674
RJUFJBKOKNCXHH-UHFFFAOYSA-N,-3.024268579572178
RKAMCQVGHFRILV-UHFFFAOYSA-N,0.4736986900853244
RKEHLKXRUVUBJN-UHFFFAOYSA-N,-6.028951505479991
RKLLTEAEZIJBAU-UHFFFAOYSA-N,-2.5823484714393334
RKSOPLXZQNSWAS-UHFFFAOYSA-N,0.2453642476872418
RKUAZJIXKHPFRK-UHFFFAOYSA-N,-1.9667131558643225
RLBIQVVOMOPOHC-UHFFFAOYSA-N,-7.074142345344466
RLLPVAHGXHCWKJ-UHFFFAOYSA-N,-5.584040562863915
RLPGDEORIPLBNF-UHFFFAOYSA-N,2.5432536563705206
RLQJEEJISHYWON-UHFFFAOYSA-N,-14.943112819827242
RLSSMJSEOOYNOY-UHFFFAOYSA-N,-5.999693943389039
RLYCRLGLCUXUPO-UHFFFAOYSA-N,-10.442301316278945
RMBFBMJGBANMMK-UHFFFAOYSA-N,-7.866747867700713
RMBUNHOAKTUXTC-UHFFFAOYSA-N,-3.9068596587245517
RMEDXOLNCUSCGS-UHFFFAOYSA-N,-20.715963187337636
RMGHERXMTMUMMV-UHFFFAOYSA-N,-2.1005236567902674
RMIODHQZRUFFFF-UHFFFAOYSA-N,-8.560520033802964
RMISVOPUIFJTEO-UHFFFAOYSA-N,-1.155069175079856
RMLPZKRPSQVRAB-UHFFFAOYSA-N,-6.109025083368273
RMOGWMIKYWRTKW-UHFFFAOYSA-N,-4.516504306198677
RMOUBSOVHSONPZ-UHFFFAOYSA-N,-2.1005236567902674
RMPWIIKNWPVWNG-UHFFFAOYSA-N,-2.9318304178405152
RMQHJMMCLSJULX-UHFFFAOYSA-N,3.1794172723098204
RMUCZJUITONUFY-UHFFFAOYSA-N,-9.529361389801208
RMVRSNDYEFQCLF-UHFFFAOYSA-N,-2.625508177294625
RNABGKOKSBUFHW-UHFFFAOYSA-N,-4.648180862978673
RNDNTTTUTQAXII-UHFFFAOYSA-N,-9.322573974532066
RNFNDJAIBTYOQL-UHFFFAOYSA-N,-9.420030249821975
RNHWYOLIEJIAMV-UHFFFAOYSA-N,-0.03019940102071778
RNNBHZYEKNHLKT-UHFFFAOYSA-N,-9.8356836303471
RNTWWGNZUXGTAX-UHFFFAOYSA-N,2.7441011115189147
RNVCVTLRINQCPJ-UHFFFAOYSA-N,-5.69337170284315
RNXPZVYZVHJVHM-UHFFFAOYSA-N,-0.8615061620709654
ROFVEXUMMXZLPA-UHFFFAOYSA-N,-10.628289152703347
ROHFNLRQFUQHCH-UHFFFAOYSA-N,-12.060125617742044
ROKKEEDUUQVHFZ-UHFFFAOYSA-N,6.317910699143576
RONFGUROBZGJKP-UHFFFAOYSA-N,-11.146868882702357
ROORDVPLFPIABK-UHFFFAOYSA-N,-3.4609648585115456
ROSDSFDQCJNGOL-UHFFFAOYSA-N,-4.030758180742653
ROTONRWJLXYJBD-UHFFFAOYSA-N,-7.437618390371133
ROVGZAWFACYCSP-UHFFFAOYSA-N,-3.8555753406224245
ROVGZAWFACYCSP-WIURDZCKSA-N,-6.002142935231375
ROWKJAVDOGWPAT-UHFFFAOYSA-N,-4.405039222073494
RPJJBTSXPNFUTA-UHFFFAOYSA-N,-4.178790559415887
RPKWIXFZKMDPMH-UHFFFAOYSA-N,-4.260423724843376
RPNUMPOLZDHAAY-UHFFFAOYSA-N,-17.155190223378806
RPPNJBZNXQNKNM-UHFFFAOYSA-N,-1.723571514959144
RPUFWOAXMFQSDJ-UHFFFAOYSA-N,-2.979828913634747
RPUMZMSNLZHIGZ-UHFFFAOYSA-N,-2.5454345994063425
RQDJADAKIFFEKQ-UHFFFAOYSA-N,1.1490920845735246
RQEOBXYYEPMCPJ-UHFFFAOYSA-N,-9.969494131273045
RQEUFEKYXDPUSK-ZETCQYMHSA-N,-5.612897702361275
RQFUZUMFPRMVDX-UHFFFAOYSA-N,-6.183281863187327
RQIWKWHVZLDXEJ-UHFFFAOYSA-N,-3.9068596587245517
RQKFYFNZSHWXAW-UHFFFAOYSA-N,-5.69337170284315
RQSRPDGSUDRYLH-UHFFFAOYSA-N,-3.0408444677007767
RQVGAIADHNPSME-UHFFFAOYSA-N,-7.5142750868162995
RQVYBGPQFYCBGX-UHFFFAOYSA-N,-9.726352490367866
RQXTZKGDMNIWJF-UHFFFAOYSA-N,-3.767911966661744
RRAFCDWBNXTKKO-UHFFFAOYSA-N,-5.74137019863738
RRBMVWQICIXSEO-UHFFFAOYSA-N,-6.759433099959363
RRHGJUQNOFWUDK-UHFFFAOYSA-N,0.6223163895183655
RRKTZKIUPZVBMF-UHFFFAOYSA-N,-19.50107812785631
RRNIZKPFKNDSRS-UHFFFAOYSA-N,-8.941196269656139
RROQIUMZODEXOR-UHFFFAOYSA-N,-9.458731488515976
RRQYJINTUHWNHW-UHFFFAOYSA-N,-7.437618390371133
RRRXPPIDPYTNJG-UHFFFAOYSA-N,2.498813990433089
RRTWEEAEXPZMPY-UHFFFAOYSA-N,-0.060957992858648335
RRVIAQKBTUQODI-UHFFFAOYSA-N,-6.71583898744539
RSBUDFTVQYJNHK-UHFFFAOYSA-N,-2.979828913634747
RSJKGSCJYJTIGS-UHFFFAOYSA-N,3.9240242988718363
RSMUVYRMZCOLBH-UHFFFAOYSA-N,-19.776641776564272
RSPZSDWVQWRAEF-UHFFFAOYSA-N,-1.9322135720471918
RSWGJHLUYNHPMX-ONCXSQPRSA-N,-14.612781278694406
RTDCJKARQCRONF-UHFFFAOYSA-N,-5.902237668099129
RTGDFNSFWBGLEC-UHFFFAOYSA-N,-17.51866626840547
RTJZWOGSCLVJLD-UHFFFAOYSA-N,-2.8796530823420587
RTNLUFLDZOAXIC-UHFFFAOYSA-N,-2.157677461271045
RTRZHEPXWQXCCI-UHFFFAOYSA-N,-4.676077105368499
RTUZOQFRIPIWPS-UHFFFAOYSA-N,-6.908256762324468
RTZKZFJDLAIYFH-UHFFFAOYSA-N,-2.1392248954842676
RTZZCYNQPHTPPL-UHFFFAOYSA-N,-7.780935862569001
RUDINRUXCKIXAJ-UHFFFAOYSA-N,-0.8922647539088961
RUEIBQJFGMERJD-UHFFFAOYSA-N,-1.435701840200031
RUFPHBVGCFYCNW-UHFFFAOYSA-N,-7.79611796641548
RUIFULUFLANOCI-UHFFFAOYSA-N,-7.537794221663821
RUJPNZNXGCHGID-UHFFFAOYSA-N,-5.022658209735121
RULKYXXCCZZKDZ-UHFFFAOYSA-N,-5.936513343748327
RUMACXVDVNRZJZ-UHFFFAOYSA-N,-2.369741626485624
RUOJZAUFBMNUDX-UHFFFAOYSA-N,-8.148590747299892
RUPAXCPQAAOIPB-UHFFFAOYSA-N,-2.19296181852193
RUTNOQHQISEBGT-UHFFFAOYSA-N,2.958907036895644
RUVINXPYWBROJD-ONEGZZNKSA-N,-3.595389528772711
RUVINXPYWBROJD-UHFFFAOYSA-N,-3.3719631593123496
RUYUCCQRWINUHE-UHFFFAOYSA-N,-3.2073940665484746
RVDDYBGRQLZMSB-UHFFFAOYSA-N,-3.4812942992915845
RVHUMFJSCJBNGS-UHFFFAOYSA-N,-15.451204362084027
RVWLHPJFOKUPNM-UHFFFAOYSA-N,-2.080194216010229
RVZRBWKZFJCCIB-UHFFFAOYSA-N,8.715975939119541
RWCCWEUUXYIKHB-UHFFFAOYSA-N,-6.444604886005115
RWGFKTVRMDUZSP-UHFFFAOYSA-N,-0.6994235735089124
RWLALWYNXFYRGW-UHFFFAOYSA-N,-7.582233887601252
RWNKSTSCBHKHTB-UHFFFAOYSA-N,-0.5058689354747232
RWNUSVWFHDHRCJ-UHFFFAOYSA-N,-5.465838744928158
RWPICVVBGZBXNA-UHFFFAOYSA-N,-4.728254440866955
RWRBSYOTDDOXKC-UHFFFAOYSA-N,-1.385174192319202
RWRDLPDLKQPQOW-UHFFFAOYSA-N,-5.584040562863915
RWRIWBAIICGTTQ-UHFFFAOYSA-N,-0.379155098093863
RWSOTUBLDIXVET-UHFFFAOYSA-N,-0.6104218743097172
RWTNXJXZVGHMGI-UHFFFAOYSA-N,-7.24665408496441
RWXKUYSKUSXRGL-CLFYSBASSA-N,-15.396753565496194
RWZYAGGXGHYGMB-UHFFFAOYSA-N,-12.220272773518609
RXGUIWHIADMCFC-UHFFFAOYSA-N,-1.9911925168110338
RXKJFZQQPQGTFL-UHFFFAOYSA-N,-13.376354340901525
RXPQRKFMDQNODS-UHFFFAOYSA-N,-6.3521667242734505
RXRLRYZUMSYVLS-UHFFFAOYSA-N,-2.287842594917309
RXSIKQJQLQRQQY-UHFFFAOYSA-N,-4.260423724843376
RXUSYFJGDZFVND-UHFFFAOYSA-N,-8.663778953101763
RXYPXQSKLGGKOL-UHFFFAOYSA-N,-7.732937366774767
RYAUSSKQMZRMAI-ALOPSCKCSA-N,-5.6096155104840655
RYAUSSKQMZRMAI-UHFFFAOYSA-N,-5.827182203769095
RYFZYYUIAZYQLC-UHFFFAOYSA-N,-2.8224992778612816
RYGLOWMCGZHYRQ-UHFFFAOYSA-N,-4.648180862978673
RYHBNJHYFVUHQT-UHFFFAOYSA-N,-5.246959730480095
RYLHNOVXKPXDIP-UHFFFAOYSA-N,-13.831560147021282
RYMZZMVNJRMUDD-UHFFFAOYSA-N,-11.023613092448432
RYPKRALMXUUNKS-HWKANZROSA-N,1.0836339102748873
RYUJRXVZSJCHDZ-UHFFFAOYSA-N,-6.617116625625059
RYYVLZVUVIJVGH-UHFFFAOYSA-N,-12.960700960376403
RZCJYMOBWVJQGV-UHFFFAOYSA-N,-9.87854670193237
RZEKVGVHFLEQIL-UHFFFAOYSA-N,-14.547122219567898
RZFZBHKDGHISSH-UHFFFAOYSA-N,-2.4187207620254827
RZILCCPWPBTYDO-UHFFFAOYSA-N,-9.92812179207876
RZJRJXONCZWCBN-UHFFFAOYSA-N,3.250047173595053
RZKKOBGFCAHLCZ-UHFFFAOYSA-N,-4.618923300887722
RZKSECIXORKHQS-UHFFFAOYSA-N,-3.8111356746849943
RZKYEQDPDZUERB-UHFFFAOYSA-N,-13.060876791669088
RZLLIOPGUFOWOD-UHFFFAOYSA-N,-4.159752100987669
RZTDESRVPFKCBH-UHFFFAOYSA-N,-1.377806181901045
RZVAJINKPMORJF-UHFFFAOYSA-N,-14.669212587084132
RZVHIXYEVGDQDX-UHFFFAOYSA-N,-8.34558184786655
RZXIRSKYBISPGF-UHFFFAOYSA-N,-5.500530522443164
RZXLPPRPEOUENN-UHFFFAOYSA-N,-7.207952846270411
RZXMPPFPUUCRFN-UHFFFAOYSA-N,-6.281536822988219
RZXZIZDRFQFCTA-UHFFFAOYSA-N,0.6413548479465845
SAFMWGCEQYLRLS-UHFFFAOYSA-N,-4.728254440866955
SAIKULLUBZKPDA-UHFFFAOYSA-N,-4.278947226958261
SAMJGBVVQUEMGC-UHFFFAOYSA-N,-5.292020852727175
SAOKZLXYCUGLFA-UHFFFAOYSA-N,-6.617116625625059
SAPGTCDSBGMXCD-UHFFFAOYSA-N,-14.653220677482159
SATCULPHIDQDRE-UHFFFAOYSA-N,-6.47250112839494
SBAJRGRUGUQKAF-UHFFFAOYSA-N,-13.44089626024336
SBASXUCJHJRPEV-UHFFFAOYSA-N,-12.731035416275676
SBBHTEMLRJJIGK-UHFFFAOYSA-N,-11.063605313494252
SBMIVUVRFPGOEB-UHFFFAOYSA-N,-0.5337651778645494
SBNFWQZLDJGRLK-UHFFFAOYSA-N,-4.971396081772136
SBPBAQFWLVIOKP-UHFFFAOYSA-N,-5.091730485893622
SBZXBUIDTXKZTM-UHFFFAOYSA-N,-6.512053553989574
SCABKEBYDRTODC-UHFFFAOYSA-N,-15.108081553439506
SCCDDNKJYDZXMM-UHFFFAOYSA-N,-8.47489440686626
SCCDQYPEOIRVGX-UHFFFAOYSA-N,-6.145904485054562
SCKHCCSZFPSHGR-UHFFFAOYSA-N,-5.091730485893622
SCKXCAADGDQQCS-UHFFFAOYSA-N,-6.759433099959363
SCYULBFZEHDVBN-UHFFFAOYSA-N,-0.9356326392735907
SDAXRHHPNYTELL-UHFFFAOYSA-N,-3.6538060389115294
SDDBCEWUYXVGCQ-UHFFFAOYSA-N,-2.5912325016454276
SDJHPPZKZZWAKF-UHFFFAOYSA-N,0.3668101647698073
SDKQRNRRDYRQKY-UHFFFAOYSA-N,-12.806090880605714
SDMSCIWHRZJSRN-UHFFFAOYSA-N,-7.79611796641548
SDQFDHOLCGWZPU-UHFFFAOYSA-N,-3.852346085584828
SDRZFSPCVYEJTP-UHFFFAOYSA-N,-0.44585278154584157
SDXUIOOHCIQXRP-UHFFFAOYSA-N,-0.379155098093863
SDYWXFYBZPNOFX-UHFFFAOYSA-N,-4.521467025597813
SEBFKMXJBCUCAI-UHFFFAOYSA-N,-29.300283126291475
SECKOSOTZOBWEI-UHFFFAOYSA-N,-4.405039222073494
SECKRCOLJRRGGV-UHFFFAOYSA-N,-26.452929836157132
SECXISVLQFMRJM-UHFFFAOYSA-N,-9.34564070568343
SEEOMASXHIJCDV-UHFFFAOYSA-N,3.0169841072567465
SEERZIQQUAZTOL-UHFFFAOYSA-N,-23.01385259602091
SEGLCEQVOFDUPX-UHFFFAOYSA-N,-8.039259607320659
SEOVTRFCIGRIMH-UHFFFAOYSA-N,-11.6906712834369
SEPQTYODOKLVSB-UHFFFAOYSA-N,-4.766206248632464
SEQRDAAUNCRFIT-UHFFFAOYSA-N,-0.7584542529829512
SESFRYSPDFLNCH-UHFFFAOYSA-N,-5.077944566777541
SEWHDNLIHDBVDZ-UHFFFAOYSA-N,-2.9318304178405152
SFBHPFQSSDCYSL-UHFFFAOYSA-N,-4.945286686856985
SFIQHFBITUEIBP-UHFFFAOYSA-N,-4.312601060341832
SFLSHLFXELFNJZ-UHFFFAOYSA-N,-23.369489822617155
SFNAUTSNWPPDSY-UHFFFAOYSA-N,-4.446411561267777
SFNPDDSJBGRXLW-UHFFFAOYSA-N,-10.601027136782808
SFNPDDSJBGRXLW-UITAMQMPSA-N,-9.730830896521145
SFNPDDSJBGRXLW-WEVVVXLNSA-N,-9.4410282263258
SFPQFQUXAJOWNF-UHFFFAOYSA-N,-2.5217952068540814
SFRKSDZMZHIISH-UHFFFAOYSA-N,2.7571377351847484
SFTUSTXGTCCSHX-UHFFFAOYSA-N,-2.5161770373153916
SFVWPXMPRCIVOK-UHFFFAOYSA-N,-5.472305968481594
SFZCNBIFKDRMGX-UHFFFAOYSA-N,3.0069055326898746
SGAWOGXMMPSZPB-UHFFFAOYSA-N,-3.150682819039255
SGDBTWWWUNNDEQ-UHFFFAOYSA-N,-14.9227833790472
SGEJQUSYQTVSIU-UHFFFAOYSA-N,-2.8224992778612816
SGHBRHKBCLLVCI-UHFFFAOYSA-N,-11.107123132869182
SGNXVBOIDPPRJJ-UHFFFAOYSA-N,-9.130138107476888
SGVYKUFIHHTIFL-UHFFFAOYSA-N,3.296797675034961
SHCRDCOTRILILT-UHFFFAOYSA-N,-10.321966912157457
SHDPRTQPPWIEJG-UHFFFAOYSA-N,0.2354522687793984
SHIBSTMRCDJXLN-UHFFFAOYSA-N,-12.545047579851273
SHOJXDKTYKFBRD-UHFFFAOYSA-N,-3.96311911394065
SHSGYHAHMQLYRB-UHFFFAOYSA-N,-3.232858214262807
SHZIWNPUGXLXDT-UHFFFAOYSA-N,-2.1755791211203035
SICLLPHPVFCNTJ-UHFFFAOYSA-N,-13.256019936780035
SIDINRCMMRKXGQ-UHFFFAOYSA-N,-2.157677461271045
SIEILFNCEFEENQ-UHFFFAOYSA-N,-9.378657910627693
SIKFMUYSQCEQOO-UHFFFAOYSA-N,3.383857674520999
SIKJAQJRHWYJAI-UHFFFAOYSA-N,-6.499157119937662
SIYISNUJKMAQBV-UHFFFAOYSA-N,-1.1073665423117456
SJEBAWHUJDUKQK-UHFFFAOYSA-N,-9.334218244690263
SJFBZRQKGOGHEV-UHFFFAOYSA-N,-4.521467025597813
SJJISKLXUJVZOA-UHFFFAOYSA-N,-10.146241962647002
SJMYWORNLPSJQO-UHFFFAOYSA-N,-1.6559516061564912
SJQBHPJLLIJASD-UHFFFAOYSA-N,-12.0841152595347
SJRJJKPEHAURKC-UHFFFAOYSA-N,-6.47250112839494
SJTBRFHBXDZMPS-UHFFFAOYSA-N,-6.056847747869817
SJTPBRMACCDJPZ-UHFFFAOYSA-N,-4.676077105368499
SJWFXCIHNDVPSH-UHFFFAOYSA-N,-3.9541014842974853
SJWKGDGUQTWDRV-UHFFFAOYSA-N,-2.3118151758541012
SKDFWEPBABSFMG-UHFFFAOYSA-N,0.5859621638823297
SKGXUFZRYNGFJS-UHFFFAOYSA-N,-1.6777310599316797
SKGXYFVQZVPEFP-UHFFFAOYSA-N,-4.900766180486901
SKKTUOZKZKCGTB-UHFFFAOYSA-N,-7.537794221663821
SKZKKFZAGNVIMN-UHFFFAOYSA-N,-11.002570194034188
SLCVBVWXLSEKPL-UHFFFAOYSA-N,-9.083733160316346
SLGBZMMZGDRARJ-UHFFFAOYSA-N,-7.5142750868162995
SLGOCMATMKJJCE-UHFFFAOYSA-N,1.0766710087374896
SLINHMUFWFWBMU-UHFFFAOYSA-N,-13.037357656821564
SLWGJZPKHAXZQL-UHFFFAOYSA-N,-5.651189905662196
SLZWBCGZQRRUNG-UHFFFAOYSA-N,-7.976079007679946
SMDHCQAYESWHAE-UHFFFAOYSA-N,-2.7179463390262875
SMFHPCZZAAMJJO-UHFFFAOYSA-N,-6.584099420680797
SMIOEQSLJNNKQF-UHFFFAOYSA-N,-7.362833840762877
SMKRKQBMYOFFMU-UHFFFAOYSA-N,-5.827182203769095
SMNOERSLNYGGOU-UHFFFAOYSA-N,-2.2098547967695015
SMOZJCPUZPHHKQ-UHFFFAOYSA-N,-3.799491404526799
SMQUZDBALVYZAC-UHFFFAOYSA-N,-6.43015452242126
SMWDFEZZVXVKRB-UHFFFAOYSA-N,-5.78580986457481
SMYMJHWAQXWPDB-UHFFFAOYSA-N,-7.839485851780173
SMZHKGXSEAGRTI-UHFFFAOYSA-N,-5.641194367344692
SNGREZUHAYWORS-UHFFFAOYSA-N,-2.9318304178405152
SNHMUERNLJLMHN-UHFFFAOYSA-N,-1.8266234240471582
SNICXCGAKADSCV-UHFFFAOYSA-N,-9.607349187949017
SNIOPGDIGTZGOP-UHFFFAOYSA-N,-8.008501015482729
SNKTZBNDUVWOAZ-UHFFFAOYSA-N,-7.905449106394714
SNKTZHPOKPYBPT-UHFFFAOYSA-N,-4.555742701247011
SNMVRZFUUCLYTO-UHFFFAOYSA-N,-0.379155098093863
SNRUBQQJIBEYMU-UHFFFAOYSA-N,3.3654051087342216
SNTRKUOVAPUGAY-UHFFFAOYSA-N,-5.500530522443164
SNWFMKXFMVHBKD-UHFFFAOYSA-N,-4.521467025597813
SNWVRVDHQRBBFG-UHFFFAOYSA-N,-4.485112799961778
SOBGIMQKWDUEPY-UHFFFAOYSA-N,-5.236345983123741
SODKTKJZYBOMMT-UHFFFAOYSA-N,-4.312601060341832
SODPIMGUZLOIPE-UHFFFAOYSA-N,-8.99672270117672
SOGAXMICEFXMKE-UHFFFAOYSA-N,-2.394731120232826
SOTLWPHEAQOHHC-UHFFFAOYSA-N,-11.107123132869182
SOTPOQQKAUOHRO-UHFFFAOYSA-N,-17.01510049156164
SOUGWDPPRBKJEX-UHFFFAOYSA-N,-9.8356836303471
SOYLPZSOEXZMLE-UHFFFAOYSA-N,3.508370918346713
SPANOECCGNXGNR-UHFFFAOYSA-N,-5.316419561012024
SPANOECCGNXGNR-UITAMQMPSA-N,-5.898315556801734
SPANOECCGNXGNR-WEVVVXLNSA-N,-6.499778645464122
SPEUIVXLLWOEMJ-UHFFFAOYSA-N,-3.607055537471622
SPJQDMKTFSPPLO-UHFFFAOYSA-N,-6.335813063671669
SPMZHWVRMWWTSY-UHFFFAOYSA-N,-4.203269920362599
SPNQRCTZKIBOAX-UHFFFAOYSA-N,-5.168387182338789
SPOPSCCFZQFGDL-UHFFFAOYSA-N,-2.2098547967695015
SPPGDLROKBFNNO-UHFFFAOYSA-N,-4.260423724843376
SPPWGCYEYAMHDT-UHFFFAOYSA-N,1.8600830041602752
SPSSULHKWOKEEL-UHFFFAOYSA-N,-8.454912987845782
SPXWGAHNKXLXAP-UHFFFAOYSA-N,-10.918403350622462
SPZGXONNVLTQDE-UHFFFAOYSA-N,-10.142005870892989
SQAQTWYUQXFOMH-UHFFFAOYSA-N,-19.07534617276432
SQBHGDSDVWCPHN-UHFFFAOYSA-N,-12.932804717986574
SQCZQTSHSZLZIQ-UHFFFAOYSA-N,-0.060957992858648335
SQEGLLMNIBLLNQ-UHFFFAOYSA-N,2.315688503456792
SQFXATUXPUCFFO-UHFFFAOYSA-N,-19.941210869328145
SQNZJJAZBFDUTD-UHFFFAOYSA-N,-0.048843215755316596
SQYNKIJPMDEDEG-UHFFFAOYSA-N,-3.9068596587245517
SRMWNTGHXHOWBT-UHFFFAOYSA-N,3.0069055326898746
SRPWOOOHEPICQU-UHFFFAOYSA-N,-11.662790103148513
SRRJCDUOSQWHGS-UHFFFAOYSA-O,-36.926111959869075
SRSXLGNVWSONIS-UHFFFAOYSA-N,-9.708087289391491
SSGYCIQAXNQIBC-UHFFFAOYSA-N,-4.312601060341832
SSHHYBPAMCLKRH-UHFFFAOYSA-N,-21.660978195909422
SSIZLKDLDKIHEV-UHFFFAOYSA-N,-7.560425627154823
SSNXYMVLSOMJLU-UHFFFAOYSA-N,-1.1046478029761444
SSTJUBQGYXNFFP-UHFFFAOYSA-N,-2.681145770927655
SSZOCHFYWWVSAI-UHFFFAOYSA-N,-1.9145358203658658
SSZWWUDQMAHNAQ-UHFFFAOYSA-N,-7.79611796641548
STCOOQWBFONSKY-UHFFFAOYSA-N,-5.902237668099129
STEPQTYSZVCJPV-UHFFFAOYSA-N,-9.92842372637259
STJLVHWMYQXCPB-UHFFFAOYSA-N,-10.321966912157457
STJXCDGCXVZHDU-UHFFFAOYSA-N,-9.726352490367866
STMIIPIFODONDC-UHFFFAOYSA-N,-5.903345696918425
STNJBCKSHOAVAJ-UHFFFAOYSA-N,-2.9318304178405152
STPOJASQXPXVMS-UHFFFAOYSA-N,-16.202437545245992
STSCVKRWJPWALQ-UHFFFAOYSA-N,-0.5337651778645494
STUSTWKEFDQFFZ-UHFFFAOYSA-N,-6.759433099959363
STZZWJCGRKXEFF-UHFFFAOYSA-N,-5.316419561012024
SUAKHGWARZSWIH-UHFFFAOYSA-N,-7.197426253827928
SUAUILGSCPYJCS-UHFFFAOYSA-N,-6.33527374602588
SUBDBMMJDZJVOS-UHFFFAOYSA-N,-23.415055612962178
SUBRHHYLRGOTHL-UHFFFAOYSA-N,-2.4958475965353526
SUGZATOHBPXTDV-UHFFFAOYSA-N,-6.76381321999077
SUOAMBOBSWRMNQ-UHFFFAOYSA-N,-2.4303650321836776
SUPCQIBBMFXVTL-UHFFFAOYSA-N,-2.316403281774907
SURZCVYFPAXNGN-UHFFFAOYSA-N,-6.949237353157773
SUSQOBVLVYHIEX-UHFFFAOYSA-N,-3.1406963830964965
SUSRORUBZHMPCO-UHFFFAOYSA-N,-5.527486119823152
SUVIGLJNEAMWEG-UHFFFAOYSA-N,-0.921522315999847
SUYHYHLFUHHVJQ-UHFFFAOYSA-N,-10.008195369967044
SUYRLXYYZQTJHF-UHFFFAOYSA-N,-38.35303314270891
SVDDJQGVOFZBNX-UHFFFAOYSA-N,-1.9145358203658658
SVEMKBCPZYWEPH-UHFFFAOYSA-N,3.3301207514833364
SVHOVVJFOWGYJO-UHFFFAOYSA-N,-9.234042413397574
SVJNECJVNWTYQG-UHFFFAOYSA-N,-4.112827304801348
SVONRAPFKPVNKG-UHFFFAOYSA-N,-4.987826179972938
SVPKNMBRVBMTLB-UHFFFAOYSA-N,-10.251337010872223
SVTBMSDMJJWYQN-UHFFFAOYSA-N,-6.668400943727185
SVYKKECYCPFKGB-UHFFFAOYSA-N,-4.203269920362599
SWBHWUYHHJCADA-UHFFFAOYSA-N,-6.556475764073942
SWJPEBQEEAHIGZ-UHFFFAOYSA-N,-1.9411918119085876
SWMGXKSQWDSBKV-UHFFFAOYSA-N,-13.977995557851047
SWTZSHBOMGAQKX-UHFFFAOYSA-N,9.131629319644667
SWUIQEBPZIHZQS-UHFFFAOYSA-N,-8.146997399005016
SWWHCQCMVCPLEQ-UHFFFAOYSA-N,-4.937120406122936
SWXVUIWOUIDPGS-UHFFFAOYSA-N,-9.399700809041937
SXCBDZAEHILGLM-UHFFFAOYSA-N,-10.679354975240727
SXFLURRQRFKBNN-UHFFFAOYSA-N,-1.5990582711334298
SXHLTVKPNQVZGL-UHFFFAOYSA-N,-2.120186437056049
SXJYSIBLFGQAND-UHFFFAOYSA-N,-1.5510597753391988
SXKBHOQOOGRFJF-UHFFFAOYSA-N,-2.014711651658554
SXQBHARYMNFBPS-UHFFFAOYSA-N,-6.759433099959363
SXRSQZLOMIGNAQ-UHFFFAOYSA-N,-8.165020845500697
SXSWMAUXEHKFGX-UHFFFAOYSA-N,-4.618923300887722
SXXILWLQSQDLDL-UHFFFAOYSA-N,-5.131282911488258
SXZSFWHOSHAKMN-UHFFFAOYSA-N,-2.979828913634747
SYBYTAAJFKOIEJ-UHFFFAOYSA-N,-3.2953064628671824
SYDNSSSQVSOXTN-UHFFFAOYSA-N,-4.521467025597813
SYELZBGXAIXKHU-UHFFFAOYSA-N,-11.891679392479523
SYJGKVOENHZYMQ-UHFFFAOYSA-N,-22.626095457885615
SYSBNFJJSJLZMM-UHFFFAOYSA-N,-2.080194216010229
SZBZRVJHPZIGAY-UHFFFAOYSA-N,-4.046539646029148
SZCWBURCISJFEZ-UHFFFAOYSA-N,-10.137555636972856
SZERMVMTUUAYML-UHFFFAOYSA-N,-4.191155143259266
SZHOJFHSIKHZHA-UHFFFAOYSA-N,-7.592977686877919
SZIFAVKTNFCBPC-UHFFFAOYSA-N,-5.69337170284315
SZKKNEOUHLFYNA-UHFFFAOYSA-N,-3.0656409187664604
SZKKRCSOSQAJDE-UHFFFAOYSA-N,-20.207871645080846
SZMNDOUFZGODBR-UHFFFAOYSA-N,-4.555742701247011
SZNYYWIUQFZLLT-UHFFFAOYSA-N,-1.385174192319202
SZXQTJUDPRGNJN-UHFFFAOYSA-N,-9.234042413397574
TTWJBBZEZQICBI-UHFFFAOYSA-N,-7.123475383523744
TUALLFJCLUYJEN-UHFFFAOYSA-N,2.227776107138084
TUAMRELNJMMDMT-UHFFFAOYSA-N,-6.415347323914164
TUBQDCKAWGHZPF-UHFFFAOYSA-N,-13.288441944582816
TUGYIJVAYAHHHM-UHFFFAOYSA-N,-8.663778953101763
TUJKJAMUKRIRHC-UHFFFAOYSA-N,-4.172511328524669
TULCXSBAPHCWCF-UHFFFAOYSA-N,-2.564175533109623
TUNFSRHWOTWDNC-UHFFFAOYSA-N,-6.331044088034023
TURXXOIFVABBPW-UHFFFAOYSA-N,-5.019394577566366
TUXYZHVUPGXXQG-UHFFFAOYSA-N,-7.335416878427399
TVDSBUOJIPERQY-UHFFFAOYSA-N,-5.540522743488985
TVFXBXWAXIMLAQ-UHFFFAOYSA-N,-2.441787493176846
TVIDDXQYHWJXFK-UHFFFAOYSA-N,-13.465561137055408
TVLSRXXIMLFWEO-UHFFFAOYSA-N,-11.200933431855908
TVMXDCGIABBOFY-UHFFFAOYSA-N,2.8495758969164107
TVQGDYNRXLTQAP-UHFFFAOYSA-N,-2.4068458973361575
TVRGPOFMYCMNRB-UHFFFAOYSA-N,-19.673589867476256
TVTCXPXLRKTHAU-UHFFFAOYSA-N,2.7188484931203605
TVYVQNHYIHAJTD-UHFFFAOYSA-N,-2.080194216010229
TWBPWBPGNQWFSJ-UHFFFAOYSA-N,-7.24665408496441
TWFZGCMQGLPBSX-UHFFFAOYSA-N,-12.59722491534973
TWLLPUMZVVGILS-UHFFFAOYSA-N,-8.588723488771727
TWSRVQVEYJNFKQ-UHFFFAOYSA-N,-2.19296181852193
TWXUTZNBHUWMKJ-UHFFFAOYSA-N,-3.293773489139678
TXCDCPKCNAJMEE-UHFFFAOYSA-N,-2.9318304178405152
TXECTBGVEUDNSL-UHFFFAOYSA-N,-4.978120636906411
TXEYQDLBPFQVAA-UHFFFAOYSA-N,3.104361807979785
TXFPEBPIARQUIG-UHFFFAOYSA-N,-9.708564914168607
TXINBPKSWKFMNB-UHFFFAOYSA-N,-2.617121172455412
TXOHWLOHKUPUKO-UHFFFAOYSA-N,-2.287842594917309
TXVHTIQJNYSSKO-UHFFFAOYSA-N,-6.845807902946383
TYEDCFVCFDKSBK-UHFFFAOYSA-N,-2.2098547967695015
TYFQFVWCELRYAO-UHFFFAOYSA-N,-15.634329849060325
TYIYMOAHACZAMQ-UHFFFAOYSA-N,-8.918564864165138
TYMLOMAKGOJONV-UHFFFAOYSA-N,-10.17126343298394
TYNRPOFACABVSI-UHFFFAOYSA-N,1.4315472440249888
TYSIILFJZXHVPU-UHFFFAOYSA-N,3.2207896115041037
TYWMIZZBOVGFOV-UHFFFAOYSA-N,-1.3371756965249708
TYYBFXNZMFNZJT-UHFFFAOYSA-N,-53.66184461434488
TZBPRYIIJAJUOY-UHFFFAOYSA-N,-3.7109598433923057
TZGFQIXRVUHDLE-UHFFFAOYSA-N,-3.174972058745694
TZIHFWKZFHZASV-UHFFFAOYSA-N,-2.8224992778612816
TZMFJUDUGYTVRY-UHFFFAOYSA-N,-4.23314080639961
TZMHVHLTPWKZCI-UHFFFAOYSA-N,-2.1392248954842676
TZNRRNKRZXHADL-UHFFFAOYSA-N,2.643429487663208
TZRXHJWUDPFEEY-UHFFFAOYSA-N,-10.111247279055059
TZYRSLHNPKPEFV-UHFFFAOYSA-N,-4.312601060341832
UAEPNZWRGJTJPN-UHFFFAOYSA-N,1.6064721099227772
UAFNQQBPUWFPGC-UHFFFAOYSA-N,-3.9166104600824894
UAHWPYUMFXYFJY-UHFFFAOYSA-N,-0.5337651778645494
UAIUNKRWKOVEES-UHFFFAOYSA-N,-11.804619392993486
UAOMVDZJSHZZME-UHFFFAOYSA-N,-3.0656409187664604
UATJOMSPNYCXIX-UHFFFAOYSA-N,-9.146130017078866
UAUDZVJPLUQNMU-UHFFFAOYSA-N,-5.493597947302664
UAWLTQJFZUYROA-UHFFFAOYSA-N,-8.627424727465728
UBCKGWBNUIFUST-BJMVGYQFSA-N,-7.76637877098189
UBCKGWBNUIFUST-UHFFFAOYSA-N,-9.92812179207876
UBCKGWBNUIFUST-YHYXMXQVSA-N,-8.214967922452852
UBJVUCKUDDKUJF-UHFFFAOYSA-N,-1.441728635359965
UBOXGVDOUJQMTN-UHFFFAOYSA-N,-2.059151317595985
UBSUICNYBBPFHD-UHFFFAOYSA-N,-13.977995557851047
UBUCNCOMADRQHX-UHFFFAOYSA-N,-1.9145358203658658
UBZVRROHBDDCQY-UHFFFAOYSA-N,-12.59722491534973
UCDPMNSCCRBWIC-UHFFFAOYSA-N,-10.442301316278945
UCFGNWHERVQWMZ-UHFFFAOYSA-N,0.2453642476872418
UCHSAVGOZUCXHC-UHFFFAOYSA-N,5.588485776428042
UCLKLGIYGBLTSM-UHFFFAOYSA-N,-2.394731120232826
UCLXUUYVWJKXIK-UHFFFAOYSA-N,-4.10581364507269
UCNVFOCBFJOQAL-UHFFFAOYSA-N,-3.8868691052498368
UCRQJBCLZKHOGX-UHFFFAOYSA-N,-4.521467025597813
UCTWMZQNUQWSLP-UHFFFAOYSA-N,-22.88713875864005
UDEWPOVQBGFNGE-UHFFFAOYSA-N,-3.9217083139403774
UDHXJZHVNHGCEC-UHFFFAOYSA-N,-15.942832588365992
UDMZPLROONOSEF-UHFFFAOYSA-N,-2.273035396410213
UDPGUMQDCGORJQ-UHFFFAOYSA-N,-15.567632165608346
UDPHJTAYHSSOQB-UHFFFAOYSA-N,-2.310926683708402
UDSAIICHUKSCKT-UHFFFAOYSA-N,-23.081301264005372
UDSFAEKRVUSQDD-UHFFFAOYSA-N,-6.133504444314983
UDZCUJOKBNABRS-UHFFFAOYSA-N,-3.5384481037723616
UEEJHVSXFDXPFK-UHFFFAOYSA-N,-6.443571836340626
UEGBWDUVDAKUGA-UHFFFAOYSA-N,-1.745459356522959
UELITFHSCLAHKR-UHFFFAOYSA-N,-7.380464585890355
UEMGWPRHOOEKTA-UHFFFAOYSA-N,-0.776906818769728
UENWRTRMUIOCKN-UHFFFAOYSA-N,-2.9318304178405152
UEXCJVNBTNXOEH-UHFFFAOYSA-N,-1.4109700435220343
UEZWYKZHXASYJN-UHFFFAOYSA-N,-7.7653593745775495
UFBJCMHMOXMLKC-UHFFFAOYSA-N,-7.582233887601252
UFEODZBUAFNAEU-UHFFFAOYSA-N,-14.34147160287772
UFFBMTHBGFGIHF-UHFFFAOYSA-N,-5.571925785760584
UFHLMYOGRXOCSL-UHFFFAOYSA-N,-9.263832212938611
UFLHIIWVXFIJGU-ARJAWSKDSA-N,-4.8877394253675615
UFNIBRDIUNVOMX-UHFFFAOYSA-N,-2.7917406860233513
UFNOUKDBUJZYDE-UHFFFAOYSA-N,-10.460202976128205
UFULAYFCSOUIOV-UHFFFAOYSA-N,-6.733544429149378
UFWIBTONFRDIAS-UHFFFAOYSA-N,-2.4303650321836776
UGAZGYFCTFGQQH-UHFFFAOYSA-N,-3.8447703443182517
UGCSPKPEHQEOSR-UHFFFAOYSA-N,0.8470054646367673
UGFAIRIUMAVXCW-UHFFFAOYSA-N,2.1755987716396277
UGNWTBMOAKPKBL-UHFFFAOYSA-N,-9.130138107476888
UGQQAJOWXNCOPY-UHFFFAOYSA-N,-4.919218746273678
UGVRJVHOJNYEHR-UHFFFAOYSA-N,-5.902237668099129
UGWALRUNBSBTGI-UHFFFAOYSA-N,-10.36481807101813
UHCBBWUQDAVSMS-UHFFFAOYSA-N,-0.17028913283788208
UHCLFIWDCYOTOL-UHFFFAOYSA-N,-2.2098547967695015
UHEPJGULSIKKTP-UHFFFAOYSA-N,-3.7366935226759255
UHGULLIUJBCTEF-UHFFFAOYSA-N,-11.492017921556375
UHHYOKRQTQBKSB-UHFFFAOYSA-N,-0.17028913283788208
UHJJSHWWLQIIOU-UHFFFAOYSA-N,-4.521467025597813
UHOVQNZJYSORNB-UHFFFAOYSA-N,-0.9628946551941299
UHWURQRPEIFIAK-UHFFFAOYSA-N,-7.074142345344466
UHXUZOCRWCRNSJ-DAXSKMNVSA-N,-8.669343745283753
UHXUZOCRWCRNSJ-QPJJXVBHSA-N,-8.92792395367166
UHXUZOCRWCRNSJ-UHFFFAOYSA-N,-12.645223411143961
UIHCLUNTQKBZGK-UHFFFAOYSA-N,-3.174972058745694
UIKROCXWUNQSPJ-UHFFFAOYSA-N,-13.688103415505964
UIQGEWJEWJMQSL-UHFFFAOYSA-N,-2.4958475965353526
UISKIUIWPSPSAV-UHFFFAOYSA-N,-8.333467070763216
UISUNVFOGSJSKD-UHFFFAOYSA-N,-16.599447111036515
UIUJIQZEACWQSV-UHFFFAOYSA-N,-7.074142345344466
UIZUTEDYGNRNSW-UHFFFAOYSA-N,-3.4812942992915845
UJAHPBDUQZFDLA-UHFFFAOYSA-N,-8.547351149577445
UJBOOUHRTQVGRU-UHFFFAOYSA-N,-3.1291882428515727
UJEUVDLASLOZIV-UHFFFAOYSA-N,3.48573951285571
UJIGKESMIPTWJH-UHFFFAOYSA-N,0.7241982278530769
UJMWVICAENGCRF-UHFFFAOYSA-N,1.5168037502093248
UJOBWOGCFQCDNV-UHFFFAOYSA-N,-7.464274381913855
UJPMYEOUBPIPHQ-UHFFFAOYSA-N,1.8561982486213555
UJPPXNXOEVDSRW-UHFFFAOYSA-N,-2.8234128897118724
UJQZTMFRMLEYQN-UHFFFAOYSA-N,-0.060957992858648335
UJVHVMNGOZXSOZ-UHFFFAOYSA-N,-15.052443959806475
UKFQWAVMIMCNEH-UHFFFAOYSA-N,-4.098716981527604
UKOTXHQERFPCBU-UHFFFAOYSA-N,-18.744826831136102
UKSLKNUCVPZQCQ-BOPFTXTBSA-N,-6.487286589183874
UKSLKNUCVPZQCQ-GZTJUZNOSA-N,-6.127620845003779
ULBTUVJTXULMLP-UHFFFAOYSA-N,0.20666300899324164
ULBXWWGWDPVHAO-UHFFFAOYSA-N,-8.96300453010257
ULDHMXUKGWMISQ-SECBINFHSA-N,-4.706831013790156
ULDHMXUKGWMISQ-UHFFFAOYSA-N,-4.312601060341832
ULDHMXUKGWMISQ-VIFPVBQESA-N,-4.91071292948966
ULGAVXUJJBOWOD-UHFFFAOYSA-N,-7.021965009846008
ULIKDJVNUXNQHS-UHFFFAOYSA-N,-2.080194216010229
ULLJIFAIUSUJBP-UHFFFAOYSA-N,-14.796677408997475
ULPMRIXXHGUZFA-UHFFFAOYSA-N,-2.7659448348205187
ULSLJYXHZDTLQK-UHFFFAOYSA-N,-16.109999383514328
ULTHEAFYOOPTTB-UHFFFAOYSA-N,-3.174972058745694
ULYZAYCEDJDHCC-UHFFFAOYSA-N,-0.26272729456954436
UMFJAHHVKNCGLG-UHFFFAOYSA-N,-5.827182203769095
UMGDCJDMYOKAJW-UHFFFAOYSA-N,-9.8356836303471
UMIPWJGWASORKV-UHFFFAOYSA-N,0.6413548479465845
UMKANAFDOQQUKE-UHFFFAOYSA-N,-9.096815031028514
UMKCVDZTSZNWRH-UHFFFAOYSA-N,-4.360599556136064
UMNKXPULIDJLSU-UHFFFAOYSA-N,-0.5604211694072708
UMPGNGRIGSEMTC-UHFFFAOYSA-N,-12.545047579851273
UMPSXRYVXUPCOS-UHFFFAOYSA-N,-5.378662457458047
UNAHYJYOSSSJHH-UHFFFAOYSA-N,-9.88368212614133
UNBZRJCHIWTUHB-UHFFFAOYSA-N,-2.5678608753890133
UNCGJRRROFURDV-UHFFFAOYSA-N,-2.785395007010748
UNEATYXSUBPPKP-UHFFFAOYSA-N,2.063033564564531
UNFUYWDGSFDHCW-UHFFFAOYSA-N,-1.2192161908375736
UNLYSVIDNRIVFJ-UHFFFAOYSA-N,-8.683297257361996
UNNGUFMVYQJGTD-UHFFFAOYSA-N,-2.269574118255358
UNOOEFGBOLKBFW-UHFFFAOYSA-N,1.4688052544150936
UNPTZXSJGZTGJJ-UHFFFAOYSA-N,-1.9411918119085876
UNXHWFMMPAWVPI-UHFFFAOYSA-N,-18.606590767165354
UOAMTSKGCBMZTC-UHFFFAOYSA-N,-6.964811205365232
UOBYKYZJUGYBDK-UHFFFAOYSA-N,-9.205876390323093
UOCLXMDMGBRAIB-UHFFFAOYSA-N,-0.3040996337638271
UOORRWUZONOOLO-OWOJBTEDSA-N,-1.8811183113855892
UOORRWUZONOOLO-UHFFFAOYSA-N,-1.441728635359965
UOORRWUZONOOLO-UPHRSURJSA-N,-1.7987517031511633
UOSHUBFBCPGQAY-UHFFFAOYSA-N,-9.607349187949017
UOVSDUIHNGNMBZ-UHFFFAOYSA-N,-0.060957992858648335
UOWUGDPSFZLTMZ-UHFFFAOYSA-N,-18.010976345375763
UOYRABPBVGDJLW-UHFFFAOYSA-N,-4.79888434215219
UPGSWASWQBLSKZ-UHFFFAOYSA-N,-5.598471794903668
UPMXNNIRAGDFEH-UHFFFAOYSA-N,-8.698054628750961
UPNBETHEXPIWQX-UHFFFAOYSA-N,-3.39548229415987
UPOMCDPCTBJJDA-UHFFFAOYSA-N,-5.337965500053127
UPSXAPQYNGXVBF-UHFFFAOYSA-N,-0.44585278154584157
UQCNKQCJZOAFTQ-UHFFFAOYSA-N,-23.22773667483514
UQDUPQYQJKYHQI-UHFFFAOYSA-N,-1.8866395779760399
UQMGJOKDKOLIDP-UHFFFAOYSA-N,-2.6657690035278305
UQMRAFJOBWOFNS-UHFFFAOYSA-N,-6.549157824840108
UQPQKLGBEKEZBV-UHFFFAOYSA-N,-1.723571514959144
UQRLKWGPEVNVHT-UHFFFAOYSA-N,-5.827182203769095
UQVKZNNCIHJZLS-UHFFFAOYSA-N,-15.16592501995238
UQXKXGWGFRWILX-UHFFFAOYSA-N,-5.865883442463094
UQZPGHOJMQTOHB-UHFFFAOYSA-N,-2.633779495614561
URAYPUMNDPQOKB-UHFFFAOYSA-N,-8.761235228391673
URDNHJIVMYZFRT-UHFFFAOYSA-N,-10.142005870892989
URFPRAHGGBYNPW-UHFFFAOYSA-N,-1.2927360305875397
URLKBWYHVLBVBO-UHFFFAOYSA-N,-0.9760745499323948
URQMEZRQHLCJKR-UHFFFAOYSA-N,-5.513819524554875
URUJZHZLCCIILC-UHFFFAOYSA-N,-3.8225581356781633
URYYVOIYTNXXBN-UHFFFAOYSA-N,0.3311762528189556
URYYVOIYTNXXBN-UPHRSURJSA-N,0.1250938456204338
USIUVYZYUHIAEV-UHFFFAOYSA-N,-2.738989237440532
USMNOWBWPHYOEA-UHFFFAOYSA-N,-3.39548229415987
USMZPYXTVKAYST-UHFFFAOYSA-N,-9.429942228729818
USRKFGIXLGKMKU-UHFFFAOYSA-N,-7.582233887601252
UTGQNNCQYDRXCH-UHFFFAOYSA-N,-11.216454272848416
UTGSRNVBAFCOEU-UHFFFAOYSA-N,-1.2104618591441108
UTMWFJSRHLYRPY-UHFFFAOYSA-N,-0.5604211694072708
UTMWVHZWNKBNKF-UHFFFAOYSA-N,-15.946931320497436
UUAGAQFQZIEFAH-UHFFFAOYSA-N,1.4611661565762941
UUEDINPOVKWVAZ-UHFFFAOYSA-N,-8.34558184786655
UUIQMZJEGPQKFD-UHFFFAOYSA-N,-2.7659448348205187
UUIVKBHZENILKB-UHFFFAOYSA-N,-8.502911483640014
UUQHKWMIDYRWHH-UHFFFAOYSA-N,-9.095850419139712
UUTNFLRSJBQQJM-UHFFFAOYSA-N,-2.2262848949703056
UUZZMWZGAZGXSF-UHFFFAOYSA-N,-4.191155143259266
UVJHQYIOXKWHFD-UHFFFAOYSA-N,-0.6565724146482397
UVKXJAUUKPDDNW-UHFFFAOYSA-N,-3.8322413332600362
UVVYAKOLFKEZEE-UHFFFAOYSA-N,3.250047173595053
UVWPNDVAQBNQBG-UHFFFAOYSA-N,6.785741415167157
UVZICZIVKIMRNE-UHFFFAOYSA-N,-16.282511123134274
UWEZBKLLMKVIPI-UHFFFAOYSA-N,-6.368596822474256
UWHCKJMYHZGTIT-UHFFFAOYSA-N,-23.04174883841074
UWKAYLJWKGQEPM-UHFFFAOYSA-N,-1.643497937070861
UWKQJZCTQGMHKD-UHFFFAOYSA-N,-0.47661137338377224
UWKZWXCTDPYXHU-UHFFFAOYSA-N,-2.0751571505825535
UWNADWZGEHDQAB-UHFFFAOYSA-N,2.949751728209098
UWQMKVBQKFHLCE-UHFFFAOYSA-N,-4.761764115356264
UWSDONTXWQOZFN-UHFFFAOYSA-N,-6.201463245099935
UWTUEMKLYAGTNQ-OWOJBTEDSA-N,-1.7412494549494504
UWTUEMKLYAGTNQ-UHFFFAOYSA-N,-2.080194216010229
UWTUEMKLYAGTNQ-UPHRSURJSA-N,-2.5396118647593884
UWVQIROCRJWDKL-UHFFFAOYSA-N,-16.12661579766752
UXADOQPNKNTIHB-UHFFFAOYSA-N,-5.725518174722737
UXFSPRAGHGMRSQ-UHFFFAOYSA-N,-3.68306360100248
UXIGWFXRQKWHHA-UHFFFAOYSA-N,-22.21044207736049
UXLBXTIBYMXRNX-UHFFFAOYSA-N,-4.312601060341832
UYFZQUABCZILAI-UHFFFAOYSA-N,-4.676077105368499
UYIBZOUSVFOPJK-UHFFFAOYSA-N,-4.485112799961778
UYIGPSPCOXGBCS-UHFFFAOYSA-N,-4.178790559415887
UYSGWTCETIRUHO-UHFFFAOYSA-N,10.985207147151884
UYWQUFXKFGHYNT-UHFFFAOYSA-N,-4.516277936631882
UYXTWWCETRIEDR-UHFFFAOYSA-N,-8.895045729317617
UZCGKGPEKUCDTF-UHFFFAOYSA-N,-2.8103845007579498
UZFLPKAIBPNNCA-BQYQJAHWSA-N,-4.495611512575166
UZFMOKQJFYMBGY-UHFFFAOYSA-N,-17.891973042956916
UZGLIIJVICEWHF-UHFFFAOYSA-N,-10.343775172603886
UZILCZKGXMQEQR-UHFFFAOYSA-N,0.6223163895183655
UZJQQWFHPLYECS-SFECMWDFSA-N,-2.3244652535722965
UZKWTJUDCOPSNM-UHFFFAOYSA-N,-1.4988824398407423
UZMOXNBUTMPDCX-UHFFFAOYSA-N,-0.060957992858648335
UZMVSVHUTOAPTD-UHFFFAOYSA-N,-7.021965009846008
UZOSVZSBPTTWIG-UHFFFAOYSA-N,-6.157023579162503
UZUFPBIDKMEQEQ-UHFFFAOYSA-N,-2.8796530823420587
UZVHFVZFNXBMQJ-UHFFFAOYSA-N,-14.684789075075583
UZYYBZNZSSNYSA-UHFFFAOYSA-N,-1.723571514959144
VACCAVUAMIDAGB-UHFFFAOYSA-N,-16.593101432023914
VADKRMSMGWJZCF-UHFFFAOYSA-N,-7.021965009846008
VAHKBZSAUKPEOV-UHFFFAOYSA-N,-2.5823484714393334
VAIZTNZGPYBOGF-CYBMUJFWSA-N,-7.578509543796104
VAIZTNZGPYBOGF-UHFFFAOYSA-N,-7.074142345344466
VAJVDSVGBWFCLW-UHFFFAOYSA-N,-7.839485851780173
VAMXMNNIEUEQDV-UHFFFAOYSA-N,-5.74137019863738
VAOCPAMSLUNLGC-UHFFFAOYSA-N,-12.689663077081395
VAYGXNSJCAHWJZ-UHFFFAOYSA-N,-5.902237668099129
VAYOSLLFUXYJDT-UHFFFAOYSA-N,-19.673589867476256
VBCVPMMZEGZULK-UHFFFAOYSA-N,-10.510908749978206
VBKPPDYGFUZOAJ-UHFFFAOYSA-N,-6.9526964282619
VBNJGYOQZAENPO-UHFFFAOYSA-N,-4.132243638404039
VBWIZSYFQSOUFQ-UHFFFAOYSA-N,-4.555742701247011
VBZCRMTUDYIWIH-UHFFFAOYSA-N,3.1662373775715555
VBZWSGALLODQNC-UHFFFAOYSA-N,-1.30791813443402
VCIVYCHKSHULON-UHFFFAOYSA-N,13.030799606243438
VCLJODPNBNEBKW-UHFFFAOYSA-N,-3.3433332858009805
VDBHOHJWUDKDRW-UHFFFAOYSA-N,-4.0542773155901735
VDFVNEFVBPFDSB-UHFFFAOYSA-N,-5.1802620470281155
VDHAWDNDOKGFTD-UHFFFAOYSA-N,-7.021965009846008
VDLGAVXLJYLFDH-UHFFFAOYSA-N,-12.072240394845375
VEDTXTNSFWUXGQ-UHFFFAOYSA-N,-7.074142345344466
VEENJGZXVHKXNB-SREVYHEPSA-N,-14.565529875117779
VEENJGZXVHKXNB-UHFFFAOYSA-N,-12.060125617742044
VEENJGZXVHKXNB-VOTSOKGWSA-N,-15.072524909101492
VEFLKXRACNJHOV-UHFFFAOYSA-N,-0.6783806750946683
VEFNQGLEDJPUJF-UHFFFAOYSA-N,-4.752733801813667
VEMKTZHHVJILDY-UHFFFAOYSA-N,-7.3497059940524245
VEORPZCZECFIRK-UHFFFAOYSA-N,-8.039259607320659
VEUUMBGHMNQHGO-UHFFFAOYSA-N,-3.4812942992915845
VEUZZDOCACZPRY-UHFFFAOYSA-N,-8.402735652347326
VEVZCONIUDBCDC-UHFFFAOYSA-N,-9.83879242239211
VEXZGXHMUGYJMC-UHFFFAOYSA-N,-6.368596822474256
VEZCTZWLJYWARH-UHFFFAOYSA-N,-0.26272729456954436
VEZJSKSPVQQGIS-UHFFFAOYSA-N,-1.9920184056163412
VEZUQRBDRNJBJY-UHFFFAOYSA-N,-6.200801999990507
VEZXCJBBBCKRPI-UHFFFAOYSA-N,-6.456943869157861
VFDYKPARTDCDCU-UHFFFAOYSA-N,-1.6848702762651435
VFGRALUHHHDIQI-UHFFFAOYSA-N,-6.061881081462904
VFLDPWHFBUODDF-UHFFFAOYSA-N,-27.046833383545632
VFTLNRFRXWCJJK-UHFFFAOYSA-N,-0.6825865475572552
VFUOFVONEDBLIJ-UHFFFAOYSA-N,-4.676077105368499
VFWCMGCRMGJXDK-UHFFFAOYSA-N,-0.379155098093863
VGCXGMAHQTYDJK-UHFFFAOYSA-N,-2.8796530823420587
VGGGRWRBGXENKI-UHFFFAOYSA-N,-3.638623935065049
VGGMROOHXNLMTP-UHFFFAOYSA-N,-4.521467025597813
VGGSQFUCUMXWEO-UHFFFAOYSA-N,1.0766710087374896
VGPIBGGRCVEHQZ-UHFFFAOYSA-N,-10.36481807101813
VGPYEHKOIGNJKV-UHFFFAOYSA-N,-8.499646192324585
VGQXTTSVLMQFHM-UHFFFAOYSA-N,-2.625508177294625
VGVHNLRUAMRIEW-UHFFFAOYSA-N,-0.060957992858648335
VGVIKVCCUATMNG-UHFFFAOYSA-N,-2.657930185097407
VGVRPFIJEJYOFN-UHFFFAOYSA-N,-5.968935351551108
VHCNQEUWZYOAEV-UHFFFAOYSA-N,-13.499161577685213
VHGHHZZTMJLTJX-UHFFFAOYSA-N,-2.526089016223235
VHGVOODVCUKVCL-UHFFFAOYSA-N,-4.555742701247011
VHHHONWQHHHLTI-UHFFFAOYSA-N,-1.1646639569050259
VHLKTXFWDRXILV-UHFFFAOYSA-N,-8.895045729317617
VHNPZYZQKWIWOD-UHFFFAOYSA-N,-5.936513343748327
VHOBVPNETFRJED-UHFFFAOYSA-N,-4.648180862978673
VHOGYURTWQBHIL-UHFFFAOYSA-N,-11.522776513394305
VHOMAPWVLKRQAZ-UHFFFAOYSA-N,-4.562735707510997
VHQCMZLPHWGUDB-UHFFFAOYSA-N,-3.607055537471622
VHQJZOFUPXEZQZ-UHFFFAOYSA-N,-4.485112799961778
VHQQPFLOGSTQPC-UHFFFAOYSA-N,8.021896560438355
VHRSUDSXCMQTMA-UHFFFAOYSA-N,-8.114315071650696
VHVMXWZXFBOANQ-UHFFFAOYSA-N,-4.667764867343493
VHVOLFRBFDOUSH-UHFFFAOYSA-N,0.17030878335720576
VIHAEDVKXSOUAT-UHFFFAOYSA-N,-4.752733801813667
VIHUMJGEWQPWOT-UHFFFAOYSA-N,-4.841735501012863
VIKNJXKGJWUCNN-UHFFFAOYSA-N,-10.586916813509065
VILCJCGEZXAXTO-UHFFFAOYSA-N,-11.323199799209632
VILGDADBAQFRJE-UHFFFAOYSA-N,-16.323883462328556
VIRFPLJXRDHVEI-UHFFFAOYSA-N,-5.41947147010004
VISJRVXHPNMYRH-UHFFFAOYSA-N,-1.9411918119085876
VITXVDNQHXYQSK-UHFFFAOYSA-N,-3.2056692553690267
VIUDTWATMPPKEL-UHFFFAOYSA-N,-4.50233819971902
VIZORQUEIQEFRT-UHFFFAOYSA-N,-5.352773786648061
VJFUPGQZSXIULQ-UHFFFAOYSA-N,-8.402735652347326
VJHINFRRDQUWOJ-UHFFFAOYSA-N,-3.4609648585115456
VJOWMORERYNYON-UHFFFAOYSA-N,-5.236345983123741
VJXRKZJMGVSXPX-UHFFFAOYSA-N,-4.862064941792902
VJYFKVYYMZPMAB-UHFFFAOYSA-N,-7.207952846270411
VJYIFXVZLXQVHO-UHFFFAOYSA-N,-10.965769625935557
VKCYHJWLYTUGCC-UHFFFAOYSA-N,-2.8224992778612816
VKHAHZOOUSRJNA-UHFFFAOYSA-N,-3.7755017627341427
VKIBKEFGJSPRJC-UHFFFAOYSA-N,-3.799491404526799
VKNITLPENCJQOP-UHFFFAOYSA-N,-3.9541014842974853
VKPSKYDESGTTFR-UHFFFAOYSA-N,3.508370918346713
VKWCOHVAHQOJGU-UHFFFAOYSA-N,-5.763767772197671
VKYKSIONXSXAKP-UHFFFAOYSA-N,-9.969494131273045
VLBZAQJMGULJIU-UHFFFAOYSA-N,-11.891679392479523
VLCQZHSMCYCDJL-UHFFFAOYSA-N,-15.77441958087749
VLFBSPUPYFTTNF-UHFFFAOYSA-N,-6.404925574806745
VLHAGZNBWKUMRW-UHFFFAOYSA-N,3.14071603361582
VLIZIVHXZXQRDE-UHFFFAOYSA-N,3.4225589132149987
VLJIVLGVKMTBOD-UHFFFAOYSA-N,-4.446411561267777
VLJQDHDVZJXNQL-UHFFFAOYSA-N,-3.697173924276224
VLJXXKKOSFGPHI-UHFFFAOYSA-N,2.700583292143985
VLKZOEOYAKHREP-UHFFFAOYSA-N,2.457441651238806
VLLNJDMHDJRNFK-UHFFFAOYSA-N,-5.827182203769095
VLLVVZDKBSYMCG-UHFFFAOYSA-N,-2.2578532925637322
VLNUTKMHYLQCQB-UHFFFAOYSA-N,-3.024268579572178
VLPFTAMPNXLGLX-UHFFFAOYSA-N,-8.321102486919838
VLTRZXGMWDSKGL-UHFFFAOYSA-N,-10.251337010872223
VLUMOWNVWOXZAU-CLFYSBASSA-N,-5.007176913281887
VLZVIIYRNMWPSN-UHFFFAOYSA-N,-13.925818222352591
VMBRJHMTAZXHES-UHFFFAOYSA-N,-5.257388881537986
VMKOFRJSULQZRM-UHFFFAOYSA-N,0.26569368846728036
VMOWKUTXPNPTEN-UHFFFAOYSA-N,-4.430313159551938
VMPITZXILSNTON-UHFFFAOYSA-N,-6.262498364559999
VMVNZNXAVJHNDJ-UHFFFAOYSA-N,-0.6565724146482397
VMZVBRIIHDRYGK-UHFFFAOYSA-N,-9.8356836303471
VNGOYPQMJFJDLV-UHFFFAOYSA-N,-7.79611796641548
VNKBTWQZTQIWDV-UHFFFAOYSA-N,-6.582684340662768
VNKCZJKGJAEOCW-UHFFFAOYSA-N,-19.05466615549326
VNKYTQGIUYNRMY-UHFFFAOYSA-N,-1.75992574059518
VNQNXQYZMPJLQX-UHFFFAOYSA-N,-33.44259505379542
VNWKTOKETHGBQD-UHFFFAOYSA-N,1.9667328063836464
VOEYXMAFNDNNED-UHFFFAOYSA-N,-10.36481807101813
VOIZNVUXCQLQHS-UHFFFAOYSA-N,-8.366777272929479
VONGZNXBKCOUHB-UHFFFAOYSA-N,-4.032806675486826
VONWDASPFIQPDY-UHFFFAOYSA-N,-5.968935351551108
VOPWNXZWBYDODV-UHFFFAOYSA-N,0.036498282431260756
VOVUARRWDCVURC-UHFFFAOYSA-N,-2.608615199047054
VOWAEIGWURALJQ-UHFFFAOYSA-N,-7.489795725869589
VOWZNBNDMFLQGM-UHFFFAOYSA-N,-5.571925785760584
VOXZDWNPVJITMN-UHFFFAOYSA-N,-12.256626999154644
VOZKAJLKRJDJLL-UHFFFAOYSA-N,-10.299335506666454
VOZRXNHHFUQHIL-UHFFFAOYSA-N,-6.823457698431607
VPCDQGACGWYTMC-UHFFFAOYSA-N,-0.17028913283788208
VPIAKHNXCOTPAY-UHFFFAOYSA-N,-1.192560199294852
VPKMGDRERYMTJX-CMDGGOBGSA-N,-3.8657496349239215
VPKQPPJQTZJZDB-UHFFFAOYSA-N,3.14071603361582
VPOMSPZBQMDLTM-UHFFFAOYSA-N,-6.964811205365232
VPRAQYXPZIFIOH-UHFFFAOYSA-N,-7.321788761336226
VPTDIAYLYJBYQG-UHFFFAOYSA-N,-4.588164709049792
VPWNQTHUCYMVMZ-UHFFFAOYSA-N,-17.954421902335
VPYJNCGUESNPMV-UHFFFAOYSA-N,-2.7789814584863515
VQBIYCQGHAHVPN-UHFFFAOYSA-N,-1.278340373461587
VQFAIAKCILWQPZ-UHFFFAOYSA-N,-5.077944566777541
VQHSOMBJVWLPSR-UHFFFAOYSA-N,-26.934065781033933
VQKFNUFAXTZWDK-UHFFFAOYSA-N,-1.203091950918199
VQNUNMBDOKEZHS-UHFFFAOYSA-N,-2.4484886146443197
VQOFJPFYTCHPTR-UHFFFAOYSA-N,-2.738989237440532
VQOXUMQBYILCKR-UHFFFAOYSA-N,2.737687562994518
VQQKIXKPMJTUMP-UHFFFAOYSA-N,-4.098716981527604
VQRBXYBBGHOGFT-UHFFFAOYSA-N,-2.3220781565689768
VQTUBCCKSQIDNK-UHFFFAOYSA-N,1.1180433479317722
VRHRGVJOUHJULC-UHFFFAOYSA-N,3.347503448884963
VRVRZZWPKABUOE-UHFFFAOYSA-N,3.4428883539950377
VRZRVMXNGMZLDB-UHFFFAOYSA-N,-3.7755017627341427
VSDUQUBUJRNREH-UHFFFAOYSA-N,-5.343889756441966
VSMDINRNYYEDRN-UHFFFAOYSA-N,-7.021965009846008
VSMOENVRRABVKN-UHFFFAOYSA-N,-3.5199955379855843
VSQQQLOSPVPRAZ-UHFFFAOYSA-N,-19.96473000417567
VSVAQRUUFVBBFS-UHFFFAOYSA-N,-6.109025083368273
VSZGPKBBMSAYNT-UHFFFAOYSA-N,-19.287194049042085
VTLYHLREPCPDKX-UHFFFAOYSA-N,-2.7526184848193904
VTNQPKFIQCLBDU-UHFFFAOYSA-N,-11.050568689828419
VTQWKUZUPOTXEH-UHFFFAOYSA-N,-11.804619392993486
VTRWMTJQBQJKQH-UHFFFAOYSA-N,-8.313239937782928
VTWDKFNVVLAELH-UHFFFAOYSA-N,-9.88368212614133
VTXVGVNLYGSIAR-UHFFFAOYSA-N,-0.6104218743097172
VUFZVGQUAVDKMC-UHFFFAOYSA-N,-5.553142986541042
VUIWJRYTWUGOOF-UHFFFAOYSA-N,-6.9526964282619
VUMCUSHVMYIRMB-UHFFFAOYSA-N,0.22570146742146047
VUMFTWNZYFBYEB-UHFFFAOYSA-N,-3.697173924276224
VUNCWTMEJYMOOR-UHFFFAOYSA-N,-0.004403549817885523
VVAAXDBMZVCVPA-UHFFFAOYSA-N,-3.638623935065049
VVAKEQGKZNKUSU-UHFFFAOYSA-N,-5.571925785760584
VVGOCOMZRGWHPI-UHFFFAOYSA-N,-3.2953064628671824
VVJKKWFAADXIJK-UHFFFAOYSA-N,-4.360599556136064
VVQNEPGJFQJSBK-UHFFFAOYSA-N,-2.8796530823420587
VWGNQYSIWFHEQU-UHFFFAOYSA-N,-3.0656409187664604
VWPOSFSPZNDTMJ-UHFFFAOYSA-N,-16.948402808109662
VXARVYMIZCGZGG-UHFFFAOYSA-N,3.383857674520999
VXBHNYIEBLRXAW-UHFFFAOYSA-N,-3.024268579572178
VXCUURYYWGCLIH-UHFFFAOYSA-N,-2.3318338264473297
VXIVSQZSERGHQP-UHFFFAOYSA-N,-9.439693030087755
VXNZUUAINFGPBY-UHFFFAOYSA-N,0.6223163895183655
VXPLXMJHHKHSOA-UHFFFAOYSA-N,-7.166580507076128
VXQBJTKSVGFQOL-UHFFFAOYSA-N,-6.750927126551003
VXXBCDUYUQKWCK-UHFFFAOYSA-N,-1.4988824398407423
VYHVQEYOFIYNJP-UHFFFAOYSA-N,-3.8555753406224245
VYIRVAXUEZSDNC-UHFFFAOYSA-N,-8.241028909031556
VYMDGNCVAMGZFE-UHFFFAOYSA-N,-9.130138107476888
VYMPLPIFKRHAAC-UHFFFAOYSA-N,-3.2381526583864058
VYONOYYDEFODAJ-UHFFFAOYSA-N,-10.40481029206395
VYXHVRARDIDEHS-QGTKBVGQSA-N,-0.9056411466519236
VYXHVRARDIDEHS-UHFFFAOYSA-N,-0.017440173483718388
VYZAHLCBVHPDDF-UHFFFAOYSA-N,-5.584040562863915
VZCOFGHOKLEMPL-UHFFFAOYSA-N,-4.260423724843376
VZCYOOQTPOCHFL-OWOJBTEDSA-N,-11.322700004965615
VZCYOOQTPOCHFL-UHFFFAOYSA-N,-16.000668243535095
VZFMYOCAEQDWDY-UHFFFAOYSA-N,3.14071603361582
VZGDMQKNWNREIO-UHFFFAOYSA-N,0.036498282431260756
VZHJIJZEOCBKRA-UHFFFAOYSA-N,-1.45897125536837
VZHUBBUZNIULNM-UHFFFAOYSA-N,-0.060957992858648335
VZIQXGLTRZLBEX-UHFFFAOYSA-N,-5.78580986457481
VZRSUQWPXPUWCS-UHFFFAOYSA-N,-2.014711651658554
VZUNGTLZRAYYDE-UHFFFAOYSA-N,-14.284317798396938
VZXWJVFQXZUFQS-UHFFFAOYSA-N,-4.405039222073494
WAAHHGKGQYVTNS-UHFFFAOYSA-N,-11.216454272848416
WACNXHCZHTVBJM-UHFFFAOYSA-N,-0.44585278154584157
WAPNOHKVXSQRPX-UHFFFAOYSA-N,-6.860258266530238
WASQWSOJHCZDFK-UHFFFAOYSA-N,-2.273035396410213
WAZUWHGJMMZVHH-UHFFFAOYSA-N,-1.1150769540340362
WBEJYOJJBDISQU-UHFFFAOYSA-N,-3.347483798365639
WBHQEUPUMONIKF-UHFFFAOYSA-N,-3.68306360100248
WBJINCZRORDGAQ-UHFFFAOYSA-N,-2.710764683478961
WBNQDOYYEUMPFS-UHFFFAOYSA-N,-5.78580986457481
WBRFDUJXCLCKPX-UHFFFAOYSA-N,3.0169841072567465
WBTMFEPLVQOWFI-UHFFFAOYSA-N,-1.4296138582566331
WBTYBAGIHOISOQ-UHFFFAOYSA-N,-11.875345037560743
WBWWGRHZICKQGZ-UHFFFAOYSA-N,-25.829946114956087
WBYWAXJHAXSJNI-VOTSOKGWSA-N,-8.796438034803604
WCASXYBKJHWFMY-UHFFFAOYSA-N,-5.3348721267988015
WCIBKXHMIXUQHK-UHFFFAOYSA-N,-2.2262848949703056
WCJYTPVNMWIZCG-UHFFFAOYSA-N,-7.464274381913855
WCLNVRQZUKYVAI-UHFFFAOYSA-N,-5.968935351551108
WCVOGSZTONGSQY-UHFFFAOYSA-N,-1.4988824398407423
WCVRQHFDJLLWFE-UHFFFAOYSA-N,-9.079432333626887
WCXDHFDTOYPNIE-RIYZIHGNSA-N,-10.721663998483745
WCXDHFDTOYPNIE-UHFFFAOYSA-N,-7.716044388527196
WCYYQNSQJHPVMG-UHFFFAOYSA-N,-5.4115288232439696
WDAXFOBOLVPGLV-UHFFFAOYSA-N,-2.394731120232826
WDBLKMRZRGLISL-UHFFFAOYSA-N,-1.9911925168110338
WDCYWAQPCXBPJA-UHFFFAOYSA-N,-7.9299284673414245
WDECIBYCCFPHNR-UHFFFAOYSA-N,-5.236345983123741
WDFQBORIUYODSI-UHFFFAOYSA-N,-6.1796549846535065
WDJHALXBUFZDSR-UHFFFAOYSA-N,-9.007752020128509
WDLBXPUJJVVRGX-UHFFFAOYSA-N,-7.810925164922576
WDLTVNWWEZJMPF-UHFFFAOYSA-N,-3.6230474470735987
WDMKCPIVJOGHBF-UHFFFAOYSA-N,-4.521467025597813
WDNBURPWRNALGP-UHFFFAOYSA-N,-6.5610326895294335
WEBQKRLKWNIYKK-UHFFFAOYSA-N,-8.289027404825786
WEEGYLXZBRQIMU-UHFFFAOYSA-N,-3.0656409187664604
WEGYGNROSJDEIW-UHFFFAOYSA-N,-8.402735652347326
WEHWNAOGRSTTBQ-UHFFFAOYSA-N,-3.763137178890763
WEILNYJKAUGBAU-UHFFFAOYSA-N,1.1624830138692033
WEJZHZJJXPXXMU-UHFFFAOYSA-N,-2.7724985729588365
WENIXZFPXMQPQQ-UHFFFAOYSA-N,-4.0694594194366545
WERYXYBDKMZEQL-UHFFFAOYSA-N,-8.81838903287245
WETBJXIDTZXCBL-UHFFFAOYSA-N,-4.133389127320708
WEVYAHXRMPXWCK-UHFFFAOYSA-N,-4.360599556136064
WEXRUCMBJFQVBZ-UHFFFAOYSA-N,-14.507129998522078
WEZPLQKRXDBPEP-UHFFFAOYSA-N,-7.0454804048291715
WFAUFYAGXAXBEG-UHFFFAOYSA-N,-2.7789814584863515
WFCLYEAZTHWNEH-UHFFFAOYSA-N,-3.68306360100248
WFDIJRYMOXRFFG-UHFFFAOYSA-N,-5.127499414366201
WFDXOXNFNRHQEC-UHFFFAOYSA-N,-15.983285546133471
WFJIVOKAWHGMBH-UHFFFAOYSA-N,-11.070018862018648
WFJSIIHYYLHRHB-UHFFFAOYSA-N,-3.9893858415483705
WFPZPJSADLPSON-UHFFFAOYSA-N,-2.1755791211203035
WFRBDWRZVBPBDO-UHFFFAOYSA-N,-4.038700827598723
WFSMVVDJSNMRAR-UHFFFAOYSA-N,-16.22642718703865
WFVUIONFJOAYPK-SDNWHVSQSA-N,-7.914873266569311
WFYPICNXBKQZGB-UHFFFAOYSA-N,-0.017440173483718388
WGCNASOHLSPBMP-UHFFFAOYSA-N,-8.34558184786655
WGECXQBGLLYSFP-UHFFFAOYSA-N,2.498813990433089
WGOWCPGHOCIHBW-UHFFFAOYSA-N,-2.014711651658554
WGQKYBSKWIADBV-UHFFFAOYSA-N,-4.185818614091152
WGVWLKXZBUVUAM-UHFFFAOYSA-N,-7.197791054759211
WGVYCXYGPNNUQA-UHFFFAOYSA-N,-2.1392248954842676
WGYKZJWCGVVSQN-UHFFFAOYSA-N,-4.312601060341832
WHHGLZMJPXIBIX-UHFFFAOYSA-N,-6.47250112839494
WHIVNJATOVLWBW-UHFFFAOYSA-N,-5.999693943389039
WHKUVVPPKQRRBV-UHFFFAOYSA-N,-7.489795725869589
WHNAMGUAXHGCHH-UHFFFAOYSA-N,-2.979828913634747
WHODQVWERNSQEO-UHFFFAOYSA-N,-13.925818222352591
WHOKDONDRZNCBC-UHFFFAOYSA-N,-5.641194367344692
WHPVYXDFIXRKLN-UHFFFAOYSA-N,-4.446411561267777
WHTBVLXUSXVMEV-UHFFFAOYSA-N,-8.432064315323448
WHUUTDBJXJRKMK-UHFFFAOYSA-N,-19.91673150838144
WICMSCLXMMZMFF-UHFFFAOYSA-N,-7.825375528506431
WIDHRBRBACOVOY-UHFFFAOYSA-N,-2.6419382754954293
WIHMGGWNMISDNJ-UHFFFAOYSA-N,-1.174107633508075
WIIZWVCIJKGZOK-UHFFFAOYSA-N,-22.21044207736049
WINCSBAYCULVDU-UHFFFAOYSA-N,2.38238618690877
WIXDSJRJFDWTNY-UHFFFAOYSA-N,-1.3917279304575187
WJBLNOPPDWQMCH-UHFFFAOYSA-N,-19.593516289587978
WJCNZQLZVWNLKY-UHFFFAOYSA-N,-12.59722491534973
WJFKNYWRSNBZNX-UHFFFAOYSA-N,-8.262071807445798
WJIFKOVZNJTSGO-UHFFFAOYSA-N,-0.8455142524689888
WJNRPILHGGKWCK-UHFFFAOYSA-N,-9.34564070568343
WJQOZHYUIDYNHM-UHFFFAOYSA-N,-5.902237668099129
WJSDHUCWMSHDCR-VMPITWQZSA-N,-4.984513866500102
WJTCGQSWYFHTAC-UHFFFAOYSA-N,0.9673398687582557
WJURXKWTCOMRCE-UHFFFAOYSA-N,-4.0694594194366545
WJYIASZWHGOTOU-UHFFFAOYSA-N,-3.9068596587245517
WJYMPXJVHNDZHD-UHFFFAOYSA-N,2.1440583800060935
WKBOTKDWSSQWDR-UHFFFAOYSA-N,-2.080194216010229
WKBPZYKAUNRMKP-UHFFFAOYSA-N,-9.004376869296852
WKJXVVFAALGBOH-UHFFFAOYSA-N,-6.537043047736777
WKQBIIUOSATALN-UHFFFAOYSA-N,3.383857674520999
WKSAUQYGYAYLPV-UHFFFAOYSA-N,-11.606586309417805
WKYMTJULVAGWJM-UHFFFAOYSA-N,-10.691469752344059
WLAMNBDJUVNPJU-UHFFFAOYSA-N,-6.43015452242126
WLFDQEVORAMCIM-UHFFFAOYSA-N,-9.58499898343424
WLGQZUOHEXTWFH-UHFFFAOYSA-N,-4.919218746273678
WLHCBQAPPJAULW-UHFFFAOYSA-N,-2.5912325016454276
WLIADPFXSACYLS-UHFFFAOYSA-N,0.20666300899324164
WLJVNTCWHIRURA-UHFFFAOYSA-N,-15.665088440898254
WLJVXDMOQOGPHL-UHFFFAOYSA-N,-7.732937366774767
WLLGXSLBOPFWQV-UHFFFAOYSA-N,-6.881301164944482
WLVCBAMXYMWGLJ-UHFFFAOYSA-N,-0.11811179733942538
WMIYKQLTONQJES-UHFFFAOYSA-N,3.7995110550461226
WMLPCIHUFDKWJU-UHFFFAOYSA-N,-9.908582075829313
WMMFIDNWZNCBCT-UHFFFAOYSA-N,-1.2927360305875397
WMOVHXAZOJBABW-UHFFFAOYSA-N,-2.5161770373153916
WMPPDTMATNBGJN-UHFFFAOYSA-N,-1.723571514959144
WMQUKDQWMMOHSA-UHFFFAOYSA-N,-7.780935862569001
WMWJCKBJUQDYLM-UHFFFAOYSA-N,-4.312601060341832
WMXCDAVJEZZYLT-UHFFFAOYSA-N,-0.8922647539088961
WNAHIZMDSQCWRP-UHFFFAOYSA-N,0.4736986900853244
WNDLTOTUHMHNOC-UHFFFAOYSA-N,-4.555742701247011
WNJSKZBEWNVKGU-UHFFFAOYSA-N,-5.022829385142071
WNLRTRBMVRJNCN-UHFFFAOYSA-N,-13.476530172194211
WNMJYKCGWZFFKR-UHFFFAOYSA-N,-24.107041931679618
WNQKLIFDPFSPIZ-UHFFFAOYSA-N,-4.987826179972938
WNRZBFNPJUBEMS-UHFFFAOYSA-N,-4.90600974699346
WNSYEWGYAFFSSQ-UHFFFAOYSA-N,-7.905449106394714
WNTGYJSOUMFZEP-SSDOTTSWSA-N,-8.11486686092287
WNTGYJSOUMFZEP-UHFFFAOYSA-N,-10.199159675373767
WNTRMRXAGJOLCU-UHFFFAOYSA-N,-11.09500835576585
WNXJIVFYUVYPPR-UHFFFAOYSA-N,-4.203269920362599
WNYADZVDBIBLJJ-UHFFFAOYSA-N,-7.7653593745775495
WNZQDUSMALZDQF-UHFFFAOYSA-N,-7.907165161497625
WOAFDHWYKSOANX-UHFFFAOYSA-N,-3.8555753406224245
WOBHKFSMXKNTIM-UHFFFAOYSA-N,-9.34564070568343
WOFDVDFSGLBFAC-UHFFFAOYSA-N,-4.752733801813667
WOFPPJOZXUTRAU-UHFFFAOYSA-N,-3.9978918149567293
WOFYQUJNULCFLN-UHFFFAOYSA-N,-26.008940740103554
WONHLSYSHMRRGO-UHFFFAOYSA-N,-8.219220648585125
WOUVARFKMJIYBY-UHFFFAOYSA-N,-4.648180862978673
WOXKDUGGOYFFRN-UHFFFAOYSA-N,-21.725520115251257
WOYWLLHHWAMFCB-UHFFFAOYSA-N,-2.037343057149556
WOZQBERUBLYCEG-UHFFFAOYSA-N,-8.761235228391673
WOZVHXUHUFLZGK-UHFFFAOYSA-N,-3.2073940665484746
WPCVRWVBBXIRMA-UHFFFAOYSA-N,-17.10301288788035
WPFVBOQKRVRMJB-UHFFFAOYSA-N,-8.000887932337013
WPYMKLBDIGXBTP-UHFFFAOYSA-N,-8.148590747299892
WPZJSWWEEJJSIZ-UHFFFAOYSA-N,-15.634329849060325
WQABCVAJNWAXTE-UHFFFAOYSA-N,-8.189690474537858
WQAQPCDUOCURKW-UHFFFAOYSA-N,-0.8455142524689888
WQEPLUUGTLDZJY-UHFFFAOYSA-N,-8.374978625746428
WQGWDDDVZFFDIG-UHFFFAOYSA-N,-11.38896601246836
WQONPSCCEXUXTQ-UHFFFAOYSA-N,-1.9667131558643225
WQOXQRCZOLPYPM-UHFFFAOYSA-N,-1.643497937070861
WQRCEBAZAUAUQC-UHFFFAOYSA-N,-11.059802492277663
WQYFETFRIRDUPJ-UHFFFAOYSA-N,-12.545047579851273
WQZGKKKJIJFFOK-DVKNGEFBSA-N,-17.432960828196805
WQZKKVJFBZPJSU-UHFFFAOYSA-N,-1.4046243645094316
WRBHKVWLEIYLDZ-UHFFFAOYSA-N,3.1533409435196424
WRFXXJKURVTLSY-UHFFFAOYSA-N,-3.503422029066714
WRMNZCZEMHIOCP-UHFFFAOYSA-N,-6.908256762324468
WRNGAZFESPEMCN-UHFFFAOYSA-N,-5.540522743488985
WRPIRSINYZBGPK-UHFFFAOYSA-N,-8.895045729317617
WRPPDRMFGQJMAR-UHFFFAOYSA-N,-5.131282911488258
WRQNANDWMGAFTP-UHFFFAOYSA-N,-6.908256762324468
WRSMJZYBNIAAEE-UHFFFAOYSA-N,-3.2674102204773563
WRXCBRHBHGNNQA-UHFFFAOYSA-N,-6.083503739412539
WRXOZRLZDJAYDR-UHFFFAOYSA-N,-2.5912325016454276
WRYIIOKOQSICTB-UHFFFAOYSA-N,3.7995110550461226
WRYLYDPHFGVWKC-UHFFFAOYSA-N,-4.706124064582103
WRZOMWDJOLIVQP-UHFFFAOYSA-N,-5.865883442463094
WSDISUOETYTPRL-UHFFFAOYSA-N,-13.221744261130837
WSFSSNUMVMOOMR-UHFFFAOYSA-N,-6.815818600592808
WSGCRAOTEDLMFQ-UHFFFAOYSA-N,-2.738989237440532
WSGYTJNNHPZFKR-UHFFFAOYSA-N,-10.770042300485361
WSLDOOZREJYCGB-UHFFFAOYSA-N,-1.9145358203658658
WSOKFYJGNBQDPW-UHFFFAOYSA-N,3.104361807979785
WSORODGWGUUOBO-UHFFFAOYSA-N,-14.070433719582711
WSSSPWUEQFSQQG-UHFFFAOYSA-N,1.8844586349402175
WSTQLNQRVZNEDV-CSKARUKUSA-N,-3.350112170918357
WSTUOPKRORLDCX-UHFFFAOYSA-N,-5.019394577566366
WSWCOQWTEOXDQX-UHFFFAOYSA-N,-7.917813690238093
WTARULDDTDQWMU-UHFFFAOYSA-N,0.5036879924389007
WTEVQBCEXWBHNA-JXMROGBWSA-N,-4.151008828178728
WTEVQBCEXWBHNA-UHFFFAOYSA-N,-3.8555753406224245
WTFNSXYULBQCQV-UHFFFAOYSA-N,-3.607055537471622
WTHRRGMBUAHGNI-UHFFFAOYSA-N,-36.07032583787211
WTKZEGDFNFYCGP-UHFFFAOYSA-N,-8.122098633145312
WTLBZVNBAKMVDP-UHFFFAOYSA-N,-12.90354715589562
WTPYRCJDOZVZON-UHFFFAOYSA-N,-2.4068458973361575
WTTJVINHCBCLGX-UHFFFAOYSA-N,-3.0656409187664604
WTWBUQJHJGUZCY-UHFFFAOYSA-N,-4.053831283222362
WTWWXOGTJWMJHI-UHFFFAOYSA-N,4.574993839665691
WTYSJAGEYAAIFW-UHFFFAOYSA-N,-3.787616539837474
WUMGYHICFXGLAB-UHFFFAOYSA-N,-5.74137019863738
WUOACPNHFRMFPN-UHFFFAOYSA-N,-5.641194367344692
WUOACPNHFRMFPN-VIFPVBQESA-N,-4.492413779631247
WURBFLDFSFBTLW-UHFFFAOYSA-N,-7.422289355715511
WURBVZBTWMNKQT-UHFFFAOYSA-N,-11.765918154299484
WURGXGVFSMYFCG-UHFFFAOYSA-N,-7.879927762438978
WVDDGKGOMKODPV-UHFFFAOYSA-N,-6.908256762324468
WVHNUGRFECMVLQ-UHFFFAOYSA-N,-2.5454345994063425
WVIIMZNLDWSIRH-UHFFFAOYSA-N,1.484381742406544
WVLBCYQITXONBZ-UHFFFAOYSA-N,-9.079432333626887
WVQBLGZPHOPPFO-UHFFFAOYSA-N,-8.730476636553743
WVYWICLMDOOCFB-UHFFFAOYSA-N,-3.8111356746849943
WWGQHTJIFOQAOC-UHFFFAOYSA-N,-5.306975884408976
WWGUMAYGTYQSGA-UHFFFAOYSA-N,-2.273035396410213
WWJZWCUNLNYYAU-UHFFFAOYSA-N,-9.8356836303471
WWNGLKDLYKNGGT-UHFFFAOYSA-N,2.798039567433894
WWRCMNKATXZARA-UHFFFAOYSA-N,-0.5337651778645494
WWRGKAMABZHMCN-UHFFFAOYSA-N,-3.799491404526799
WWSYXEZEXMQWHT-UHFFFAOYSA-N,-17.891973042956916
WWUVJRULCWHUSA-UHFFFAOYSA-N,1.396469346087836
WWYNJERNGUHSAO-UHFFFAOYSA-N,-10.42384875049217
WWZKQHOCKIZLMA-UHFFFAOYSA-N,-3.607055537471622
WXCMHFPAUCOJIG-UHFFFAOYSA-N,-5.403479560498063
WXEHBUMAEPOYKP-UHFFFAOYSA-N,-1.4988824398407423
WXNZTHHGJRFXKQ-UHFFFAOYSA-N,-9.113708009276085
WXWCDTXEKCVRRO-UHFFFAOYSA-N,-7.380464585890355
WXYMNDFVLNUAIA-UHFFFAOYSA-N,-1.8266234240471582
WXZMFSXDPGVJKK-UHFFFAOYSA-N,-19.744219768761493
WXZVAROIGSFCFJ-UHFFFAOYSA-N,-10.36481807101813
WYACBZDAHNBPPB-UHFFFAOYSA-N,-5.62472617294201
WYBOEVJIVYIEJL-UHFFFAOYSA-N,-7.560425627154823
WYEMCZZCZXKDNC-UHFFFAOYSA-N,-6.964811205365232
WYEMLYFITZORAB-UHFFFAOYSA-N,-10.666990391397347
WYKYKTKDBLFHCY-UHFFFAOYSA-N,-10.918403350622462
WYMSBXTXOHUIGT-UHFFFAOYSA-N,-9.176888608916796
WYTRKEWETULQOA-UHFFFAOYSA-N,-6.133504444314983
WYUIWKFIFOJVKW-UHFFFAOYSA-N,-1.8266234240471582
WYURNTSHIVDZCO-UHFFFAOYSA-N,-3.8447703443182517
WYVBETQIUHPLFO-UHFFFAOYSA-N,-2.33018920089099
WYVVKGNFXHOCQV-UHFFFAOYSA-N,-7.380464585890355
WYWZRNAHINYAEF-UHFFFAOYSA-N,-5.287630301225867
WZCQRUWWHSTZEM-UHFFFAOYSA-N,-10.111247279055059
WZJZMXBKUWKXTQ-UHFFFAOYSA-N,-13.872409406962877
WZKXBGJNNCGHIC-UHFFFAOYSA-N,-8.895045729317617
WZNAMGYIQPAXDH-UHFFFAOYSA-N,-2.8796530823420587
WZRKSPFYXUXINF-UHFFFAOYSA-N,-2.1392248954842676
WZUZDBPJFHQVJC-UHFFFAOYSA-N,-2.3150588535089316
WZZLDXDUQPOXNW-UHFFFAOYSA-N,-9.161706505070319
XAIKFWSNTFEXDC-UHFFFAOYSA-N,-2.8224992778612816
XAIPTRIXGHTTNT-UHFFFAOYSA-N,-11.803363845128043
XAMUDJHXFNRLCY-UHFFFAOYSA-N,-9.247518510202031
XAOGXQMKWQFZEM-UHFFFAOYSA-N,-1.766624218795097
XBBRGUHRZBZMPP-UHFFFAOYSA-N,-2.316403281774907
XBBZAULFUPBZSP-UHFFFAOYSA-N,-2.703495975442433
XBCXJKGHPABGSD-UHFFFAOYSA-N,-11.33144385762311
XBDQKXXYIPTUBI-UHFFFAOYSA-N,-6.3521667242734505
XBEADGFTLHRJRB-UHFFFAOYSA-N,0.7948281291383107
XBNGYFFABRKICK-UHFFFAOYSA-N,-4.721683472261803
XBPCUCUWBYBCDP-UHFFFAOYSA-N,-3.7109598433923057
XBTHILIDLBPRPM-UHFFFAOYSA-N,-2.5733308417961687
XBVSGJGMWSKAKL-UHFFFAOYSA-N,-1.8866395779760399
XCEUTYGYMGYCBG-UHFFFAOYSA-N,-3.5906254392708195
XCIXKGXIYUWCLL-UHFFFAOYSA-N,-5.641194367344692
XCJXQCUJXDUNDN-UHFFFAOYSA-N,-2.394731120232826
XCSGPAVHZFQHGE-UHFFFAOYSA-N,-8.663778953101763
XCXKZBWAKKPFCJ-UHFFFAOYSA-N,1.8400189690027862
XCYJPXQACVEIOS-UHFFFAOYSA-N,-0.794808478618987
XCYWUZHUTJDTGS-UHFFFAOYSA-N,-3.5878183178293064
XDAOZRZWYVKIAK-UHFFFAOYSA-N,-2.633779495614561
XDDAORKBJWWYJS-UHFFFAOYSA-N,-13.376354340901525
XDNBJTQLKCIJBV-UHFFFAOYSA-N,-11.425320238104398
XDOTVMNBCQVZKG-MKICQXMISA-N,-9.802555962242344
XDOTVMNBCQVZKG-UHFFFAOYSA-N,-6.1796549846535065
XDQRWSUJOURTHK-UHFFFAOYSA-N,-4.126613223917431
XDRDDPSGUQMOBO-UHFFFAOYSA-N,3.383857674520999
XDTMQSROBMDMFD-UHFFFAOYSA-N,1.1180433479317722
XEFQLINVKFYRCS-UHFFFAOYSA-N,-8.454912987845782
XEFUJGURFLOFAN-UHFFFAOYSA-N,-3.2073940665484746
XEGGRYVFLWGFHI-UHFFFAOYSA-N,-8.06851716941161
XEKOWRVHYACXOJ-UHFFFAOYSA-N,-3.0656409187664604
XEKTVXADUPBFOA-UHFFFAOYSA-N,-1.049594389682361
XEMRAKSQROQPBR-UHFFFAOYSA-N,-2.785395007010748
XERJKGMBORTKEO-UHFFFAOYSA-N,-10.92656213050333
XESZUVZBAMCAEJ-UHFFFAOYSA-N,-7.846604149772865
XFCMNSHQOZQILR-UHFFFAOYSA-N,-10.40481029206395
XFDJMIHUAHSGKG-UHFFFAOYSA-N,-5.257388881537986
XFNJVKMNNVCYEK-UHFFFAOYSA-N,-9.273993093737914
XFNJYAKDBJUJAJ-UHFFFAOYSA-N,-1.75992574059518
XFOHWECQTFIEIX-UHFFFAOYSA-N,-6.867354930075322
XFRVVPUIAFSTFO-UHFFFAOYSA-N,-3.2073940665484746
XFSAZBKSWGOXRH-UHFFFAOYSA-N,-3.7896785515835116
XGCHAIDDPMFRLJ-UHFFFAOYSA-N,-7.021965009846008
XGCUCFKWVIWWNW-UHFFFAOYSA-N,-20.3687391145426
XGEGHDBEHXKFPX-UHFFFAOYSA-N,-12.88488338115002
XGFDHKJUZCCPKQ-UHFFFAOYSA-N,-3.347483798365639
XGQBSVVYMVILEL-UHFFFAOYSA-N,-2.2262848949703056
XGWIJUOSCAQSSV-UHFFFAOYSA-N,-8.34558184786655
XGWIJUOSCAQSSV-VPHXOMNUSA-N,-6.130835181362943
XGXUGXPKRBQINS-UHFFFAOYSA-N,-3.2381526583864058
XHFGWHUWQXTGAT-UHFFFAOYSA-N,-3.55634976362162
XHGIFBQQEGRTPB-UHFFFAOYSA-N,-6.47250112839494
XHQLXCFUPJSGOE-UHFFFAOYSA-N,-4.862064941792902
XHRRUIJGMKIISX-UHFFFAOYSA-N,-1.1646639569050259
XHXUANMFYXWVNG-UHFFFAOYSA-N,-2.080194216010229
XIBXUAZIZXDFTG-UHFFFAOYSA-N,-9.322573974532066
XIFFTDRFWYFAPO-UHFFFAOYSA-N,-1.2611676329941128
XIGAUIHYSDTJHW-UHFFFAOYSA-N,-13.206805790032973
XILPLWOGHPSJBK-UHFFFAOYSA-N,-0.02385372200811487
XINCECQTMHSORG-UHFFFAOYSA-N,-1.5830202583980366
XITQUSLLOSKDTB-UHFFFAOYSA-N,-5.465037260445067
XIUROWKZWPIAIB-UHFFFAOYSA-N,-5.236345983123741
XJCLWVXTCRQIDI-UHFFFAOYSA-N,-5.003818089574915
XJCVRTZCHMZPBD-UHFFFAOYSA-N,-8.663778953101763
XJKSTNDFUHDPQJ-UHFFFAOYSA-N,-4.006278819795942
XJRBAMWJDBPFIM-UHFFFAOYSA-N,-0.8455142524689888
XKABJYQDMJTNGQ-UHFFFAOYSA-N,-11.308892434580079
XKEFYDZQGKAQCN-UHFFFAOYSA-N,-0.9356326392735907
XKGDWZQXVZSXAO-UHFFFAOYSA-N,-7.283008310600447
XKIRHOWVQWCYBT-UHFFFAOYSA-N,-4.79888434215219
XKJCHHZQLQNZHY-UHFFFAOYSA-N,-8.870566368370907
XKJMBINCVNINCA-UHFFFAOYSA-N,-7.879927762438978
XKQUAQGQLZDDBV-UHFFFAOYSA-N,-2.19296181852193
XKRZDNKKANUBPV-UHFFFAOYSA-N,-4.260423724843376
XKVLZBNEPALHIO-UHFFFAOYSA-N,-0.5337651778645494
XKYICAQFSCFURC-UHFFFAOYSA-N,-2.2098547967695015
XLDBTRJKXLKYTC-UHFFFAOYSA-N,-3.0656409187664604
XLLIQLLCWZCATF-UHFFFAOYSA-N,-6.056847747869817
XLMALTXPSGQGBX-UHFFFAOYSA-N,-9.783506294848642
XLMFDCKSFJWJTP-UHFFFAOYSA-N,-10.918403350622462
XLNZEKHULJKQBA-UHFFFAOYSA-N,-4.203269920362599
XLSMFKSTNGKWQX-UHFFFAOYSA-N,-7.3497059940524245
XLSZMDLNRCVEIJ-UHFFFAOYSA-N,-5.277718322318025
XLTMWFMRJZDFFD-UHFFFAOYSA-N,-14.441647434170404
XMBWDFGMSWQBCA-UHFFFAOYSA-N,-0.060957992858648335
XMGQYMWWDOXHJM-JTQLQIEISA-N,-0.11213629301033023
XMGQYMWWDOXHJM-UHFFFAOYSA-N,0.20666300899324164
XMIIGOLPHOKFCH-UHFFFAOYSA-N,-8.967650890021025
XMLSXPIVAXONDL-PLNGDYQASA-N,-5.686177552868222
XMNIXWIUMCBBBL-UHFFFAOYSA-N,-3.8447703443182517
XMQFTWRPUQYINF-UHFFFAOYSA-N,-19.709944093112295
XMRMVBVJGSKMEN-UHFFFAOYSA-N,-5.1919063171863105
XMROPFQWHHUFFS-UHFFFAOYSA-N,2.977647970598924
XMTQQYYKAHVGBJ-UHFFFAOYSA-N,-10.679354975240727
XMUJIPOFTAHSOK-UHFFFAOYSA-N,-4.870068048167749
XMVBHZBLHNOQON-UHFFFAOYSA-N,-2.4647529198543356
XMWRWTSZNLOZFN-UHFFFAOYSA-N,-4.0694594194366545
XNEFYCZVKIDDMS-UHFFFAOYSA-N,-11.216454272848416
XNGIFLGASWRNHJ-UHFFFAOYSA-N,-12.59722491534973
XNKARWLGLZGMGX-UHFFFAOYSA-N,-5.151667023858373
XNKLLVCARDGLGL-UHFFFAOYSA-N,-18.06813014985654
XNLICIUVMPYHGG-UHFFFAOYSA-N,-3.6686132374186253
XNMQEEKYCVKGBD-UHFFFAOYSA-N,-0.9889709839843076
XNNQFQFUQLJSQT-UHFFFAOYSA-N,-2.5733308417961687
XNSUVOOWWSAQMZ-UHFFFAOYSA-N,-1.7718939137650542
XNWFRZJHXBZDAG-UHFFFAOYSA-N,-5.641194367344692
XNXIYYFOYIUJIW-UHFFFAOYSA-N,-0.2933467568521664
XOAAWQZATWQOTB-UHFFFAOYSA-N,-14.070433719582711
XOBKSJJDNFUZPF-UHFFFAOYSA-N,-2.19296181852193
XOEMATDHVZOBSG-UHFFFAOYSA-N,-8.745824483528619
XOFYZVNMUHMLCC-UHFFFAOYSA-N,-11.023613092448432
XOGPDSATLSAZEK-UHFFFAOYSA-N,-11.702737554658775
XOILGBPDXMVFIP-UHFFFAOYSA-N,-9.043078107990851
XOKSLPVRUOBDEW-UHFFFAOYSA-N,1.533696728456896
XOMKZKJEJBZBJJ-UHFFFAOYSA-N,-2.8796530823420587
XOUQAVYLRNOXDO-UHFFFAOYSA-N,-4.537748935566171
XOZUGNYVDXMRKW-UHFFFAOYSA-N,-14.52745943930212
XPAZGLFMMUODDK-UHFFFAOYSA-N,-6.715642769300118
XPCSGXMQGQGBKU-UHFFFAOYSA-N,-2.1421627604765705
XPCTZQVDEJYUGT-UHFFFAOYSA-N,-8.129983163718194
XPDWGBQVDMORPB-UHFFFAOYSA-N,0.6038638237315885
XPFVYQJUAUNWIW-UHFFFAOYSA-N,-7.643269007061315
XPNGNIFUDRPBFJ-UHFFFAOYSA-N,-6.14498808352085
XPOQHMRABVBWPR-UHFFFAOYSA-N,-9.096815031028514
XQABVLBGNWBWIV-UHFFFAOYSA-N,-0.060957992858648335
XQNAUQUKWRBODG-UHFFFAOYSA-N,-5.999693943389039
XQQBUAPQHNYYRS-UHFFFAOYSA-N,-1.441728635359965
XQSPYNMVSIKCOC-UHFFFAOYSA-N,-21.2453248153843
XQTJZNGNEJLXTR-UHFFFAOYSA-N,-7.380464585890355
XQTLDIFVVHJORV-UHFFFAOYSA-N,-4.260423724843376
XQUXKZZNEFRCAW-UHFFFAOYSA-N,-3.024268579572178
XQVWYOYUZDUNRW-UHFFFAOYSA-N,-7.283008310600447
XQYZDYMELSJDRZ-UHFFFAOYSA-N,-14.584613243782895
XQZXYNRDCRIARQ-UHFFFAOYSA-N,-32.29148995539483
XQZYPMVTSDWCCE-UHFFFAOYSA-N,-6.537043047736777
XRHCAGNSDHCHFJ-UHFFFAOYSA-N,-5.879337653231407
XRHGWAGWAHHFLF-UHFFFAOYSA-N,-6.512053553989574
XRJLAOUDSILTFT-UHFFFAOYSA-N,-9.18219289551592
XRMVWAKMXZNZIL-UHFFFAOYSA-N,-3.9978918149567293
XRQNHPGZRFKBJW-UHFFFAOYSA-N,-3.763137178890763
XRVCFZPJAHWYTB-UHFFFAOYSA-N,-10.679354975240727
XSAHYEQPUFJGKW-UHFFFAOYSA-N,-1.3299940409776445
XSAYZAUNJMRRIR-UHFFFAOYSA-N,-6.395990474218655
XSIFPSYPOVKYCO-UHFFFAOYSA-N,-3.4812942992915845
XSJVWZAETSBXKU-UHFFFAOYSA-N,-2.093628798750027
XSNQECSCDATQEL-UHFFFAOYSA-N,-4.202626535430732
XSQUKJJJFZCRTK-UHFFFAOYSA-N,-14.070433719582711
XSTXAVWGXDQKEL-UHFFFAOYSA-N,-0.6783806750946683
XTAHLACQOVXINQ-UHFFFAOYSA-N,0.002222606782062958
XTAZYLNFDRKIHJ-UHFFFAOYSA-N,-0.379155098093863
XTCHLXABLZQNNN-UHFFFAOYSA-N,-5.378662457458047
XTDQDBVBDLYELW-UHFFFAOYSA-N,2.9318500683598394
XTDYIOOONNVFMA-UHFFFAOYSA-N,-6.8268905155034965
XTFIVUDBNACUBN-UHFFFAOYSA-N,-12.59722491534973
XTHFKEDIFFGKHM-UHFFFAOYSA-N,-4.954503103524564
XTLMVJUSIANHND-UHFFFAOYSA-N,-4.0542773155901735
XTRDKALNCIHHNI-UHFFFAOYSA-N,-6.368596822474256
XTUVJUMINZSXGF-UHFFFAOYSA-N,-4.69409417867438
XTXRWKRVRITETP-UHFFFAOYSA-N,-2.3823665363894464
XUAWBXBYHDRROL-UHFFFAOYSA-N,-3.2674102204773563
XUCNUKMRBVNAPB-UHFFFAOYSA-N,0.9041592691175444
XUGNVMKQXJXZCD-UHFFFAOYSA-N,0.3197537918257869
XUPXMIAWKPTZLZ-UHFFFAOYSA-N,-2.703495975442433
XUPYJHCZDLZNFP-UHFFFAOYSA-N,-2.494568401481068
XUVKLBIJXLIPDZ-UHFFFAOYSA-N,2.897574392710641
XVBWGQSXLITICX-UHFFFAOYSA-N,-4.648180862978673
XVEASTGLHPVZNA-UHFFFAOYSA-N,-0.6783806750946683
XVEOUOTUJBYHNL-UHFFFAOYSA-N,-10.679354975240727
XVIZMMSINIOIQP-UHFFFAOYSA-N,-2.8224992778612816
XVKJSLBVVRCOIT-UHFFFAOYSA-N,7.585200281498988
XVLCNKFGFHUQNL-UHFFFAOYSA-N,-3.7109598433923057
XVOKUMIPKHGGTN-UHFFFAOYSA-N,-19.91673150838144
XVPBINOPNYFXID-UHFFFAOYSA-N,-22.67827279338407
XWALNWXLMVGSFR-UHFFFAOYSA-N,-9.783506294848642
XWCDCDSDNJVCLO-UHFFFAOYSA-N,-0.8455142524689888
XWEOGMYZFCHQNT-UHFFFAOYSA-N,-6.853807712064827
XWIYFDMXXLINPU-UHFFFAOYSA-N,-14.821666902744676
XWJBRBSPAODJER-UHFFFAOYSA-N,0.8818188312664166
XWKFPIODWVPXLX-UHFFFAOYSA-N,-4.841735501012863
XWKRJSMNDOXIHS-UHFFFAOYSA-N,-4.312601060341832
XWPZUHJBOLQNMN-UHFFFAOYSA-N,-1.730804117005106
XWQURWIJAIIPQP-UHFFFAOYSA-N,-11.63210765337354
XWRZWPPSQDHTFU-UHFFFAOYSA-N,-1.3227253329411164
XXBDWLFCJWSEKW-UHFFFAOYSA-N,-0.060957992858648335
XXEPPPIWZFICOJ-UHFFFAOYSA-N,-7.021965009846008
XXIKYCPRDXIMQM-UHFFFAOYSA-N,-3.5032298908429045
XXJWXESWEXIICW-UHFFFAOYSA-N,-8.402735652347326
XXMIOPMDWAUFGU-UHFFFAOYSA-N,-11.164276937349959
XXOYNJXVWVNOOJ-UHFFFAOYSA-N,-8.81838903287245
XXPBFNVKTVJZKF-UHFFFAOYSA-N,-3.4609648585115456
XXROGKLTLUQVRX-UHFFFAOYSA-N,-5.1802620470281155
XXXSILNSXNPGKG-UHFFFAOYSA-N,-9.206146171007747
XXXSILNSXNPGKG-ZHACJKMWSA-N,-11.648777078848319
XXYMSQQCBUKFHE-UHFFFAOYSA-N,-9.409951675255105
XYBSIYMGXVUVGY-UHFFFAOYSA-N,-3.638623935065049
XYDYODCWVCBIOQ-UHFFFAOYSA-N,3.1794172723098204
XYFCBTPGUUZFHI-UHFFFAOYSA-N,0.9041592691175444
XYHVYEUZLSYHDP-UHFFFAOYSA-N,-4.203269920362599
XYIBRDXRRQCHLP-UHFFFAOYSA-N,-6.1796549846535065
XYLGPCWDPLOBGP-UHFFFAOYSA-N,-0.060957992858648335
XYLMUPLGERFSHI-UHFFFAOYSA-N,-1.4046243645094316
XYWDPYKBIRQXQS-UHFFFAOYSA-N,-1.2611676329941128
XZDMJRIWJSNEGC-UHFFFAOYSA-N,-4.360599556136064
XZIDTOHMJBOSOX-UHFFFAOYSA-N,-9.577001715644249
XZMCDFZZKTWFGF-UHFFFAOYSA-N,-11.057122427966736
XZRHNAFEYMSXRG-UHFFFAOYSA-N,-6.283013570829072
XZZNDPSIHUTMOC-UHFFFAOYSA-N,-5.403479560498063
YACLQRRMGMJLJV-UHFFFAOYSA-N,-2.9318304178405152
YAFOVCNAQTZDQB-UHFFFAOYSA-N,-6.9526964282619
YAHNWSSFXMVPOU-UHFFFAOYSA-N,-2.8796530823420587
YAHRDLICUYEDAU-UHFFFAOYSA-N,-3.8766182390366697
YAIMUUJMEBJXAA-UHFFFAOYSA-N,-5.168387182338789
YAMHXTCMCPHKLN-UHFFFAOYSA-N,-12.654512778254814
YAPQBXQYLJRXSA-UHFFFAOYSA-N,-12.731035416275676
YASAKCUCGLMORW-UHFFFAOYSA-N,-16.831975004585342
YASYVMFAVPKPKE-UHFFFAOYSA-N,-14.821666902744676
YATIGPZCMOYEGE-UHFFFAOYSA-N,-6.485977225199397
YAWIAFUBXXPJMQ-UHFFFAOYSA-N,-3.2674102204773563
YAXKTBLXMTYWDQ-UHFFFAOYSA-N,-17.822256563129045
YAYNEUUHHLGGAH-UHFFFAOYSA-N,0.28673658688152437
YBGZDTIWKVFICR-UHFFFAOYSA-N,-4.841735501012863
YBNLWIZAWPBUKQ-UHFFFAOYSA-N,-8.761235228391673
YBOXGRMAQIYMGV-UHFFFAOYSA-N,3.2808057654329845
YBQZXXMEJHZYMB-UHFFFAOYSA-N,-6.5610326895294335
YBRBMKDOPFTVDT-UHFFFAOYSA-N,-3.980757475840207
YBRVSVVVWCFQMG-UHFFFAOYSA-N,-12.022239689942928
YBUGOACXDPDUIR-UHFFFAOYSA-N,-5.74137019863738
YBUIAJZFOGJGLJ-UHFFFAOYSA-N,-4.503102584886459
YBYIRNPNPLQARY-UHFFFAOYSA-N,-1.6848702762651435
YBYYCWMPXZRBNJ-UHFFFAOYSA-N,-1.5510597753391988
YCAGGFXSFQFVQL-UHFFFAOYSA-N,-13.288441944582816
YCBOYOYVDOUXLH-UHFFFAOYSA-N,-7.380464585890355
YCFPRPBATDQSBA-WAYWQWQTSA-N,-11.817017949014133
YCFUHBHONRJFHI-UHFFFAOYSA-N,-0.4506262162928589
YCIMNLLNPGFGHC-UHFFFAOYSA-N,-10.142005870892989
YCIYTXRUZSDMRZ-UHFFFAOYSA-N,-3.607055537471622
YCKRFDGAMUMZLT-UHFFFAOYSA-N,0.35469538766647557
YCLUIPQDHHPDJJ-UHFFFAOYSA-N,1.0766710087374896
YCMLQMDWSXFTIF-UHFFFAOYSA-N,-6.572676959687628
YCOXTKKNXUZSKD-UHFFFAOYSA-N,-6.6484103902524705
YCOZIPAWZNQLMR-UHFFFAOYSA-N,3.6964591459581086
YCSBALJAGZKWFF-UHFFFAOYSA-N,-6.845807902946383
YCZJVRCZIPDYHH-UHFFFAOYSA-N,-1.3785480357192534
YDGFMDPEJCJZEV-UHFFFAOYSA-N,-2.2422768045722816
YDLADWPBKZODCJ-UHFFFAOYSA-N,-4.046539646029148
YDLYQMBWCWFRAI-UHFFFAOYSA-N,-17.07511664549052
YDNLKBDXQCHOTH-UHFFFAOYSA-N,-8.029181032753787
YDONNITUKPKTIG-UHFFFAOYSA-N,-23.91858363366793
YDZCLBKUTXYYKS-UHFFFAOYSA-N,-4.588164709049792
YEJRWHAVMIAJKC-UHFFFAOYSA-N,-7.879927762438978
YEYKMVJDLWJFOA-UHFFFAOYSA-N,-6.549157824840108
YFBPRJGDJKVWAH-UHFFFAOYSA-N,-6.028951505479991
YFCDLVPYFMHRQZ-UHFFFAOYSA-N,-13.453011037346693
YFEUKKUPOVGUIW-UHFFFAOYSA-N,-19.05466615549326
YFGYUFNIOHWBOB-UHFFFAOYSA-N,-10.36481807101813
YFMFNYKEUDLDTL-UHFFFAOYSA-N,1.9667328063836464
YFNCATAIYKQPOO-UHFFFAOYSA-N,-14.796677408997475
YFNKIDBQEZZDLK-UHFFFAOYSA-N,-8.679619963111055
YFNONBGXNFCTMM-UHFFFAOYSA-N,-2.111972375205882
YFSLABAYQDPWPF-UHFFFAOYSA-N,-3.9541014842974853
YFSUTJLHUFNCNZ-UHFFFAOYSA-N,-0.5337651778645494
YFTHZRPMJXBUME-UHFFFAOYSA-N,-2.5548782760093913
YFXPPSKYMBTNAV-UHFFFAOYSA-N,-1.628486972882751
YGCFIWIQZPHFLU-UHFFFAOYSA-N,-8.895045729317617
YGDPIDTZOQGPAX-UHFFFAOYSA-N,-0.9494185583896732
YGFGZTXGYTUXBA-UHFFFAOYSA-N,-2.9104546893651095
YGHRJJRRZDOVPD-UHFFFAOYSA-N,-2.4303650321836776
YGJHZCLPZAZIHH-UHFFFAOYSA-N,-4.555742701247011
YGSDEFSMJLZEOE-UHFFFAOYSA-N,-8.761235228391673
YGUMVDWOQQJBGA-UHFFFAOYSA-N,-57.331349356842935
YGYAWVDWMABLBF-UHFFFAOYSA-N,-0.3040996337638271
YGYNBBAUIYTWBF-UHFFFAOYSA-N,-1.8266234240471582
YGZVAQICDGBHMD-UHFFFAOYSA-N,-3.5199955379855843
YHQGMYUVUMAZJR-UHFFFAOYSA-N,0.14442011254722084
YHQXBTXEYZIYOV-UHFFFAOYSA-N,1.7986466298085038
YHRUOJUYPBUZOS-UHFFFAOYSA-N,-2.1392248954842676
YHYKLKNNBYLTQY-UHFFFAOYSA-N,-8.039259607320659
YHZQHUOBDYTWMQ-UHFFFAOYSA-N,-9.429942228729818
YICSVBJRVMLQNS-UHFFFAOYSA-N,-6.537043047736777
YIJZJEYQBAAWRJ-UHFFFAOYSA-N,-6.572676959687628
YIKYNHJUKRTCJL-UHFFFAOYSA-N,-8.223885851916894
YIMQCDZDWXUDCA-UHFFFAOYSA-N,-11.9076713020815
YIROYDNZEPTFOL-UHFFFAOYSA-N,-9.642842449947114
YIVXMZJTEQBPQO-UHFFFAOYSA-N,-9.783506294848642
YIWUKEYIRIRTPP-UHFFFAOYSA-N,-4.166165649512065
YJEMGEBDXDPBSP-UHFFFAOYSA-N,-2.343665297695446
YJIRZJAZKDWEIJ-UHFFFAOYSA-N,-6.133504444314983
YJKIALIXRCSISK-UHFFFAOYSA-N,-5.467901497340398
YJTKZCDBKVTVBY-UHFFFAOYSA-N,-5.370156484049687
YKBZOVFACRVRJN-UHFFFAOYSA-N,-16.049983229585447
YKFKEYKJGVSEIX-UHFFFAOYSA-N,-3.9539260887591077
YKFLAYDHMOASIY-UHFFFAOYSA-N,-0.03019940102071778
YKFRAOGHWKADFJ-UHFFFAOYSA-N,-7.122140841138696
YKKYCYQDUUXNLN-UHFFFAOYSA-N,-2.703495975442433
YKNWIILGEFFOPE-UHFFFAOYSA-N,6.074769058238397
YKOLZVXSPGIIBJ-UHFFFAOYSA-N,-0.060957992858648335
YKPNYFKOKKKGNM-UHFFFAOYSA-N,3.463931252409282
YKPUWZUDDOIDPM-UHFFFAOYSA-N,-15.77441958087749
YKYONYBAUNKHLG-UHFFFAOYSA-N,-2.8796530823420587
YLKFDHTUAUWZPQ-UHFFFAOYSA-N,-5.091730485893622
YLNYLLVKHRZLGO-UHFFFAOYSA-N,-3.8940147861501666
YLPGTOIOYRQOHV-UHFFFAOYSA-N,-9.783506294848642
YLQBMQCUIZJEEH-UHFFFAOYSA-N,-0.9628946551941299
YLQLIQIAXYRMDL-UHFFFAOYSA-N,-4.1972431252026645
YLQWCDOCJODRMT-UHFFFAOYSA-N,-6.3521667242734505
YLRBJYMANQKEAW-UHFFFAOYSA-N,-2.7526184848193904
YMBFWRZKTZICHS-UHFFFAOYSA-N,-5.003818089574915
YMBNRMDSLJNNPF-UHFFFAOYSA-N,3.463931252409282
YMBVVPXERVAJTB-UHFFFAOYSA-N,-3.96311911394065
YMEXGEAJNZRQEH-UHFFFAOYSA-N,-37.15304555814747
YMIUHIAWWDYGGU-UHFFFAOYSA-N,-13.272450034980842
YMOONIIMQBGTDU-UHFFFAOYSA-N,-2.33018920089099
YMRMDGSNYHCUCL-UHFFFAOYSA-N,0.7468296333440795
YMTINGFKWWXKFG-UHFFFAOYSA-N,-9.356849650181264
YMTYZTXUZLQUSF-UHFFFAOYSA-N,-12.960700960376403
YMWUJEATGCHHMB-UHFFFAOYSA-N,-1.4046243645094316
YMZIFDLWYUSZCC-UHFFFAOYSA-N,-10.142005870892989
YNAVUWVOSKDBBP-UHFFFAOYSA-N,-5.999693943389039
YNJBWRMUSHSURL-UHFFFAOYSA-N,-8.698054628750961
YNLBBDHDNIXQNL-UHFFFAOYSA-N,3.6964591459581086
YNMSDIQQNIRGDP-UHFFFAOYSA-N,-5.255278044887241
YNPNZTXNASCQKK-UHFFFAOYSA-N,-3.8555753406224245
YNPVNLWKVZZBTM-UHFFFAOYSA-N,-3.5009570795573657
YNQLUTRBYVCPMQ-UHFFFAOYSA-N,-1.0260752548348413
YNTOKMNHRPSGFU-UHFFFAOYSA-N,-7.5142750868162995
YNWVFADWVLCOPU-MAUPQMMJSA-N,-7.866903058946162
YNWVFADWVLCOPU-MDWZMJQESA-N,-7.866900374638002
YODZTKMDCQEPHD-UHFFFAOYSA-N,-9.88368212614133
YORCIIVHUBAYBQ-UHFFFAOYSA-N,-1.9145358203658658
YOWNVPAUWYHLQX-UHFFFAOYSA-N,-19.05466615549326
YOWQWFMSQCOSBA-UHFFFAOYSA-N,-3.849064802874463
YOYAIZYFCNQIRF-UHFFFAOYSA-N,-4.312601060341832
YPDBBDKYNWRFMF-UHFFFAOYSA-N,-2.120186437056049
YPFDHNVEDLHUCE-UHFFFAOYSA-N,-10.225815666916489
YPHMISFOHDHNIV-UHFFFAOYSA-N,-17.797092266561535
YPJKMVATUPSWOH-UHFFFAOYSA-N,-0.017440173483718388
YPJUNDFVDDCYIH-UHFFFAOYSA-N,-3.2381526583864058
YPMNDMUOGQJCLW-UHFFFAOYSA-N,3.2066792882303594
YPZUZOLGGMJZJO-LQKXBSAESA-N,-2.6519019905899874
YPZUZOLGGMJZJO-UHFFFAOYSA-N,-2.4068458973361575
YQHLDYVWEZKEOX-UHFFFAOYSA-N,-7.953447602188946
YREYEVIYCVEVJK-UHFFFAOYSA-N,-21.188171010903517
YRGAYAGBVIXNAQ-UHFFFAOYSA-N,-3.024268579572178
YRHYCMZPEVDGFQ-UHFFFAOYSA-N,-2.037343057149556
YRIZYWQGELRKNT-UHFFFAOYSA-N,-11.92324779007295
YRKCREAYFQTBPV-UHFFFAOYSA-N,-5.063834243503797
YRMLFORXOOIJDR-UHFFFAOYSA-N,-6.815818600592808
YRRKLBAKDXSTNC-UHFFFAOYSA-N,-9.682834670992936
YRRKLBAKDXSTNC-WEVVVXLNSA-N,-5.539089182991372
YRSIFCHKXFKNME-UHFFFAOYSA-N,-4.648180862978673
YSHMQTRICHYLGF-UHFFFAOYSA-N,-4.172511328524669
YSIMAPNUZAVQER-UHFFFAOYSA-N,-3.5199955379855843
YSMRWXYRXBRSND-UHFFFAOYSA-N,-5.74137019863738
YSUQLAYJZDEMOT-UHFFFAOYSA-N,-4.191155143259266
YTBRNEUEFCNVHC-UHFFFAOYSA-N,-3.1406963830964965
YTCGOUNVIAWCMG-UHFFFAOYSA-N,0.14442011254722084
YTHJCZRFJGXPTL-UHFFFAOYSA-N,-6.083503739412539
YTKRILODNOEEPX-NSCUHMNNSA-N,-0.8830404246814112
YTKRILODNOEEPX-UHFFFAOYSA-N,-0.7197530142889509
YTKUWDBFDASYHO-UHFFFAOYSA-N,-14.972370381918193
YTPLMLYBLZKORZ-UHFFFAOYSA-N,-1.4988824398407423
YTTFFPATQICAQN-UHFFFAOYSA-N,-8.547351149577445
YTWXDQVNPCIEOX-UHFFFAOYSA-N,-3.0656409187664604
YTZKOQUCBOVLHL-UHFFFAOYSA-N,-0.5058689354747232
YUAUPYJCVKNAEC-OUKQBFOZSA-N,-6.23367941251672
YUAUPYJCVKNAEC-UHFFFAOYSA-N,-5.719375400577477
YUGWDVYLFSETPE-JLHYYAGUSA-N,-2.0592499503685353
YUKILTJWFRTXGB-UHFFFAOYSA-N,-2.8796530823420587
YUKQRDCYNOVPGJ-UHFFFAOYSA-N,-5.003818089574915
YUWFEBAXEOLKSG-UHFFFAOYSA-N,-1.8866395779760399
YVBBRRALBYAZBM-UHFFFAOYSA-N,5.946124245697254
YVBCULSIZWMTFY-UHFFFAOYSA-N,-4.112827304801348
YVGGHNCTFXOJCH-UHFFFAOYSA-N,-4.702733096911221
YVPYQUNUQOZFHG-UHFFFAOYSA-N,-22.06977823245896
YVSNOTITPICPTB-UHFFFAOYSA-N,-10.734356638930267
YVXHZKKCZYLQOP-UHFFFAOYSA-N,0.6223163895183655
YVYHOOYMDHZALB-UHFFFAOYSA-N,3.5318900531942328
YWAKXRMUMFPDSH-UHFFFAOYSA-N,1.6064721099227772
YWBVHLJPRPCRSD-UHFFFAOYSA-N,-9.512468411553638
YWDUZLFWHVQCHY-UHFFFAOYSA-N,-2.625508177294625
YWECCEXWKFHHQJ-UHFFFAOYSA-N,-12.390437500080589
YWFPGFJLYRKYJZ-UHFFFAOYSA-N,-17.07511664549052
YWFWDNVOPHGWMX-UHFFFAOYSA-N,-5.584040562863915
YWHLKYXPLRWGSE-UHFFFAOYSA-N,-2.441787493176846
YWSCPYYRJXKUDB-UHFFFAOYSA-N,-10.830058454414244
YWSFDYUMEBEQNZ-UHFFFAOYSA-N,-7.317283986249645
YWTIDNZYLFTNQQ-UHFFFAOYSA-N,-4.763661400594912
YWTYJOPNNQFBPC-UHFFFAOYSA-N,-18.120307485354996
YWWNNLPSZSEZNZ-UHFFFAOYSA-N,-2.087105323633807
YWXLSHOWXZUMSR-UHFFFAOYSA-N,-2.7526184848193904
YXBUQQDFTYOHQI-UHFFFAOYSA-N,-37.5435346421051
YXCDJKQYFBEAOU-UHFFFAOYSA-N,-3.287327041041862
YXFVVABEGXRONW-UHFFFAOYSA-N,-1.0139604777315094
YXIWHUQXZSMYRE-UHFFFAOYSA-N,-8.114315071650696
YXKMMRDKEKCERS-UHFFFAOYSA-N,-6.687746526910294
YXKTVDFXDRQTKV-UHFFFAOYSA-N,-6.6381595240393025
YXMNEYKMHSBVTD-UHFFFAOYSA-N,-7.437618390371133
YXMNUPKWUMIZAV-UHFFFAOYSA-N,-3.99556264580945
YXMYPHLWXBXNFF-UHFFFAOYSA-N,-6.083503739412539
YXTRCOAFNXQTKL-UHFFFAOYSA-N,-2.3823665363894464
YXVFYQXJAXKLAK-UHFFFAOYSA-N,-3.6538060389115294
YXVSKJDFNJFXAJ-UHFFFAOYSA-N,-6.435800495524651
YXZFFTJAHVMMLF-UHFFFAOYSA-N,-0.17028913283788208
YYJNOYZRYGDPNH-MFKUBSTISA-N,-4.683928290745016
YYJNOYZRYGDPNH-UHFFFAOYSA-N,-5.968935351551108
YYLLIJHXUHJATK-UHFFFAOYSA-N,-3.2381526583864058
YYQRGCZGSFRBAM-UHFFFAOYSA-N,-15.567632165608346
YYROPELSRYBVMQ-UHFFFAOYSA-N,-4.752733801813667
YYTSGNJTASLUOY-UHFFFAOYSA-N,-5.78580986457481
YYUGBYFBCFRGNZ-UHFFFAOYSA-N,-4.038700827598723
YYVYAPXYZVYDHN-UHFFFAOYSA-N,-9.669798047327102
YYZUSRORWSJGET-UHFFFAOYSA-N,-2.037343057149556
YZANRISAORXTHU-UHFFFAOYSA-N,-3.347483798365639
YZKLGRAIIIGOHB-UHFFFAOYSA-N,-4.312601060341832
YZUKKTCDYSIWKJ-UHFFFAOYSA-N,-7.489795725869589
YZWGEMSQAMDWEM-UHFFFAOYSA-N,-7.380464585890355
YZWKKMVJZFACSU-UHFFFAOYSA-N,-0.17028913283788208
YZZVKLJKDFFSFL-UHFFFAOYSA-N,-5.827182203769095
ZAFNJMIOTHYJRJ-UHFFFAOYSA-N,-1.4296138582566331
ZAGRQXMWMRUYRB-UHFFFAOYSA-N,-2.441787493176846
ZAIDIVBQUMFXEC-UHFFFAOYSA-N,-0.3040996337638271
ZAJNGDIORYACQU-UHFFFAOYSA-N,-2.441787493176846
ZALHPSXXQIPKTQ-UHFFFAOYSA-N,3.4225589132149987
ZAMOUSCENKQFHK-UHFFFAOYSA-N,-2.4748046981211087
ZAZKJZBWRNNLDS-UHFFFAOYSA-N,-1.5510597753391988
ZBCBWPMODOFKDW-UHFFFAOYSA-N,-12.21082909691556
ZBQKPDHUDKSCRS-UHFFFAOYSA-N,-0.585942513363006
ZBQZXTBAGBTUAD-UHFFFAOYSA-N,-1.6837332259736293
ZBTMRBYMKUEVEU-UHFFFAOYSA-N,-1.344272360070056
ZCJAYDKWZAWMPR-UHFFFAOYSA-N,-1.58910989369594
ZCJPOPBZHLUFHF-UHFFFAOYSA-N,-8.941196269656139
ZCNQYNHDVRPZIH-JXAWBTAJSA-N,-7.0634064020326885
ZCNQYNHDVRPZIH-UHFFFAOYSA-N,-9.8356836303471
ZCTNDJSCLPJCRA-UHFFFAOYSA-N,-4.405039222073494
ZCTQGTTXIYCGGC-UHFFFAOYSA-N,-4.613426183566948
ZCVAOQKBXKSDMS-UHFFFAOYSA-N,-6.4626341208052605
ZCXHZKNWIYVQNC-UHFFFAOYSA-N,-1.723571514959144
ZCYVEMRRCGMTRW-UHFFFAOYSA-N,-0.47661137338377224
ZDBCSZOFHPULAS-UHFFFAOYSA-N,-3.936916676727435
ZDDZPDTVCZLFFC-UHFFFAOYSA-N,-0.8455142524689888
ZDEQCIGFZLZXBZ-UHFFFAOYSA-N,-4.820692602598617
ZDLMBNHYTPHDLF-UHFFFAOYSA-N,-2.441787493176846
ZDOOQPFIGYHZFV-UHFFFAOYSA-N,-7.749367464975572
ZDPHROOEEOARMN-UHFFFAOYSA-N,-5.78580986457481
ZDPIZLCVJAAHHR-UHFFFAOYSA-N,-10.251337010872223
ZDUOTHMDVYXZBS-UHFFFAOYSA-N,8.987013822414548
ZDVJGWXFXGJSIU-UHFFFAOYSA-N,-4.203269920362599
ZDWGXBPVPXVXMQ-UHFFFAOYSA-N,-3.2381526583864058
ZDXMLEQEMNLCQG-UHFFFAOYSA-N,-22.56894165340484
ZDXPYRJPNDTMRX-UHFFFAOYSA-N,-19.27274368545823
ZDYJWDIWLRZXDB-UHFFFAOYSA-N,-4.191155143259266
ZEATXTCWXKQPHO-UHFFFAOYSA-N,-4.098716981527604
ZEFMBAFMCSYJOO-UHFFFAOYSA-N,-8.502911483640014
ZEHOVWPIGREOPO-UHFFFAOYSA-N,-24.43599557771651
ZEOVXNVKXIPWMS-UHFFFAOYSA-N,-0.11811179733942538
ZERULLAPCVRMCO-UHFFFAOYSA-N,-1.3153674360785421
ZFFMLCVRJBZUDZ-UHFFFAOYSA-N,2.315688503456792
ZFHGXWPMULPQSE-UHFFFAOYSA-N,-1.6848702762651435
ZFHGXWPMULPQSE-WTKPLQERSA-N,-3.004188108316958
ZFIQGRISGKSVAG-UHFFFAOYSA-N,-10.759428553129009
ZFIVKAOQEXOYFY-UHFFFAOYSA-N,-8.123069403344157
ZFMSMUAANRJZFM-UHFFFAOYSA-N,-3.262954447745005
ZFMWDTNZPKDVBU-UHFFFAOYSA-N,-1.723571514959144
ZFRKQXVRDFCRJG-UHFFFAOYSA-N,-5.69337170284315
ZFSLODLOARCGLH-UHFFFAOYSA-N,-17.247628385110467
ZFVMWEVVKGLCIJ-UHFFFAOYSA-N,-10.601027136782808
ZFXYFBGIUFBOJW-UHFFFAOYSA-N,-16.831975004585342
ZGEGCLOFRBLKSE-UHFFFAOYSA-N,1.6464643309685973
ZGHQUYZPMWMLBM-UHFFFAOYSA-N,-3.1406963830964965
ZGJCTUKRTSBTIQ-UHFFFAOYSA-N,3.0700861323305864
ZGMCNGHHUQZNIH-UHFFFAOYSA-N,-4.752733801813667
ZGMNAIODRDOMEK-UHFFFAOYSA-N,-5.4045969045847535
ZGNITFSDLCMLGI-UHFFFAOYSA-N,-2.8796530823420587
ZHBBDTRJIVXKEX-UHFFFAOYSA-N,-2.8796530823420587
ZHKKNUKCXPWZOP-UHFFFAOYSA-N,0.4451380032277258
ZHLICBPIXDOFFG-UHFFFAOYSA-N,-3.2381526583864058
ZHNUHDYFZUAESO-UHFFFAOYSA-N,-10.04454959560308
ZHOOOLQOWQVYOE-UHFFFAOYSA-N,-5.552709097977697
ZIBGPFATKBEMQZ-UHFFFAOYSA-N,-12.323324682606623
ZIKNXBYJTDTRQA-UHFFFAOYSA-N,-4.360599556136064
ZINRVIQBCHAZMM-UHFFFAOYSA-N,-15.451204362084027
ZISSAWUMDACLOM-UHFFFAOYSA-N,2.8419367990776108
ZIUSEGSNTOUIPT-UHFFFAOYSA-N,-6.860258266530238
ZIYVHBGGAOATLY-UHFFFAOYSA-N,-12.56143739002024
ZJCCRDAZUWHFQH-UHFFFAOYSA-N,-12.567193427990489
ZJIJAJXFLBMLCK-UHFFFAOYSA-N,8.066336226375785
ZJMLMBICUVVJDX-UHFFFAOYSA-N,-11.492017921556375
ZJMWRROPUADPEA-UHFFFAOYSA-N,-0.4134307737430608
ZJMZZNVGNSWOOM-UHFFFAOYSA-N,-9.512468411553638
ZJRUTGDCLVIVRD-UHFFFAOYSA-N,-12.021263487283498
ZKBKRTZIYOKNRG-UHFFFAOYSA-N,-7.074142345344466
ZKFARSBUEBZZJT-UHFFFAOYSA-N,-4.652624321304621
ZKGSEEWIVLAUNH-UHFFFAOYSA-N,-1.9667131558643225
ZKNHDJMXIUOHLX-UHFFFAOYSA-N,-0.4134307737430608
ZKVMMSGRDBQIOQ-UHFFFAOYSA-N,0.3911466954545837
ZKXDGKXYMTYWTB-UHFFFAOYSA-N,-8.321102486919838
ZKXITRNXHWEQJU-UHFFFAOYSA-N,-3.0973291860727175
ZKYMFADZZFTYJH-UHFFFAOYSA-N,4.497007315170425
ZLCSFXXPPANWQY-UHFFFAOYSA-N,-0.776906818769728
ZLCUIOWQYBYEBG-UHFFFAOYSA-N,-14.284317798396938
ZLFVRXUOSPRRKQ-UHFFFAOYSA-N,-14.284317798396938
ZLGYJAIAVPVCNF-UHFFFAOYSA-N,-3.7109598433923057
ZLIBICFPKPWGIZ-UHFFFAOYSA-N,-5.571925785760584
ZLLRUEJANKJPQE-UHFFFAOYSA-N,-2.316403281774907
ZLSWBLPERHFHIS-SCSAIBSYSA-N,-7.856453943489308
ZLSWBLPERHFHIS-UHFFFAOYSA-N,-11.088857931892807
ZMANZCXQSJIPKH-UHFFFAOYSA-N,-3.1043421574604606
ZMBHCYHQLYEYDV-UHFFFAOYSA-N,-0.47661137338377224
ZMEDGZAGMLTROM-UHFFFAOYSA-N,3.296797675034961
ZMHWQAHZKUPENF-UHFFFAOYSA-N,-2.7250430025713728
ZMJOVJSTYLQINE-UHFFFAOYSA-N,-0.17028913283788208
ZMQAAUBTXCXRIC-UHFFFAOYSA-N,-4.79888434215219
ZMRFCSWFCKICQE-UHFFFAOYSA-N,-3.0386206013367305
ZMVMYBGDGJLCHV-UHFFFAOYSA-N,-11.002570194034188
ZMWGIGHRZQTQRE-UHFFFAOYSA-N,-7.207952846270411
ZMXDDKWLCZADIW-UHFFFAOYSA-N,-7.810925164922576
ZMXIYERNXPIYFR-UHFFFAOYSA-N,-2.564175533109623
ZMYFCFLJBGAQRS-UHFFFAOYSA-N,-5.349742520978124
ZMYIIHDQURVDRB-UHFFFAOYSA-N,-3.243126375728857
ZNOLGFHPUIJIMJ-UHFFFAOYSA-N,-7.409722147981308
ZNQVEEAIQZEUHB-UHFFFAOYSA-N,-6.056847747869817
ZNRVRWHPZZOTIE-UHFFFAOYSA-N,-4.360599556136064
ZNSMNVMLTJELDZ-UHFFFAOYSA-N,-4.098716981527604
ZOCHHNOQQHDWHG-UHFFFAOYSA-N,-3.8661890879787775
ZOCSXAVNDGMNBV-UHFFFAOYSA-N,-10.36481807101813
ZOGDSYNXUXQGHF-UHFFFAOYSA-N,-10.601027136782808
ZOJBYZNEUISWFT-UHFFFAOYSA-N,-2.8224992778612816
ZOKCNEIWFQCSCM-UHFFFAOYSA-N,-2.9320737607071052
ZOKXUAHZSKEQSS-UHFFFAOYSA-N,-6.85307661098291
ZOLLIQAKMYWTBR-UHFFFAOYSA-N,0.058045309560200486
ZOMSMJKLGFBRBS-UHFFFAOYSA-N,-9.783506294848642
ZOTBXTZVPHCKPN-HTXNQAPBSA-N,-6.464517293454886
ZOTBXTZVPHCKPN-UHFFFAOYSA-N,-9.495085714152012
ZOTBXTZVPHCKPN-ZPHPHTNESA-N,-5.720323024741135
ZOWSJJBOQDKOHI-UHFFFAOYSA-N,-1.643497937070861
ZOXBWJMCXHTKNU-UHFFFAOYSA-N,-4.954503103524564
ZOZIRNMDEZKZHM-UHFFFAOYSA-N,-6.796385474492622
ZPQAKYPOZRXKFA-UHFFFAOYSA-N,-2.2422768045722816
ZPQOPVIELGIULI-UHFFFAOYSA-N,-1.3371756965249708
ZPTVNYMJQHSSEA-UHFFFAOYSA-N,-5.077944566777541
ZPUCINDJVBIVPJ-UHFFFAOYSA-N,-12.16124209404457
ZPVFWPFBNIEHGJ-UHFFFAOYSA-N,-2.979828913634747
ZQBFAOFFOQMSGJ-UHFFFAOYSA-N,-0.26272729456954436
ZQEIXNIJLIKNTD-UHFFFAOYSA-N,-9.607349187949017
ZQFIWHOYWCJIHU-UHFFFAOYSA-N,-4.555742701247011
ZQTYQMYDIHMKQB-UHFFFAOYSA-N,-5.225540986819569
ZQUPQXINXTWCQR-UHFFFAOYSA-N,-2.4303650321836776
ZQVJKYPEIPJEIP-UHFFFAOYSA-N,-0.21828762863211312
ZQWPRMPSCMSAJU-UHFFFAOYSA-N,-3.39548229415987
ZRCQYAQOWIQUBA-UHFFFAOYSA-N,-10.42384875049217
ZRDUSMYWDRPZRM-UHFFFAOYSA-N,-10.017556808141363
ZRKMQKLGEQPLNS-UHFFFAOYSA-N,-0.47661137338377224
ZRKWMRDKSOPRRS-UHFFFAOYSA-N,-7.905449106394714
ZRSNZINYAWTAHE-UHFFFAOYSA-N,-6.31572693653386
ZRTXVJYJVBTXHE-UHFFFAOYSA-N,3.14071603361582
ZRVPDCMGGOSDKG-UHFFFAOYSA-N,-4.1972431252026645
ZRWPUFFVAOMMNM-UHFFFAOYSA-N,-11.579930317875084
ZRWRPGGXCSSBAO-UHFFFAOYSA-N,-2.625508177294625
ZSBOIPHQFKYRMG-UHFFFAOYSA-N,-6.281536822988219
ZSDSQXJSNMTJDA-UHFFFAOYSA-N,-3.347483798365639
ZSIAUFGUXNUGDI-UHFFFAOYSA-N,-4.405039222073494
ZSIQJIWKELUFRJ-UHFFFAOYSA-N,-5.019394577566366
ZSIZNEVHVVRPFF-UHFFFAOYSA-N,-4.312601060341832
ZSPAPWGNAGTCCA-UHFFFAOYSA-N,-4.900766180486901
ZSPJEACWUWSAGS-UHFFFAOYSA-N,-4.485112799961778
ZSWFCLXCOIISFI-UHFFFAOYSA-N,-0.17028913283788208
ZTEHOZMYMCEYRM-UHFFFAOYSA-N,0.4736986900853244
ZTMKADLOSYKWCA-UHFFFAOYSA-N,-5.515473674107382
ZTNANFDSJRRZRJ-UHFFFAOYSA-N,-5.56070239133923
ZTOMUSMDRMJOTH-UHFFFAOYSA-N,-9.188769686659613
ZTQSAGDEMFDKMZ-UHFFFAOYSA-N,-3.3219624544099045
ZTYVMAQSHCZXLF-UHFFFAOYSA-N,-14.18686152310703
ZUBZATZOEPUUQF-UHFFFAOYSA-N,3.14071603361582
ZUHZGEOKBKGPSW-UHFFFAOYSA-N,-10.44737392798876
ZUOUZKKEUPVFJK-UHFFFAOYSA-N,-2.7526184848193904
ZUTDUGMNROUBOX-UHFFFAOYSA-N,-1.5510597753391988
ZUTYZAFDFLLILI-UHFFFAOYSA-N,-5.520859963223204
ZUVPLKVDZNDZCM-UHFFFAOYSA-N,-5.865883442463094
ZUXVGCIQOSXRJN-UHFFFAOYSA-N,-2.014711651658554
ZVEZMVFBMOOHAT-UHFFFAOYSA-N,-0.6994235735089124
ZVFDTKUVRCTHQE-UHFFFAOYSA-N,-6.056847747869817
ZVHAANQOQZVVFD-UHFFFAOYSA-N,-3.9893858415483705
ZVJHJDDKYZXRJI-UHFFFAOYSA-N,-5.003818089574915
ZVKOASAVGLETCT-UHFFFAOYSA-N,-20.192295157089397
ZVQXQPNJHRNGID-UHFFFAOYSA-N,-7.89282419649089
ZWBAMYVPMDSJGQ-UHFFFAOYSA-N,-0.26272729456954436
ZWEHNKRNPOVVGH-UHFFFAOYSA-N,-3.7109598433923057
ZWKNLRXFUTWSOY-QPJJXVBHSA-N,-6.380003375388204
ZWLPBLYKEWSWPD-UHFFFAOYSA-N,-7.380464585890355
ZWNMRZQYWRLGMM-UHFFFAOYSA-N,-6.317891048624254
ZWPVHELAQPIZHO-UHFFFAOYSA-N,-2.5733308417961687
ZWRUINPWMLAQRD-UHFFFAOYSA-N,-3.4181136996508736
ZWVMLYRJXORSEP-UHFFFAOYSA-N,-17.583208187747307
ZWWCURLKEXEFQT-UHFFFAOYSA-N,-2.4303650321836776
ZXAGXLDEMUNQSH-UHFFFAOYSA-N,-2.4814274560261973
ZXCYIJGIGSDJQQ-UHFFFAOYSA-N,-9.607349187949017
ZXEKIIBDNHEJCQ-UHFFFAOYSA-N,-4.752733801813667
ZXFXBSWRVIQKOD-UHFFFAOYSA-N,-4.312601060341832
ZXIJMRYMVAMXQP-UHFFFAOYSA-N,0.20666300899324164
ZXNBBWHRUSXUFZ-UHFFFAOYSA-N,-3.9893858415483705
ZXQYGBMAQZUVMI-UHFFFAOYSA-N,-4.521467025597813
ZXVONLUNISGICL-UHFFFAOYSA-N,-7.021965009846008
ZYEMGPIYFIJGTP-UHFFFAOYSA-N,-5.091730485893622
ZYGHJZDHTFUPRJ-UHFFFAOYSA-N,-7.5142750868162995
ZYHMJXZULPZUED-UHFFFAOYSA-N,-6.384588732076232
ZYIBVBKZZZDFOY-UHFFFAOYSA-N,-22.92141443428925
ZYNDJIBBPLNPOW-UHFFFAOYSA-N,-1.5990582711334298
ZYURHZPYMFLWSH-UHFFFAOYSA-N,6.641125917937039
ZYVYEJXMYBUCMN-UHFFFAOYSA-N,-1.7911418564711985
ZYWUVGFIXPNBDL-UHFFFAOYSA-N,-7.89282419649089
ZZCSBXFJFLSDRR-UHFFFAOYSA-N,-7.021965009846008
ZZLCFHIKESPLTH-UHFFFAOYSA-N,-2.273035396410213
ZZMOHCWFHCHISQ-UHFFFAOYSA-N,0.9041592691175444
ZZMVLMVFYMGSMY-UHFFFAOYSA-N,-9.529361389801208
ZZORFUFYDOWNEF-UHFFFAOYSA-N,-9.999372029510074
ZZUFCTLCJUWOSV-UHFFFAOYSA-N,-19.114682309422143
ZZYSLNWGKKDOML-UHFFFAOYSA-N,-8.761235228391673
