ikey,dHvap_kJmol
AAADKYXUTOBAGS-UHFFFAOYSA-N,55.50000000000001
AAAIZLQILBFRTJ-UHFFFAOYSA-N,175.52035759821638
AAAQKTZKLRYKHR-UHFFFAOYSA-N,94.30000000000004
AAAXMNYUNVCMCJ-UHFFFAOYSA-N,54.10000000000001
AABTWRKUKUPMJG-UHFFFAOYSA-N,37.94445154476683
ABDKAPXRBAPSQN-UHFFFAOYSA-N,65.19999999999999
ABGXADJDTPFFSZ-UHFFFAOYSA-N,74.2
ABHHLNIVRZCBKH-UHFFFAOYSA-N,142.8929809890093
ABPBVCKGWWGZDP-UHFFFAOYSA-N,36.5
ABYGSZMCWVXFCQ-UHFFFAOYSA-N,48.500000000000014
ACBMYYVZWKYLIP-UHFFFAOYSA-N,62.89999999999997
ACKALUBLCWJVNB-UHFFFAOYSA-N,58.999999999999986
ACMBVSPXQQUNOF-UHFFFAOYSA-N,118.1785237345447
ACOBBFVLNKYODD-UHFFFAOYSA-N,57.58808826404894
ACUZDYFTRHEKOS-UHFFFAOYSA-N,75.87467576872723
ACWQBUSCFPJUPN-UHFFFAOYSA-N,41.4431310294455
ACYHSTUWOQNWCX-UHFFFAOYSA-N,46.9
ACYQYBAHTSKBLM-UHFFFAOYSA-N,15.599999999999996
ADGYLICVEHSKBQ-UHFFFAOYSA-N,31.657671245159097
ADHCYQWFCLQBFG-UHFFFAOYSA-N,34.3
ADKOKWOWUJDRJK-UHFFFAOYSA-N,28.20916197954116
ADNADZOSMJDVIS-UHFFFAOYSA-N,53.21427520708681
ADOBXTDBFNCOBN-UHFFFAOYSA-N,89.82915569758609
ADPIJPFGLVDJEK-UHFFFAOYSA-N,34.15707479923926
ADSOSINJPNKUJK-UHFFFAOYSA-N,51.69661512333643
AEBWATHAIVJLTA-UHFFFAOYSA-N,42.63919262451898
AEHWKBXBXYNPCX-UHFFFAOYSA-N,56.40000000000001
AEIJTFQOBWATKX-UHFFFAOYSA-N,89.02609831305121
AEIOZWYBDBVCGW-UHFFFAOYSA-N,62.699999999999974
AEKVBBNGWBBYLL-UHFFFAOYSA-N,51.8
AERQHTTXGFFYIB-UHFFFAOYSA-N,29.175144345531617
AEXMKKGTQYQZCS-UHFFFAOYSA-N,33.00000000000001
AFABGHUZZDYHJO-UHFFFAOYSA-N,29.839776011658905
AFELDWXNIFIYOC-UHFFFAOYSA-N,74.99046868170875
AFFLGGQVNFXPEV-UHFFFAOYSA-N,49.47926590768803
AFGNVSCTEXUEJE-UHFFFAOYSA-N,118.2649664029562
AFMVESZOYKHDBJ-UHFFFAOYSA-N,91.6
AFOSIXZFDONLBT-UHFFFAOYSA-N,56.5
AFTPEBDOGXRMNQ-UHFFFAOYSA-N,40.70000000000001
AFTSHZRGGNMLHC-UHFFFAOYSA-N,26.70617029262124
AFVDZBIIBXWASR-UHFFFAOYSA-N,34.70953427078582
AFYPFACVUDMOHA-UHFFFAOYSA-N,15.42667361672566
AFZZYIJIWUTJFO-UHFFFAOYSA-N,52.5
AGEZXYOZHKGVCM-UHFFFAOYSA-N,52.5
AGITVGTVVWLRGX-UHFFFAOYSA-N,108.60000000000002
AGQOIYCTCOEHGR-UHFFFAOYSA-N,39.70000000000001
AGWFDZMDKNQQHG-UHFFFAOYSA-N,44.5
AGZPNUZBDCYTBB-UHFFFAOYSA-N,79.10000000000002
AHAREKHAZNPPMI-UHFFFAOYSA-N,32.57687212823704
AHHWIHXENZJRFG-UHFFFAOYSA-N,29.800000000000008
AIJFZFPWACJMNR-UHFFFAOYSA-N,185.0272768934991
AILKHAQXUAOOFU-UHFFFAOYSA-N,46.147508499198814
AILVYPLQKCQNJC-UHFFFAOYSA-N,51.42756106404481
AIMREYQYBFBEGQ-UHFFFAOYSA-N,42.7
AIPJZPPOFWCJRC-UHFFFAOYSA-N,21.265535659156484
AIQLNKITFBJPFO-UHFFFAOYSA-N,56.11988572155145
AISQJRLSHDWVGU-UHFFFAOYSA-N,166.5263365838059
AIUUAKHKOQFCKF-UHFFFAOYSA-N,43.1454733752307
AIZNASPCDNJRSP-UHFFFAOYSA-N,38.18749643941542
AJDIFHIHSYVDGP-UHFFFAOYSA-N,45.99999999999999
AJDIZQLSFPQPEY-UHFFFAOYSA-N,28.300000000000004
AJKVQEKCUACUMD-UHFFFAOYSA-N,60.50000000000002
AJPGNQYBSTXCJE-UHFFFAOYSA-N,40.70000000000001
AJUXDFHPVZQOGF-UHFFFAOYSA-N,66.89999999999999
AKCRQHGQIJBRMN-UHFFFAOYSA-N,56.8
AKHMHYGTZRJYBS-UHFFFAOYSA-N,43.50000000000001
AKMSQWLDTSOVME-UHFFFAOYSA-N,62.73173528967619
AKOJBFZCIRFXBA-UHFFFAOYSA-N,42.17306116575656
AKQAJYLKBCWJBV-UHFFFAOYSA-N,73.80000000000001
ALLIZEAXNXSFGD-UHFFFAOYSA-N,66.79999999999997
ALOUNLDAKADEEB-UHFFFAOYSA-N,86.39999999999996
ALQSHHUCVQOPAS-UHFFFAOYSA-N,84.59999999999997
ALSTYHKOOCGGFT-UHFFFAOYSA-N,119.38055186399208
ALVGHPMGQNBJRC-UHFFFAOYSA-N,93.7306227350046
ALVPFGSHPUPROW-UHFFFAOYSA-N,52.52566760118941
ALVZNPYWJMLXKV-UHFFFAOYSA-N,112.10000000000002
ALZHYEITUZEZMT-UHFFFAOYSA-N,54.39999999999999
AMBOSHXMUMOHBF-UHFFFAOYSA-N,58.3
AMIMRNSIRUDHCM-UHFFFAOYSA-N,33.161422073355816
AMQJEAYHLZJPGS-UHFFFAOYSA-N,57.97391650587283
AMTITFMUKRZZEE-UHFFFAOYSA-N,88.31620631692556
AMXYRHBJZOVHOL-UHFFFAOYSA-N,52.97192800278052
ANGDWNBGPBMQHW-UHFFFAOYSA-N,66.19999999999999
ANGGPYSFTXVERY-UHFFFAOYSA-N,36.20000000000001
ANJAOCICJSRZSR-UHFFFAOYSA-N,79.10000000000002
ANOOTOPTCJRUPK-UHFFFAOYSA-N,49.9
ANPYLYUCGAFKNQ-UHFFFAOYSA-N,44.70000000000001
AOGQPLXWSUTHQB-UHFFFAOYSA-N,50.88934544080588
AOHJOMMDDJHIJH-UHFFFAOYSA-N,44.1
AORMDLNPRGXHHL-UHFFFAOYSA-N,35.20000000000001
APPOKADJQUIAHP-UHFFFAOYSA-N,32.05461606600646
APQSQLNWAIULLK-UHFFFAOYSA-N,53.99481370774634
APSMUYYLXZULMS-UHFFFAOYSA-N,66.1
APTGPWJUOYMUCE-UHFFFAOYSA-N,40.00000000000001
AQEFLFZSWDEAIP-UHFFFAOYSA-N,37.50000000000001
AQGPVCBVZAHVBN-UHFFFAOYSA-N,59.8
AQIXEPGDORPWBJ-UHFFFAOYSA-N,52.82490520436416
AQPUCGPFMVEJGS-UHFFFAOYSA-N,88.40000000000002
AQYCMVICBNBXNA-UHFFFAOYSA-N,149.3596515795471
AQZGPSLYZOOYQP-UHFFFAOYSA-N,51.4
ARBYBCHKMDUXNE-UHFFFAOYSA-N,28.68868278091843
ARDIJKGJYOGVEO-UHFFFAOYSA-N,71.27440100704266
ARJWAURHQDJJAC-UHFFFAOYSA-N,46.41648993754076
ARWOOWBJJKVYOV-UHFFFAOYSA-N,42.20000000000001
ARXJGSRGQADJSQ-UHFFFAOYSA-N,47.35545732620538
ASHGTJPOSUFTGB-UHFFFAOYSA-N,74.49999999999999
ASLXNOZOXWPTNG-UHFFFAOYSA-N,177.42781259915938
ASUAYTHWZCLXAN-UHFFFAOYSA-N,50.22973779440457
ASUDFOJKTJLAIK-UHFFFAOYSA-N,38.29999999999999
ASZMYJSJEOGSBR-UHFFFAOYSA-N,81.29999999999998
ATDGTVJJHBUTRL-UHFFFAOYSA-N,43.687603341579944
ATEBGNALLCMSGS-UHFFFAOYSA-N,24.40268204901532
ATHHXGZTWNVVOU-UHFFFAOYSA-N,55.3
ATPBQNGWWXHSNC-UHFFFAOYSA-N,122.332078840672
ATQUFXWBVZUTKO-UHFFFAOYSA-N,32.430649333373
ATVJXMYDOSMEPO-UHFFFAOYSA-N,38.9180060800548
AUAGGMPIKOZAJZ-UHFFFAOYSA-N,48.8
AUBDSFLQOBEOPX-UHFFFAOYSA-N,24.491685465115097
AUHZEENZYGFFBQ-UHFFFAOYSA-N,43.44477089760371
AUJLDZJNMXNESO-UHFFFAOYSA-N,39.29999999999999
AUKVIBNBLXQNIZ-UHFFFAOYSA-N,42.9
AUQDITHEDVOTCU-UHFFFAOYSA-N,40.9
AUYRUAVCWOAHQN-UHFFFAOYSA-N,34.3
AVBRYQRTMPHARE-UHFFFAOYSA-N,54.127283044648216
AVFZOVWCLRSYKC-UHFFFAOYSA-N,35.400000000000006
AVHNDAZRNRAYTP-UHFFFAOYSA-N,78.47502164761482
AVMHMVJVHYGDOO-UHFFFAOYSA-N,51.21498919077057
AVMSWPWPYJVYKY-UHFFFAOYSA-N,39.94404637207235
AVSVJSGDSPDFLH-UHFFFAOYSA-N,46.10000000000001
AVWMIWJCGFMMNP-UHFFFAOYSA-N,120.66450457442446
AWDHUGLHGCVIEG-UHFFFAOYSA-N,28.574957554248883
AWJUIBRHMBBTKR-UHFFFAOYSA-N,60.26634998654441
AXFFGMPNSZVEDX-UHFFFAOYSA-N,141.00000000000003
AXFVIWBTKYFOCY-UHFFFAOYSA-N,47.900000000000006
AXISYYRBXTVTFY-UHFFFAOYSA-N,119.55767778997657
AXIUBBVSOWPLDA-UHFFFAOYSA-N,50.53437203438638
AXPZDYVDTMMLNB-UHFFFAOYSA-N,51.9419235350277
AXWLKJWVMMAXBD-UHFFFAOYSA-N,48.9
AYQPVPFZWIQERS-UHFFFAOYSA-N,63.53264361792274
AYWJSCLAAPJZEF-UHFFFAOYSA-N,51.67944780876616
AZCKQUKJBYGEFQ-UHFFFAOYSA-N,42.95662865442226
AZFUASHXSOTBNU-UHFFFAOYSA-N,42.711183810620135
AZFVLHQDIIJLJG-UHFFFAOYSA-N,27.624231830340232
AZLAWGCUDHUQDB-UHFFFAOYSA-N,47.29999999999999
AZLNHMGSTZDDIY-UHFFFAOYSA-N,113.04230143177604
AZQWKYJCGOJGHM-UHFFFAOYSA-N,54.20458284330821
AZSZCFSOHXEJQE-UHFFFAOYSA-N,25.58248764007311
AZVSIHIBYRHSLB-UHFFFAOYSA-N,48.1
BAUWRHPMUVYFOD-UHFFFAOYSA-N,80.80000000000003
BAUZLFKYYIVGPM-UHFFFAOYSA-N,53.09999999999999
BAYAKMPRFGNNFW-UHFFFAOYSA-N,51.96291999845795
BBEAQIROQSPTKN-UHFFFAOYSA-N,89.80000000000003
BBMCTIGTTCKYKF-UHFFFAOYSA-N,67.43685000840384
BBVQDWDBTWSGHQ-UHFFFAOYSA-N,56.3
BBXDSCHJVVIYFF-UHFFFAOYSA-N,43.99999999999999
BCHGIXRCMJWXGE-UHFFFAOYSA-N,60.3
BCJWVBNBMCOBEX-UHFFFAOYSA-N,53.599999999999994
BCNXQFASJTYKDJ-UHFFFAOYSA-N,30.699999999999996
BCQZXOMGPXTTIC-UHFFFAOYSA-N,29.4596553376281
BCWYKEQUGMQGAP-UHFFFAOYSA-N,208.24791169115656
BDAGIHXWWSANSR-UHFFFAOYSA-N,44.78213145469464
BDBGKYIBDXAVMX-UHFFFAOYSA-N,46.524516534676856
BDCFWIDZNLCTMF-UHFFFAOYSA-N,60.91478276069404
BDERNNFJNOPAEC-UHFFFAOYSA-N,46.145774695349935
BDFAOUQQXJIZDG-UHFFFAOYSA-N,36.4893604895517
BDFDQOJJDDORSR-UHFFFAOYSA-N,41.8
BDGQTWOHKASHQU-UHFFFAOYSA-N,88.71382993992802
BDJAEZRIGNCQBZ-UHFFFAOYSA-N,25.68417907542709
BDJRBEYXGGNYIS-UHFFFAOYSA-N,128.93925962686313
BDVKAMAALQXGLM-UHFFFAOYSA-N,56.7
BDWBGSCECOPTTH-UHFFFAOYSA-N,311.70611729651625
BDXAHSJUDUZLDU-UHFFFAOYSA-N,109.50000000000004
BDZBKCUKTQZUTL-UHFFFAOYSA-N,53.00000000000001
BEOUGZFCUMNGOU-UHFFFAOYSA-N,168.84304821816457
BEPAFCGSDWSTEL-UHFFFAOYSA-N,55.83379862853114
BEQGRRJLJLVQAQ-UHFFFAOYSA-N,31.50573118045035
BFCFYVKQTRLZHA-UHFFFAOYSA-N,60.39999999999997
BFGOGLKYJXQPJZ-UHFFFAOYSA-N,38.66194279801191
BFIMMTCNYPIMRN-UHFFFAOYSA-N,53.69999999999998
BFLXFRNPNMTTAA-UHFFFAOYSA-N,39.80896068095224
BFSVOASYOCHEOV-UHFFFAOYSA-N,55.50000000000001
BFUITLGNKICXGA-UHFFFAOYSA-N,39.04228628465948
BGBUNTANUVVMIQ-UHFFFAOYSA-N,243.23685840075973
BGEHHAVMRVXCGR-UHFFFAOYSA-N,76.52408668846107
BGHCVCJVXZWKCC-UHFFFAOYSA-N,75.63271242681482
BGKYLPDRHHSYFV-UHFFFAOYSA-N,183.51027666137188
BGQBONSBNSNYIO-UHFFFAOYSA-N,38.099999999999994
BGTBFNDXYDYBEY-UHFFFAOYSA-N,61.91426726736596
BGTOWKSIORTVQH-UHFFFAOYSA-N,41.986598198404224
BGVGHYOIWIALFF-UHFFFAOYSA-N,38.099999999999994
BGXXXYLRPIRDHJ-UHFFFAOYSA-N,43.099999999999994
BHAHVSKDYRPNIR-UHFFFAOYSA-N,59.3
BHGNYYIOYPFWKC-UHFFFAOYSA-N,45.99999999999999
BHHGXPLMPWCGHP-UHFFFAOYSA-N,56.8
BHIWKHZACMWKOJ-UHFFFAOYSA-N,37.572927003816304
BHPXLRFSKUSDNN-UHFFFAOYSA-N,39.29999999999999
BHRZNVHARXXAHW-UHFFFAOYSA-N,33.795484834163744
BHVGMUDWABJNRC-UHFFFAOYSA-N,45.50883600602873
BIDIHFPLDRSAMB-UHFFFAOYSA-N,32.49979023795649
BIFPSSTVLFHHEI-UHFFFAOYSA-N,49.94399921557197
BIPUHAHGLJKIPK-UHFFFAOYSA-N,53.69999999999998
BITHHVVYSMSWAG-UHFFFAOYSA-N,168.73459978601736
BJIOGJUNALELMI-UHFFFAOYSA-N,52.67959391863218
BJQHLKABXJIVAM-UHFFFAOYSA-N,146.59787130023193
BJQWYEJQWHSSCJ-UHFFFAOYSA-N,155.72678093447615
BKCNDTDWDGQHSD-UHFFFAOYSA-N,52.899999999999984
BKFRZOZNMWIFLH-UHFFFAOYSA-N,91.8
BKIMMITUMNQMOS-UHFFFAOYSA-N,46.04765972942431
BKMHDXMAZYSQLJ-UHFFFAOYSA-N,34.19246408137998
BKOOMYPCSUNDGP-UHFFFAOYSA-N,27.878195110605496
BKWAKIYRJHHRFD-UHFFFAOYSA-N,98.49999999999996
BKZXZGWHTRCFPX-UHFFFAOYSA-N,63.89789274668375
BLBRFFGNEDJWMZ-UHFFFAOYSA-N,69.79999999999997
BLJFSPZWKBTYHR-UHFFFAOYSA-N,87.79999999999998
BLNBSBLKPFFJKQ-UHFFFAOYSA-N,46.36691409016696
BLRBGKYYWDBAQQ-UHFFFAOYSA-N,89.20000000000002
BLRHMMGNCXNXJL-UHFFFAOYSA-N,62.49999999999999
BLTRSYBDPNEMNK-UHFFFAOYSA-N,50.0
BLTXWCKMNMYXEA-UHFFFAOYSA-N,20.300000000000004
BLUYLIWVPLGBFN-UHFFFAOYSA-N,154.46646807414953
BLXSFCHWMBESKV-UHFFFAOYSA-N,44.9
BMFVGAAISNGQNM-UHFFFAOYSA-N,44.72868596664195
BMGNRHCFIPQPPS-UHFFFAOYSA-N,47.6
BMRWNKZVCUKKSR-UHFFFAOYSA-N,71.79999999999998
BMVXCPBXGZKUPN-UHFFFAOYSA-N,45.099999999999994
BNBQRQQYDMDJAH-UHFFFAOYSA-N,67.40000000000002
BNORDZYQJMGMRG-UHFFFAOYSA-N,127.7315186154572
BNWJOHGLIBDBOB-UHFFFAOYSA-N,61.73138305481327
BNYIYJWHXMAEIE-UHFFFAOYSA-N,39.099999999999994
BODRLKRKPXBDBN-UHFFFAOYSA-N,66.65438279134685
BOFLDKIFLIFLJA-UHFFFAOYSA-N,26.1533318948321
BOFNAOHMSHEKQL-UHFFFAOYSA-N,60.80000000000002
BOGRNZQRTNVZCZ-UHFFFAOYSA-N,36.85642841185846
BOPVNOMJIDZBQB-UHFFFAOYSA-N,38.099999999999994
BOSAWIQFTJIYIS-UHFFFAOYSA-N,28.7
BOSMZFBHAYFUBJ-UHFFFAOYSA-N,69.72068268506911
BPBOWYWUOUJKLO-UHFFFAOYSA-N,42.0
BPFBNAXGHSFGDC-UHFFFAOYSA-N,61.62210905191744
BPGDAMSIGCZZLK-UHFFFAOYSA-N,56.40000000000001
BPIUIOXAFBGMNB-UHFFFAOYSA-N,63.70000000000001
BPRYUXCVCCNUFE-UHFFFAOYSA-N,68.06082523696153
BQMPGKPTOHKYHS-UHFFFAOYSA-N,65.29999999999998
BQNSLJQRJAJITR-UHFFFAOYSA-N,32.91559845691671
BQOFWKZOCNGFEC-UHFFFAOYSA-N,48.7748714845455
BRGJIIMZXMWMCC-UHFFFAOYSA-N,96.37525618774345
BRRVXFOKWJKTGG-UHFFFAOYSA-N,59.404941301732464
BRYMKDNCWBMHIF-UHFFFAOYSA-N,47.919810476522045
BSAIUMLZVGUGKX-UHFFFAOYSA-N,59.43197358684164
BSBXLZYWGGAVHD-UHFFFAOYSA-N,84.3
BSJLVCZFMFSRDY-UHFFFAOYSA-N,79.22056594074448
BSKHPKMHTQYZBB-UHFFFAOYSA-N,42.233835370434775
BSKOLJVTLRLTHE-UHFFFAOYSA-N,39.50790659337468
BSMKYQUHXQAVKG-UHFFFAOYSA-N,65.6
BSPCSKHALVHRSR-UHFFFAOYSA-N,31.448251194303552
BSQKBHXYEKVKMN-UHFFFAOYSA-N,56.19999999999998
BSRTYNDWQXVCKR-UHFFFAOYSA-N,35.95286050733157
BSULWPSUVMOMAN-UHFFFAOYSA-N,62.2
BSYQUYXSAFIGLB-UHFFFAOYSA-N,57.89999999999998
BSZXAFXFTLXUFV-UHFFFAOYSA-N,68.89999999999998
BTANRVKWQNVYAZ-UHFFFAOYSA-N,49.06641882136533
BTFJIXJJCSYFAL-UHFFFAOYSA-N,134.83507481314527
BTFQKIATRPGRBS-UHFFFAOYSA-N,60.56559572370009
BTGGSWBKRYMHQK-UHFFFAOYSA-N,47.7
BTKXLQSCEOHKTF-UHFFFAOYSA-N,98.604717562114
BTLSLHNLDQCWKS-UHFFFAOYSA-N,53.3
BTMVHUNTONAYDX-UHFFFAOYSA-N,47.60586585732597
BTSIZIIPFNVMHF-UHFFFAOYSA-N,56.82937906275081
BTUGGGLMQBJCBN-UHFFFAOYSA-N,38.79999999999999
BTWSHSRQUSIAIC-UHFFFAOYSA-N,77.56086304855417
BTXIJTYYMLCUHI-UHFFFAOYSA-N,43.70000000000001
BUAGRGPXYOEKCF-UHFFFAOYSA-N,31.436109245437617
BUHXFUSLEBPCEB-UHFFFAOYSA-N,152.6304452182414
BULSZWSBNUDENZ-UHFFFAOYSA-N,103.3639476478683
BULVZWIRKLYCBC-UHFFFAOYSA-N,70.79999999999997
BUZYGTVTZYSBCU-UHFFFAOYSA-N,63.09999999999997
BUZZUHJODKQYTF-UHFFFAOYSA-N,42.7
BVAKDOXCVSMKHE-UHFFFAOYSA-N,42.60000000000001
BVALZCVRLDMXOQ-UHFFFAOYSA-N,50.70000000000001
BVCMEVKMWDECGG-UHFFFAOYSA-N,121.21829649985575
BVGOHNFOXOLDAO-UHFFFAOYSA-N,76.28270728987901
BVKCQBBZBGYNOP-UHFFFAOYSA-N,192.60000000000008
BVOSSZSHBZQJOI-UHFFFAOYSA-N,43.52540153989953
BVPRDJDJPZQSIU-UHFFFAOYSA-N,169.0561441583564
BVUYQSFBRKUJNK-UHFFFAOYSA-N,58.0475507687176
BWDBEAQIHAEVLV-UHFFFAOYSA-N,70.92999220927065
BWEKDYGHDCHWEN-UHFFFAOYSA-N,35.599999999999994
BWRSHLROMAZEBM-UHFFFAOYSA-N,46.6651318074188
BWVLRRQCABCGBO-UHFFFAOYSA-N,111.79669783525868
BWZVCCNYKMEVEX-UHFFFAOYSA-N,50.60000000000001
BXCOOPLIKAAONJ-UHFFFAOYSA-N,35.900000000000006
BXIIJPAVISPOGI-UHFFFAOYSA-N,32.023091174625705
BXWNKGSJHAJOGX-UHFFFAOYSA-N,107.77558383882663
BYBGSCXPMGPLFP-UHFFFAOYSA-N,38.5
BYDRTKVGBRTTIT-UHFFFAOYSA-N,48.345742366462574
BYEAHWXPCBROCE-UHFFFAOYSA-N,41.60000000000001
BYEVBITUADOIGY-UHFFFAOYSA-N,70.06637870056947
BYGQBDHUGHBGMD-UHFFFAOYSA-N,39.088772482479506
BZHJMEDXRYGGRV-UHFFFAOYSA-N,20.1
BZHMBWZPUJHVEE-UHFFFAOYSA-N,32.8
BZLVMXJERCGZMT-UHFFFAOYSA-N,31.50354220010568
CAAAXQFHDYHTTC-UHFFFAOYSA-N,31.884010735587157
CAAVRWGWEIQJEH-UHFFFAOYSA-N,20.907850686219692
CAHRNPIQVKCUEA-UHFFFAOYSA-N,65.49999999999999
CAKWRXVKWGUISE-UHFFFAOYSA-N,53.55489125557837
CAQYAZNFWDDMIT-UHFFFAOYSA-N,39.8
CARWQMIFKGCKTP-UHFFFAOYSA-N,39.562981728708074
CATSNJVOTSVZJV-UHFFFAOYSA-N,47.0640406435947
CAWHJQAVHZEVTJ-UHFFFAOYSA-N,43.70000000000001
CBEFDCMSEZEGCX-UHFFFAOYSA-N,34.657660624435294
CBFCDTFDPHXCNY-UHFFFAOYSA-N,106.17632992600514
CBOQJANXLMLOSS-UHFFFAOYSA-N,117.30599659690984
CBTGNLZUIZHUHY-UHFFFAOYSA-N,44.70000000000001
CBVFSZDQEHBJEQ-UHFFFAOYSA-N,41.7
CBXRMKZFYQISIV-UHFFFAOYSA-N,53.89999999999998
CCCMONHAUSKTEQ-UHFFFAOYSA-N,100.43978128212956
CCOQPGVQAWPUPE-UHFFFAOYSA-N,59.84308112590827
CDJJKTLOZJAGIZ-UHFFFAOYSA-N,60.63115373158965
CDOSHBSSFJOMGT-UHFFFAOYSA-N,62.42096786889089
CDOYZTOFTGTGBC-UHFFFAOYSA-N,81.29999999999998
CDPKWOKGVUHZFR-UHFFFAOYSA-N,35.15115575824841
CEGGECULKVTYMM-UHFFFAOYSA-N,56.1
CEKHZXLTIDUORW-UHFFFAOYSA-N,91.39999999999996
CELKOWQJPVJKIL-UHFFFAOYSA-N,45.2
CEOCDNVZRAIOQZ-UHFFFAOYSA-N,64.89999999999998
CEPCPXLLFXPZGW-UHFFFAOYSA-N,52.10000000000001
CEQGYPPMTKWBIU-UHFFFAOYSA-N,68.42641535692749
CERQOIWHTDAKMF-UHFFFAOYSA-N,47.49999999999999
CETBSQOFQKLHHZ-UHFFFAOYSA-N,44.267607049113735
CETWDUZRCINIHU-UHFFFAOYSA-N,58.41779741400693
CEUSKTVXHGPJDP-UHFFFAOYSA-N,34.796799754879316
CFBPOLLJQOANPF-UHFFFAOYSA-N,243.00000000000009
CFJYNSNXFXLKNS-UHFFFAOYSA-N,46.71753200709708
CFNJLPHOBMVMNS-UHFFFAOYSA-N,58.449473039726286
CFOHRCNONSEVOJ-UHFFFAOYSA-N,43.33064322357509
CFOQKXQWGLAKSK-UHFFFAOYSA-N,185.12231950322405
CFXQEHVMCRXUSD-UHFFFAOYSA-N,47.8
CGBYBGVMDAPUIH-ARJAWSKDSA-L,52.27879803833086
CGHIBGNXEGJPQZ-UHFFFAOYSA-N,33.217028809830325
CGSVQEHFQXLIMF-UHFFFAOYSA-N,65.9
CGUKJIYDMJSQOD-UHFFFAOYSA-N,42.8
CGWXYEIWDQDFIU-UHFFFAOYSA-N,40.01868061754283
CGYGETOMCSJHJU-UHFFFAOYSA-N,64.50000000000003
CGZZMOTZOONQIA-UHFFFAOYSA-N,50.70000000000001
CHBAWFGIXDBEBT-UHFFFAOYSA-N,40.4
CHIKRULMSSADAF-UHFFFAOYSA-N,52.32176863299002
CHVJITGCYZJHLR-UHFFFAOYSA-N,37.41363436473651
CIARXPIAQOCSCO-UHFFFAOYSA-N,50.70000000000001
CITMYAPULDSOHG-UHFFFAOYSA-N,49.1
CIYGMWIAXRMHQS-UHFFFAOYSA-N,63.499999999999986
CJFVCTVYZFTORU-UHFFFAOYSA-N,35.099999999999994
CJPNOLIZCWDHJK-UHFFFAOYSA-N,90.77529093515255
CJYXCQLOZNIMFP-UHFFFAOYSA-N,77.90000000000002
CKAPSXZOOQJIBF-UHFFFAOYSA-N,75.59999999999997
CKDDRHZIAZRDBW-UHFFFAOYSA-N,182.57549383287545
CKENDVLIAVMNDW-UHFFFAOYSA-N,80.09396101533163
CKMXAIVXVKGGFM-UHFFFAOYSA-N,79.13889912053676
CKQGCFFDQIFZFA-UHFFFAOYSA-N,87.5157687425152
CKVJSNYSBIZAAE-UHFFFAOYSA-N,54.39999999999999
CLDYDTBRUJPBGU-UHFFFAOYSA-N,38.69082287258743
CLPHAYNBNTVRDI-UHFFFAOYSA-N,65.80000000000003
CLQXZICUPGZTPE-UHFFFAOYSA-N,62.2
CLSHQIDDCJTHAJ-UHFFFAOYSA-N,60.50000000000002
CLZCPQKGOAXOJT-UHFFFAOYSA-N,41.7
CMKBCTPCXZNQKX-UHFFFAOYSA-N,44.79999999999999
CMLYGGFIXXLYQT-UHFFFAOYSA-N,60.348085174175175
CMNMHJVRZHGAAK-UHFFFAOYSA-N,83.33111995756721
CMWLZVMFIMYXKI-UHFFFAOYSA-N,106.19999999999996
CMWSRWTXVQLHNX-UHFFFAOYSA-N,48.60000000000001
CMWTZPSULFXXJA-UHFFFAOYSA-N,131.70000000000005
CNDHHGUSRIZDSL-UHFFFAOYSA-N,51.899999999999984
CNMFHDIDIMZHKY-UHFFFAOYSA-N,38.63519114063354
CNNJBYUJTYGLGG-UHFFFAOYSA-N,26.16110823617637
CNNRPFQICPFDPO-UHFFFAOYSA-N,186.5477798626038
CNPVJWYWYZMPDS-UHFFFAOYSA-N,55.91976860328464
CNRFMWHVBWFZAC-UHFFFAOYSA-N,28.912774920855636
CNUDBTRUORMMPA-UHFFFAOYSA-N,54.899999999999984
CNULMYGHHREGAN-UHFFFAOYSA-N,76.88834919961292
CNVZJPUDSLNTQU-UHFFFAOYSA-N,143.38909046404635
CPHFUGPCSJJMOI-UHFFFAOYSA-N,33.73121764194308
CPJRRXSHAYUTGL-UHFFFAOYSA-N,51.21663406390547
CPJSUEIXXCENMM-UHFFFAOYSA-N,94.79999999999995
CPLJMYOQYRCCBY-UHFFFAOYSA-N,40.391801193027455
CPLSOYONVLSMGL-UHFFFAOYSA-N,26.716979355972096
CPULIKNSOUFMPL-UHFFFAOYSA-N,45.63630485417803
CQEYYJKEWSMYFG-UHFFFAOYSA-N,47.29999999999999
CQLOYHZZZCWHSG-UHFFFAOYSA-N,64.24170459707075
CQVKBNXGPDSDEA-UHFFFAOYSA-N,28.44820986321526
CRBJBYGJVIBWIY-UHFFFAOYSA-N,66.22305493737801
CRJBZFQLVNBSHX-UHFFFAOYSA-N,90.3043244319378
CRJLQECEGNIMNG-UHFFFAOYSA-N,39.29999999999999
CRNIHJHMEQZAAS-UHFFFAOYSA-N,35.0
CRNKGYFOWLZFDQ-UHFFFAOYSA-N,79.79364615226133
CRPUJAZIXJMDBK-UHFFFAOYSA-N,44.07054837903758
CRRUGYDDEMGVDY-UHFFFAOYSA-N,54.39999999999999
CRSBERNSMYQZNG-UHFFFAOYSA-N,58.70929637592714
CRSOQBOWXPBRES-UHFFFAOYSA-N,23.124476435072584
CRVGTESFCCXCTH-UHFFFAOYSA-N,96.8148235828471
CRZQGDNQQAALAY-UHFFFAOYSA-N,57.39999999999999
CSCPPACGZOOCGX-UHFFFAOYSA-N,31.15504091121016
CSHWQDPOILHKBI-UHFFFAOYSA-N,121.29999999999998
CTAPFRYPJLPFDF-UHFFFAOYSA-N,36.900000000000006
CTDQAGUNKPRERK-UHFFFAOYSA-N,54.79999999999998
CTIKAHQFRQTTAY-UHFFFAOYSA-N,26.592592073064843
CTMHWPIWNRWQEG-UHFFFAOYSA-N,37.50000000000001
CTQNGGLPUBDAKN-UHFFFAOYSA-N,43.20104209680035
CUDSBWGCGSUXDB-UHFFFAOYSA-N,65.29590276327605
CUEFTLGHWYSCTO-UHFFFAOYSA-N,54.7
CUFNKYGDVFVPHO-UHFFFAOYSA-N,105.84415064000063
CUGDSQNIRNDFDX-UHFFFAOYSA-N,154.62656478728607
CUKAXHVLXKIPKF-UHFFFAOYSA-N,59.837286939872754
CUMCMYMKECWGHO-UHFFFAOYSA-N,39.8
CUPOOAWTRIURFT-UHFFFAOYSA-N,49.50000000000001
CUQVBEQXNAJKNB-UHFFFAOYSA-N,28.912774920855636
CURLTUGMZLYLDI-UHFFFAOYSA-N,25.597506205807147
CVIXMBCGUZGAQK-UHFFFAOYSA-N,30.299999999999997
CVKMFSAVYPAZTQ-UHFFFAOYSA-N,54.76087602841428
CWLNAJYDRSIKJS-UHFFFAOYSA-N,52.899999999999984
CWMPPVPFLSZGCY-UHFFFAOYSA-N,67.09956056584457
CWOMTHDOJCARBY-UHFFFAOYSA-N,58.20000000000003
CWRKZMLUDFBPAO-UHFFFAOYSA-N,59.63760250787374
CWRYPZZKDGJXCA-UHFFFAOYSA-N,67.5
CXBDYQVECUFKRK-UHFFFAOYSA-N,32.60348390490672
CXCHEKCRJQRVNG-UHFFFAOYSA-N,35.60559276808116
CXHPKSYTQFAXIN-UHFFFAOYSA-N,37.93479068697535
CXMXRPHRNRROMY-UHFFFAOYSA-N,124.80000000000004
CXOWYJMDMMMMJO-UHFFFAOYSA-N,32.3
CXOZQHPXKPDQGT-UHFFFAOYSA-N,30.23521089651063
CXURGFRDGROIKG-UHFFFAOYSA-N,56.00000000000001
CXYUCHDVLWUDNS-UHFFFAOYSA-N,30.86230747626296
CYEKUDPFXBLGHH-UHFFFAOYSA-N,72.64168828706529
CYEZJYAMLNTSKN-UHFFFAOYSA-N,38.66295639449447
CYFISWWGABYYRA-UHFFFAOYSA-N,89.09999999999997
CYGPPWVXOWCHJB-UHFFFAOYSA-N,50.76335523000316
CYHBDKTZDLSRMY-UHFFFAOYSA-N,58.526978918222
CYIFVRUOHKNECG-UHFFFAOYSA-N,79.54585492477749
CYNFEPKQDJHIMV-UHFFFAOYSA-N,66.29999999999998
CYNYIHKIEHGYOZ-UHFFFAOYSA-N,31.89999999999999
CYRMSUTZVYGINF-UHFFFAOYSA-N,26.06705257061805
CYTYCFOTNPOANT-UHFFFAOYSA-N,39.70000000000001
CYWROHZCELEGSE-UHFFFAOYSA-N,42.3306709008169
CYYZDBDROVLTJU-UHFFFAOYSA-N,76.60247271522479
CZDYPVPMEAXLPK-UHFFFAOYSA-N,25.604073117633472
CZHLPWNZCJEPJB-UHFFFAOYSA-N,37.2
CZMGLSVUJWHROB-UHFFFAOYSA-N,65.9
CZNGTXVOZOWWKM-UHFFFAOYSA-N,66.1
CZPWVGJYEJSRLH-UHFFFAOYSA-N,49.8
CZWSZZHGSNZRMW-UHFFFAOYSA-N,45.8
CZYFDZPOVORIRJ-UHFFFAOYSA-N,33.08498400258716
CZZYITDELCSZES-UHFFFAOYSA-N,68.1607002103614
DAFIBNSJXIGBQB-UHFFFAOYSA-N,27.618184910715755
DATYUTWESAKQQM-UHFFFAOYSA-N,80.80000000000003
DAZXVJBJRMWXJP-UHFFFAOYSA-N,27.96200161298098
DBQGARDMYOMOOS-UHFFFAOYSA-N,73.99999999999997
DBULLUBYDONGLT-UHFFFAOYSA-N,48.500000000000014
DCAYPVUWAIABOU-UHFFFAOYSA-N,83.25287394872868
DCKVNWZUADLDEH-UHFFFAOYSA-N,38.48669517599538
DCOQYOOGBVINTA-UHFFFAOYSA-N,63.99999999999998
DCSCXTJOXBUFGB-UHFFFAOYSA-N,58.80000000000002
DCTOHCCUXLBQMS-UHFFFAOYSA-N,54.925238418176285
DCWQLZUJMHEDKD-UHFFFAOYSA-N,40.243826087080855
DCXDVGKTBDNYRX-UHFFFAOYSA-N,54.816416078969056
DCXXMTOCNZCJGO-UHFFFAOYSA-N,236.20000000000007
DDEOKNGWYRTQDY-UHFFFAOYSA-N,165.7593439926809
DDTBPAQBQHZRDW-UHFFFAOYSA-N,64.05913220222091
DEDZSLCZHWTGOR-UHFFFAOYSA-N,44.60000000000001
DEOHUYGDZACDBU-UHFFFAOYSA-N,70.70000000000003
DFHLCCWFLMSKJI-UHFFFAOYSA-N,62.49999999999999
DFOXKPDFWGNLJU-UHFFFAOYSA-N,53.8
DFVOXRAAHOJJBN-UHFFFAOYSA-N,38.9
DFVZOZHFMOAJGM-UHFFFAOYSA-N,66.5
DFYRUELUNQRZTB-UHFFFAOYSA-N,106.47377270214584
DGEMPTLPTFNEHJ-UHFFFAOYSA-N,48.1
DGEZNRSVGBDHLK-UHFFFAOYSA-N,86.19999999999999
DGJAEYIZIUUWSJ-UHFFFAOYSA-N,59.9855231780009
DGKXDLCVQSQVBC-UHFFFAOYSA-N,53.80560994973431
DGLIBALSRMUQDD-UHFFFAOYSA-N,78.7
DGMIPKNXUDSQGI-UHFFFAOYSA-N,40.90642157373883
DGTNSSLYPYDJGL-UHFFFAOYSA-N,45.8
DGUBLKUCHAAUFT-UHFFFAOYSA-N,42.12334844364183
DGZUEIPKRRSMGK-UHFFFAOYSA-N,37.599999999999994
DHAZIUXMHRHVMP-UHFFFAOYSA-N,150.9303573328684
DHIVLKMGKIZOHF-UHFFFAOYSA-N,49.7
DHKHKXVYLBGOIT-UHFFFAOYSA-N,40.10593391566452
DHXVGJBLRPWPCS-UHFFFAOYSA-N,36.35181041830234
DHYHYLGCQVVLOQ-UHFFFAOYSA-N,63.400000000000006
DIGPMZDZIQAPIL-UHFFFAOYSA-N,184.04395274561864
DIKBFYAXUHHXCS-UHFFFAOYSA-N,46.10000000000001
DIOQZVSQGTUSAI-UHFFFAOYSA-N,51.0975203668447
DIQMPQMYFZXDAX-UHFFFAOYSA-N,44.39518314955225
DIVCBWJKVSFZKJ-UHFFFAOYSA-N,68.68928722352415
DJCYDDALXPHSHR-UHFFFAOYSA-N,65.70000000000002
DJNTZVRUYMHBTD-UHFFFAOYSA-N,96.0574564182375
DJYSEQMMCZAKGT-UHFFFAOYSA-N,42.099999999999994
DKCPKDPYUFEZCP-UHFFFAOYSA-N,67.4524453728378
DKGAVHZHDRPRBM-UHFFFAOYSA-N,46.93293163270978
DKKRDMLKVSKFMJ-UHFFFAOYSA-N,29.684826621653624
DKMROQRQHGEIOW-UHFFFAOYSA-N,65.42104614576449
DKPFZGUDAPQIHT-UHFFFAOYSA-N,42.37698236247349
DKRUJKKWJGNYQN-UHFFFAOYSA-N,94.5
DLABLFPCTXRQMY-UHFFFAOYSA-N,42.4
DLBXNAOGOGPJMI-UHFFFAOYSA-N,28.912774920855636
DLDSFSCPJCJKCK-UHFFFAOYSA-N,128.34838580528225
DLEGDLSLRSOURQ-UHFFFAOYSA-N,34.933026260373666
DLHQZZUEERVIGQ-UHFFFAOYSA-N,67.24553152604724
DLJAQEIAZPTWSB-UHFFFAOYSA-N,101.30000000000004
DLKQHBOKULLWDQ-UHFFFAOYSA-N,63.90000000000001
DLRJIFUOBPOJNS-UHFFFAOYSA-N,50.9
DLTWBMHADAJAAZ-UHFFFAOYSA-N,59.84308112590827
DMBHHRLKUKUOEG-UHFFFAOYSA-N,78.60374255514779
DMEGYFMYUHOHGS-UHFFFAOYSA-N,38.5
DMLAVOWQYNRWNQ-UHFFFAOYSA-N,72.79999999999998
DMQSHEKGGUOYJS-UHFFFAOYSA-N,45.29999999999999
DNIAPMSPPWPWGF-UHFFFAOYSA-N,65.99958047591292
DNJIEGIFACGWOD-UHFFFAOYSA-N,27.299999999999997
DOFZAZXDOSGAJZ-UHFFFAOYSA-N,76.69999999999997
DOGIHOCMZJUJNR-UHFFFAOYSA-N,44.5
DOIRQSBPFJWKBE-UHFFFAOYSA-N,102.53059025408822
DOJDQRFOTHOBEK-UHFFFAOYSA-N,67.13195740124203
DOWJXOHBNXRUOD-UHFFFAOYSA-N,84.50000000000003
DOYJTLUPPPUSMD-UHFFFAOYSA-N,48.500000000000014
DPBLXKKOBLCELK-UHFFFAOYSA-N,40.01251225867581
DPLGXGDPPMLJHN-UHFFFAOYSA-N,50.89061335333919
DPMZXMBOYHBELT-UHFFFAOYSA-N,51.20000000000001
DPUOLQHDNGRHBS-UHFFFAOYSA-N,154.49999999999994
DPVIABCMTHHTGB-UHFFFAOYSA-N,55.599999999999994
DPZNOMCNRMUKPS-UHFFFAOYSA-N,83.32923096096371
DQELOVNSWGCVQZ-UHFFFAOYSA-N,99.15145004374232
DQGSJTVMODPFBK-UHFFFAOYSA-N,70.49999999999997
DQQNMIPXXNPGCV-UHFFFAOYSA-N,32.15764533355694
DQWPFSLDHJDLRL-UHFFFAOYSA-N,55.70000000000002
DRLWCOCRWBVOMV-UHFFFAOYSA-N,91.90000000000003
DRTFPRNYUARGTQ-KTKRTIGZSA-L,53.864347921591275
DRUKNYVQGHETPO-UHFFFAOYSA-N,82.30000000000001
DSNHSQKRULAAEI-UHFFFAOYSA-N,52.5
DSSAZLXYIQIXGW-UHFFFAOYSA-N,47.29999999999999
DSSYKIVIOFKYAU-UHFFFAOYSA-N,55.234972209359434
DSTPUJAJSXTJHM-UHFFFAOYSA-N,70.22395519726592
DSXFPRKPFJRPIB-UHFFFAOYSA-N,47.9884124113985
DTCCTIQRPGSLPT-UHFFFAOYSA-N,44.94185151591199
DTOSIQBPPRVQHS-UHFFFAOYSA-N,128.02876929329574
DTUQWGWMVIHBKE-UHFFFAOYSA-N,58.124425420944576
DUAXUBMIVRZGCO-UHFFFAOYSA-N,46.72718506771191
DUDKKPVINWLFBI-UHFFFAOYSA-N,32.11445702526525
DUJMVKJJUANUMQ-UHFFFAOYSA-N,48.96829040270986
DULCUDSUACXJJC-UHFFFAOYSA-N,62.599999999999994
DUPUVYJQZSLSJB-UHFFFAOYSA-N,38.5
DURPTKYDGMDSBL-UHFFFAOYSA-N,44.70000000000001
DURQBSPXQWPALK-UHFFFAOYSA-N,89.70000000000002
DUXCSEISVMREAX-UHFFFAOYSA-N,59.903923336847384
DUXHPCUIYXFENO-UHFFFAOYSA-N,84.79999999999998
DUXYWXYOBMKGIN-UHFFFAOYSA-N,199.19999999999993
DVQWNQBEUKXONL-UHFFFAOYSA-N,65.29999999999998
DVWSXZIHSUZZKJ-UHFFFAOYSA-N,106.29999999999998
DVXXGJIEZNWCNE-UHFFFAOYSA-N,170.6
DWORILFBIRYUDC-UHFFFAOYSA-N,45.981522720532176
DWQXOILNGUCNSH-UHFFFAOYSA-N,66.79184310489973
DWUPJMHAPOQKGJ-UHFFFAOYSA-N,52.82106426481154
DXBHBZVCASKNBY-UHFFFAOYSA-N,101.2
DXBOTVWRXLQVMG-UHFFFAOYSA-N,44.20000000000001
DXJWXUJMLBHMHP-UHFFFAOYSA-N,61.4
DXWQOYPYNPSVRL-UHFFFAOYSA-N,69.40000000000003
DXYPGMZJNUIZMU-UHFFFAOYSA-N,56.999999999999986
DYDNPESBYVVLBO-UHFFFAOYSA-N,79.01935827130798
DYDYIBSLXXUTQU-UHFFFAOYSA-N,45.099999999999994
DYFXGORUJGZJCA-UHFFFAOYSA-N,85.91503337500647
DYUWQWMXZHDZOR-UHFFFAOYSA-N,65.19999999999999
DYWSVUBJGFTOQC-UHFFFAOYSA-N,75.91193842315127
DZIQUZJSNSZOCH-UHFFFAOYSA-N,61.99999999999999
DZJTZGHZAWTWGA-UHFFFAOYSA-N,43.29999999999999
DZMDPHNGKBEVRE-UHFFFAOYSA-N,47.49999999999999
DZNVIZQPWLDQHI-UHFFFAOYSA-N,79.09640897142695
FACBIRPZNJRFHX-UHFFFAOYSA-N,77.75320152743838
FAERCLVMZOAFPK-UHFFFAOYSA-N,42.4
FAMJUFMHYAFYNU-UHFFFAOYSA-N,52.553753457442134
FAPWRFPIFSIZLT-UHFFFAOYSA-M,295.7283401054695
FAQVGPWFQGGIPP-UHFFFAOYSA-N,53.45768564919574
FASUFOTUSHAIHG-UHFFFAOYSA-N,33.63896881130198
FAWUHEYSSPPNSH-UHFFFAOYSA-N,38.5
FAXDZWQIWUSWJH-UHFFFAOYSA-N,43.99999999999999
FBDAKDSWNVUHKR-UHFFFAOYSA-N,99.54907366674476
FBOFHVFMPNNIKN-UHFFFAOYSA-N,69.49373671758522
FBOXSOUKXNKMPJ-UHFFFAOYSA-N,70.09999999999997
FBTKIMWGAQACHU-UHFFFAOYSA-N,62.30000000000002
FBUKVWPVBMHYJY-UHFFFAOYSA-N,86.52936377686842
FBWYFZYJEAMPHJ-UHFFFAOYSA-N,30.621428062724913
FBXWCEKQCVOOLT-UHFFFAOYSA-N,69.79999999999997
FCBBRODPXVPZAH-UHFFFAOYSA-N,71.40000000000002
FCBJLBCGHCTPAQ-UHFFFAOYSA-N,32.82256548472257
FCDMDSDHBVPGGE-UHFFFAOYSA-N,50.0
FDMFUZHCIRHGRG-UHFFFAOYSA-N,22.0
FDPIMTJIUBPUKL-UHFFFAOYSA-N,37.993846227672776
FDQQNNZKEJIHMS-UHFFFAOYSA-N,77.87927212465713
FEFXFMQVSDTSPA-UHFFFAOYSA-N,37.3985137330818
FENFUOGYJVOCRY-UHFFFAOYSA-N,53.57139762753135
FEOFWXBYTMJIBA-UHFFFAOYSA-N,64.39999999999999
FERIUCNNQQJTOY-UHFFFAOYSA-N,57.44549655125317
FEWIGMWODIRUJM-UHFFFAOYSA-N,44.33662151369366
FEWJPZIEWOKRBE-UHFFFAOYSA-N,310.50568720489343
FEZKAPRRVNNJTK-UHFFFAOYSA-N,36.12146248203534
FFCSRWGYGMRBGD-UHFFFAOYSA-N,67.5
FFDKYFGBIQQMSR-UHFFFAOYSA-N,35.093220658714706
FFNPPILCLWBBLT-UHFFFAOYSA-N,128.09999999999997
FFOPEPMHKILNIT-UHFFFAOYSA-N,43.96277088840018
FFROMNOQCNVNIH-UHFFFAOYSA-N,47.49999999999999
FFWSICBKRCICMR-UHFFFAOYSA-N,45.341991230429066
FGDINYRLQOKVQS-UHFFFAOYSA-N,62.35405446631064
FGIOHOBVUCNHBY-UHFFFAOYSA-N,103.60000000000002
FGKJLKRYENPLQH-UHFFFAOYSA-N,141.5149408307552
FGLBSLMDCBOPQK-UHFFFAOYSA-N,42.60000000000001
FGPPDYNPZTUNIU-UHFFFAOYSA-N,60.17331028842462
FGQLGYBGTRHODR-UHFFFAOYSA-N,43.6
FGYBDASKYMSNCX-UHFFFAOYSA-N,33.500448320344915
FHHSSXNRVNXTBG-UHFFFAOYSA-N,35.87959103347732
FHJCGIUZJXWNET-UHFFFAOYSA-N,46.400000000000006
FHKSXSQHXQEMOK-UHFFFAOYSA-N,77.43895511369087
FIGVVZUWCLSUEI-UHFFFAOYSA-N,120.97280372447317
FIPPFBHCBUDBRR-UHFFFAOYSA-N,130.83117774810117
FIRXFHJQGIIJDB-UHFFFAOYSA-N,64.2
FITVQUMLGWRKKG-UHFFFAOYSA-N,37.39999999999999
FIUOBKZPFQPHFG-UHFFFAOYSA-N,279.70000000000005
FIWKORYTHDYMGF-UHFFFAOYSA-N,80.59999999999997
FJBFPHVGVWTDIP-UHFFFAOYSA-N,36.99999999999999
FJKIXWOMBXYWOQ-UHFFFAOYSA-N,28.247255915169116
FJPGAMCQJNLTJC-UHFFFAOYSA-N,40.759585352358506
FJSKXQVRKZTKSI-UHFFFAOYSA-N,37.57888933403921
FJVGFBFLXXDIAP-UHFFFAOYSA-N,58.50000000000001
FKKCIOTUMHPTSB-UHFFFAOYSA-N,36.500914169604116
FKNQCJSGGFJEIZ-UHFFFAOYSA-N,44.397643088883704
FKRCODPIKNYEAC-UHFFFAOYSA-N,38.96519760413662
FKUPPRZPSYCDRS-UHFFFAOYSA-N,79.10000000000002
FKUQOQPBCHJHAP-UHFFFAOYSA-N,74.79999999999998
FLAUPKROWSGZNB-UHFFFAOYSA-N,29.4
FLIACVVOZYBSBS-UHFFFAOYSA-N,100.65703009453873
FLKPEMZONWLCSK-UHFFFAOYSA-N,83.5
FLNHUBDFYWZFMU-UHFFFAOYSA-N,101.2
FLNMQGISZVYIIK-UHFFFAOYSA-N,53.3
FLTJDUOFAQWHDF-UHFFFAOYSA-N,37.3
FMAIALVMJJUXSB-UHFFFAOYSA-N,66.79999999999997
FMFQACYAOAGSEB-UHFFFAOYSA-N,43.50000000000001
FMKOJHQHASLBPH-UHFFFAOYSA-N,34.099999999999994
FMMWHPNWAFZXNH-UHFFFAOYSA-N,111.40000000000003
FMNLVKMLDPGPRY-UHFFFAOYSA-N,39.29999999999999
FMWLUWPQPKEARP-UHFFFAOYSA-N,31.787125201360116
FMWQBCIADYCYHB-UHFFFAOYSA-N,35.83281127299755
FNAZRRHPUDJQCJ-UHFFFAOYSA-N,105.28271353467257
FNEPSTUXZLEUCK-UHFFFAOYSA-N,98.90000000000002
FOEWNRTZASNZJY-UHFFFAOYSA-N,79.12116003499384
FOJGPFUFFHWGFQ-UHFFFAOYSA-N,44.9
FOJKZJAPKUOYKR-UHFFFAOYSA-N,56.02743238140311
FOTKYAAJKYLFFN-UHFFFAOYSA-N,120.19999999999996
FOTXAJDDGPYIFU-UHFFFAOYSA-N,29.711359931466607
FOYHNROGBXVLLX-UHFFFAOYSA-N,65.9
FPAQLJHSZVFKES-UHFFFAOYSA-N,168.73459978601736
FPCCDPXRNNVUOM-UHFFFAOYSA-N,96.71828899103296
FPHJEGKXYDHDRD-UHFFFAOYSA-N,31.380068401556144
FPLNRAYTBIFSFW-UHFFFAOYSA-N,143.46182058448738
FPWNLURCHDRMHC-UHFFFAOYSA-N,71.59999999999997
FPYJFEHAWHCUMM-UHFFFAOYSA-N,51.279983292277066
FQAMAOOEZDRHHB-UHFFFAOYSA-N,32.9
FQYUGAXHZSQHMU-UHFFFAOYSA-N,39.2842816114943
FRDAATYAJDYRNW-UHFFFAOYSA-N,54.25914653686392
FRLZQXRXIKQFNS-UHFFFAOYSA-N,64.50000000000003
FRNLBIWVMVNNAZ-UHFFFAOYSA-N,69.79999999999997
FRPZMMHWLSIFAZ-UHFFFAOYSA-N,75.55735921299828
FSWCCQWDVGZMRD-UHFFFAOYSA-N,36.29999999999999
FTAORUVBXKFVDA-UHFFFAOYSA-N,69.00000000000003
FTBUKOLPOATXGV-UHFFFAOYSA-N,84.7
FTJPDYTXORWVLU-UHFFFAOYSA-N,213.49999999999997
FTOVXSOBNPWTSH-UHFFFAOYSA-N,110.4
FTXUQEKXCJSWMO-UHFFFAOYSA-N,58.999999999999986
FTYAXYWEDPWJCJ-UHFFFAOYSA-N,43.175844825208216
FTZILAQGHINQQR-UHFFFAOYSA-N,43.94335632245693
FTZQXOJYPFINKJ-UHFFFAOYSA-N,52.00000000000001
FUBGRVHGQADOJI-UHFFFAOYSA-N,73.72488984853993
FUCOMWZKWIEKRK-UHFFFAOYSA-N,48.99999999999999
FUDNBFMOXDUIIE-UHFFFAOYSA-N,51.594700733270265
FUDUTAVRRCALAT-UHFFFAOYSA-N,168.84304821816457
FUGYGGDSWSUORM-UHFFFAOYSA-N,69.94682790912552
FUIRUFXAVIHAQB-UHFFFAOYSA-N,45.100550670440086
FUPIVZHYVSCYLX-UHFFFAOYSA-N,54.20000000000002
FUSUHKVFWTUUBE-UHFFFAOYSA-N,32.47210848705952
FUUPYXUBNPJSOA-UHFFFAOYSA-N,68.39999999999999
FUZZWVXGSFPDMH-UHFFFAOYSA-N,102.30666449475862
FVSKHRXBFJPNKK-UHFFFAOYSA-N,36.900000000000006
FWBUWJHWAKTPHI-UHFFFAOYSA-N,124.27758491053508
FWFSEYBSWVRWGL-UHFFFAOYSA-N,49.50000000000001
FWWQKRXKHIRPJY-UHFFFAOYSA-N,113.4206186032474
FXHGMKSSBGDXIY-UHFFFAOYSA-N,47.39503088167249
FXHOOIRPVKKKFG-UHFFFAOYSA-N,50.44255622594207
FXJKNCDSABKERB-UHFFFAOYSA-N,71.69999999999997
FXKJJAAVRNCTIT-UHFFFAOYSA-N,415.4598336335277
FXLOVSHXALFLKQ-UHFFFAOYSA-N,58.18248574707645
FXNDIJDIPNCZQJ-UHFFFAOYSA-N,35.32838977522412
FXNFFCMITPHEIT-UHFFFAOYSA-N,82.92155800922191
FXOGYMXDUYOYKR-UHFFFAOYSA-N,120.93292193402117
FYGHSUNMUKGBRK-UHFFFAOYSA-N,48.99999999999999
FYTRVXSHONWYNE-UHFFFAOYSA-N,67.00000000000001
FYUUBXZYRPRIHC-UHFFFAOYSA-N,38.695619410649755
FZBNQIWPYCUPAP-UHFFFAOYSA-N,63.19999999999999
FZERHIULMFGESH-UHFFFAOYSA-N,86.55479073789414
FZIBCCGGICGWBP-UHFFFAOYSA-N,49.759191879085755
FZJUFJKVIYFBSY-UHFFFAOYSA-N,63.450234463755926
FZKCAHQKNJXICB-UHFFFAOYSA-N,55.3
FZMPLKVGINKUJZ-UHFFFAOYSA-N,38.96138518129522
FZQMZRXKWHQJAG-UHFFFAOYSA-N,38.66295639449447
FZSPYHREEHYLCB-UHFFFAOYSA-N,56.6
FZXRXKLUIMKDEL-UHFFFAOYSA-N,46.15016976278504
GAEKPEKOJKCEMS-UHFFFAOYSA-N,53.28562633714282
GBBZLMLLFVFKJM-UHFFFAOYSA-N,49.8
GBCKRQRXNXQQPW-UHFFFAOYSA-N,33.58557187129453
GBDZXPJXOMHESU-UHFFFAOYSA-N,60.1
GBGBXUYACWXKPV-UHFFFAOYSA-N,79.7
GBGPVUAOTCNZPT-UHFFFAOYSA-N,54.242296292764664
GBMSZXWHMSSBGP-UHFFFAOYSA-N,40.498599135780395
GCDPERPXPREHJF-UHFFFAOYSA-N,79.90000000000002
GCFKTDRTZYDRBI-UHFFFAOYSA-N,45.2
GCGFXFIPOBRMQT-UHFFFAOYSA-N,45.2
GCGLVJDTQORHQD-UHFFFAOYSA-N,323.99999999999994
GDCYEUOAZVKNHT-UHFFFAOYSA-N,70.70000000000003
GDHXJNRAJRCGMX-UHFFFAOYSA-N,53.39999999999999
GDNSCKFMUMBMIC-UHFFFAOYSA-N,70.0
GDOPTJXRTPNYNR-UHFFFAOYSA-N,31.417867718588735
GDXHBFHOEYVPED-UHFFFAOYSA-N,58.80000000000002
GDXMMBDEMOUTNS-UHFFFAOYSA-N,47.7
GEKRISJWBAIIAA-UHFFFAOYSA-N,48.5314151823498
GELJRWJPYZKUPR-UHFFFAOYSA-N,40.243826087080855
GELMWIVBBPAMIO-UHFFFAOYSA-N,38.56484179557514
GELVZYOEQVJIRR-UHFFFAOYSA-N,45.099999999999994
GELXVDNNZSIRQA-UHFFFAOYSA-N,41.47669278365208
GENRYAJRHIWOJI-UHFFFAOYSA-N,25.67412400722663
GEOWCLRLLWTHDN-UHFFFAOYSA-N,52.899999999999984
GETTZEONDQJALK-UHFFFAOYSA-N,37.1
GEVKGFRTXNJNKK-UHFFFAOYSA-N,34.889002710645144
GFIWSSUBVYLTRF-UHFFFAOYSA-N,106.4
GGBJHURWWWLEQH-UHFFFAOYSA-N,49.1
GGYVTHJIUNGKFZ-UHFFFAOYSA-N,60.3
GHBKCPRDHLITSE-UHFFFAOYSA-N,34.699999999999996
GHBSPIPJMLAMEP-UHFFFAOYSA-N,74.22688200190692
GHGNRQPVGKFJIR-UHFFFAOYSA-N,32.24421487100464
GHMLBKRAJCXXBS-UHFFFAOYSA-N,78.40000000000002
GHPODDMCSOYWNE-UHFFFAOYSA-N,54.899999999999984
GHRAJKIIZHDCNR-UHFFFAOYSA-N,28.02989138188308
GIAFURWZWWWBQT-UHFFFAOYSA-N,73.60000000000002
GIEMHYCMBGELGY-UHFFFAOYSA-N,71.6669512109895
GIEZWIDCIFCQPS-UHFFFAOYSA-N,37.99999999999999
GIFWAJGKWIDXMY-UHFFFAOYSA-N,65.40000000000002
GIJGXNFNUUFEGH-UHFFFAOYSA-N,41.78354077546312
GILIYJDBJZWGBG-UHFFFAOYSA-N,44.79999999999999
GISVICWQYMUPJF-UHFFFAOYSA-N,59.05312413952053
GITITJADGZYSRL-UHFFFAOYSA-N,48.0135739076581
GIXDJNPUPVJXBG-UHFFFAOYSA-N,49.9
GJCOSYZMQJWQCA-UHFFFAOYSA-N,73.40000000000003
GJFNRSDCSTVPCJ-UHFFFAOYSA-N,76.69999999999997
GJHFJEJDNBVOKV-UHFFFAOYSA-N,99.01761931179736
GJNNIRNIXNLOJP-UHFFFAOYSA-N,90.85105691356615
GJQIMXVRFNLMTB-UHFFFAOYSA-N,66.15978207125815
GJRQTCIYDGXPES-UHFFFAOYSA-N,40.189015774785666
GJSGGHOYGKMUPT-UHFFFAOYSA-N,77.30000000000003
GJWGZSBNFSBUPX-UHFFFAOYSA-N,78.1607946477534
GJYMQFMQRRNLCY-UHFFFAOYSA-N,45.2717381113648
GJYXGIIWJFZCLN-UHFFFAOYSA-N,59.93714089475891
GKASDNZWUGIAMG-UHFFFAOYSA-N,46.9
GKCPCPKXFGQXGS-UHFFFAOYSA-N,39.400000000000006
GKEUODMJRFDLJY-UHFFFAOYSA-N,78.0
GKLDBVSGPOBVQI-UHFFFAOYSA-N,57.20000000000001
GKPOMITUDGXOSB-UHFFFAOYSA-N,42.89309676808635
GKQMCKLMLLVAAI-UHFFFAOYSA-N,36.400000000000006
GKXZMEXQUWZGJK-UHFFFAOYSA-N,35.757615202283006
GLDOVTGHNKAZLK-UHFFFAOYSA-N,121.07131584999198
GLPAVTPSAJIFMB-UHFFFAOYSA-N,162.23400134961724
GLYJVQDYLFAUFC-UHFFFAOYSA-N,197.7994077790655
GLZPCOQZEFWAFX-UHFFFAOYSA-N,64.06805065976087
GMEONFUTDYJSNV-UHFFFAOYSA-N,62.2309794577655
GMLDCZYTIPCVMO-UHFFFAOYSA-N,36.8
GMSCBRSQMRDRCD-UHFFFAOYSA-N,100.5166902721492
GNECQVKDNNGLCG-UHFFFAOYSA-N,164.51117923310449
GNKZMNRKLCTJAY-UHFFFAOYSA-N,60.7
GNUGVECARVKIPH-UHFFFAOYSA-N,29.920473048776635
GNVRJGIVDSQCOP-UHFFFAOYSA-N,34.075985239781
GOBGVVAHHOUMDK-UHFFFAOYSA-N,37.50000000000001
GOHPTLYPQCTZSE-UHFFFAOYSA-N,142.76695107708483
GOKKOFHHJFGZHW-UHFFFAOYSA-N,55.385333754380454
GOOHAUXETOMSMM-UHFFFAOYSA-N,27.805595220047607
GOORECODRBZTKF-UHFFFAOYSA-N,68.60000000000001
GOPWDGSRSNYABC-UHFFFAOYSA-N,40.243826087080855
GOQYKNQRPGWPLP-UHFFFAOYSA-N,114.1174337154452
GOWUDHPKGOIDIX-UHFFFAOYSA-N,63.99999999999998
GOYDNIKZWGIXJT-UHFFFAOYSA-N,36.20000000000001
GPBUTTSWJNPYJL-UHFFFAOYSA-N,48.99999999999999
GPKRWHGIASNHBE-UHFFFAOYSA-N,41.84394537851408
GPRIERYVMZVKTC-UHFFFAOYSA-N,136.09999999999994
GPSFYJDZKSRMKZ-UHFFFAOYSA-N,44.76154068769315
GQEZCXVZFLOKMC-UHFFFAOYSA-N,80.52029575187247
GQHTUMJGOHRCHB-UHFFFAOYSA-N,69.3
GQKZBCPTCWJTAS-UHFFFAOYSA-N,51.4
GQVMHMFBVWSSPF-UHFFFAOYSA-N,60.878684669350406
GRAORJFMGCQWRN-UHFFFAOYSA-N,77.85432529664712
GREBWGAVFUQVPM-UHFFFAOYSA-N,37.39999999999999
GRPRVIYRYGLIJU-UHFFFAOYSA-N,76.4
GRWFGVWFFZKLTI-UHFFFAOYSA-N,44.3290930222794
GSAAJQNJNPBBSX-UHFFFAOYSA-N,99.99640024262249
GSEJCLTVZPLZKY-UHFFFAOYSA-N,107.78492466925208
GSFNQBFZFXUTBN-UHFFFAOYSA-N,34.16839126777094
GSJFXBNYJCXDGI-UHFFFAOYSA-N,52.5
GSMZLBOYBDRGBN-UHFFFAOYSA-N,23.616819448470025
GSNUFIFRDBKVIE-UHFFFAOYSA-N,37.08832161911771
GSSDZVRLQDXOPL-UHFFFAOYSA-N,76.86749478508816
GSUGVJOUDSLEBL-UHFFFAOYSA-N,59.23435015531703
GSXCEVHRIVLFJV-UHFFFAOYSA-N,51.6
GTCCGKPBSJZVRZ-UHFFFAOYSA-N,72.49999999999997
GTMWGXABXQTZRJ-UHFFFAOYSA-N,53.599999999999994
GTQXEQRIVGXSAE-UHFFFAOYSA-N,46.9
GTYIGAUPHJCMLF-UHFFFAOYSA-N,70.0
GUMULFRCHLJNDY-UHFFFAOYSA-N,38.39999999999999
GUUDUUDWUWUTPD-UHFFFAOYSA-N,54.74426727756268
GUUHFMWKWLOQMM-UHFFFAOYSA-N,78.37210115833696
GUUVPOWQJOLRAS-UHFFFAOYSA-N,78.7
GUXJXWKCUUWCLX-UHFFFAOYSA-N,39.099999999999994
GUYMMHOQXYZMJQ-UHFFFAOYSA-N,60.00000000000001
GVEPBJHOBDJJJI-UHFFFAOYSA-N,87.6
GVIJJXMXTUZIOD-UHFFFAOYSA-N,61.88041121929008
GVQYFWLEJIPDDP-UHFFFAOYSA-N,34.93959926142802
GVWISOJSERXQBM-UHFFFAOYSA-N,36.62986056781996
GVZFDPPAJXHNGL-UHFFFAOYSA-N,26.285508171507953
GWESGLGUMMNXDU-UHFFFAOYSA-N,130.91157181103833
GWESVXSMPKAFAS-UHFFFAOYSA-N,43.2055284219996
GWHJZXXIDMPWGX-UHFFFAOYSA-N,46.67257712615461
GWJCFAOQCNNFAM-UHFFFAOYSA-N,117.50000000000004
GWPZHWIVXJVWCQ-UHFFFAOYSA-N,30.36063227959478
GWQOOADXMVQEFT-UHFFFAOYSA-N,39.93713345242066
GWTSUVHHMPSJLJ-UHFFFAOYSA-N,150.7641409250293
GWVDBZWVFGFBCN-UHFFFAOYSA-N,172.69999999999993
GWXVVKZIXZETOR-UHFFFAOYSA-N,166.9018243819416
GWYFCOCPABKNJV-UHFFFAOYSA-N,59.39999999999999
GWZCLMWEJWPFFA-UHFFFAOYSA-N,61.09999999999999
GXANMBISFKBPEX-UHFFFAOYSA-N,41.65865478960423
GXBBDUZLKYHFHZ-UHFFFAOYSA-N,203.22218404574463
GXDHCNNESPLIKD-UHFFFAOYSA-N,34.6363930416337
GXNNLIMMEXHBKV-UHFFFAOYSA-N,92.29999999999998
GXSFAIDPYIEIEF-UHFFFAOYSA-N,32.32042522347365
GYGAZRPDUOHMAF-UHFFFAOYSA-N,107.80000000000004
GYHFUZHODSMOHU-UHFFFAOYSA-N,59.73793609597472
GYKADMDAFXNZNR-FPLPWBNLSA-L,73.0324980274163
GYLDXXLJMRTVSS-UHFFFAOYSA-N,75.59999999999997
GYMFBYTZOGMSQJ-UHFFFAOYSA-N,84.50000000000003
GYSCXPVAKHVAAY-UHFFFAOYSA-N,64.32492946388496
GZGPRZYZKBQPBQ-UHFFFAOYSA-N,50.60000000000001
GZJFAWOTMWATOS-UHFFFAOYSA-N,45.99999999999999
GZJUDUMQICJSFJ-UHFFFAOYSA-N,39.29999999999999
GZMAAYIALGURDQ-UHFFFAOYSA-N,86.50000000000003
GZTNBKQTTZSQNS-UHFFFAOYSA-N,42.7
GZUXJHMPEANEGY-UHFFFAOYSA-N,24.899057221910216
HAHASQAKYSVXBE-WAYWQWQTSA-L,57.511748752145984
HAIPLQZWDQVPPR-UHFFFAOYSA-N,261.8000000000001
HAMGRBXTJNITHG-UHFFFAOYSA-N,28.7
HAMUKWWZXAKCAU-UHFFFAOYSA-N,56.1
HAPOJKSPCGLOOD-UHFFFAOYSA-N,97.5
HARXDULSBROLME-UHFFFAOYSA-N,65.80000000000003
HAXBIWFMXWRORI-UHFFFAOYSA-N,111.5
HBBONAOKVLYWBI-UHFFFAOYSA-N,69.47878717718436
HBEDSQVIWPRPAY-UHFFFAOYSA-N,53.2
HBNYJWAFDZLWRS-UHFFFAOYSA-N,40.00000000000001
HBRLMDFVVMYNFH-UHFFFAOYSA-N,33.00000000000001
HBUCPZGYBSEEHF-UHFFFAOYSA-N,90.40000000000002
HBZDPWBWBJMYRY-UHFFFAOYSA-N,68.00846861090622
HBZVXKDQRIQMCW-UHFFFAOYSA-N,37.7
HCARCYFXWDRVBZ-UHFFFAOYSA-N,74.87336306861015
HCFAJYNVAYBARA-UHFFFAOYSA-N,45.16602666840061
HCGFUIQPSOCUHI-UHFFFAOYSA-N,50.10000000000001
HCRBXQFHJMCTLF-UHFFFAOYSA-N,54.518611608372
HCWUCGFGFTYIIJ-UHFFFAOYSA-N,78.5
HCYGJXYCUXDCHD-UHFFFAOYSA-N,172.9592331436917
HDFQKJQEWGVKCQ-UHFFFAOYSA-N,57.50000000000001
HDGQICNBXPAKLR-UHFFFAOYSA-N,37.63437422645799
HDKSWQPFGWHOIA-UHFFFAOYSA-N,288.50000000000006
HEDKQVNHJZBFQR-UHFFFAOYSA-N,32.12914964286059
HEDRZPFGACZZDS-UHFFFAOYSA-N,31.527098517501713
HEFNNWSXXWATRW-UHFFFAOYSA-N,105.99999999999996
HEMHJVSKTPXQMS-UHFFFAOYSA-M,137.47495455299466
HEMQRALQJLCVBR-UHFFFAOYSA-N,42.80948932851198
HENJCAULAAJZLZ-UHFFFAOYSA-N,122.94389134336552
HERCSPPGAAQXBN-UHFFFAOYSA-N,43.83932203413507
HEUYLTACOIADBB-UHFFFAOYSA-N,172.9592331436917
HEVMDQBCAHEHDY-UHFFFAOYSA-N,60.89999999999999
HEVXAJBAMTVODS-UHFFFAOYSA-N,31.544993111880725
HEWZVZIVELJPQZ-UHFFFAOYSA-N,37.599999999999994
HFDLDPJYCIEXJP-UHFFFAOYSA-N,78.10000000000001
HFDVRLIODXPAHB-UHFFFAOYSA-N,70.95490283326077
HFHFGHLXUCOHLN-UHFFFAOYSA-N,51.44533191555469
HFHMPSMIEOIWQO-UHFFFAOYSA-N,153.04895183610347
HFJRKMMYBMWEAD-UHFFFAOYSA-N,71.98031489189782
HFPZCAJZSCWRBC-UHFFFAOYSA-N,48.96157583420779
HGBOYTHUEUWSSQ-UHFFFAOYSA-N,38.34510559356785
HGCIXCUEYOPUTN-UHFFFAOYSA-N,33.29999999999999
HGDVHRITTGWMJK-UHFFFAOYSA-N,52.28848978196785
HGEMCUOAMCILCP-UHFFFAOYSA-N,71.46611250824009
HGINCPLSRVDWNT-UHFFFAOYSA-N,29.82317849506583
HHEIMYAXCOIQCJ-UHFFFAOYSA-N,41.29999999999999
HHOSMYBYIHNXNO-UHFFFAOYSA-N,40.2
HHSDZLLPIXMEIU-UHFFFAOYSA-N,119.01853161735022
HHXJMIXXUWDKIA-UHFFFAOYSA-N,94.60000000000002
HIGQPQRQIQDZMP-UHFFFAOYSA-N,57.11361915577949
HIHSOGFAVTVMCY-UHFFFAOYSA-N,46.400000000000006
HIKZOIYUQFYFBB-UHFFFAOYSA-N,154.49999999999994
HILNUELUDBMBJQ-UHFFFAOYSA-N,26.108407999255192
HJKGBRPNSJADMB-UHFFFAOYSA-N,66.5
HJOVHMDZYOCNQW-UHFFFAOYSA-N,49.489762785475754
HJRXHKBZNQULJQ-UHFFFAOYSA-N,33.94548066913441
HJWLCRVIBGQPNF-UHFFFAOYSA-N,46.3
HKFSBKQQYCMCKO-UHFFFAOYSA-N,40.06900438522676
HKMLRUAPIDAGIE-UHFFFAOYSA-N,47.7
HKOLRKVMHVYNGG-UHFFFAOYSA-N,92.00200286985408
HLCSDJLATUNSSI-UHFFFAOYSA-N,63.20077868023521
HLLCNVLEVVFTJB-UHFFFAOYSA-N,26.067337642087793
HLOUDBQOEJSUPI-UHFFFAOYSA-N,54.969992244059185
HLPIHRDZBHXTFJ-UHFFFAOYSA-N,37.412830446993965
HLTMUYBTNSVOFY-UHFFFAOYSA-N,54.82409155891372
HLVFKOKELQSXIQ-UHFFFAOYSA-N,34.9
HLZKNKRTKFSKGZ-UHFFFAOYSA-N,102.79344188752351
HMKKIXGYKWDQSV-UHFFFAOYSA-N,71.74289848534282
HMNKTRSOROOSPP-UHFFFAOYSA-N,68.42853905546048
HMSWAIKSFDFLKN-UHFFFAOYSA-N,136.07760168812638
HNBDRPTVWVGKBR-UHFFFAOYSA-N,42.40101755694026
HNFSPSWQNZVCTB-UHFFFAOYSA-N,35.0
HNJBEVLQSNELDL-UHFFFAOYSA-N,70.23377640439314
HNKCZZOHAXMGMR-UHFFFAOYSA-N,339.52593488908127
HNKJADCVZUBCPG-UHFFFAOYSA-N,52.5
HNLZCOJXSLDGKD-UHFFFAOYSA-N,36.28088616469263
HNRMPXKDFBEGFZ-UHFFFAOYSA-N,27.799999999999997
HNTGIJLWHDPAFN-UHFFFAOYSA-N,94.40000000000002
HNVRRHSXBLFLIG-UHFFFAOYSA-N,35.31720983661402
HOAAQUNESXYFDT-UHFFFAOYSA-N,48.99999999999999
HOGWBMWOBRRKCD-UHFFFAOYSA-N,108.07356157456948
HOLHYSJJBXSLMV-UHFFFAOYSA-N,59.09999999999999
HOLRQJVOISUULR-UHFFFAOYSA-N,116.27943780783458
HORNXRXVQWOLPJ-UHFFFAOYSA-N,63.499999999999986
HOVGFTKZAOQJEF-UHFFFAOYSA-N,59.89999999999999
HOWGUJZVBDQJKV-UHFFFAOYSA-N,103.76113640936693
HPBROFGYTXOJIO-UHFFFAOYSA-N,32.99410964538991
HPEUJPJOZXNMSJ-UHFFFAOYSA-N,123.0403278654922
HPHHYSWOBXEIRG-UHFFFAOYSA-N,37.7
HPMGSGCDKVCZHC-UHFFFAOYSA-N,134.70993640092607
HPNMFZURTQLUMO-UHFFFAOYSA-N,31.699999999999996
HPPLZROUJULWGU-UHFFFAOYSA-N,280.81435345790794
HPQURZRDYMUHJI-UHFFFAOYSA-N,51.00000000000001
HPXRVTGHNJAIIH-UHFFFAOYSA-N,64.81523106560356
HPYNZHMRTTWQTB-UHFFFAOYSA-N,49.8
HQABUPZFAYXKJW-UHFFFAOYSA-N,35.7
HQHCYKULIHKCEB-UHFFFAOYSA-N,127.39999999999998
HQLKZWRSOHTERR-UHFFFAOYSA-N,53.46708317721938
HQNOCESAXBXZAY-UHFFFAOYSA-N,30.96183042094611
HQSLKNLISLWZQH-UHFFFAOYSA-N,50.60000000000001
HQSMEHLVLOGBCK-UHFFFAOYSA-N,51.20000000000001
HQUVLOKKTRUQNI-UHFFFAOYSA-N,41.11445618075042
HQZHQNKZOYIKQC-UHFFFAOYSA-N,43.29999999999999
HRHOWZHRCRZVCU-UHFFFAOYSA-N,52.46398892075358
HRKAMJBPFPHCSD-UHFFFAOYSA-N,74.70000000000003
HRTCGZZYZFEBHO-UHFFFAOYSA-N,84.59999999999997
HRYZWHHZPQKTII-UHFFFAOYSA-N,24.6
HSDAJNMJOMSNEV-UHFFFAOYSA-N,38.5
HSOMNBKXPGCNBH-UHFFFAOYSA-N,47.7
HSUGDXPUFCVGES-UHFFFAOYSA-N,177.57344013973045
HTDIUWINAKAPER-UHFFFAOYSA-N,28.670307088602488
HTDQSWDEWGSAMN-UHFFFAOYSA-N,61.799999999999976
HTIRHQRTDBPHNZ-UHFFFAOYSA-N,50.90625094540841
HTJDQJBWANPRPF-UHFFFAOYSA-N,31.300000000000004
HTKFBMXRRYDJDL-UHFFFAOYSA-N,57.7
HTLZVHNRZJPSMI-UHFFFAOYSA-N,40.79999999999999
HTMDHERCQUESGS-UHFFFAOYSA-N,138.7
HTSABYAWKQAHBT-UHFFFAOYSA-N,62.368388035932455
HTUHYXDEKCWDCI-UHFFFAOYSA-N,69.08116355418193
HTUIWRWYYVBCFT-UHFFFAOYSA-N,57.919944633213504
HUAZGNHGCJGYNP-UHFFFAOYSA-N,43.531550725841456
HUEBIMLTDXKIPR-UHFFFAOYSA-N,117.27454729885493
HUEPADWXXGLLSW-UHFFFAOYSA-N,38.48658471230788
HUMNYLRZRPPJDN-UHFFFAOYSA-N,54.08108399060284
HUOYUOXEIKDMFT-UHFFFAOYSA-N,88.97035616644592
HUUPVABNAQUEJW-UHFFFAOYSA-N,54.20000000000002
HUWROFPLFCTNEQ-UHFFFAOYSA-N,44.03270767008858
HVAMZGADVCBITI-UHFFFAOYSA-M,36.546980163663015
HVAMZGADVCBITI-UHFFFAOYSA-N,65.80000000000003
HVCFCNAITDHQFX-UHFFFAOYSA-N,40.00000000000001
HVCNXQOWACZAFN-UHFFFAOYSA-N,42.099999999999994
HVOYZOQVDYHUPF-UHFFFAOYSA-N,44.4095032951762
HVSJHYFLAANPJS-UHFFFAOYSA-N,41.86468577556514
HVTICUPFWKNHNG-UHFFFAOYSA-N,31.800000000000008
HVYWMOMLDIMFJA-UHFFFAOYSA-N,153.69999999999993
HVZJRWJGKQPSFL-UHFFFAOYSA-N,36.42700786293692
HWWYDZCSSYKIAD-UHFFFAOYSA-N,48.60000000000001
HXDLWJWIAHWIKI-UHFFFAOYSA-N,63.90000000000001
HXDOZKJGKXYMEW-UHFFFAOYSA-N,65.5325997166888
HXGDTGSAIMULJN-UHFFFAOYSA-N,70.14847788539996
HXJUTPCZVOIRIF-UHFFFAOYSA-N,68.49999999999997
HXQDUXXBVMMIKL-UHFFFAOYSA-N,43.50000000000001
HXQPUEQDBSPXTE-UHFFFAOYSA-N,63.1678424998526
HXVNBWAKAOHACI-UHFFFAOYSA-N,42.571783400308966
HXXJMMLIEYAFOZ-UHFFFAOYSA-N,68.20000000000002
HYBBIBNJHNGZAN-UHFFFAOYSA-N,53.386014846451374
HYFLWBNQFMXCPA-UHFFFAOYSA-N,46.25162586974329
HYQFDSMWSNMOKZ-UHFFFAOYSA-N,95.09999999999998
HYSSAOQHKOCKIC-UHFFFAOYSA-N,69.5
HYTRYEXINDDXJK-UHFFFAOYSA-N,40.3827411093854
HYZQZWDYBKVIRI-UHFFFAOYSA-N,77.8
HZAXFHJVJLSVMW-UHFFFAOYSA-N,63.171514894192086
HZFQGYWRFABYSR-UHFFFAOYSA-N,43.70000000000001
HZGMZSCMYSGJTL-UHFFFAOYSA-N,105.99999999999996
IACKKVBKKNJZGN-UHFFFAOYSA-N,147.1285576000612
IAEGWXHKWJGQAZ-UHFFFAOYSA-N,50.546036866694386
IAFQYUQIAOWKSB-UHFFFAOYSA-N,87.43783788010175
IAGBQBDKOCVGCC-UHFFFAOYSA-N,88.30000000000003
IALRSQMWHFKJJA-UHFFFAOYSA-N,49.50000000000001
IANQTJSKSUMEQM-UHFFFAOYSA-N,48.360919956645034
IAQRGUVFOMOMEM-UHFFFAOYSA-N,21.56514060538908
IAUJKTVVMRFADH-UHFFFAOYSA-N,25.443742603209536
IAYPIBMASNFSPL-UHFFFAOYSA-N,25.89999999999999
IAZDPXIOMUYVGZ-UHFFFAOYSA-N,53.09999999999999
IBOBCGSJCSKTKP-UHFFFAOYSA-N,38.11110499921778
IBSQPLPBRSHTTG-UHFFFAOYSA-N,45.29999999999999
IBTGEEMBZJBBSH-UHFFFAOYSA-N,53.89999999999998
IBVJWOMJGCHRRW-UHFFFAOYSA-N,48.31395818841053
IBXHOJGRWDXKSM-UHFFFAOYSA-N,163.80133012233293
IBXNCJKFFQIKKY-UHFFFAOYSA-N,28.4
ICBJCVRQDSQPGI-UHFFFAOYSA-N,45.22104968901909
ICKWICRCANNIBI-UHFFFAOYSA-N,72.40000000000002
ICMAFTSLXCXHRK-UHFFFAOYSA-N,48.07809246611803
ICNCZFQYZKPYMS-UHFFFAOYSA-N,45.7
ICZKASVWFUJTEI-UHFFFAOYSA-N,163.8798388299943
IDCBOTIENDVCBQ-UHFFFAOYSA-N,82.19999999999999
IDEYZABHVQLHAF-UHFFFAOYSA-N,45.59405934961277
IDGBOLGHJQQORA-UHFFFAOYSA-N,32.805640973154155
IDONYCOFOUUWLB-UHFFFAOYSA-N,76.5
IDWRJRPUIXRFRX-UHFFFAOYSA-N,49.1
IEBAOPMEYUWQPD-UHFFFAOYSA-N,46.01899342003982
IECKAVQTURBPON-UHFFFAOYSA-N,59.3
IEDKVDCIEARIIU-UHFFFAOYSA-N,109.81497869164698
IEJIGPNLZYLLBP-UHFFFAOYSA-N,37.89999999999999
IEMMBWWQXVXBEU-UHFFFAOYSA-N,53.00000000000001
IENBWMQKVZLORT-UHFFFAOYSA-N,90.20000000000002
IFLREYGFSNHWGE-UHFFFAOYSA-N,106.19999999999996
IFNFLRVTYVLZAP-UHFFFAOYSA-N,102.49999999999996
IFTBJDZSLBRRMC-UHFFFAOYSA-N,65.62019302905667
IFTRQJLVEBNKJK-UHFFFAOYSA-N,36.5
IFYYFLINQYPWGJ-UHFFFAOYSA-N,75.59999999999997
IFZHGQSUNAKKSN-UHFFFAOYSA-N,39.64856904748468
IFZVSOLCUIWLFW-UHFFFAOYSA-N,61.4
IGARGHRYKHJQSM-UHFFFAOYSA-N,60.39999999999997
IGFHQQFPSIBGKE-UHFFFAOYSA-N,95.90105239549686
IGGUPRCHHJZPBS-UHFFFAOYSA-N,149.0837305681802
IGIDLTISMCAULB-UHFFFAOYSA-N,66.37393627720861
IGJQUJNPMOYEJY-UHFFFAOYSA-N,81.20000000000003
IGLWCQMNTGCUBB-UHFFFAOYSA-N,33.121963781511475
IGVGCQGTEINVOH-UHFFFAOYSA-N,71.2217800558159
IGZQZZODNMBJLU-UHFFFAOYSA-N,44.3
IHPHPGLJYCDONF-UHFFFAOYSA-N,69.79999999999997
IHPKGUQCSIINRJ-UHFFFAOYSA-N,60.878684669350406
IHPXJGBVRWFEJB-UHFFFAOYSA-N,47.29999999999999
IIEWJVIFRVWJOD-UHFFFAOYSA-N,40.10000000000001
IIRFCWANHMSDCG-UHFFFAOYSA-N,52.7
IIYFAKIEWZDVMP-UHFFFAOYSA-N,64.82469861501164
IIYGOARYARWJBO-UHFFFAOYSA-N,45.11118079254116
IJBGDXMHVWEWQQ-UHFFFAOYSA-N,73.89189848338002
IJDNQMDRQITEOD-UHFFFAOYSA-N,22.4
IJDXSTIWUARVEK-UHFFFAOYSA-N,47.6
IJFKZRMIRAVXRK-UHFFFAOYSA-N,60.20461899365078
IJMWOMHMDSDKGK-UHFFFAOYSA-N,40.58093636230022
IJXHLVMUNBOGRR-UHFFFAOYSA-N,62.20719042624882
IJZUPZAYWWVHIO-UHFFFAOYSA-N,48.500000000000014
IJZWZSGPEJOCHI-UHFFFAOYSA-N,56.6
IKECULIHBUCAKR-UHFFFAOYSA-N,52.46234824423173
IKEHOXWJQXIQAG-UHFFFAOYSA-N,67.05206933352855
IKHGUXGNUITLKF-UHFFFAOYSA-N,27.09805407215264
IKZVAPMTXDXWMX-UHFFFAOYSA-N,45.29999999999999
ILLHQJIJCRNRCJ-UHFFFAOYSA-N,49.29984258730312
ILLHRDFIVGEPIU-UHFFFAOYSA-N,43.70000000000001
ILNDSSCEZZFNGE-UHFFFAOYSA-N,59.60000000000002
ILPBINAXDRFYPL-UHFFFAOYSA-N,40.2
ILTXOELGTIIKDD-UHFFFAOYSA-N,25.16783723141205
ILVXOBCQQYKLDS-UHFFFAOYSA-N,66.6
IMFACGCPASFAPR-UHFFFAOYSA-N,62.699999999999974
IMKJGXCIJJXALX-UHFFFAOYSA-N,81.09263689020607
IMNDHOCGZLYMRO-UHFFFAOYSA-N,72.49999999999997
IMNFDUFMRHMDMM-UHFFFAOYSA-N,36.49656396959752
IMRWILPUOVGIMU-UHFFFAOYSA-N,52.7
IMUDHTPIFIBORV-UHFFFAOYSA-N,68.7
IMVVEWPCRIJQCA-UHFFFAOYSA-N,45.2
INAXVXBDKKUCGI-UHFFFAOYSA-N,48.355509680640154
INLKHEAPNAVZAJ-UHFFFAOYSA-N,45.83864329388334
INYHZQLKOKTDAI-UHFFFAOYSA-N,42.3
IOLQWGVDEFWYNP-UHFFFAOYSA-N,45.39999999999999
IOQPZZOEVPZRBK-UHFFFAOYSA-N,54.7
IOQSSIPMPIYMDF-UHFFFAOYSA-N,45.9
IOUUIFSIQMVYKP-UHFFFAOYSA-N,120.74622716509764
IPBVNPXQWQGGJP-UHFFFAOYSA-N,52.90220427205649
IPCCWPDCSYLYMS-UHFFFAOYSA-N,31.876891619169257
IPCSVZSSVZVIGE-UHFFFAOYSA-N,126.67410436485416
IPMNAGMOJQBRJL-UHFFFAOYSA-N,340.29999999999995
IQANHWBWTVLDTP-UHFFFAOYSA-N,34.090284729966285
IQIBYAHJXQVQGB-UHFFFAOYSA-N,35.599999999999994
IQRUSQUYPCHEKN-UHFFFAOYSA-N,39.41083200612793
IQUPABOKLQSFBK-UHFFFAOYSA-N,48.230508403825674
IRBDKNYDCMQWNI-UHFFFAOYSA-N,31.19258567800062
IRCLJRMKYIULFK-UHFFFAOYSA-N,28.912774920855636
IRDLUHRVLVEUHA-UHFFFAOYSA-N,67.70000000000003
IRHTZOCLLONTOC-UHFFFAOYSA-N,148.0
IRLSKJITMWPWNY-UHFFFAOYSA-N,49.84414671675832
IROINLKCQGIITA-UHFFFAOYSA-N,113.00000000000004
IRSVDHPYXFLLDS-UHFFFAOYSA-N,65.03437792690285
IRUCBBFNLDIMIK-UHFFFAOYSA-N,40.25345088650428
ISAOCJYIOMOJEB-UHFFFAOYSA-N,91.3092948016748
ISAVYTVYFVQUDY-UHFFFAOYSA-N,70.70000000000003
ISBHMJZRKAFTGE-UHFFFAOYSA-N,42.93741034177082
ISPYQTSUDJAMAB-UHFFFAOYSA-N,52.3
ISTJMQSHILQAEC-UHFFFAOYSA-N,55.149381228151235
ISUXQQTXICTKOV-UHFFFAOYSA-N,40.00000000000001
ISWSIDIOOBJBQZ-UHFFFAOYSA-N,58.80000000000002
ISXDVFNOXYQPIA-UHFFFAOYSA-N,83.1
ISYWECDDZWTKFF-UHFFFAOYSA-N,160.614546584516
ITHNIFCFNUZYLQ-UHFFFAOYSA-N,61.29999999999998
ITKVLPYNJQOCPW-UHFFFAOYSA-N,38.58251537161082
ITKYXPSZKACZJS-UHFFFAOYSA-N,101.80000000000004
ITPAUTYYXIENLO-UHFFFAOYSA-N,50.8
ITPKQVFBLQIXLT-UHFFFAOYSA-N,43.099999999999994
ITQTTZVARXURQS-UHFFFAOYSA-N,44.60000000000001
IUDIJIVSWGWJNV-UHFFFAOYSA-N,72.90000000000002
IUJAMGNYPWYUPM-UHFFFAOYSA-N,175.98977531827455
IUNMPGNGSSIWFP-UHFFFAOYSA-N,44.70000000000001
IVAGOJQDJFWIRT-UHFFFAOYSA-N,32.53062745605362
IVSZLXZYQVIEFR-UHFFFAOYSA-N,40.68662236559731
IWBOPFCKHIJFMS-UHFFFAOYSA-N,58.80000000000002
IWDCLRJOBJJRNH-UHFFFAOYSA-N,68.87165786818731
IWHKMCQFAMHMSX-UHFFFAOYSA-N,58.3
IWJMQXOBCQTQCF-UHFFFAOYSA-N,47.16780183639922
IWTBVKIGCDZRPL-UHFFFAOYSA-N,62.384748582565955
IWTFOFMTUOBLHG-UHFFFAOYSA-N,43.50000000000001
IWTHGPTVKBEURV-UHFFFAOYSA-N,64.99999999999997
IWYBVQLPTCMVFO-UHFFFAOYSA-N,48.400000000000006
IXAVTTRPEXFVSX-UHFFFAOYSA-N,48.500000000000014
IXHFNEAFAWRVCF-UHFFFAOYSA-N,67.10000000000002
IXQGCWUGDFDQMF-UHFFFAOYSA-N,63.891003001726034
IXQJQHORYHYKBD-UHFFFAOYSA-N,73.19999999999997
IXUOEGRSQCCEHB-UHFFFAOYSA-N,71.49999999999999
IYDMICQAKLQHLA-UHFFFAOYSA-N,81.10000000000002
IYKFYARMMIESOX-UHFFFAOYSA-N,60.7
IYPLTVKTLDQUGG-UHFFFAOYSA-N,63.33659736805135
IYTXKIXETAELAV-UHFFFAOYSA-N,57.55171096799093
IYVYLVCVXXCYRI-UHFFFAOYSA-N,61.09999999999999
IYXGSMUGOJNHAZ-UHFFFAOYSA-N,59.352142402873085
IYYXBWAISHVFEX-UHFFFAOYSA-N,57.7
IYYZUPMFVPLQIF-UHFFFAOYSA-N,78.30000000000003
IZFGRAGOVZCUFB-UHFFFAOYSA-N,96.39999999999998
IZMWJUPSQXIVDN-UHFFFAOYSA-N,44.03270767008858
IZPUPXNVRNBDSW-UHFFFAOYSA-N,64.29999999999998
IZSBIPQYBGDXJZ-UHFFFAOYSA-N,38.5
IZUAKSAWRVFBPE-UHFFFAOYSA-N,157.63665466623746
IZXJPGLOYYDHRM-UHFFFAOYSA-N,81.4014388743493
JAMNHZBIQDNHMM-UHFFFAOYSA-N,37.8
JAPMJSVZDUYFKL-UHFFFAOYSA-N,32.022541412129705
JARKCYVAAOWBJS-UHFFFAOYSA-N,42.76904243855434
JARZGLPTLYDJAG-UHFFFAOYSA-N,81.49999999999997
JAWIROCGLFTHLY-UHFFFAOYSA-N,85.23412104062251
JAYBZWYBCUJLNQ-UHFFFAOYSA-N,31.86810935315532
JBFDZEJAJZJORO-UHFFFAOYSA-N,38.39999999999999
JBFHTYHTHYHCDJ-UHFFFAOYSA-N,56.3
JBSUEXFKGWKQFC-UHFFFAOYSA-N,32.22187639686077
JBXULKRNHAQMAS-UHFFFAOYSA-N,77.22851262189933
JCCCMAAJYSNBPR-UHFFFAOYSA-N,39.70000000000001
JCCIFDCPHCKATH-UHFFFAOYSA-N,42.0
JCLPOPNXITXHOR-UHFFFAOYSA-N,75.29999999999997
JECYUBVRTQDVAT-UHFFFAOYSA-N,58.3
JEDHEMYZURJGRQ-UHFFFAOYSA-N,58.50000000000001
JEDHEXUPBRMUMB-UHFFFAOYSA-N,70.70000000000003
JEDIPLFNJDRCFD-UHFFFAOYSA-N,91.69999999999996
JEDJVGRAYGJZIE-UHFFFAOYSA-N,185.94508686453983
JEEQUUSFXYRPRK-UHFFFAOYSA-N,47.29999999999999
JEGMWWXJUXDNJN-UHFFFAOYSA-N,45.28010828919376
JEIFGNLZAYFLFL-UHFFFAOYSA-N,144.74209295996982
JEKYMVBQWWZVHO-UHFFFAOYSA-N,37.80105540169348
JETINLPZEWINFD-UHFFFAOYSA-N,29.557999305641335
JEYLKNVLTAPJAF-UHFFFAOYSA-N,40.807961324878555
JFCQEDHGNNZCLN-UHFFFAOYSA-N,101.59999999999997
JFDZBHWFFUWGJE-UHFFFAOYSA-N,50.514381802509824
JFKXMJUMOJJTCQ-UHFFFAOYSA-N,122.5
JFMGYULNQJPJCY-UHFFFAOYSA-N,86.60000000000001
JFNLZVQOOSMTJK-UHFFFAOYSA-N,35.099999999999994
JGEGJYXHCFUMJF-UHFFFAOYSA-N,45.12460456087009
JGHZJRVDZXSNKQ-UHFFFAOYSA-N,57.0643164543885
JGQFVRIQXUFPAH-UHFFFAOYSA-N,65.04843683752343
JHBKHLUZVFWLAG-UHFFFAOYSA-N,60.7
JHIVVAPYMSGYDF-UHFFFAOYSA-N,44.264617154283954
JHUPGXNKUPOSIE-UHFFFAOYSA-N,37.43082156545313
JIAXWXPKOVBDMZ-UHFFFAOYSA-N,47.99999999999999
JIHQDMXYYFUGFV-UHFFFAOYSA-N,38.79999999999999
JILHZKWLEAKYRC-UHFFFAOYSA-N,34.96539383767363
JIMXXGFJRDUSRO-UHFFFAOYSA-N,91.09999999999998
JINWMPBLUUKRSV-UHFFFAOYSA-N,41.89999999999999
JIRNEODMTPGRGV-UHFFFAOYSA-N,104.59999999999998
JIUFYGIESXPUPL-UHFFFAOYSA-N,34.3
JIXDOBAQOWOUPA-UHFFFAOYSA-N,52.10000000000001
JJNQHLLBFBGKEL-UHFFFAOYSA-N,42.4
JJPSZKIOGBRMHK-UHFFFAOYSA-N,71.18932266142578
JJWKPURADFRFRB-UHFFFAOYSA-N,18.2574345667694
JJWLVOIRVHMVIS-UHFFFAOYSA-N,28.4
JJYPMNFTHPTTDI-UHFFFAOYSA-N,60.19999999999999
JJYWRQLLQAKNAD-UHFFFAOYSA-N,66.54483873354714
JKCYVUZEGXBWNK-UHFFFAOYSA-N,140.39637968759297
JKKGTSUICJWEKB-UHFFFAOYSA-N,79.09640897142695
JKRZOJADNVOXPM-UHFFFAOYSA-N,71.40000000000002
JKTCBAGSMQIFNL-UHFFFAOYSA-N,30.799999999999997
JLAUIBFZZUVOBB-UHFFFAOYSA-N,46.22934913082798
JLAVFLRQAWOKRL-UHFFFAOYSA-N,53.00000000000001
JLCYYQOQSAMWTA-UHFFFAOYSA-N,41.8
JLIDVCMBCGBIEY-UHFFFAOYSA-N,36.10879984862952
JLQAHGGMRAJUMJ-UHFFFAOYSA-N,91.90000000000003
JLTDJTHDQAWBAV-UHFFFAOYSA-N,52.79999999999999
JLYXXMFPNIAWKQ-UHFFFAOYSA-N,72.30140566703602
JMJRYTGVHCAYCT-UHFFFAOYSA-N,50.70000000000001
JMMWKPVZQRWMSS-UHFFFAOYSA-N,36.2265576942178
JMMZCWZIJXAGKW-UHFFFAOYSA-N,31.17205590365876
JMOLZNNXZPAGBH-UHFFFAOYSA-N,123.67157748235
JMTRCXPSDMMAGM-UHFFFAOYSA-N,35.900000000000006
JNDDPBOKWCBQSM-UHFFFAOYSA-N,82.26602367986962
JNPNJMJXGPZCNE-UHFFFAOYSA-N,54.7
JNRDWRMJYGDQQE-UHFFFAOYSA-N,53.080589539609726
JNRQSKFTIYCDIP-UHFFFAOYSA-N,45.981522720532176
JNUIIZUUNVYHCS-UHFFFAOYSA-N,39.15954048724792
JOMNTHCQHJPVAZ-UHFFFAOYSA-N,50.597205404827115
JOOXCMJARBKPKM-UHFFFAOYSA-N,78.28145361503266
JOVGLRSLWFSVNB-UHFFFAOYSA-N,31.51081292719859
JOXSTTXXTNBJRU-UHFFFAOYSA-N,53.69999999999998
JOZKFWLRHCDGJA-UHFFFAOYSA-N,64.89733519862676
JOZZAIIGWFLONA-UHFFFAOYSA-N,39.59645459971545
JPEWDCTZJFUITH-UHFFFAOYSA-N,67.21041464139047
JPFZKJQZKBEPGQ-UHFFFAOYSA-N,38.65535483268259
JPGQOUSTVILISH-UHFFFAOYSA-N,32.60000000000001
JPLZSSHKQZJYTJ-UHFFFAOYSA-N,36.973055996734054
JPQHLIYIQARLQM-UHFFFAOYSA-N,69.33709218212523
JPTPEPVCVXGNJM-UHFFFAOYSA-N,57.7
JPUDLQKLSRSRGN-UHFFFAOYSA-N,34.96539383767363
JPYLHKPRBLLDDJ-UHFFFAOYSA-N,80.46313976262718
JPZYXGPCHFZBHO-UHFFFAOYSA-N,88.10000000000002
JQQDKNVOSLONRS-UHFFFAOYSA-N,73.4810898418618
JQVDAXLFBXTEQA-UHFFFAOYSA-N,47.7
JQZFYIGAYWLRCC-UHFFFAOYSA-N,22.702634949990284
JRLPEMVDPFPYPJ-UHFFFAOYSA-N,46.062312184414154
JRLTTZUODKEYDH-UHFFFAOYSA-N,63.90000000000001
JRPDANVNRUIUAB-UHFFFAOYSA-N,53.38344556253114
JRPPVSMCCSLJPL-UHFFFAOYSA-N,57.127635587453454
JRTBBCBDKSRRCY-UHFFFAOYSA-N,65.04843683752343
JRZJOMJEPLMPRA-UHFFFAOYSA-N,44.7409017201483
JSDUOUVZQRZOOY-UHFFFAOYSA-N,45.29999999999999
JSEUKVSKOHVLOV-UHFFFAOYSA-N,26.9
JSLCOZYBKYHZNL-UHFFFAOYSA-N,47.35576417080464
JSNRRGGBADWTMC-UHFFFAOYSA-N,72.49999999999997
JSOVGYMVTPPEND-UHFFFAOYSA-N,242.80034389882672
JSZOAYXJRCEYSX-UHFFFAOYSA-N,43.70000000000001
JTGMTYWYUZDRBK-UHFFFAOYSA-N,94.5
JTIAYWZZZOZUTK-UHFFFAOYSA-N,51.3
JTOGFHAZQVDOAO-UHFFFAOYSA-N,156.76251426252492
JTPNRXUCIXHOKM-UHFFFAOYSA-N,63.59999999999999
JTXMVXSTHSMVQF-UHFFFAOYSA-N,69.39930354980463
JUJWROOIHBZHMG-UHFFFAOYSA-N,40.05455910656519
JUTLAXFVSZJSHM-UHFFFAOYSA-N,26.611526948474545
JUTSLBALKVVBQM-UHFFFAOYSA-N,54.78673866387966
JUUMAEXLYIMEOD-UHFFFAOYSA-N,45.9
JVIQTBIIJRVXBJ-UHFFFAOYSA-N,57.56838131747071
JVSWJIKNEAIKJW-UHFFFAOYSA-N,39.70000000000001
JVTAAEKCZFNVCJ-UHFFFAOYSA-N,64.3429802401778
JWAZRIHNYRIHIV-UHFFFAOYSA-N,76.2
JWMDOGMKTRMFDS-UHFFFAOYSA-N,32.36293571670969
JWUJQDFVADABEY-UHFFFAOYSA-N,33.900000000000006
JWVCLYRUEFBMGU-UHFFFAOYSA-N,59.3
JXFVMNFKABWTHD-UHFFFAOYSA-N,51.899999999999984
JXPOLSKBTUYKJB-UHFFFAOYSA-N,38.79999999999999
JXSJBGJIGXNWCI-UHFFFAOYSA-N,71.10000000000001
JXTPJDDICSTXJX-UHFFFAOYSA-N,172.64684640150583
JXUKFFRPLNTYIV-UHFFFAOYSA-N,33.900000000000006
JYANOTFBYYDOFL-UHFFFAOYSA-N,80.3479819424448
JYVLIDXNZAXMDK-UHFFFAOYSA-N,54.77776666074503
JYYNAJVZFGKDEQ-UHFFFAOYSA-N,48.12384164388408
JZALLXAUNPOCEU-UHFFFAOYSA-N,101.52311681482615
JZBCTZLGKSYRSF-UHFFFAOYSA-N,34.32936737886376
JZBKRUIGSVOOIC-UHFFFAOYSA-N,48.1
JZGZKRJVTIRPOK-UHFFFAOYSA-N,58.899999999999984
JZMUUSXQSKCZNO-UHFFFAOYSA-N,35.38256150472425
JZTPKAROPNTQQV-UHFFFAOYSA-N,51.7
KAESVJOAVNADME-UHFFFAOYSA-N,45.496026666841374
KAJZYANLDWUIES-UHFFFAOYSA-N,123.0803502860217
KAKZBPTYRLMSJV-UHFFFAOYSA-N,21.1
KATXJJSCAPBIOB-UHFFFAOYSA-N,65.29999999999998
KBEBGUQPQBELIU-UHFFFAOYSA-N,57.45497187713049
KBHBUUBXEQUIMV-UHFFFAOYSA-N,43.400000000000006
KBPCCVWUMVGXGF-UHFFFAOYSA-N,42.17882070706753
KBPLFHHGFOOTCA-UHFFFAOYSA-N,71.94376142157239
KBSPJIWZDWBDGM-UHFFFAOYSA-N,92.29999999999998
KBSVBCHYXYXDAG-UHFFFAOYSA-N,57.50000000000001
KCKZIWSINLBROE-UHFFFAOYSA-N,73.00000000000003
KCUGKFPEOZMRLH-UHFFFAOYSA-N,91.34608846658824
KCWDRMKPLNYFEA-UHFFFAOYSA-N,85.59999999999998
KCXMKQUNVWSEMD-UHFFFAOYSA-N,50.0
KDAMMLMNJOOSEG-UHFFFAOYSA-N,36.16845156165929
KDFDOINBXBEOLZ-UHFFFAOYSA-N,56.7
KDIAMAVWIJYWHN-UHFFFAOYSA-N,41.099999999999994
KDKGPLZMKATCHY-UHFFFAOYSA-N,22.118735450763005
KDKYADYSIPSCCQ-UHFFFAOYSA-N,23.7
KDRZICOOQNIJDN-UHFFFAOYSA-N,44.400000000000006
KDSNLYIMUZNERS-UHFFFAOYSA-N,33.900000000000006
KDUIUFJBNGTBMD-UHFFFAOYSA-N,43.099999999999994
KDYFGRWQOYBRFD-UHFFFAOYSA-N,117.9676192019565
KEBDNKNVCHQIJU-UHFFFAOYSA-N,48.54145301520751
KEFJLCGVTHRGAH-UHFFFAOYSA-N,61.7
KEIFWROAQVVDBN-UHFFFAOYSA-N,53.39999999999999
KEMQGTRYUADPNZ-UHFFFAOYSA-N,130.70029789351878
KERBAAIBDHEFDD-UHFFFAOYSA-N,58.400000000000006
KEVMYFLMMDUPJE-UHFFFAOYSA-N,46.97416091467451
KEVRVUAKQLMNFS-UHFFFAOYSA-N,48.9
KEVYVLWNCKMXJX-UHFFFAOYSA-N,105.45068367730852
KFNNIILCVOLYIR-UHFFFAOYSA-N,35.900000000000006
KFRVYYGHSPLXSZ-UHFFFAOYSA-N,38.7
KFTODZKBBUMDQB-UHFFFAOYSA-N,30.0
KFYKZKISJBGVMR-UHFFFAOYSA-N,38.76432761467288
KFZMGEQAYNKOFK-UHFFFAOYSA-N,43.52100145599464
KGCDGLXSBHJAHZ-UHFFFAOYSA-N,41.29999999999999
KGGHWIKBOIQEAJ-UHFFFAOYSA-N,73.60000000000002
KGIABMDFILVKGN-UHFFFAOYSA-N,35.468213790726615
KGPPDNUWZNWPSI-UHFFFAOYSA-N,35.0
KGSOURBADOHWIS-UHFFFAOYSA-N,35.099999999999994
KGWVFQAPOGAVRF-UHFFFAOYSA-N,73.10000000000002
KHAVLLBUVKBTBG-UHFFFAOYSA-N,74.03695834288524
KHHSXHXUQVNBGA-UHFFFAOYSA-N,94.7
KHMYONNPZWOTKW-UHFFFAOYSA-N,80.80578426485793
KIDHWZJUCRJVML-UHFFFAOYSA-N,55.200000000000024
KIGMDBNXQJATJR-UHFFFAOYSA-N,103.79999999999995
KIHPDGGDZZCYBT-UHFFFAOYSA-N,40.536327175016936
KIKXGIRAIYTCRB-UHFFFAOYSA-N,47.919810476522045
KIRBCTVJSVTCCQ-UHFFFAOYSA-N,151.5930504945025
KISVAASFGZJBCY-UHFFFAOYSA-N,77.18771925937425
KJIOQYGWTQBHNH-UHFFFAOYSA-N,90.87448183031955
KJPRLNWUNMBNBZ-UHFFFAOYSA-N,62.39999999999997
KJRCEJOSASVSRA-UHFFFAOYSA-N,29.800000000000008
KJRRQXYWFQKJIP-UHFFFAOYSA-N,34.33036626854156
KJWLAZDNFRTNJS-UHFFFAOYSA-N,108.2
KKGMASVOOYPIGJ-UHFFFAOYSA-N,110.19999999999996
KKKDZZRICRFGSD-UHFFFAOYSA-N,79.2
KKQWHYGECTYFIA-UHFFFAOYSA-N,76.80000000000003
KKXBMWAROXAWSZ-UHFFFAOYSA-N,34.4
KLCNJIQZXOQYTE-UHFFFAOYSA-N,31.2
KLKFAASOGCDTDT-UHFFFAOYSA-N,35.7
KLKRGCUPZROPPO-UHFFFAOYSA-N,57.7
KLNPWTHGTVSSEU-UHFFFAOYSA-N,84.7
KLOUCDOOJZGJFJ-UHFFFAOYSA-N,55.400000000000006
KLSCAHRYGAYKJC-UHFFFAOYSA-N,43.34619569706664
KLSLBUSXWBJMEC-UHFFFAOYSA-N,72.63085334055295
KLZYRCVPDWTZLH-UHFFFAOYSA-N,142.76695107708483
KMAQZIILEGKYQZ-UHFFFAOYSA-N,60.19999999999999
KMGBZBJJOKUPIA-UHFFFAOYSA-N,40.2
KMHLGVTVACLEJE-UHFFFAOYSA-N,59.8
KMPQYAYAQWNLME-UHFFFAOYSA-N,72.53231423804954
KMRMUZKLFIEVAO-UHFFFAOYSA-N,55.100000000000016
KMTRUDSVKNLOMY-UHFFFAOYSA-N,62.699999999999974
KMTUBAIXCBHPIZ-UHFFFAOYSA-N,59.3
KMXFZRSJMDYPPG-UHFFFAOYSA-N,223.69999999999996
KNCMKWVOMRUHKZ-UHFFFAOYSA-N,37.12216485535998
KNKIXYMOHMYZJR-UHFFFAOYSA-N,61.90000000000001
KNKRKFALVUDBJE-UHFFFAOYSA-N,36.7
KNXMUFRWYNVISA-UHFFFAOYSA-N,173.1416134731478
KORUNPLQGRLDSJ-UHFFFAOYSA-N,29.915662707466865
KOTFYSVFYYKCRA-UHFFFAOYSA-N,71.59999999999997
KPFDWNLAMXJSNJ-UHFFFAOYSA-N,58.80000000000002
KPHPTSMXBAVNPX-UHFFFAOYSA-N,43.072888975634534
KPJGRQMPFRXLSD-UHFFFAOYSA-N,150.7641409250293
KPJKMUJJFXZGAX-UHFFFAOYSA-N,54.7
KPMKEVXVVHNIEY-UHFFFAOYSA-N,50.400000000000006
KPSSIOMAKSHJJG-UHFFFAOYSA-N,51.8
KQIHAJDIOIUHOG-UHFFFAOYSA-N,87.79999999999998
KQNPFQTWMSNSAP-UHFFFAOYSA-N,54.69781683513138
KQRPZENSXZIOQO-UHFFFAOYSA-N,38.5
KRGSHQFWLNRTDO-UHFFFAOYSA-N,101.09999999999997
KRIMXCDMVRMCTC-UHFFFAOYSA-N,58.6
KRIOVPPHQSLHCZ-UHFFFAOYSA-N,61.131460796714705
KRZCOLNOCZKSDF-UHFFFAOYSA-N,54.79999999999998
KSMVZQYAVGTKIV-UHFFFAOYSA-N,63.27626236919559
KSXTZYRIJKDCEA-UHFFFAOYSA-N,45.51045988553429
KTXUOWUHFLBZPW-UHFFFAOYSA-N,81.00000000000001
KUEFXXIVCUKGLZ-UHFFFAOYSA-N,27.993772853382502
KUFFULVDNCHOFZ-UHFFFAOYSA-N,65.18614280001677
KUMXLFIBWFCMOJ-UHFFFAOYSA-N,36.997974108653
KUPLEGDPSCCPJI-UHFFFAOYSA-N,203.50000000000009
KVBKAPANDHPRDG-UHFFFAOYSA-N,28.300000000000004
KVFIJIWMDBAGDP-UHFFFAOYSA-N,48.8
KVFQMAZOBTXCAZ-UHFFFAOYSA-N,45.76003548454493
KVKFRMCSXWQSNT-UHFFFAOYSA-N,45.00068000211015
KVNRLNFWIYMESJ-UHFFFAOYSA-N,38.9
KVNYFPKFSJIPBJ-UHFFFAOYSA-N,52.79999999999999
KVOZXXSUSRZIKD-UHFFFAOYSA-N,43.99999999999999
KVQVGSDBGJXNGV-UHFFFAOYSA-N,122.83997244087996
KVWLLOIEGKLBPA-UHFFFAOYSA-N,59.200000000000024
KVZJLSYJROEPSQ-UHFFFAOYSA-N,39.458337265433315
KWAHADSKPFGJQF-UHFFFAOYSA-N,45.98436073087515
KWFGJLCFMKVZLQ-UHFFFAOYSA-N,77.40000000000003
KWHUHTFXMNQHAA-UHFFFAOYSA-N,69.00000000000003
KWISWUFGPUHDRY-UHFFFAOYSA-N,33.20000000000001
KWKAKUADMBZCLK-UHFFFAOYSA-N,39.39172308220206
KWKXNDCHNDYVRT-UHFFFAOYSA-N,89.60000000000001
KWOLFJPFCHCOCG-UHFFFAOYSA-N,54.38642064479713
KWYHDKDOAIKMQN-UHFFFAOYSA-N,42.20000000000001
KXDAEFPNCMNJSK-UHFFFAOYSA-N,86.50000000000003
KXKVLQRXCPHEJC-UHFFFAOYSA-N,32.2234469778389
KXUHSQYYJYAXGZ-UHFFFAOYSA-N,47.428282236936944
KYCZJIBOPKRSOV-UHFFFAOYSA-N,42.9
KYINPWAJIVTFBW-UHFFFAOYSA-N,31.21927269308732
KYQCOXFCLRTKLS-UHFFFAOYSA-N,40.49999999999999
KYWIYKKSMDLRDC-UHFFFAOYSA-N,68.08562051646086
KZCIQXIXTWAXSA-UHFFFAOYSA-N,61.11749715133796
KZCOBXFFBQJQHH-UHFFFAOYSA-N,53.09667663411008
KZJIOVQKSAOPOP-UHFFFAOYSA-N,37.7
KZNJSFHJUQDYHE-UHFFFAOYSA-N,87.00000000000003
KZTWONRVIPPDKH-UHFFFAOYSA-N,64.2
KZVBBTZJMSWGTK-UHFFFAOYSA-N,73.80000000000001
KZZASWGRLOTITL-UHFFFAOYSA-N,77.16162327169478
LAAVYEUJEMRIGF-UHFFFAOYSA-N,39.29999999999999
LABTWGUMFABVFG-UHFFFAOYSA-N,41.239567862149286
LADGBHLMCUINGV-UHFFFAOYSA-N,154.59999999999994
LAIUFBWHERIJIH-UHFFFAOYSA-N,39.11354400932892
LATSTSCBAMMVLW-UHFFFAOYSA-N,48.9
LAWOZCWGWDVVSG-UHFFFAOYSA-N,87.10000000000001
LAXBNTIAOJWAOP-UHFFFAOYSA-N,72.10000000000002
LAXUVNVWTBEWKE-UHFFFAOYSA-N,89.60000000000001
LBICMZLDYMBIGA-UHFFFAOYSA-N,67.18176664516466
LBIYNOAMNIKVKF-UHFFFAOYSA-N,110.28491148781087
LBKDGROORAKTLC-UHFFFAOYSA-N,51.4
LBNXAWYDQUGHGX-UHFFFAOYSA-N,64.60000000000002
LBOBESSDSGODDD-UHFFFAOYSA-N,19.572755662136615
LBUJPTNKIBCYBY-UHFFFAOYSA-N,65.29999999999998
LCGLNKUTAGEVQW-UHFFFAOYSA-N,18.499999999999996
LCHYEKKJCUJAKN-UHFFFAOYSA-N,66.66960341858926
LCTJVCKLBZGNTC-UHFFFAOYSA-N,77.0
LCTONWCANYUPML-UHFFFAOYSA-N,102.81157330128651
LCXMEXLGMKFLQO-UHFFFAOYSA-N,112.60000000000002
LCYXQUJDODZYIJ-UHFFFAOYSA-N,62.49999999999999
LCZUOKDVTBMCMX-UHFFFAOYSA-N,47.39999999999999
LDCRTTXIJACKKU-UHFFFAOYSA-N,64.39999999999999
LDLCZOVUSADOIV-UHFFFAOYSA-N,54.10000000000001
LDLDYFCCDKENPD-UHFFFAOYSA-N,39.70000000000001
LDTAOIUHUHHCMU-UHFFFAOYSA-N,28.88555482110366
LDWAIHWGMRVEFR-UHFFFAOYSA-N,73.00000000000003
LEACJMVNYZDSKR-UHFFFAOYSA-N,112.91484698139136
LEDXZTGCBJWOFY-UHFFFAOYSA-N,44.91594012778079
LEGGANXCVQPIAI-UHFFFAOYSA-N,75.91193842315127
LELOWRISYMNNSU-UHFFFAOYSA-N,26.46186276517099
LEMCTUNZNGDMNT-UHFFFAOYSA-N,119.0311053142282
LEPFYNPJKPSWHQ-UHFFFAOYSA-N,94.1477096763739
LEQBWYDHNLNMED-UHFFFAOYSA-N,120.88725299807912
LETYIFNDQBJGPJ-UHFFFAOYSA-N,38.0661275065924
LFJQCDVYDGGFCH-UHFFFAOYSA-N,47.916202158959
LFQSCWFLJHTTHZ-UHFFFAOYSA-N,41.28258025304458
LFSAPCRASZRSKS-UHFFFAOYSA-N,45.72882870358502
LFSXCDWNBUNEEM-UHFFFAOYSA-N,70.0
LGAJYTCRJPCZRJ-UHFFFAOYSA-N,38.5
LGAQJENWWYGFSN-UHFFFAOYSA-N,29.81829129720923
LGDSHSYDSCRFAB-UHFFFAOYSA-N,37.3
LGMPVUDVTHHFDR-UHFFFAOYSA-N,38.67081908542716
LGTLDEUQCOJGFP-UHFFFAOYSA-N,68.72361484234969
LGYNIFWIKSEESD-UHFFFAOYSA-N,49.151567304685926
LHCFPVDATVVDLD-UHFFFAOYSA-N,56.1
LHGVFZTZFXWLCP-UHFFFAOYSA-N,57.84591530440993
LHIJANUOQQMGNT-UHFFFAOYSA-N,69.70000000000002
LHRCREOYAASXPZ-UHFFFAOYSA-N,131.09999999999997
LHXDLQBQYFFVNW-UHFFFAOYSA-N,51.03899166044576
LIKMAJRDDDTEIG-UHFFFAOYSA-N,30.52106633924096
LINPIYWFGCPVIE-UHFFFAOYSA-N,66.69999999999999
LIPODSDLKCMVON-UHFFFAOYSA-N,47.963203735853696
LIPPKMMVZOHCIF-UHFFFAOYSA-N,37.63555535553532
LIWRTHVZRZXVFX-UHFFFAOYSA-N,77.8
LIXVMPBOGDCSRM-UHFFFAOYSA-N,74.49999999999999
LJIIBBYARMPSMT-UHFFFAOYSA-N,47.29999999999999
LJLWVVCWBURGCC-UHFFFAOYSA-N,44.93860074646434
LJPLFJPOUHWADA-UHFFFAOYSA-N,28.87355008647755
LJSQFQKUNVCTIA-UHFFFAOYSA-N,35.31148229954283
LKHGKBBAJAFMSQ-UHFFFAOYSA-N,55.899999999999984
LKINOBKAEGPXMI-UHFFFAOYSA-N,39.85246202382295
LKOBTUTURSPCEE-UHFFFAOYSA-N,27.870258013194853
LKUDPHPHKOZXCD-UHFFFAOYSA-N,68.20000000000002
LKXAUCPURVBMRN-UHFFFAOYSA-N,31.905655384972366
LLSKXGRDUPMXLC-UHFFFAOYSA-N,64.29999999999998
LLVFKEOMLYDSGT-UHFFFAOYSA-N,162.58525192338425
LLZPXMCHUMPYRH-UHFFFAOYSA-N,42.0
LMAUULKNZLEMGN-UHFFFAOYSA-N,52.4
LMCGARAPKXJPNG-UHFFFAOYSA-N,104.23721240371142
LMETVDMCIJNNKH-UHFFFAOYSA-N,64.31384277605228
LMGZGXSXHCMSAA-UHFFFAOYSA-N,55.746784142331485
LMHCYRULPLGEEZ-UHFFFAOYSA-N,55.00000000000002
LMNJOGUUFQYRPE-UHFFFAOYSA-N,79.17086298786913
LNETULKMXZVUST-UHFFFAOYSA-N,99.5
LNLCRJXCNQABMV-UHFFFAOYSA-N,78.10000000000001
LOCDPORVFVOGCR-UHFFFAOYSA-N,44.71993846474791
LOCHFZBWPCLPAN-UHFFFAOYSA-N,35.86081427100439
LOCOMRPWMOCMPV-UHFFFAOYSA-N,28.912774920855636
LOJJTTDNNWYSGX-UHFFFAOYSA-N,40.49999999999999
LOKPJYNMYCVCRM-UHFFFAOYSA-N,83.79999999999998
LOMVENUNSWAXEN-UHFFFAOYSA-N,53.599999999999994
LOYZVRIHVZEDMW-UHFFFAOYSA-N,44.564066186843434
LPAGFVYQRIESJQ-UHFFFAOYSA-N,61.4
LPIQUOYDBNQMRZ-UHFFFAOYSA-N,26.60000000000001
LPKATDGGXXEZFL-UHFFFAOYSA-N,52.899999999999984
LPWKTEHEFDVAQS-UHFFFAOYSA-N,62.487887628185696
LPYUENQFPVNPHY-UHFFFAOYSA-N,91.69999999999996
LQAVWYMTUMSFBE-UHFFFAOYSA-N,47.84791479129085
LQCYZZANGSLXDJ-UHFFFAOYSA-N,39.89999999999999
LQERIDTXQFOHKA-UHFFFAOYSA-N,99.67442707681032
LQJBNNIYVWPHFW-UHFFFAOYSA-N,168.73459978601736
LQMDOONLLAJAPZ-UHFFFAOYSA-N,62.100000000000016
LQNUZADURLCDLV-UHFFFAOYSA-N,55.200000000000024
LQZZUXJYWNFBMV-UHFFFAOYSA-N,90.77499883624448
LRHPLDYGYMQRHN-UHFFFAOYSA-N,53.211454267354895
LRKYLKBLUJXTFL-UHFFFAOYSA-N,62.2
LSBZKGFVMTVTCT-UHFFFAOYSA-N,45.29999999999999
LSDPWZHWYPCBBB-UHFFFAOYSA-N,24.482108717591196
LSJMDWFAADPNAX-UHFFFAOYSA-N,46.977005159773114
LSKONYYRONEBKA-UHFFFAOYSA-N,72.97275935552122
LSTDYDRCKUBPDI-UHFFFAOYSA-N,154.0696108122899
LSTZYJQJHGEVKH-UHFFFAOYSA-N,40.881967217451034
LSUXMVNABVPWMF-UHFFFAOYSA-N,36.599999999999994
LSXKDWGTSHCFPP-UHFFFAOYSA-N,50.5
LSXWFXONGKSEMY-UHFFFAOYSA-N,38.599999999999994
LSYBWANTZYUTGJ-UHFFFAOYSA-N,65.19999999999999
LTBPRPATSZONGJ-UHFFFAOYSA-M,52.4
LTEQMZWBSYACLV-UHFFFAOYSA-N,59.35492071920055
LTMQZVLXCLQPCT-UHFFFAOYSA-N,57.5555226608114
LTMXHUUHBSCKEK-UHFFFAOYSA-N,92.8115763571579
LTNUSYNQZJZUSY-UHFFFAOYSA-N,41.42719592860019
LUBCGHUOCJOIJA-UHFFFAOYSA-N,47.16653946022509
LUYISICIYVKBTA-UHFFFAOYSA-N,70.72021786773973
LVBXEMGDVWVTGY-UHFFFAOYSA-N,56.936181002225815
LVILGAOSPDLNRM-UHFFFAOYSA-N,43.99999999999999
LVLXQRZPKUFJJQ-UHFFFAOYSA-N,38.5
LVMTVPFRTKXRPH-UHFFFAOYSA-N,28.7
LVYZEGXWMAKHQM-UHFFFAOYSA-N,128.88508545957913
LWBHHRRTOZQPDM-UHFFFAOYSA-N,128.2
LWIWFCDNJNZEKB-UHFFFAOYSA-N,66.19999999999999
LWJHSQQHGRQCKO-UHFFFAOYSA-N,38.964151604167675
LWLRMRFJCCMNML-UHFFFAOYSA-N,104.5
LWQARWCIQAGKRZ-UHFFFAOYSA-N,33.8
LWTZRUALFAUJAX-UHFFFAOYSA-N,98.59999999999997
LWYFYULAXDMTQV-UHFFFAOYSA-N,82.62828247920916
LXBJRNXXTAWCKU-UHFFFAOYSA-N,40.74872997684846
LXCFILQKKLGQFO-UHFFFAOYSA-N,81.29999999999998
LXCYSACZTOKNNS-UHFFFAOYSA-N,49.29999999999999
LXFODWIENIOBLX-UHFFFAOYSA-N,113.80000000000004
LXNFVVDCCWUUKC-UHFFFAOYSA-N,62.39999999999997
LXQPBCHJNIOMQU-UHFFFAOYSA-N,33.099999999999994
LXTHCCWEYOKFSR-UHFFFAOYSA-N,55.3
LXUNZSDDXMPKLP-UHFFFAOYSA-N,51.111121171091014
LYBIZMNPXTXVMV-UHFFFAOYSA-N,36.65444015516068
LYCAIKOWRPUZTN-UHFFFAOYSA-N,64.23966236025406
LYGJENNIWJXYER-UHFFFAOYSA-N,37.99999999999999
LYINTWKRUWVLBA-UHFFFAOYSA-N,62.599999999999994
LYNCQSNLMRUIRI-UHFFFAOYSA-N,28.87355008647755
LYRIITRHDCNUHV-UHFFFAOYSA-N,61.90000000000001
LYVLPCUIYWOEBI-UHFFFAOYSA-N,57.600000000000016
LZAZXBXPKRULLB-UHFFFAOYSA-N,44.5
LZCLXQDLBQLTDK-UHFFFAOYSA-N,42.584228402530485
LZDKZFUFMNSQCJ-UHFFFAOYSA-N,43.2
LZUVIELFLONRSS-UHFFFAOYSA-N,80.19999999999999
LZXXNPOYQCLXRS-UHFFFAOYSA-N,84.00000000000001
MAJFLEHNBOUSIY-UHFFFAOYSA-N,45.9
MAKRYGRRIKSDES-UHFFFAOYSA-N,43.03999422029008
MAMMVUWCKMOLSG-UHFFFAOYSA-N,56.6
MAQMEXSLUSZDQM-UHFFFAOYSA-N,62.799999999999976
MAWOHFOSAIXURX-UHFFFAOYSA-N,43.51977421308056
MAYCICSNZYXLHB-UHFFFAOYSA-N,108.3
MBDOYVRWFFCFHM-UHFFFAOYSA-N,42.47541863719557
MBNDKEPQUVZHCM-UHFFFAOYSA-N,34.48790835296874
MBXXQYJBFRRFCK-UHFFFAOYSA-N,45.9
MBZKQDXXFMITAC-UHFFFAOYSA-N,51.67944780876616
MBZRJSQZCBXRGK-UHFFFAOYSA-N,63.79999999999997
MCEYLFHKATVXLN-UHFFFAOYSA-N,42.3
MCSINKKTEDDPNK-UHFFFAOYSA-N,43.07153628129322
MCTWTZJPVLRJOU-UHFFFAOYSA-N,54.79999999999998
MCVUKOYZUCWLQQ-UHFFFAOYSA-N,94.60000000000002
MDHYEMXUFSJLGV-UHFFFAOYSA-N,62.29307271555451
MDKCFLQDBWCQCV-UHFFFAOYSA-N,61.7143562156353
MDNLZVVUMKSEKO-UHFFFAOYSA-N,36.8
MEGHWIAOTJPCHQ-UHFFFAOYSA-N,43.90194314267663
MEIRRNXMZYDVDW-UHFFFAOYSA-N,47.38834323734776
MELUCTCJOARQQG-UHFFFAOYSA-N,34.96598695692235
MEMBJMDZWKVOTB-UHFFFAOYSA-N,53.3
MEMYUUBNXYUWRG-UHFFFAOYSA-N,53.50000000000001
METKCQZZZVWWCD-UHFFFAOYSA-N,61.00000000000001
MEXUFEQDCXZEON-UHFFFAOYSA-N,22.51047739643657
MEYUFRQDILUMEC-UHFFFAOYSA-N,479.7883106097306
MFEBDOMAQGIHGW-UHFFFAOYSA-N,59.91797279413358
MFEIKQPHQINPRI-UHFFFAOYSA-N,51.11893722641586
MFFQOUCMBNXSBK-UHFFFAOYSA-N,80.36373385687652
MFJNOXOAIFNSBX-UHFFFAOYSA-N,48.1
MFKRHJVUCZRDTF-UHFFFAOYSA-N,69.51851444284748
MFNUKMQUVGMCEW-UHFFFAOYSA-N,28.39454880854691
MGLWZSOBALDPEK-UHFFFAOYSA-N,117.50000000000004
MGNZXYYWBUKAII-UHFFFAOYSA-N,32.91956939668308
MGSRCZKZVOBKFT-UHFFFAOYSA-N,70.80530417416048
MHDVGSVTJDSBDK-UHFFFAOYSA-N,79.5353728994009
MHLPKAGDPWUOOT-UHFFFAOYSA-N,28.000000000000004
MHNNAWXXUZQSNM-UHFFFAOYSA-N,26.49810039837717
MHPSPNGWFAGBNH-UHFFFAOYSA-N,45.599999999999994
MIHRVXYXORIINI-UHFFFAOYSA-N,58.6
MIJDSYMOBYNHOT-UHFFFAOYSA-N,61.00000000000001
MIMDHDXOBDPUQW-UHFFFAOYSA-N,120.8
MJWRHKSSZBHAEW-UHFFFAOYSA-N,95.39999999999998
MJZUMMKYWBNKIP-UHFFFAOYSA-N,31.02695034251683
MKJDUHZPLQYUCB-UHFFFAOYSA-N,62.04942520513001
MKLQPIYLZMLAER-UHFFFAOYSA-N,68.79999999999998
MKUWVMRNQOOSAT-UHFFFAOYSA-N,41.64139685889097
MKYQPGPNVYRMHI-UHFFFAOYSA-N,91.8
MLEGMEBCXGDFQT-UHFFFAOYSA-N,91.30000000000004
MLFHJEHSLIIPHL-UHFFFAOYSA-N,46.66143170459955
MLLAPOCBLWUFAP-UHFFFAOYSA-N,48.02350783767846
MLMQPDHYNJCQAO-UHFFFAOYSA-N,63.99999999999998
MLPVBIWIRCKMJV-UHFFFAOYSA-N,60.60000000000002
MLRCLPRHEOPXLL-UHFFFAOYSA-N,87.7595876477036
MLRVZFYXUZQSRU-UHFFFAOYSA-N,42.49999999999999
MLRYPOCSLBIUHY-UHFFFAOYSA-N,90.15521557331192
MLTULPRRIKTZBN-UHFFFAOYSA-N,90.43172703466423
MLUCVPSAIODCQM-UHFFFAOYSA-N,37.3
MMASVVOQIKCFJZ-UHFFFAOYSA-N,42.7
MMCDSVCBSAMNPL-UHFFFAOYSA-N,70.47692146264993
MMFCJPPRCYDLLZ-UHFFFAOYSA-N,68.66427659865306
MMIFTSNMPPGKAI-UHFFFAOYSA-N,81.4
MMKRHZKQPFCLLS-UHFFFAOYSA-N,91.14676375543448
MMSLOZQEMPDGPI-UHFFFAOYSA-N,53.743635571250024
MMUPRXJDJIEFNC-UHFFFAOYSA-N,28.87355008647755
MMXKVMNBHPAILY-UHFFFAOYSA-N,81.28761623047005
MNBIBGDICHMQFN-UHFFFAOYSA-N,58.74117664192624
MNDIARAMWBIKFW-UHFFFAOYSA-N,45.7
MNFORVFSTILPAW-UHFFFAOYSA-N,63.19999999999999
MNOWBWZEFOISCB-UHFFFAOYSA-N,86.39999999999996
MNWFXJYAOYHMED-UHFFFAOYSA-N,86.38140687713977
MOQRZWSWPNIGMP-UHFFFAOYSA-N,309.08332445222896
MOYAFQVGZZPNRA-UHFFFAOYSA-N,51.41622491221055
MPPPKRYCTPRNTB-UHFFFAOYSA-N,36.5
MPSVBCFDONBQFM-UHFFFAOYSA-N,79.03228373551032
MPWGZBWDLMDIHO-UHFFFAOYSA-N,70.95159897817557
MPYQJQDSICRCJJ-UHFFFAOYSA-N,47.2
MRFQFQYRTNGOCZ-UHFFFAOYSA-N,52.899999999999984
MRLAULBRWNYTDV-UHFFFAOYSA-N,27.4
MRSXTPSFUFLUIT-UHFFFAOYSA-N,79.07145708211854
MSEBQGULDWDIRW-UHFFFAOYSA-N,56.00000000000001
MSHFRERJPWKJFX-UHFFFAOYSA-N,60.91896089917036
MSKKJKLPGKYANX-UHFFFAOYSA-N,164.18733025385055
MSNGVRWOQUIZAH-UHFFFAOYSA-N,56.900000000000006
MSQKMFXJFBXZNQ-UHFFFAOYSA-N,72.79999999999998
MSTLSCNJAHAQNU-UHFFFAOYSA-N,64.89999999999998
MSXVEPNJUHWQHW-UHFFFAOYSA-N,53.39956731044926
MTAODLNXWYIKSO-UHFFFAOYSA-N,43.50000000000001
MTHSVFCYNBDYFN-UHFFFAOYSA-N,77.60863829520581
MTIJDFJGPCJFKE-UHFFFAOYSA-N,78.27620983611365
MTTVYFPEBLVBTQ-UHFFFAOYSA-N,172.61665830053397
MTZQAGJQAFMTAQ-UHFFFAOYSA-N,57.260153767457936
MUBZPKHOEPUJKR-UHFFFAOYSA-N,92.00477064837688
MUDSDYNRBDKLGK-UHFFFAOYSA-N,74.44241232081913
MUXOBHXGJLMRAB-UHFFFAOYSA-N,55.686177613449615
MUZGQHWTRUVFLG-UHFFFAOYSA-N,79.51878365799634
MVDGSHXQMOKTDJ-UHFFFAOYSA-N,119.10228710689456
MVJLYXCJBPXRCY-UHFFFAOYSA-N,44.37744264219892
MVLOWDRGPHBNNF-UHFFFAOYSA-N,43.2
MVLRILUUXLBENA-UHFFFAOYSA-N,49.94399921557197
MVLVMROFTAUDAG-UHFFFAOYSA-N,153.69970388953274
MVOSYKNQRRHGKX-UHFFFAOYSA-N,65.29999999999998
MVPPADPHJFYWMZ-UHFFFAOYSA-N,41.60000000000001
MVWHGTYKUMDIHL-UHFFFAOYSA-N,103.5
MWKFXSUHUHTGQN-UHFFFAOYSA-N,84.03135724466634
MWOOGOJBHIARFG-UHFFFAOYSA-N,82.30849579282534
MWPLVEDNUUSJAV-UHFFFAOYSA-N,79.29999999999998
MWVFCEVNXHTDNF-UHFFFAOYSA-N,43.41873957727044
MWVPQZRIWVPJCA-UHFFFAOYSA-N,34.73343074101131
MWVTWFVJZLCBMC-UHFFFAOYSA-N,71.10000000000001
MWWVNZNVTGBKQO-UHFFFAOYSA-N,223.1818058134075
MXDRPNGTQDRKQM-UHFFFAOYSA-N,53.2
MXLMTQWGSQIYOW-UHFFFAOYSA-N,51.7
MXVSJNLRVLKAOG-UHFFFAOYSA-N,32.65526825685948
MXYKXSMSECVABY-UHFFFAOYSA-N,68.93205469555599
MZBACIJSSOHXQA-UHFFFAOYSA-N,46.79999999999999
MZLSNIREOQCDED-UHFFFAOYSA-N,39.18280125250171
MZNHUHNWGVUEAT-UHFFFAOYSA-N,67.13195740124203
MZNSQRLUUXWLSB-UHFFFAOYSA-N,38.2943450762583
NALZTFARIYUCBY-UHFFFAOYSA-N,47.900000000000006
NAMYKGVDVNBCFQ-UHFFFAOYSA-N,30.4
NAQMVNRVTILPCV-UHFFFAOYSA-N,60.7
NBBJYMSMWIIQGU-UHFFFAOYSA-N,29.90879403557154
NBLCOWKIHZCSCF-UHFFFAOYSA-N,87.96828564679839
NBQYGIPVNCVJJP-UHFFFAOYSA-N,31.59999999999999
NBRKLOOSMBRFMH-UHFFFAOYSA-N,28.799999999999997
NBUKAOOFKZFCGD-UHFFFAOYSA-N,53.599999999999994
NBUMCEJRJRRLCA-UHFFFAOYSA-N,64.16057121952663
NBXLPPVOZWYADY-UHFFFAOYSA-N,42.5471644239137
NCCHARWOCKOHIH-UHFFFAOYSA-N,84.90000000000002
NCDCLPBOMHPFCV-UHFFFAOYSA-N,73.65906002935844
NDFKTBCGKNOHPJ-UHFFFAOYSA-N,53.603828708460235
NDJKXXJCMXVBJW-UHFFFAOYSA-N,92.3854773683594
NDKYEUQMPZIGFN-UHFFFAOYSA-N,89.20000000000002
NDSAOEARRHEOPX-UHFFFAOYSA-N,149.347738678299
NDTCXABJQNJPCF-UHFFFAOYSA-N,50.704697998124246
NDVWOBYBJYUSMF-UHFFFAOYSA-N,63.300000000000026
NECLQTPQJZSWOE-UHFFFAOYSA-N,56.1
NEHNMFOYXAPHSD-UHFFFAOYSA-N,55.61199421327676
NEJDKFPXHQRVMV-UHFFFAOYSA-N,57.70181993554842
NELYAMNMZQGYAJ-UHFFFAOYSA-N,34.02451143421325
NEMJPYNJMBONJU-UHFFFAOYSA-N,44.60000000000001
NEOZOXKVMDBOSG-UHFFFAOYSA-N,180.95284123865343
NEZRFXZYPAIZAD-UHFFFAOYSA-N,32.62272656128002
NFAVNWJJYQAGNB-UHFFFAOYSA-N,65.22849744809147
NFKGQHYUYGYHIS-UHFFFAOYSA-N,73.10000000000002
NFLGAXVYCFJBMK-UHFFFAOYSA-N,53.89879535541178
NFLOGWCACVSGQN-UHFFFAOYSA-N,100.00000000000004
NFRKSAMCQGIGRC-UHFFFAOYSA-N,94.5
NFRKUDYZEVQXTE-UHFFFAOYSA-N,35.97820402182377
NFWMZDZRNQDDPQ-UHFFFAOYSA-N,96.03899319506718
NFZNHUNPIJPRMP-UHFFFAOYSA-N,62.99999999999998
NGAZZOYFWWSOGK-UHFFFAOYSA-N,47.338485656363645
NGDNVOAEIVQRFH-UHFFFAOYSA-N,71.29294848264146
NGFPWHGISWUQOI-UHFFFAOYSA-N,70.22395519726592
NHAQDJWMCPLLCY-UHFFFAOYSA-N,306.8
NHARPDSAXCBDDR-UHFFFAOYSA-N,43.85801318390652
NHIDGVQVYHCGEK-UHFFFAOYSA-N,40.4
NHLUYCJZUXOUBX-UHFFFAOYSA-N,102.6645128313494
NHPPIJMARIVBGU-UHFFFAOYSA-N,67.00000000000001
NHTMVDHEPJAVLT-UHFFFAOYSA-N,35.099999999999994
NIHNNTQXNPWCJQ-UHFFFAOYSA-N,72.70000000000003
NIIPNAJXERMYOG-UHFFFAOYSA-N,39.97344897062564
NIJJYAXOARWZEE-UHFFFAOYSA-N,74.79999999999998
NILGDLGIGRGWRL-UHFFFAOYSA-N,42.2723629722095
NIONDZDPPYHYKY-UHFFFAOYSA-N,68.54159375197636
NIOYUNMRJMEDGI-UHFFFAOYSA-N,94.0232289687487
NIQCNGHVCWTJSM-UHFFFAOYSA-N,73.03161010909471
NIRKFCNUZOCQAO-UHFFFAOYSA-N,28.912774920855636
NISGSNTVMOOSJQ-UHFFFAOYSA-N,40.2
NIXOWILDQLNWCW-UHFFFAOYSA-N,55.200000000000024
NJCBUSHGCBERSK-UHFFFAOYSA-N,27.1
NJNQUTDUIPVROZ-UHFFFAOYSA-N,54.7
NJVKAQGGBANCKG-UHFFFAOYSA-N,198.71314097739725
NJXXWBJAOFKNIR-UHFFFAOYSA-N,41.23764892492888
NKBWMBRPILTCRD-UHFFFAOYSA-N,72.2385211924204
NKDDWNXOKDWJAK-UHFFFAOYSA-N,29.299999999999997
NKEBKUGEYSHGKA-UHFFFAOYSA-N,31.2
NKGSHSILLGXYDW-UHFFFAOYSA-N,140.24393186284087
NKKMVIVFRUYPLQ-UHFFFAOYSA-N,39.75642135775122
NKMJCVVUYDKHAV-UHFFFAOYSA-N,48.1
NKOUWLLFHNBUDW-UHFFFAOYSA-N,83.4
NKTDTMONXHODTI-UHFFFAOYSA-N,30.478060306614797
NKTOLZVEWDHZMU-UHFFFAOYSA-N,65.4062732865931
NLDGJRWPPOSWLC-UHFFFAOYSA-N,54.15812847356593
NLHHRLWOUZZQLW-UHFFFAOYSA-N,31.59999999999999
NLHRRMKILFRDGV-UHFFFAOYSA-N,79.03798231275954
NLQOEOVORMKOIY-UHFFFAOYSA-N,45.2
NLZUEZXRPGMBCV-UHFFFAOYSA-N,84.98226683354967
NMJJFJNHVMGPGM-UHFFFAOYSA-N,38.55190294055118
NMRPBPVERJPACX-UHFFFAOYSA-N,63.19025214559506
NMSLUAZZTFUUFZ-UHFFFAOYSA-N,56.00000000000001
NMWSKOLWZZWHPL-UHFFFAOYSA-N,74.29999999999998
NNBZCPXTIHJBJL-UHFFFAOYSA-N,42.83879011865869
NNLZQOYNHXZPIM-UHFFFAOYSA-N,42.11994641612041
NNOCKRNSKVCVRC-UHFFFAOYSA-N,76.91282063259246
NNQDMQVWOWCVEM-UHFFFAOYSA-N,37.26302604188184
NNWUEBIEOFQMSS-UHFFFAOYSA-N,43.10522380641078
NNZMLOHQRXHPOZ-UHFFFAOYSA-N,155.53017317270607
NNZVKALEGZPYKL-UHFFFAOYSA-N,23.234352936855032
NOEGNKMFWQHSLB-UHFFFAOYSA-N,83.4
NOJXPGXFDASWEI-UHFFFAOYSA-N,39.29999999999999
NOLAXNLVEYHWHM-UHFFFAOYSA-N,51.7
NOOLISFMXDJSKH-UHFFFAOYSA-N,57.54659440544833
NOPFSRXAKWQILS-UHFFFAOYSA-N,136.3775549801659
NOPZJEGEHWRZSE-UHFFFAOYSA-N,282.631681178492
NOYVOSGVFSEKPR-UHFFFAOYSA-N,52.00000000000001
NPDACUSDTOMAMK-UHFFFAOYSA-N,45.99999999999999
NPDIDUXTRAITDE-UHFFFAOYSA-N,70.0
NPNUFJAVOOONJE-UHFFFAOYSA-N,65.49999999999999
NQAVPKIJZCHUNS-UHFFFAOYSA-N,122.8765800977388
NQBXSWAWVZHKBZ-UHFFFAOYSA-N,59.50000000000001
NQFUSWIGRKFAHK-UHFFFAOYSA-N,53.599999999999994
NQPDZGIKBAWPEJ-UHFFFAOYSA-N,62.377442347418175
NQQMTFKCFYHSBJ-UHFFFAOYSA-N,76.80000000000003
NQRYJNQNLNOLGT-UHFFFAOYSA-N,38.39253461587073
NQXUSSVLFOBRSE-UHFFFAOYSA-N,62.799999999999976
NRGGMCIBEHEAIL-UHFFFAOYSA-N,44.70000000000001
NRGLCEUBQOEDBK-UHFFFAOYSA-N,72.20000000000003
NRHBFNBZAZZTAU-UHFFFAOYSA-N,109.3
NRJUFUBKIFIKFI-UHFFFAOYSA-N,48.1
NRUOAXAWGSOGNL-UHFFFAOYSA-N,63.300000000000026
NRXZYQITMVTQIB-UHFFFAOYSA-N,59.200000000000024
NRZWYNLTFLDQQX-UHFFFAOYSA-N,65.29999999999998
NSISWGKYJIDLAQ-UHFFFAOYSA-N,35.81559670161587
NSSALFVIQPAIQK-UHFFFAOYSA-N,65.62019302905667
NTAIOEZEVLVLLW-UHFFFAOYSA-N,56.900000000000006
NTBYINQTYWZXLH-UHFFFAOYSA-N,65.19999999999999
NTIZESTWPVYFNL-UHFFFAOYSA-N,41.75530972714708
NUBWFSDCZULDCI-UHFFFAOYSA-N,60.20461899365078
NUJGJRNETVAIRJ-UHFFFAOYSA-N,55.2465601831714
NUKZAGXMHTUAFE-UHFFFAOYSA-N,47.947405146551816
NUMQCACRALPSHD-UHFFFAOYSA-N,33.29999999999999
NUPSHWCALHZGOV-UHFFFAOYSA-N,76.00618333128685
NUUUANNAZVEWHM-UHFFFAOYSA-N,56.5
NUVBSKCKDOMJSU-UHFFFAOYSA-N,84.00000000000001
NVAGRWXDIIKUBU-UHFFFAOYSA-N,51.80869253883681
NVAOLENBKNECGF-UHFFFAOYSA-N,60.89999999999999
NVGOATMUHKIQQG-UHFFFAOYSA-N,46.153868367873585
NVJBFARDFTXOTO-UHFFFAOYSA-N,44.5
NVJUHMXYKCUMQA-UHFFFAOYSA-N,32.78530934371898
NVWVWEWVLBKPSM-UHFFFAOYSA-N,58.80000000000002
NWRZTQFWFPLHHX-UHFFFAOYSA-N,36.773171765981054
NWVVVBRKAWDGAB-UHFFFAOYSA-N,73.3862581085734
NWXORMWIWGSYJJ-UHFFFAOYSA-N,26.877948005967163
NWZJLSKAFZXSQH-UHFFFAOYSA-N,38.099999999999994
NXGWCOIWOMWSDT-UHFFFAOYSA-N,46.3
NXXYKOUNUYWIHA-UHFFFAOYSA-N,57.78851012764336
NYEZZYQZRQDLEH-UHFFFAOYSA-N,44.20000000000001
NYPYPOZNGOXYSU-UHFFFAOYSA-N,48.7
NYYLZXREFNYPKB-UHFFFAOYSA-N,55.899999999999984
NYYVCPHBKQYINK-UHFFFAOYSA-N,60.39999999999997
NYZHNJGPFXHHNR-UHFFFAOYSA-N,90.50000000000004
NZGWDASTMWDZIW-UHFFFAOYSA-N,74.5397015554324
NZUQQADVSXWVNW-UHFFFAOYSA-N,38.099999999999994
NZZFYRREKKOMAT-UHFFFAOYSA-N,47.29999999999999
OAEQYDZVVPONKW-UHFFFAOYSA-N,37.29278243333542
OAJNZFCPJVBYHB-UHFFFAOYSA-N,82.69999999999999
OALYTRUKMRCXNH-UHFFFAOYSA-N,70.29999999999998
OAPHLAAOJMTMLY-UHFFFAOYSA-N,54.99531134027257
OAYXUHPQHDHDDZ-UHFFFAOYSA-N,76.11336931273622
OBETXYAYXDNJHR-UHFFFAOYSA-N,73.18066775389809
OBKHYUIZSOIEPG-UHFFFAOYSA-N,36.0
OBNCKNCVKJNDBV-UHFFFAOYSA-N,42.604938583857354
OBYVIBDTOCAXSN-UHFFFAOYSA-N,41.29999999999999
OCHYRSKMMMYUMI-UHFFFAOYSA-N,86.66325611747367
OCJBOOLMMGQPQU-UHFFFAOYSA-N,47.63679089821176
OCKPCBLVNKHBMX-UHFFFAOYSA-N,50.116423630475374
OCOTWWSGPAHHQW-UHFFFAOYSA-N,27.837265580202587
OCWLYWIFNDCWRZ-UHFFFAOYSA-N,40.91968638196955
OCWUCHKZAHTZAB-UHFFFAOYSA-N,299.89999999999986
ODGLTLJZCVNPBU-UHFFFAOYSA-N,41.400000000000006
ODHXBMXNKOYIBV-UHFFFAOYSA-N,90.20000000000002
ODJQFZXHKPCJMD-UHFFFAOYSA-N,53.599999999999994
ODLMAHJVESYWTB-UHFFFAOYSA-N,45.176590815201514
ODSNIGPBQIINLA-UHFFFAOYSA-N,49.2
ODUZJBKKYBQIBX-UHFFFAOYSA-N,47.49999999999999
OEBRKCOSUFCWJD-UHFFFAOYSA-N,68.00000000000001
OEIJHBUUFURJLI-UHFFFAOYSA-N,106.19999999999996
OEYGTUAKNZFCDJ-UHFFFAOYSA-N,48.99999999999999
OFBQJSOFQDEBGM-UHFFFAOYSA-N,26.97308529964832
OFERIJCSHDJMSA-UHFFFAOYSA-N,35.7042239305373
OFHHDSQXFXLTKC-UHFFFAOYSA-N,66.57571621201515
OFHQVNFSKOBBGG-UHFFFAOYSA-N,26.28068382548611
OFIDNKMQBYGNIW-UHFFFAOYSA-N,119.7284725341192
OFQPKKGMNWASPN-UHFFFAOYSA-N,55.200000000000024
OFQRUTMGVBMTFQ-UHFFFAOYSA-N,45.39999999999999
OGAMHWGABJDLOK-UHFFFAOYSA-N,127.80418401114056
OGCGGWYLHSJRFY-UHFFFAOYSA-N,55.46110043257713
OGLDWXZKYODSOB-UHFFFAOYSA-N,47.31127019479778
OGMSGZZPTQNTIK-UHFFFAOYSA-N,49.25072709191915
OGNAOIGAPPSUMG-UHFFFAOYSA-N,27.5
OGRAOKJKVGDSFR-UHFFFAOYSA-N,72.5186775112673
OGSJMFCWOUHXHN-UHFFFAOYSA-N,64.50000000000003
OHBQPCCCRFSCAX-UHFFFAOYSA-N,65.54037699122803
OHEFFKYYKJVVOX-UHFFFAOYSA-N,51.86085830806714
OHIOERKSFVRABL-UHFFFAOYSA-N,178.56833642120938
OHMHBGPWCHTMQE-UHFFFAOYSA-N,26.60000000000001
OHXAOPZTJOUYKM-UHFFFAOYSA-N,33.29999999999999
OHZNMGSGEFVFTI-UHFFFAOYSA-N,46.400000000000006
OIAQMFOKAXHPNH-UHFFFAOYSA-N,84.20000000000003
OIFBSDVPJOWBCH-UHFFFAOYSA-N,42.655186736160545
OILUAKBAMVLXGF-UHFFFAOYSA-N,72.82211075012962
OIMRLHCSLQUXLL-UHFFFAOYSA-N,37.006158164948005
OISVCGZHLKNMSJ-UHFFFAOYSA-N,45.85012008085995
OIZXRZCQJDXPFO-UHFFFAOYSA-N,113.50000000000004
OJBGGLLCYJYHPG-UHFFFAOYSA-N,31.60921291476801
OJDKRASKNKPYDH-UHFFFAOYSA-N,47.29999999999999
OJGMBLNIHDZDGS-UHFFFAOYSA-N,58.3
OJHQXSRIBZMCSR-UHFFFAOYSA-N,53.2
OJOWICOBYCXEKR-UHFFFAOYSA-N,44.3
OKBPQVXEXVYBGB-UHFFFAOYSA-N,103.0
OKCRKWVABWILDR-UHFFFAOYSA-N,43.2934501973034
OKDGRDCXVWSXDC-UHFFFAOYSA-N,48.60000000000001
OKJADYKTJJGKDX-UHFFFAOYSA-N,52.06809409311465
OKJPEAGHQZHRQV-UHFFFAOYSA-N,231.5406939353654
OKKJLVBELUTLKV-UHFFFAOYSA-N,37.86502206195756
OKRJGUKZYSEUOY-UHFFFAOYSA-N,42.099999999999994
OKVWYBALHQFVFP-UHFFFAOYSA-N,36.973055996734054
OLBCVFGFOZPWHH-UHFFFAOYSA-N,68.7
OLGHJTHQWQKJQQ-UHFFFAOYSA-N,38.5
OMQRHANPZIOLFM-UHFFFAOYSA-N,145.50402128994784
OMSUIQOIVADKIM-UHFFFAOYSA-N,55.899999999999984
ONJROLGQWMBXAP-UHFFFAOYSA-N,56.85423714685663
ONKUXPIBXRRIDU-UHFFFAOYSA-N,72.8805927002033
OOCCDEMITAIZTP-UHFFFAOYSA-N,59.25587049681921
OOLOYCGJRJFTPM-UHFFFAOYSA-N,40.82913933676249
OORIYKITSHAVJG-UHFFFAOYSA-N,54.7
OOWNNCMFKFBNOF-UHFFFAOYSA-N,62.49999999999999
OPASCBHCTNRLRM-UHFFFAOYSA-N,76.80000000000003
OPCJOXGBLDJWRM-UHFFFAOYSA-N,43.6
OPCRGEVPIBLWAY-UHFFFAOYSA-N,53.39039495844828
OPGVCEGMOFKBOL-UHFFFAOYSA-N,44.33586566961704
OPJJZAOJBTWQCY-UHFFFAOYSA-N,160.58689928726216
OPKOKAMJFNKNAS-UHFFFAOYSA-N,57.600000000000016
OPLCSTZDXXUYDU-UHFFFAOYSA-N,68.39999999999999
OPLWDQVQIWKMSG-UHFFFAOYSA-N,39.85105805258022
OPMUAJRVOWSBTP-UHFFFAOYSA-N,37.9634178676752
OPRWEYHEIDHWGM-UHFFFAOYSA-N,271.0000000000001
OQAGVSWESNCJJT-UHFFFAOYSA-N,40.93286596052184
OQEVAISXHCRQGF-UHFFFAOYSA-N,36.50656225954849
OQGSHLFKXYVLRR-UHFFFAOYSA-N,89.20000000000002
OQPNDCHKFIHPBY-UHFFFAOYSA-N,43.074834392547494
OQURWGJAWSLGQG-UHFFFAOYSA-N,35.25394144477992
OQYNFBPKTVQOKO-UHFFFAOYSA-N,57.7
ORAQCSKNITWHDW-UHFFFAOYSA-N,45.575066440027605
ORILYTVJVMAKLC-UHFFFAOYSA-N,42.5865108274016
OSDWBNJEKMUWAV-UHFFFAOYSA-N,29.89999999999999
OSEGNECCBMDWRB-UHFFFAOYSA-N,37.53877695786427
OSKIMJMPFNLVOU-UHFFFAOYSA-N,46.9
OSMAJVWUIUORGC-UHFFFAOYSA-N,67.13195740124203
OSUSHJKMXVMILZ-UHFFFAOYSA-N,44.93860074646434
OSWPMRLSEDHDFF-UHFFFAOYSA-N,83.68528229190991
OTJWLIMIKGBSSN-UHFFFAOYSA-N,89.9067008089354
OTJZCIYGRUNXTP-UHFFFAOYSA-N,51.7
OTKQNSSMCDLVQV-UHFFFAOYSA-N,52.85713760354341
OTQVGYMGQKHLMY-UHFFFAOYSA-N,45.099999999999994
OTTZHAVKAVGASB-UHFFFAOYSA-N,36.426323515105686
OUDFNZMQXZILJD-UHFFFAOYSA-N,59.39999999999999
OUGPMNMLWKSBRI-UHFFFAOYSA-N,49.00335843654479
OUKQTRFCDKSEPL-UHFFFAOYSA-N,55.8
OUQPLRDJDIOBOU-UHFFFAOYSA-N,54.000000000000014
OUWSNHWQZPEFEX-UHFFFAOYSA-N,67.60000000000002
OUYCCOBIJYUMAK-UHFFFAOYSA-N,78.64897073605572
OVBFMEVBMNZIBR-UHFFFAOYSA-N,64.9789356616098
OVBJYGLPPVUWAV-UHFFFAOYSA-N,69.00000000000003
OVINWRTYCHUVDD-UHFFFAOYSA-N,379.60000000000014
OVISMSJCKCDOPU-UHFFFAOYSA-N,56.3
OVZATIUQXBLIQT-UHFFFAOYSA-N,35.0
OWBTYPJTUOEWEK-UHFFFAOYSA-N,62.81859149189332
OWFKEHICSVOVAC-UHFFFAOYSA-N,43.50000000000001
OWOSSTCHCATHMM-UHFFFAOYSA-N,83.79999999999998
OWRKXOZFTROHSH-UHFFFAOYSA-N,54.969992244059185
OWVUFBAJXKEVBE-UHFFFAOYSA-N,47.919810476522045
OWWIWYDDISJUMY-UHFFFAOYSA-N,29.03667685464385
OWWRMMIWAOBBFK-UHFFFAOYSA-N,37.70054713544258
OXBLVCZKDOZZOJ-UHFFFAOYSA-N,37.7
OXBMFCGRQJNAOY-UHFFFAOYSA-N,88.49999999999999
OXHNLMTVIGZXSG-UHFFFAOYSA-N,39.8990667408509
OXQGTIUCKGYOAA-UHFFFAOYSA-N,64.86737601193842
OXQHQHZMHCGTFY-UHFFFAOYSA-N,46.7
OXQMIXBVXHWDPX-UHFFFAOYSA-N,34.79999999999999
OXQOBQJCDNLAPO-UHFFFAOYSA-N,52.60000000000001
OXRWICUICBZVAE-UHFFFAOYSA-N,30.989427184870006
OYHQOLUKZRVURQ-UHFFFAOYSA-N,123.693231166964
OYLCUJRJCUXQBQ-UHFFFAOYSA-N,44.663481402487065
OYQDUCLFZSKBCZ-UHFFFAOYSA-N,42.7518321854435
OYYXZGFIZTYYRB-UHFFFAOYSA-N,149.991867231522
OZAGLZYGLSIUTG-UHFFFAOYSA-N,44.29545831840189
OZJPLYNZGCXSJM-UHFFFAOYSA-N,96.8996372574624
OZKOMUDCMCEDTM-UHFFFAOYSA-N,79.39999999999999
OZNLYXKOYORFRP-UHFFFAOYSA-N,34.96103026888155
PAAZPARNPHGIKF-UHFFFAOYSA-N,41.89999999999999
PAFZNILMFXTMIY-UHFFFAOYSA-N,43.29999999999999
PAKGDPSCXSUALC-UHFFFAOYSA-N,28.116320218614874
PAMIQIKDUOTOBW-UHFFFAOYSA-N,36.5
PANBRUWVURLWGY-UHFFFAOYSA-N,66.79184310489973
PANSPXWYXYRKGU-UHFFFAOYSA-N,153.04895183610347
PAPBSGBWRJIAAV-UHFFFAOYSA-N,61.29999999999998
PAWGRNGPMLVJQH-UHFFFAOYSA-N,85.30895288894425
PAYRUJLWNCNPSJ-UHFFFAOYSA-N,57.291280084932254
PBGWNXWNCSSXCO-UHFFFAOYSA-N,84.31413594289123
PBIJFSCPEFQXBB-UHFFFAOYSA-N,25.1
PBKONEOXTCPAFI-UHFFFAOYSA-N,56.6
PBLNBZIONSLZBU-UHFFFAOYSA-N,74.79999999999998
PBMFSQRYOILNGV-UHFFFAOYSA-N,53.69999999999998
PBWHJRFXUPLZDS-UHFFFAOYSA-N,53.73797020023981
PCFUWBOSXMKGIP-UHFFFAOYSA-N,69.89999999999998
PCNDJXKNXGMECE-UHFFFAOYSA-N,76.60000000000001
PCPYTNCQOSFKGG-UHFFFAOYSA-N,31.29505637933624
PCTCNWZFDASPLA-UHFFFAOYSA-N,42.49999999999999
PCTQNZRJAGLDPD-UHFFFAOYSA-N,35.900000000000006
PCWGTDULNUVNBN-UHFFFAOYSA-N,67.7549585564967
PCXBFHDXBBPBQX-UHFFFAOYSA-N,81.00000000000001
PDKAXHLOFWCWIH-UHFFFAOYSA-N,47.24919244001233
PDUSWJORWQPNRP-UHFFFAOYSA-N,66.39999999999998
PEDCQBHIVMGVHV-UHFFFAOYSA-N,202.1683020883578
PEGQMHNLNMIEQD-UHFFFAOYSA-N,36.01862388280882
PEPIOVUNFZBCIB-UHFFFAOYSA-N,89.60000000000001
PERIHWAPLOBAJM-UHFFFAOYSA-N,73.8195189974058
PFCHFHIRKBAQGU-UHFFFAOYSA-N,42.44817074676359
PFEOZHBOMNWTJB-UHFFFAOYSA-N,30.251858543894244
PFFITEZSYJIHHR-UHFFFAOYSA-N,93.19480756156317
PFHGNIMWELIXGP-UHFFFAOYSA-N,52.7
PFLUOWJPZLHUEA-UHFFFAOYSA-N,252.50000000000009
PFNHSEQQEPMLNI-UHFFFAOYSA-N,55.81285353340286
PFUCYPWYKAHXIR-UHFFFAOYSA-N,30.28489277795598
PGBFYLVIMDQYMS-UHFFFAOYSA-N,57.600000000000016
PGMYKACGEOXYJE-UHFFFAOYSA-N,47.80301264666329
PGPFRBIKUWKSTJ-UHFFFAOYSA-N,31.699999999999996
PGQTYXFMSZUGOW-UHFFFAOYSA-N,60.60000000000002
PGZWQYVRUOIRTH-UHFFFAOYSA-N,64.50000000000003
PHHHEKOJKDYRIN-UHFFFAOYSA-N,38.9
PHICBFWUYUCFKS-UHFFFAOYSA-N,44.5
PHTQWCKDNZKARW-UHFFFAOYSA-N,59.804417181984554
PIICEJLVQHRZGT-UHFFFAOYSA-N,46.400000000000006
PIIZYNQECPTVEO-UHFFFAOYSA-N,85.80000000000001
PIUJWWBOMGMSAY-UHFFFAOYSA-N,33.09432440782064
PIWKPBJCKXDKJR-UHFFFAOYSA-N,31.89999999999999
PIYDVAYKYBWPPY-UHFFFAOYSA-N,114.38675509430476
PIYNUZCGMLCXKJ-UHFFFAOYSA-N,74.49999999999999
PJANXHGTPQOBST-UHFFFAOYSA-N,79.22056594074444
PJFHXBBYLAVSLJ-UHFFFAOYSA-N,42.9
PJGSXYOJTGTZAV-UHFFFAOYSA-N,38.9
PJIFKODHGMUPFH-UHFFFAOYSA-N,46.9
PJLHTVIBELQURV-UHFFFAOYSA-N,76.635136572641
PJLJQAWUAPNCJC-UHFFFAOYSA-N,106.6627489058207
PJPNYZCIGFQVQG-UHFFFAOYSA-N,61.4
PJZVBCPDYSZAJU-UHFFFAOYSA-N,52.3
PKAHQJNJPDVTDP-UHFFFAOYSA-N,42.0
PKBSGDQYUYBUDY-UHFFFAOYSA-N,197.5443039498734
PKCBOINYQMFSKI-UHFFFAOYSA-N,111.6810665128662
PKMWMAMVKCMWQG-UHFFFAOYSA-N,144.79709785699032
PKPPDYGHKDIKBH-UHFFFAOYSA-N,74.45119289997032
PKVDGQHNRICJLA-UHFFFAOYSA-N,38.5
PKVRTDNAPQGMGP-UHFFFAOYSA-N,33.08638625749258
PKXHXOTZMFCXSH-UHFFFAOYSA-N,27.307214187089563
PLAZTCDQAHEYBI-UHFFFAOYSA-N,59.39999999999999
PLAZXGNBGZYJSA-UHFFFAOYSA-N,82.10000000000001
PLDWAJLZAAHOGG-UHFFFAOYSA-N,58.000000000000014
PLHJCCHSCFNKCC-UHFFFAOYSA-N,30.60657249377204
PLHQSNSLBKPCTC-UHFFFAOYSA-N,41.18113451074239
PLKSMSKTENNPEJ-UHFFFAOYSA-N,49.1
PLSMHHUFDLYURK-UHFFFAOYSA-N,42.0288332764762
PLTIOZOVDUUXDQ-UHFFFAOYSA-N,34.099999999999994
PLWOFDYJSDGEAT-UHFFFAOYSA-N,59.3
PLZDDPSCZHRBOY-UHFFFAOYSA-N,48.22451136470663
PLZZPPHAMDJOSR-UHFFFAOYSA-N,60.00000000000001
PMBXCGGQNSVESQ-UHFFFAOYSA-N,44.79999999999999
PMDCZENCAXMSOU-UHFFFAOYSA-N,64.89999999999998
PMJHHCWVYXUKFD-UHFFFAOYSA-N,27.62890085617646
PMPISKBGRHSPEE-UHFFFAOYSA-N,37.88778806277893
PMPVIKIVABFJJI-UHFFFAOYSA-N,25.14199314908103
PMSVVUSIPKHUMT-UHFFFAOYSA-N,58.7
PMWXWKDBEBCEDB-UHFFFAOYSA-N,179.47540907493342
PNPCRKVUWYDDST-UHFFFAOYSA-N,60.7
PNXMTCDJUBJHQJ-UHFFFAOYSA-N,42.18562430910585
PNYSRXNTUVFUNI-UHFFFAOYSA-N,160.30450708992632
POAOYUHQDCAZBD-UHFFFAOYSA-N,55.02904507726786
PODAMDNJNMAKAZ-UHFFFAOYSA-N,29.5
POLCUAVZOMRGSN-UHFFFAOYSA-N,35.7
POOSGDOYLQNASK-UHFFFAOYSA-N,133.7495299319616
POOXAYBPGIHSME-UHFFFAOYSA-N,64.89999999999998
POPNTVRHTZDEBW-UHFFFAOYSA-N,83.39983429287307
POQLVOYRGNFGRM-UHFFFAOYSA-N,85.35835674837068
PORFVJURJXKREL-UHFFFAOYSA-N,31.976341829244312
POSWICCRDBKBMH-UHFFFAOYSA-N,51.85144620643181
POULHZVOKOAJMA-UHFFFAOYSA-N,128.86049739800626
POZGETMIPGBFGQ-UHFFFAOYSA-N,53.3
PPBRXRYQALVLMV-UHFFFAOYSA-N,43.73376850683951
PPBWEVVDSRKEIK-UHFFFAOYSA-N,34.88553197597118
PPKPKFIWDXDAGC-UHFFFAOYSA-N,32.67969203243244
PPLBPDUKNRCHGG-UHFFFAOYSA-N,43.99999999999999
PPNRRQMJESAXGJ-UHFFFAOYSA-N,108.70000000000005
PPWNCLVNXGCGAF-UHFFFAOYSA-N,27.35208456801923
PPXUHEORWJQRHJ-UHFFFAOYSA-N,42.315591524222306
PQBOTZNYFQWRHU-UHFFFAOYSA-N,40.2
PQCYCHFQWMNQRJ-UHFFFAOYSA-N,68.85155078626696
PQFDTFCJPIHTNA-UHFFFAOYSA-N,88.69999999999997
PQHZWWBJPCNNGI-UHFFFAOYSA-N,91.6
PQJUJGAVDBINPI-UHFFFAOYSA-N,77.8
PQLMXFQTAMDXIZ-UHFFFAOYSA-N,55.029930533193216
PQNFLJBBNBOBRQ-UHFFFAOYSA-N,48.99999999999999
PQTHXJVFTDWEEE-UHFFFAOYSA-N,46.24985915592493
PQXAPVOKLYINEI-UHFFFAOYSA-N,39.29999999999999
PRAKJMSDJKAYCZ-UHFFFAOYSA-N,196.19864234449864
PRNCMAKCNVRZFX-UHFFFAOYSA-N,70.57580040239152
PSABUFWDVWCFDP-UHFFFAOYSA-N,41.51050147612804
PSBKJPTZCVYXSD-UHFFFAOYSA-N,49.49857024440347
PSEMXLIZFGUOGC-UHFFFAOYSA-N,61.19999999999998
PSFVHQPJROETNH-UHFFFAOYSA-N,75.5146348607892
PSHKMPUSSFXUIA-UHFFFAOYSA-N,54.59999999999998
PSJKAILWKIKKNU-UHFFFAOYSA-N,48.500000000000014
PSPNTGGVAYLSJO-UHFFFAOYSA-N,325.123980174893
PSQZJKGXDGNDFP-UHFFFAOYSA-N,42.9
PSSHQAXMSKKIBE-UHFFFAOYSA-N,29.461682753232772
PSVQKOKKLWHNRP-UHFFFAOYSA-N,44.5
PSXNDMJWRZYVTM-UHFFFAOYSA-N,69.9079473885866
PTHDBHDZSMGHKF-UHFFFAOYSA-N,75.2
PTNKBMIGCUULJJ-UHFFFAOYSA-N,79.27026889361979
PTTPXKJBFFKCEK-UHFFFAOYSA-N,51.00000000000001
PUCHCUYBORIUSM-UHFFFAOYSA-N,47.6161381680269
PUCQHFICPFUPKW-UHFFFAOYSA-N,91.95748968511376
PUFSJRPTJJPPJP-UHFFFAOYSA-N,17.744249699056798
PUPZLCDOIYMWBV-UHFFFAOYSA-N,77.89853900772219
PVEOYINWKBTPIZ-UHFFFAOYSA-M,33.44491184990713
PVNIQBQSYATKKL-UHFFFAOYSA-N,217.1
PVQAQPUODMPGGG-UHFFFAOYSA-N,233.30000000000007
PVWOIHVRPOBWPI-UHFFFAOYSA-N,36.29999999999999
PWATWSYOIIXYMA-UHFFFAOYSA-N,54.68739540298343
PWGJDPKCLMLPJW-UHFFFAOYSA-N,71.69999999999997
PWKJMPFEQOHBAC-UHFFFAOYSA-N,78.76612779994618
PWKNBLFSJAVFAB-UHFFFAOYSA-N,59.50000000000001
PWLNAUNEAKQYLH-UHFFFAOYSA-N,77.76173355018469
PWMJXZJISGDARB-UHFFFAOYSA-N,26.0
PWRBCZZQRRPXAB-UHFFFAOYSA-N,45.7
PWSKHLMYTZNYKO-UHFFFAOYSA-N,67.10000000000002
PXBBIWXBQWNYNG-UHFFFAOYSA-N,30.30531527364642
PXBRQCKWGAHEHS-UHFFFAOYSA-N,20.068034030058612
PXEZIKSRSYGOED-UHFFFAOYSA-N,187.5
PXHNHTBJHHSVPT-UHFFFAOYSA-N,43.50000000000001
PXRBWNLUQYZAAX-UHFFFAOYSA-N,70.70000000000003
PXWYZLWEKCMTEZ-UHFFFAOYSA-N,63.80897209582368
PYGXAGIECVVIOZ-UHFFFAOYSA-N,91.8
PYLWMHQQBFSUBP-UHFFFAOYSA-N,34.28768699747475
PYOKUURKVVELLB-UHFFFAOYSA-N,38.099999999999994
PYSGFFTXMUWEOT-UHFFFAOYSA-N,56.999999999999986
PZFYOFFTIYJCEW-UHFFFAOYSA-N,181.21685039814577
PZGMUSDNQDCNAG-UHFFFAOYSA-N,68.5569833044595
PZHIWRCQKBBTOW-UHFFFAOYSA-N,39.031045848119554
PZJLFHDNXGAZHU-UHFFFAOYSA-N,107.89999999999998
PZKFYTOLVRCMOA-UHFFFAOYSA-N,46.0634230938817
PZVPOYBHOPRJNP-UHFFFAOYSA-N,44.22874352741769
QABLOFMHHSOFRJ-UHFFFAOYSA-N,46.7
QACXEXNKLFWKLK-UHFFFAOYSA-N,46.9
QAEDZJGFFMLHHQ-UHFFFAOYSA-N,33.670251770184194
QALGVLROELGEEM-UHFFFAOYSA-N,45.2
QAMFBRUWYYMMGJ-UHFFFAOYSA-N,30.6
QAOWNCQODCNURD-UHFFFAOYSA-N,87.74433337665404
QARVLSVVCXYDNA-UHFFFAOYSA-N,44.70000000000001
QAXAHXNXXIWQIZ-UHFFFAOYSA-N,47.29999999999999
QBBKKFZGCDJDQK-UHFFFAOYSA-N,42.20000000000001
QBGVARBIQGHVKR-UHFFFAOYSA-N,42.20000000000001
QCCDLTOVEPVEJK-UHFFFAOYSA-N,54.899999999999984
QCDWFXQBSFUVSP-UHFFFAOYSA-N,74.40079035374646
QCOGKXLOEWLIDC-UHFFFAOYSA-N,38.099999999999994
QCQALVMFTWRCFI-UHFFFAOYSA-N,44.5
QCRFMSUKWRQZEM-UHFFFAOYSA-N,66.1
QCWXDVFBZVHKLV-UHFFFAOYSA-N,52.63197370750792
QCYFOZWGXKXDJA-UHFFFAOYSA-N,53.2
QDJDUXFLHIPMOX-UHFFFAOYSA-N,36.822404352285176
QDMFTFWKTYXBIW-UHFFFAOYSA-N,38.17256822460488
QDMGKUOANLJICG-UHFFFAOYSA-N,58.12991499954104
QDTDKYHPHANITQ-UHFFFAOYSA-N,76.53121918573159
QEGNUYASOUJEHD-UHFFFAOYSA-N,37.76832647975324
QEKCBKVWQYEUGY-UHFFFAOYSA-N,78.45457806755704
QEKKDSRVFBLJFX-UHFFFAOYSA-N,156.2316722214871
QELSKZZBTMNZEB-UHFFFAOYSA-N,89.50000000000003
QEMJIDSLEPYRLM-UHFFFAOYSA-N,39.21780530478005
QENGPZGAWFQWCZ-UHFFFAOYSA-N,38.62546924496857
QEQOTIFAPIDGFL-UHFFFAOYSA-N,315.4000000000001
QFOHBWFCKVYLES-UHFFFAOYSA-N,95.80000000000004
QFPVVMKZTVQDTL-UHFFFAOYSA-N,87.99999999999999
QGBRLVONZXHAKJ-UHFFFAOYSA-N,172.9874233219384
QGCCTZALDPXCGS-UHFFFAOYSA-N,35.2836998861163
QGFSQVPRCWJZQK-UHFFFAOYSA-N,75.00335071311525
QGJOPFRUJISHPQ-UHFFFAOYSA-N,27.6
QGRPVMLBTFGQDQ-UHFFFAOYSA-N,55.00000000000002
QGUDMPDYXLMJNK-UHFFFAOYSA-N,69.82670784731152
QGVJAWWHMRGCSA-UHFFFAOYSA-N,140.39637968759297
QHCCDDQKNUYGNC-UHFFFAOYSA-N,40.79999999999999
QHJABUZHRJTCAR-UHFFFAOYSA-N,50.9
QHJMFSMPSZREIF-UHFFFAOYSA-N,58.17942411970302
QHLDBFLIDFTHQI-UHFFFAOYSA-N,45.2
QHMGJGNTMQDRQA-UHFFFAOYSA-N,183.00877533422107
QHPQWRBYOIRBIT-UHFFFAOYSA-N,67.89999999999999
QHTJSSMHBLGUHV-UHFFFAOYSA-N,52.3
QHWAQXOSHHKCFK-UHFFFAOYSA-N,60.051966511400025
QIGBRXMKCJKVMJ-UHFFFAOYSA-N,87.54173980031683
QIIAONVJAUZQQR-UHFFFAOYSA-N,34.063171318053634
QILSFLSDHQAZET-UHFFFAOYSA-N,82.99999999999999
QIMMUPPBPVKWKM-UHFFFAOYSA-N,63.82990157761358
QIQXTHQIDYTFRH-UHFFFAOYSA-N,137.44886930549407
QIROQPWSJUXOJC-UHFFFAOYSA-N,34.9
QIRVGKYPAOQVNP-UHFFFAOYSA-N,28.4
QIUCYKBVFAPWRR-UHFFFAOYSA-N,39.70920219764346
QJAVUVZBMMXBRO-UHFFFAOYSA-N,91.50000000000004
QJHDFBAAFGELLO-UHFFFAOYSA-N,48.60252987550667
QJPJQTDYNZXKQF-UHFFFAOYSA-N,54.499999999999986
QJQAMHYHNCADNR-UHFFFAOYSA-N,66.79999999999997
QKMRRDLAGLRWIV-UHFFFAOYSA-N,39.53324905129014
QKPVEISEHYYHRH-UHFFFAOYSA-N,41.7
QKYWADPCTHTJHQ-UHFFFAOYSA-N,35.47188293857225
QLCJOAMJPCOIDI-UHFFFAOYSA-N,48.1
QLVWOKQMDLQXNN-UHFFFAOYSA-N,62.89999999999997
QLWJHYYRERTPQW-UHFFFAOYSA-N,196.6907511257913
QLWNBLGQVMVTEI-UHFFFAOYSA-N,67.18176664516466
QMHIMXFNBOYPND-UHFFFAOYSA-N,43.8
QMMFVYPAHWMCMS-UHFFFAOYSA-N,28.00947280263873
QMMOXUPEWRXHJS-UHFFFAOYSA-N,26.634841798670337
QMUKHHNFJVHXQY-UHFFFAOYSA-N,100.99999999999996
QMVPMAAFGQKVCJ-UHFFFAOYSA-N,62.32229064828855
QNLZIZAQLLYXTC-UHFFFAOYSA-N,77.06985201296398
QNRMTGGDHLBXQZ-UHFFFAOYSA-N,23.9
QNVRIHYSUZMSGM-UHFFFAOYSA-N,55.90044005231033
QOHMWDJIBGVPIF-UHFFFAOYSA-N,51.6
QOPYYRPCXHTOQZ-UHFFFAOYSA-N,68.91976593475144
QPFMBZIOSGYJDE-UHFFFAOYSA-N,45.8
QPJDMGCKMHUXFD-UHFFFAOYSA-N,28.71594113781716
QPJVMBTYPHYUOC-UHFFFAOYSA-N,54.58785985671184
QPRQEDXDYOZYLA-UHFFFAOYSA-N,62.74907900299345
QPUYECUOLPXSFR-UHFFFAOYSA-N,58.94985069251284
QPXZZPSKCVNHFW-UHFFFAOYSA-N,53.8
QQCWGAMGBCGAQJ-UHFFFAOYSA-N,48.1
QQFGAXUIQVKBKU-UHFFFAOYSA-N,89.60000000000001
QQKDTTWZXHEGAQ-UHFFFAOYSA-N,40.70000000000001
QQLIGMASAVJVON-UHFFFAOYSA-N,64.03181843563182
QQRDWBBZZJLZBQ-UHFFFAOYSA-N,58.899999999999984
QQZOPKMRPOGIEB-UHFFFAOYSA-N,42.596870862598195
QRMHDGWGLNLHMN-UHFFFAOYSA-N,39.29999999999999
QRMPKOFEUHIBNM-UHFFFAOYSA-N,39.0
QRVSDVDFJFKYKA-UHFFFAOYSA-N,63.90000000000001
QSBYPNXLFMSGKH-UHFFFAOYSA-N,128.21019339610766
QSDSENYLXAFOHY-UHFFFAOYSA-N,134.06166254847523
QSJXEFYPDANLFS-UHFFFAOYSA-N,37.588910114979925
QSNMFWFDOFQASV-UHFFFAOYSA-N,60.29840942279548
QSNSCYSYFYORTR-UHFFFAOYSA-N,57.299999999999976
QSQLTHHMFHEFIY-UHFFFAOYSA-N,259.92058676688305
QSSJZLPUHJDYKF-UHFFFAOYSA-N,59.8
QSUANHXENVRFDN-UHFFFAOYSA-N,61.799999999999976
QSVAYRBPFFOQMK-UHFFFAOYSA-N,74.29999999999998
QSZKEDWVAOAFQY-UHFFFAOYSA-N,108.39999999999998
QTAHPJXZROQDCU-UHFFFAOYSA-N,65.29999999999998
QTBFPMKWQKYFLR-UHFFFAOYSA-N,31.925183428552533
QTBSBXVTEAMEQO-UHFFFAOYSA-N,51.08603466936937
QTDJUGJAGNDLKQ-UHFFFAOYSA-N,183.79999999999995
QTWKINKGAHTPFJ-UHFFFAOYSA-N,56.91720735152352
QUBBAXISAHIDNM-UHFFFAOYSA-N,53.34520949902579
QUEBYVKXYIKVSO-UHFFFAOYSA-N,52.10000000000001
QUGUFLJIAFISSW-UHFFFAOYSA-N,35.800000000000004
QUKGYYKBILRGFE-UHFFFAOYSA-N,53.85687336806952
QUKOJKFJIHSBKV-UHFFFAOYSA-N,41.2
QUSTYFNPKBDELJ-UHFFFAOYSA-N,38.92678922729409
QVLAWKAXOMEXPM-UHFFFAOYSA-N,41.099999999999994
QVXFGVVYTKZLJN-UHFFFAOYSA-N,97.80000000000004
QWBBPBRQALCEIZ-UHFFFAOYSA-N,63.796387913871285
QWDCYFDDFPWISL-UHFFFAOYSA-N,121.00000000000004
QWGRWMMWNDWRQN-UHFFFAOYSA-N,72.49999999999997
QWHNJUXXYKPLQM-UHFFFAOYSA-N,33.900000000000006
QWTDNUCVQCZILF-UHFFFAOYSA-N,24.899999999999995
QWVGKYWNOKOFNN-UHFFFAOYSA-N,65.41847213039408
QWXOKLBTBADFAI-UHFFFAOYSA-N,48.30789936424456
QXYAJPQXTGQWRU-UHFFFAOYSA-N,99.59877661962004
QYDYPVFESGNLHU-UHFFFAOYSA-N,103.37620103814328
QYOXLKAKUAASNA-UHFFFAOYSA-N,149.14488591830968
QYQQTZFOFMPYCA-UHFFFAOYSA-N,41.478591738210675
QYYQTLLGVAPKPN-UHFFFAOYSA-N,38.5
QYZLKGVUSQXAMU-UHFFFAOYSA-N,25.164210799601083
QZESEQBMSFFHRY-UHFFFAOYSA-N,51.004584099351256
QZFSNJAQFWEXEA-UHFFFAOYSA-N,76.30885992005564
QZUXMXZNVAJNSE-UHFFFAOYSA-N,56.900000000000006
QZVHYFUVMQIGGM-UHFFFAOYSA-N,56.40000000000001
QZVQQUVWFIZUBQ-UHFFFAOYSA-N,54.7
QZYNWJQFTJXIRN-UHFFFAOYSA-N,60.7
QZZGJDVWLFXDLK-UHFFFAOYSA-N,315.4073130370961
RAASUWZPTOJQAY-UHFFFAOYSA-N,132.30000000000004
RAFIXHZWWVZVSK-UHFFFAOYSA-N,65.99999999999997
RAHZWNYVWXNFOC-UHFFFAOYSA-N,24.716823081550793
RANCECPPZPIPNO-UHFFFAOYSA-N,56.7
RAOIDOHSFRTOEL-UHFFFAOYSA-N,39.0
RAXXELZNTBOGNW-UHFFFAOYSA-N,71.3
RBACIKXCRWGCBB-UHFFFAOYSA-N,26.21253600306542
RBBNTRDPSVZESY-UHFFFAOYSA-N,73.10000000000002
RBIGKSZIQCTIJF-UHFFFAOYSA-N,52.60000000000001
RCBGGJURENJHKV-UHFFFAOYSA-N,39.29999999999999
RCBKHVTUYAGMLB-UHFFFAOYSA-N,12.470092168227822
RCIBIGQXGCBBCT-UHFFFAOYSA-N,46.2
RCJMVGJKROQDCB-UHFFFAOYSA-N,32.45886055062132
RCSBILYQLVXLJG-UHFFFAOYSA-N,57.38126194314407
RDOXTESZEPMUJZ-UHFFFAOYSA-N,43.608462714140025
REAAUFDFYPKMIR-UHFFFAOYSA-N,95.3
RECUKUPTGUEGMW-UHFFFAOYSA-N,73.0248650912676
REIUXOLGHVXAEO-UHFFFAOYSA-N,109.59503399366068
RELMFMZEBKVZJC-UHFFFAOYSA-N,57.20000000000001
RFDUMBPGZUIKOG-UHFFFAOYSA-N,63.31966314154875
RFFFKMOABOFIDF-UHFFFAOYSA-N,43.6349638141249
RFFLAFLAYFXFSW-UHFFFAOYSA-N,49.8
RFKMCNOHBTXSMU-UHFFFAOYSA-N,40.29999999999999
RFNYELHDUBVQMR-UHFFFAOYSA-N,150.7641409250293
RFXBSYPBSRSQDU-UHFFFAOYSA-N,62.63443522124387
RGACQXBDYBCJCY-UHFFFAOYSA-N,68.51210435003007
RGCZULIFYUPTAR-UHFFFAOYSA-N,59.8
RGFNRWTWDWVHDD-UHFFFAOYSA-N,49.56507050626823
RGHHSNMVTDWUBI-UHFFFAOYSA-N,79.50002037767246
RGHPCLZJAFCTIK-UHFFFAOYSA-N,33.83404764627489
RGSFGYAAUTVSQA-UHFFFAOYSA-N,28.789724109176618
RGUGZPYYMOAJLO-UHFFFAOYSA-N,50.10000000000001
RGXWDWUGBIJHDO-UHFFFAOYSA-N,69.79370889473424
RGYAVZGBAJFMIZ-UHFFFAOYSA-N,39.70000000000001
RGZHHTKDHXSAQQ-UHFFFAOYSA-N,32.624446719211285
RHCCUQVVABYRDN-UHFFFAOYSA-N,42.9
RHLVCLIPMVJYKS-UHFFFAOYSA-N,52.80549601563354
RHMRCCBCYFAZIK-UHFFFAOYSA-N,46.9
RHSLWHLBYFOBAF-UHFFFAOYSA-N,45.49999999999999
RHVMNRHQWXIJIS-UHFFFAOYSA-N,110.8813469223146
RIFGWPKJUGCATF-UHFFFAOYSA-N,37.8
RIGMRFDIWRRSMS-UHFFFAOYSA-N,39.73852054418291
RIHYOLCRHKZJPJ-UHFFFAOYSA-N,33.01769748703628
RIQRGMUSBYGDBL-UHFFFAOYSA-N,37.66889733698834
RIRARCHMRDHZAR-UHFFFAOYSA-N,34.984937881721805
RITONZMLZWYPHW-UHFFFAOYSA-N,34.3
RIVIDPPYRINTTH-UHFFFAOYSA-N,33.099999999999994
RIWRBSMFKVOJMN-UHFFFAOYSA-N,59.07000470929365
RJUFJBKOKNCXHH-UHFFFAOYSA-N,34.97817272941802
RJXOVESYJFXCGI-UHFFFAOYSA-N,58.50000000000001
RKAMCQVGHFRILV-UHFFFAOYSA-N,55.899999999999984
RKIMETXDACNTIE-UHFFFAOYSA-N,36.0
RKMGAJGJIURJSJ-UHFFFAOYSA-N,44.5
RKSOPLXZQNSWAS-UHFFFAOYSA-N,31.02958404343281
RKSXBPZEKYUCII-UHFFFAOYSA-N,67.70000000000003
RKYMVQJWYYOIJB-UHFFFAOYSA-N,122.48737575402345
RKZDZWJDQTZDLD-UHFFFAOYSA-N,83.4
RLCKHJSFHOZMDR-UHFFFAOYSA-N,155.70758769659827
RLPGDEORIPLBNF-UHFFFAOYSA-N,37.7
RLSSMJSEOOYNOY-UHFFFAOYSA-N,64.06351769941662
RLVGHTRVYWUWSH-UHFFFAOYSA-N,55.100000000000016
RMGHERXMTMUMMV-UHFFFAOYSA-N,26.4
RMHQDKYZXJVCME-UHFFFAOYSA-N,70.9
RMISVOPUIFJTEO-UHFFFAOYSA-N,39.458203640499384
RMOUBSOVHSONPZ-UHFFFAOYSA-N,35.74622810019607
RMQHJMMCLSJULX-UHFFFAOYSA-N,45.2
RMVRSNDYEFQCLF-UHFFFAOYSA-N,47.49999999999999
RMZIOVJHUJAAEY-UHFFFAOYSA-N,46.88981833428123
RNDVGJZUHCKENF-UHFFFAOYSA-N,43.07254710428126
RNHWYOLIEJIAMV-UHFFFAOYSA-N,86.60000000000001
RNIDWJDZNNVFDY-UHFFFAOYSA-N,55.200000000000024
RNTWWGNZUXGTAX-UHFFFAOYSA-N,39.0
RNUOEHJMGLWQPM-UHFFFAOYSA-N,65.10000000000002
RNVCVTLRINQCPJ-UHFFFAOYSA-N,59.8
ROFVEXUMMXZLPA-UHFFFAOYSA-N,67.00000000000001
ROJKPKOYARNFNB-UHFFFAOYSA-N,51.89723623749053
ROOBHHSRWJOKSH-UHFFFAOYSA-N,173.86819619998485
ROORDVPLFPIABK-UHFFFAOYSA-N,80.9
ROSSIHMZZJOVOU-UHFFFAOYSA-N,34.099999999999994
ROUYUBHVBIKMQO-UHFFFAOYSA-N,58.999999999999986
ROWKJAVDOGWPAT-UHFFFAOYSA-N,49.377745854317915
RPCHNECSJGMRGP-UHFFFAOYSA-N,38.02123515732752
RPNUMPOLZDHAAY-UHFFFAOYSA-N,63.400000000000006
RPRPDTXKGSIXMD-UHFFFAOYSA-N,62.20461831744039
RPZUBXWEQBPUJR-UHFFFAOYSA-N,42.7
RQEUFEKYXDPUSK-UHFFFAOYSA-N,54.21998064446532
RQHPEPIGRLVQKS-UHFFFAOYSA-N,55.61163640633689
RQUBQBFVDOLUKC-UHFFFAOYSA-N,36.93907927681974
RQVYBGPQFYCBGX-UHFFFAOYSA-N,121.50000000000004
RQXTZKGDMNIWJF-UHFFFAOYSA-N,56.164688430125146
RQXXCWHCUOJQGR-UHFFFAOYSA-N,48.7
RRAFCDWBNXTKKO-UHFFFAOYSA-N,62.61198112044848
RRDMWFLSGDXVQI-UHFFFAOYSA-N,36.068589872302695
RRHGJUQNOFWUDK-UHFFFAOYSA-N,26.89999313247592
RRQYJINTUHWNHW-UHFFFAOYSA-N,56.40000000000001
RSDDTPVXLMVLQE-UHFFFAOYSA-N,62.68738350021353
RSHBAGGASAJQCH-UHFFFAOYSA-N,62.49999999999999
RSJKGSCJYJTIGS-UHFFFAOYSA-N,56.295123851864496
RSRQBSGZMPVCOI-UHFFFAOYSA-N,193.0823974702037
RTNPCOBSXBGDMO-UHFFFAOYSA-N,59.43197358684164
RTRZHEPXWQXCCI-UHFFFAOYSA-N,48.9629050538949
RTZKZFJDLAIYFH-UHFFFAOYSA-N,27.2
RTZZCYNQPHTPPL-UHFFFAOYSA-N,85.89999999999999
RUBQQRMAWLSCCJ-UHFFFAOYSA-N,55.50000000000001
RUFPHBVGCFYCNW-UHFFFAOYSA-N,73.29999999999998
RUMACXVDVNRZJZ-UHFFFAOYSA-N,51.06006676274504
RUOJZAUFBMNUDX-UHFFFAOYSA-N,66.29999999999998
RUTNOQHQISEBGT-UHFFFAOYSA-N,42.7
RUVINXPYWBROJD-UHFFFAOYSA-N,63.01671279461972
RVGLUKRYMXEQAH-UHFFFAOYSA-N,33.900000000000006
RVIXKDRPFPUUOO-UHFFFAOYSA-N,29.873344878786344
RVKKPWGBSJIGAT-UHFFFAOYSA-N,32.5
RVLZMYIIGFHKRF-UHFFFAOYSA-N,31.1369621713924
RVZRBWKZFJCCIB-UHFFFAOYSA-N,60.39999999999997
RWCCWEUUXYIKHB-UHFFFAOYSA-N,69.42866399922657
RWGFKTVRMDUZSP-UHFFFAOYSA-N,44.39339741936098
RWIPSJUSVXDVPB-UHFFFAOYSA-N,87.10000000000001
RWLALWYNXFYRGW-UHFFFAOYSA-N,79.5
RWNJOXUVHRXHSD-UHFFFAOYSA-N,66.79246680930217
RWNUSVWFHDHRCJ-UHFFFAOYSA-N,60.03256065529949
RWRDLPDLKQPQOW-UHFFFAOYSA-N,37.599999999999994
RWRIWBAIICGTTQ-UHFFFAOYSA-N,19.5639295748207
RXGUIWHIADMCFC-UHFFFAOYSA-N,46.49999999999999
RXTNIJMLAQNTEG-UHFFFAOYSA-N,44.89490920463
RXYPXQSKLGGKOL-UHFFFAOYSA-N,42.49999999999999
RXYYKIMRVXDSFR-UHFFFAOYSA-N,36.0
RYAVTKZLXAVVAQ-UHFFFAOYSA-N,33.013225996863426
RYHBNJHYFVUHQT-UHFFFAOYSA-N,38.29999999999999
RYKIGMSSILTWCJ-UHFFFAOYSA-N,89.29999999999998
RYKZRKKEYSRDNF-UHFFFAOYSA-N,31.0
RYPKRALMXUUNKS-UHFFFAOYSA-N,31.605137086200976
RYTOJOQLZSURDX-UHFFFAOYSA-N,40.243826087080855
RYVYLYKKFUWOGA-UHFFFAOYSA-N,45.7
RZBHZICXTQDTLO-UHFFFAOYSA-N,125.70000000000005
RZCWYGUJADCQPF-UHFFFAOYSA-N,216.05473761190763
RZGRWVULDSXQSM-UHFFFAOYSA-N,60.89999999999999
RZJRJXONCZWCBN-UHFFFAOYSA-N,95.06933194619124
RZKSECIXORKHQS-UHFFFAOYSA-N,75.08210911110838
RZTOWFMDBDPERY-UHFFFAOYSA-N,59.50000000000001
RZXMPPFPUUCRFN-UHFFFAOYSA-N,58.6
SAOXPNBHKSWHGW-UHFFFAOYSA-N,47.919810476522045
SAWALGNBNOPQEB-UHFFFAOYSA-N,62.100000000000016
SBASXUCJHJRPEV-UHFFFAOYSA-N,57.16427992971378
SBJSSUDWLOQFRO-UHFFFAOYSA-N,53.3
SBUYFICWQNHBCM-UHFFFAOYSA-N,53.89999999999998
SBWFWBJCYMBZEY-UHFFFAOYSA-N,44.1
SBYRHTZJKKWEMP-UHFFFAOYSA-N,50.400000000000006
SBZXBUIDTXKZTM-UHFFFAOYSA-N,47.99999999999999
SCVPLVIKFSVDDH-UHFFFAOYSA-N,152.19999999999993
SCYULBFZEHDVBN-UHFFFAOYSA-N,30.6
SDAXRHHPNYTELL-UHFFFAOYSA-N,51.10000000000001
SDDBCEWUYXVGCQ-UHFFFAOYSA-N,70.04267811946096
SDFLTYHTFPTIGX-UHFFFAOYSA-N,79.5
SDJHPPZKZZWAKF-UHFFFAOYSA-N,31.266375061970976
SDXUIOOHCIQXRP-UHFFFAOYSA-N,46.89944236993601
SDYSFWMEHHOBQG-UHFFFAOYSA-N,187.1978806618452
SECPZKHBENQXJG-UHFFFAOYSA-N,114.23026979241408
SECXISVLQFMRJM-UHFFFAOYSA-N,61.90000000000001
SEEJHICDPXGSRQ-UHFFFAOYSA-N,38.7
SEEOMASXHIJCDV-UHFFFAOYSA-N,44.9
SELBPKHVKHQTIB-UHFFFAOYSA-N,36.43466192496076
SEPQTYODOKLVSB-UHFFFAOYSA-N,44.66366579946338
SEQRDAAUNCRFIT-UHFFFAOYSA-N,39.49999999999999
SESFRYSPDFLNCH-UHFFFAOYSA-N,88.38360623760853
SEULWJSKCVACTH-UHFFFAOYSA-N,79.5
SFAHQZYAZNUPFB-UHFFFAOYSA-N,36.75493970544984
SFENPMLASUEABX-UHFFFAOYSA-N,104.9
SFLGSKRGOWRGBR-UHFFFAOYSA-N,53.69999999999998
SFPOYDTYVMBAPP-UHFFFAOYSA-N,86.39999999999996
SFRKSDZMZHIISH-UHFFFAOYSA-N,39.70000000000001
SFTRWCBAYKQWCS-UHFFFAOYSA-N,73.19999999999997
SFTUSTXGTCCSHX-UHFFFAOYSA-N,84.90000000000002
SGUVLZREKBPKCE-UHFFFAOYSA-N,61.50000000000002
SGVUHPSBDNVHKL-UHFFFAOYSA-N,38.810218966887675
SGVYKUFIHHTIFL-UHFFFAOYSA-N,50.18973970274794
SGWJUIFOPCZXMR-UHFFFAOYSA-N,41.17843783950525
SHKKTLSDGJRCTR-UHFFFAOYSA-N,73.17630089869209
SHOJXDKTYKFBRD-UHFFFAOYSA-N,42.63743893615194
SHQSVMDWKBRBGB-UHFFFAOYSA-N,38.29999999999999
SHRGCOIDGUJGJI-UHFFFAOYSA-N,70.88282211166141
SHWINQXIGSEZAP-UHFFFAOYSA-N,73.5
SHXHPUAKLCCLDV-UHFFFAOYSA-N,37.2
SHZIWNPUGXLXDT-UHFFFAOYSA-N,51.42800735281181
SIKFMUYSQCEQOO-UHFFFAOYSA-N,46.400000000000006
SIKJAQJRHWYJAI-UHFFFAOYSA-N,67.85355706346948
SIQHSJOKAUDDLN-UHFFFAOYSA-N,63.70000000000001
SIYISNUJKMAQBV-UHFFFAOYSA-N,69.5
SJDSOBWGZRPKSB-UHFFFAOYSA-N,208.75462124966137
SJFUDWKNZGXSLV-UHFFFAOYSA-N,57.50270541124363
SJMLNDPIJZBEKY-UHFFFAOYSA-N,41.01757848320086
SJNALLRHIVGIBI-UHFFFAOYSA-N,39.466132214212955
SJRJJKPEHAURKC-UHFFFAOYSA-N,39.29999999999999
SJRXWMQZUAOMRJ-UHFFFAOYSA-N,57.95663441241841
SJTBRFHBXDZMPS-UHFFFAOYSA-N,60.1
SJWFXCIHNDVPSH-UHFFFAOYSA-N,67.4753285386694
SJYNFBVQFBRSIB-UHFFFAOYSA-N,34.099999999999994
SJZKULRDWHPHGG-UHFFFAOYSA-N,78.0
SKBIQKQBLQHOSU-UHFFFAOYSA-N,72.99545994242466
SKEXUOOOMGGNIA-UHFFFAOYSA-N,85.80000000000001
SKIHGKNFJKJXPX-UHFFFAOYSA-N,44.675398089326585
SLDLVGFPFFLYBM-UHFFFAOYSA-N,57.79999999999998
SLGBZMMZGDRARJ-UHFFFAOYSA-N,106.09999999999998
SMCNZLDHTZESTK-UHFFFAOYSA-N,26.16110823617637
SMQUZDBALVYZAC-UHFFFAOYSA-N,50.459594472081115
SMRKNIBSGJNDKH-UHFFFAOYSA-N,82.27678092628675
SMTOKHQOVJRXLK-UHFFFAOYSA-N,55.100000000000016
SMUQFGGVLNAIOZ-UHFFFAOYSA-N,63.25239277328039
SMWDFEZZVXVKRB-UHFFFAOYSA-N,60.31594107953771
SNHMUERNLJLMHN-UHFFFAOYSA-N,48.2
SNICXCGAKADSCV-UHFFFAOYSA-N,63.90000000000001
SNIOPGDIGTZGOP-UHFFFAOYSA-N,92.00000000000004
SNKLPZOJLXDZCW-UHFFFAOYSA-N,72.10000000000002
SNMVRZFUUCLYTO-UHFFFAOYSA-N,28.799999999999997
SNRUBQQJIBEYMU-UHFFFAOYSA-N,60.80868585331097
SOGAXMICEFXMKE-UHFFFAOYSA-N,48.52879271947725
SOJZMJXWEOBDIC-UHFFFAOYSA-N,29.4
SOYLPZSOEXZMLE-UHFFFAOYSA-N,45.99999999999999
SOYVLBDERBHIME-UHFFFAOYSA-N,31.979564127123968
SOZFIIXUNAKEJP-UHFFFAOYSA-N,37.50000000000001
SPDFUQSXHXWHLI-UHFFFAOYSA-N,52.7
SPEUIVXLLWOEMJ-UHFFFAOYSA-N,34.36881924486313
SPFYVVCZIOLVOK-UHFFFAOYSA-N,79.91640728099875
SPPWGCYEYAMHDT-UHFFFAOYSA-N,56.5
SPSSULHKWOKEEL-UHFFFAOYSA-N,87.00000000000003
SPURMHFLEKVAAS-UHFFFAOYSA-N,179.76495259776868
SQCZQTSHSZLZIQ-UHFFFAOYSA-N,38.39999999999999
SQHOHKQMTHROSF-UHFFFAOYSA-N,51.8
SQYNKIJPMDEDEG-UHFFFAOYSA-N,44.17834334218524
SRGUIJLJERBBCM-UHFFFAOYSA-N,70.70000000000003
SRNKZYRMFBGSGE-UHFFFAOYSA-N,60.83047337688109
SSJIACUDWJVGLB-UHFFFAOYSA-N,41.29999999999999
SSJXIUAHEKJCMH-UHFFFAOYSA-N,62.2
SSNZFFBDIMUILS-UHFFFAOYSA-N,72.06334072670035
SSQOCAUNFVDULL-UHFFFAOYSA-N,137.32931673927476
STCOOQWBFONSKY-UHFFFAOYSA-N,80.59999999999997
STHONQMAWQLWLX-UHFFFAOYSA-N,38.66295639449447
STNJBCKSHOAVAJ-UHFFFAOYSA-N,31.811251000007243
STOSPPMGXZPHKP-UHFFFAOYSA-N,100.62206996570724
STWFZICHPLEOIC-UHFFFAOYSA-N,79.7
STZGBQSXOHEXRA-UHFFFAOYSA-N,119.03074350067509
STZUZYMKSMSTOU-UHFFFAOYSA-N,53.62796054132428
SUAKHGWARZSWIH-UHFFFAOYSA-N,50.3
SUCYDSJQVVGOIW-UHFFFAOYSA-N,79.86670432812343
SUGZATOHBPXTDV-UHFFFAOYSA-N,45.099999999999994
SUJPBAUMCPFUIW-UHFFFAOYSA-N,139.13641235576884
SUJUOAZFECLBOA-UHFFFAOYSA-N,189.69174916843275
SUJVAMIXNUAJEY-UHFFFAOYSA-N,31.0
SUOVGHDPXJUFME-UHFFFAOYSA-N,86.90000000000003
SUPCQIBBMFXVTL-UHFFFAOYSA-N,38.285063529723296
SUSQOBVLVYHIEX-UHFFFAOYSA-N,58.68600644179965
SUVIGLJNEAMWEG-UHFFFAOYSA-N,31.888589652783025
SUWJESCICIOQHO-UHFFFAOYSA-N,34.699999999999996
SVGLFIBXFVQUQY-UHFFFAOYSA-N,37.946194317224936
SVIHJJUMPAUQNO-UHFFFAOYSA-N,54.67036792853119
SVJNECJVNWTYQG-UHFFFAOYSA-N,54.60126348611313
SVONRAPFKPVNKG-UHFFFAOYSA-N,50.92649282697365
SVTBMSDMJJWYQN-UHFFFAOYSA-N,67.74235346235855
SVZIJXUUTNJSEJ-UHFFFAOYSA-N,41.484212154720474
SWJXWSAKHXBQSY-UHFFFAOYSA-N,85.29999999999997
SWTCCCJQNPGXLQ-UHFFFAOYSA-N,58.20000000000003
SWXVUIWOUIDPGS-UHFFFAOYSA-N,49.8547314082293
SXCBDZAEHILGLM-UHFFFAOYSA-N,96.39999999999998
SXJVFQLYZSNZBT-UHFFFAOYSA-N,75.49999999999999
SXOZDDAFVJANJP-UHFFFAOYSA-N,58.400000000000006
SXPRVMIZFRCAGC-UHFFFAOYSA-N,41.2
SXPWYSNMKUDXOU-UHFFFAOYSA-N,61.59999999999997
SXVPOSFURRDKBO-UHFFFAOYSA-N,65.49999999999999
SXWIAEOZZQADEY-UHFFFAOYSA-N,136.70000000000005
SXZIXHOMFPUIRK-UHFFFAOYSA-N,75.69999999999997
SYBYTAAJFKOIEJ-UHFFFAOYSA-N,37.91549617450288
SYTBZMRGLBWNTM-UHFFFAOYSA-N,127.50000000000004
SZEGKVHRCLBFKJ-UHFFFAOYSA-N,121.36253617979855
SZFDQMKAGLCYPA-UHFFFAOYSA-N,77.19999999999999
SZFRZEBLZFTODC-UHFFFAOYSA-N,39.29999999999999
SZHOJFHSIKHZHA-UHFFFAOYSA-N,106.4958298682564
SZHZCPHKDJWHNG-UHFFFAOYSA-N,72.10000000000002
SZIFAVKTNFCBPC-UHFFFAOYSA-N,48.3
SZKKNEOUHLFYNA-UHFFFAOYSA-N,78.09555837972809
SZNDPAPNQABPGR-UHFFFAOYSA-N,49.29999999999999
SZNYYWIUQFZLLT-UHFFFAOYSA-N,41.2
TUAMRELNJMMDMT-UHFFFAOYSA-N,76.62121619604409
TUNFSRHWOTWDNC-UHFFFAOYSA-N,110.72957629867145
TUSBCMPNIOJUBX-UHFFFAOYSA-N,38.5
TVBQWTDYXVGWJL-UHFFFAOYSA-N,38.26533277149202
TVCSSJHLVLMADJ-UHFFFAOYSA-N,193.2080541498917
TVIDDXQYHWJXFK-UHFFFAOYSA-N,129.99999999999994
TVMXDCGIABBOFY-UHFFFAOYSA-N,40.73836633278303
TVQGDYNRXLTQAP-UHFFFAOYSA-N,57.919944633213504
TVSBRLGQVHJIKT-UHFFFAOYSA-N,38.7
TVTCXPXLRKTHAU-UHFFFAOYSA-N,100.13014215888325
TVWVWIPMQJSXJS-UHFFFAOYSA-N,64.61628342954201
TWCRBBJSQAZZQB-UHFFFAOYSA-N,35.099999999999994
TWRXJAOTZQYOKJ-UHFFFAOYSA-L,325.629615897821
TWSRVQVEYJNFKQ-UHFFFAOYSA-N,52.520004164846185
TWXUTZNBHUWMKJ-UHFFFAOYSA-N,56.232100351253834
TXBZITDWMURSEF-UHFFFAOYSA-N,33.50000000000001
TXCDCPKCNAJMEE-UHFFFAOYSA-N,53.683028914291896
TXVHTIQJNYSSKO-UHFFFAOYSA-N,111.6
TXWRERCHRDBNLG-UHFFFAOYSA-N,44.60000000000001
TYBCSQFBSWACAA-UHFFFAOYSA-N,57.064780170473526
TYFQFVWCELRYAO-UHFFFAOYSA-N,116.70000000000005
TYSCUIJRFGVUDM-UHFFFAOYSA-N,56.6
TYSIILFJZXHVPU-UHFFFAOYSA-N,49.8
TYWMIZZBOVGFOV-UHFFFAOYSA-N,150.68133775484807
TZIHFWKZFHZASV-UHFFFAOYSA-N,28.004896820903117
TZMFJUDUGYTVRY-UHFFFAOYSA-N,38.86357926871243
TZMHVHLTPWKZCI-UHFFFAOYSA-N,109.09999999999997
TZNJHEHAYZJBHR-UHFFFAOYSA-N,25.765138017661037
TZYRSLHNPKPEFV-UHFFFAOYSA-N,60.39028073130939
UAEPNZWRGJTJPN-UHFFFAOYSA-N,35.05527477697318
UAHWPYUMFXYFJY-UHFFFAOYSA-N,45.74513604779438
UANILCOWFBOXOQ-UHFFFAOYSA-N,123.56937285829068
UANXSGVNVXTETO-UHFFFAOYSA-N,30.559448471396617
UAOMVDZJSHZZME-UHFFFAOYSA-N,34.4
UBJVUCKUDDKUJF-UHFFFAOYSA-N,41.69526574450531
UBLAMKHIFZBBSS-UHFFFAOYSA-N,56.02743238140311
UBOXGVDOUJQMTN-UHFFFAOYSA-N,40.2
UCSIFMPORANABL-UHFFFAOYSA-N,28.046688169685847
UCUDJURUNUQAHQ-UHFFFAOYSA-N,35.20300860094588
UDEISTCPVNLKRJ-UHFFFAOYSA-N,43.9
UDGSVBYJWHOHNN-UHFFFAOYSA-N,45.8
UDSFAEKRVUSQDD-UHFFFAOYSA-N,61.26843382229899
UEEJHVSXFDXPFK-UHFFFAOYSA-N,47.29999999999999
UEGBWDUVDAKUGA-UHFFFAOYSA-N,76.10006372284897
UEMGWPRHOOEKTA-UHFFFAOYSA-N,34.60000000000001
UENWRTRMUIOCKN-UHFFFAOYSA-N,53.76199573760269
UEUQJHOTTVRVJG-UHFFFAOYSA-N,111.50651400575951
UEZQOSGCHCNWOE-UHFFFAOYSA-N,88.16709745829962
UFERIGCCDYCZLN-UHFFFAOYSA-N,44.9
UFFBMTHBGFGIHF-UHFFFAOYSA-N,59.60000000000002
UFGYKQGTOYNLLD-UHFFFAOYSA-N,85.50000000000003
UFLHIIWVXFIJGU-UHFFFAOYSA-N,54.00988798040355
UFTFJSFQGQCHQW-UHFFFAOYSA-N,78.5
UFWIBTONFRDIAS-UHFFFAOYSA-N,63.05135404678455
UFWIBUBEFUNVNI-UHFFFAOYSA-N,38.5
UGCSPKPEHQEOSR-UHFFFAOYSA-N,33.8
UGQGSRZYPVNLGU-UHFFFAOYSA-N,109.09999999999997
UGUYQBMBIJFNRM-UHFFFAOYSA-N,50.50862655094411
UGXRFLXVVYNTTQ-UHFFFAOYSA-N,23.619816633742232
UHEPJGULSIKKTP-UHFFFAOYSA-N,42.99690516604186
UHHCYAAVGADGGP-UHFFFAOYSA-N,40.60000000000001
UHHYOKRQTQBKSB-UHFFFAOYSA-N,36.0
UHOVQNZJYSORNB-UHFFFAOYSA-N,35.54070962855188
UHUFTBALEZWWIH-UHFFFAOYSA-N,81.88392227983164
UIERETOOQGIECD-UHFFFAOYSA-N,97.36793017961794
UIHCLUNTQKBZGK-UHFFFAOYSA-N,41.646590295233864
UIQGEWJEWJMQSL-UHFFFAOYSA-N,45.39999999999999
UIWORXHEVNIOJG-UHFFFAOYSA-N,45.599999999999994
UIYCHXAGWOYNNA-UHFFFAOYSA-N,38.29999999999999
UIZVMOZAXAMASY-UHFFFAOYSA-N,60.19999999999999
UJBOOUHRTQVGRU-UHFFFAOYSA-N,47.31858502215362
UJEUVDLASLOZIV-UHFFFAOYSA-N,46.400000000000006
UJPPXNXOEVDSRW-UHFFFAOYSA-N,92.91891489264252
UKANCZCEGQDKGF-UHFFFAOYSA-N,73.00000000000003
UKGXMIYDEKYAAK-UHFFFAOYSA-N,131.3809427903968
UKLWXKWTXHHMFK-UHFFFAOYSA-N,49.7
UKMSUNONTOPOIO-UHFFFAOYSA-N,202.66244106500977
ULBTUVJTXULMLP-UHFFFAOYSA-N,239.29684116270687
ULDHMXUKGWMISQ-UHFFFAOYSA-N,57.44463950393025
ULEAQRIQMIQDPJ-UHFFFAOYSA-N,46.60000000000001
ULTHEAFYOOPTTB-UHFFFAOYSA-N,52.60000000000001
ULYZAYCEDJDHCC-UHFFFAOYSA-N,27.6
UMIPWJGWASORKV-UHFFFAOYSA-N,42.3
UMNVUZRZKPVECS-UHFFFAOYSA-N,67.60000000000002
UMPSXRYVXUPCOS-UHFFFAOYSA-N,57.299999999999976
UNEATYXSUBPPKP-UHFFFAOYSA-N,56.19999999999998
UNFUYWDGSFDHCW-UHFFFAOYSA-N,41.8
UNIYHTKWMKXESF-UHFFFAOYSA-N,31.100000000000005
UNJNVKPKKZTPPR-UHFFFAOYSA-N,100.6922415828768
UOBYKYZJUGYBDK-UHFFFAOYSA-N,101.09999999999997
UOCLXMDMGBRAIB-UHFFFAOYSA-N,32.5
UOHMMEJUHBCKEE-UHFFFAOYSA-N,54.59999999999998
UPIRHFZFPVEDCF-UHFFFAOYSA-N,127.90000000000003
UPOMCDPCTBJJDA-UHFFFAOYSA-N,40.10000000000001
UPOSSYJVWXLPTA-UHFFFAOYSA-N,64.29999999999998
UPSXAPQYNGXVBF-UHFFFAOYSA-N,34.699999999999996
UPYVYJSWGZMBOU-UHFFFAOYSA-N,69.09999999999998
UPZFLZYXYGBAPL-UHFFFAOYSA-N,44.79999999999999
UQDUPQYQJKYHQI-UHFFFAOYSA-N,79.73014017797315
UQFQONCQIQEYPJ-UHFFFAOYSA-N,47.99999999999999
UQXKXGWGFRWILX-UHFFFAOYSA-N,70.49999999999997
URAYPUMNDPQOKB-UHFFFAOYSA-N,82.91613692712284
UREJNEBJDURREH-UHFFFAOYSA-N,31.675295827190457
URLKBWYHVLBVBO-UHFFFAOYSA-N,42.1307388560665
URVWKTROBMKSAQ-UHFFFAOYSA-N,39.61497470047677
URYYVOIYTNXXBN-UHFFFAOYSA-N,41.60000000000001
USCSRAJGJYMJFZ-UHFFFAOYSA-N,26.751452926282244
USDAOGBMSFWGHD-UHFFFAOYSA-N,38.06786003566848
USEGQJLHQSTGHW-UHFFFAOYSA-N,44.895227713928115
USIUVYZYUHIAEV-UHFFFAOYSA-N,62.68075189176352
USPWUOFNOTUBAD-UHFFFAOYSA-N,40.79999999999999
USQREYPFHSTYFL-UHFFFAOYSA-N,86.88988861560598
USXIHYYSGSBNAK-UHFFFAOYSA-N,100.29999999999995
UTCSSFWDNNEEBH-UHFFFAOYSA-N,64.99999999999997
UTTMVTDJCFSOFF-UHFFFAOYSA-N,51.899999999999984
UTUVIKZNQWNGIM-UHFFFAOYSA-N,63.99999999999998
UTXVCHVLDOLVPC-UHFFFAOYSA-N,51.35242717862656
UUIQMZJEGPQKFD-UHFFFAOYSA-N,39.472177123461464
UUWJBXKHMMQDED-UHFFFAOYSA-N,63.99999999999998
UVKXJAUUKPDDNW-UHFFFAOYSA-N,44.79999999999999
UVPJNMYPOKWZEA-UHFFFAOYSA-N,166.27486128060244
UVVYAKOLFKEZEE-UHFFFAOYSA-N,47.29999999999999
UVWPNDVAQBNQBG-UHFFFAOYSA-N,45.29999999999999
UWEYRJFJVCLAGH-UHFFFAOYSA-N,46.71483476029411
UWHZIFQPPBDJPM-UHFFFAOYSA-N,143.38909046404635
UWKAYLJWKGQEPM-UHFFFAOYSA-N,57.79999999999998
UWKQJZCTQGMHKD-UHFFFAOYSA-N,56.999999999999986
UWNADWZGEHDQAB-UHFFFAOYSA-N,37.89999999999999
UXMDGVPNICZCNN-UHFFFAOYSA-N,387.1999999999999
UXPGIAKYFWIYGT-UHFFFAOYSA-N,110.99999999999996
UXPOJVLZTPGWFX-UHFFFAOYSA-N,14.39011882629964
UXUPPWPIGVTVQI-UHFFFAOYSA-N,38.58174498931937
UXWVQHXKKOGTSY-UHFFFAOYSA-N,67.60000000000002
UYBWORFIJZQKEP-UHFFFAOYSA-N,118.50000000000004
UYGGIIOLYXRSQY-UHFFFAOYSA-N,51.67944780876616
UYWLQEPMPVDASH-UHFFFAOYSA-N,42.0
UYWQUFXKFGHYNT-UHFFFAOYSA-N,54.512379623810496
UYXTWWCETRIEDR-UHFFFAOYSA-N,94.7
UZFFFFWQKMPLAC-UHFFFAOYSA-N,59.48849364924781
UZILCZKGXMQEQR-UHFFFAOYSA-N,78.99999999999997
UZKWTJUDCOPSNM-UHFFFAOYSA-N,36.599999999999994
UZOFELREXGAFOI-UHFFFAOYSA-N,40.60000000000001
VADKRMSMGWJZCF-UHFFFAOYSA-N,55.50000000000001
VADUDTKCGJKNDY-UHFFFAOYSA-N,38.73952934037549
VAJVDSVGBWFCLW-UHFFFAOYSA-N,62.799999999999976
VAKBQCYSUVICLV-UHFFFAOYSA-N,97.95857917473502
VAMFXQBUQXONLZ-UHFFFAOYSA-N,113.46145818034266
VAMXMNNIEUEQDV-UHFFFAOYSA-N,67.10000000000002
VARQGBHBYZTYLJ-UHFFFAOYSA-N,154.6931220982602
VAVUILHRXZVBBR-UHFFFAOYSA-N,197.29617844373547
VBMPZIREYOVDPP-UHFFFAOYSA-N,55.3
VBWIZSYFQSOUFQ-UHFFFAOYSA-N,51.899999999999984
VBXZSFNZVNDOPB-UHFFFAOYSA-N,75.59999999999997
VBZCRMTUDYIWIH-UHFFFAOYSA-N,47.7
VCARXVNAFDSAFZ-UHFFFAOYSA-N,36.068589872302695
VCDLWFYODNTQOT-UHFFFAOYSA-N,131.80000000000007
VCJPCEVERINRSG-UHFFFAOYSA-N,35.992639804453816
VCLJODPNBNEBKW-UHFFFAOYSA-N,73.93241329648087
VCVAXEYHJAFRGM-UHFFFAOYSA-N,83.39983429287307
VCWNHOPGKQCXIQ-UHFFFAOYSA-N,38.099999999999994
VCYZVXRKYPKDQB-UHFFFAOYSA-N,41.435640906727215
VDFVNEFVBPFDSB-UHFFFAOYSA-N,37.31228144469482
VDMXPMYSWFDBJB-UHFFFAOYSA-N,42.92039524584611
VDOKWPVSGXHSNP-UHFFFAOYSA-N,40.68481341227589
VEFLKXRACNJHOV-UHFFFAOYSA-N,46.49999999999999
VEUUMBGHMNQHGO-UHFFFAOYSA-N,49.50000000000001
VEXZGXHMUGYJMC-UHFFFAOYSA-N,15.846214768816166
VEZUQRBDRNJBJY-UHFFFAOYSA-N,63.09999999999997
VEZXCJBBBCKRPI-UHFFFAOYSA-N,47.00000000000001
VFDYKPARTDCDCU-UHFFFAOYSA-N,54.79999999999998
VFPKIWATTACVJR-UHFFFAOYSA-N,43.6
VFTFKUDGYRBSAL-UHFFFAOYSA-N,77.69999999999997
VFTGLSWXJMRZNB-UHFFFAOYSA-N,48.292420164077406
VFWCMGCRMGJXDK-UHFFFAOYSA-N,33.50000000000001
VFZIUYUUQFYZBR-UHFFFAOYSA-N,38.9
VGCWOVJYNWNYIM-UHFFFAOYSA-N,50.10000000000001
VGGUKFAVHPGNBF-UHFFFAOYSA-N,33.69315895968227
VGIVLIHKENZQHQ-UHFFFAOYSA-N,32.7
VGYLSEDWKCYOQQ-UHFFFAOYSA-N,59.7
VHFUHRXYRYWELT-UHFFFAOYSA-N,48.3
VHQQPFLOGSTQPC-UHFFFAOYSA-N,203.18263275615985
VHRGRCVQAFMJIZ-UHFFFAOYSA-N,58.3
VHRYZQNGTZXDNX-UHFFFAOYSA-N,33.32640341516111
VHUJBYYFFWDLNM-UHFFFAOYSA-N,147.1
VHVMXWZXFBOANQ-UHFFFAOYSA-N,44.79204293083942
VHYFNPMBLIVWCW-UHFFFAOYSA-N,61.29999999999998
VIHAEDVKXSOUAT-UHFFFAOYSA-N,55.599999999999994
VIHUHUGDEZCPDK-UHFFFAOYSA-N,38.25969217872236
VILCJCGEZXAXTO-UHFFFAOYSA-N,77.1
VIPRHKFYPRGVOD-UHFFFAOYSA-N,34.02376790764451
VIPWUFMFHBIKQI-UHFFFAOYSA-N,48.7
VIZORQUEIQEFRT-UHFFFAOYSA-N,62.32435051633504
VJBFCCCTSQEGMH-UHFFFAOYSA-N,54.10000000000001
VJDJSJSGMRWTIK-UHFFFAOYSA-N,187.1978806618452
VJHGSLHHMIELQD-UHFFFAOYSA-N,49.32435497617657
VJXRKZJMGVSXPX-UHFFFAOYSA-N,46.3
VJYWBLDDQZIGJI-UHFFFAOYSA-N,57.24264147397916
VKCYHJWLYTUGCC-UHFFFAOYSA-N,54.781170305824816
VKOBVWXKNCXXDE-UHFFFAOYSA-N,172.8615109675792
VLHAGZNBWKUMRW-UHFFFAOYSA-N,42.3
VLHZQNGNJQYAIZ-UHFFFAOYSA-N,194.12265494152768
VLIDBBNDBSNADN-UHFFFAOYSA-N,48.325089555057765
VLIZIVHXZXQRDE-UHFFFAOYSA-N,44.79999999999999
VLJSLTNSFSOYQR-UHFFFAOYSA-N,70.22395519726592
VLJXXKKOSFGPHI-UHFFFAOYSA-N,35.099999999999994
VLKZOEOYAKHREP-UHFFFAOYSA-N,31.81426496240512
VLLNJDMHDJRNFK-UHFFFAOYSA-N,60.80000000000002
VLNUTKMHYLQCQB-UHFFFAOYSA-N,42.3
VLPFTAMPNXLGLX-UHFFFAOYSA-N,135.4
VLSTXUUYLIALPB-UHFFFAOYSA-N,37.3
VLSVVMPLPMNWBH-UHFFFAOYSA-N,62.30000000000002
VMKOFRJSULQZRM-UHFFFAOYSA-N,55.50000000000001
VMOJIHDTVZTGDO-UHFFFAOYSA-N,77.50239493235448
VMPHSYLJUKZBJJ-UHFFFAOYSA-N,180.00000000000006
VMUNAKQXJLHODT-UHFFFAOYSA-N,77.04757261351955
VMUXSMXIQBNMGZ-UHFFFAOYSA-N,69.89999999999998
VMYXUZSZMNBRCN-UHFFFAOYSA-N,93.6148353636082
VNDHYTGVCGVETQ-UHFFFAOYSA-N,83.29999999999998
VNGOYPQMJFJDLV-UHFFFAOYSA-N,77.19999999999999
VNKYTQGIUYNRMY-UHFFFAOYSA-N,27.700000000000003
VNXYDFNVQBICRO-UHFFFAOYSA-N,32.60000000000001
VONKRKBGTZDZNV-UHFFFAOYSA-N,38.599999999999994
VONWDASPFIQPDY-UHFFFAOYSA-N,52.79999999999999
VOPWNXZWBYDODV-UHFFFAOYSA-N,19.8144119206136
VOVUARRWDCVURC-UHFFFAOYSA-N,30.299999999999997
VOZRXNHHFUQHIL-UHFFFAOYSA-N,60.89999999999999
VPDZRSSKICPUEY-BFPRWLMKSA-N,36.49601687362169
VPECYQXBNOAJIF-UHFFFAOYSA-N,42.157059659836726
VPIAKHNXCOTPAY-UHFFFAOYSA-N,50.10604562267491
VPNOHCYAOXWMAR-UHFFFAOYSA-N,169.4131665081349
VPUAYOJTHRDUTK-UHFFFAOYSA-N,43.81183485828128
VPUGDVKSAQVFFS-UHFFFAOYSA-N,148.0
VPYJHNADOJDSGU-UHFFFAOYSA-N,84.15272123422048
VQFULSRSQNTYFT-UHFFFAOYSA-N,64.10000000000002
VQKFNUFAXTZWDK-UHFFFAOYSA-N,31.658554341237416
VQOXUMQBYILCKR-UHFFFAOYSA-N,63.50202213518604
VQTUBCCKSQIDNK-UHFFFAOYSA-N,20.6
VRAYTNFBRROPJU-UHFFFAOYSA-N,46.400000000000006
VREPYGYMOSZTKJ-UHFFFAOYSA-N,44.9
VRHRGVJOUHJULC-UHFFFAOYSA-N,48.500000000000014
VRJQRYVDHIMICK-UHFFFAOYSA-N,37.3943515614831
VRVRZZWPKABUOE-UHFFFAOYSA-N,45.99999999999999
VRXBMTCDQIOJAN-UHFFFAOYSA-N,97.1
VSCUCHUDCLERMY-UHFFFAOYSA-N,38.761627786357685
VSMOENVRRABVKN-UHFFFAOYSA-N,55.1070683944727
VSQKJRIDGSFPSI-UHFFFAOYSA-N,34.12097850062595
VTBOTOBFGSVRMA-UHFFFAOYSA-N,56.22578156902146
VTFGODLCXIRDGH-UHFFFAOYSA-N,130.4769827683618
VTIODUHBZHNXFP-UHFFFAOYSA-N,54.82639506695051
VTSFIPHRNAESED-UHFFFAOYSA-N,53.06184660590038
VTTIDPAZLXIGNF-UHFFFAOYSA-N,266.03261450592544
VTUFOIHYMMMNOM-UHFFFAOYSA-N,69.72730194156094
VTXVGVNLYGSIAR-UHFFFAOYSA-N,65.49999999999999
VUKHQPGJNTXTPY-IHWYPQMZSA-N,55.10782692999022
VUKHQPGJNTXTPY-UHFFFAOYSA-N,50.6543493692872
VUMCUSHVMYIRMB-UHFFFAOYSA-N,65.99999999999997
VUNFOJWKJSYIDH-UHFFFAOYSA-N,79.12116003499384
VUQPJRPDRDVQMN-UHFFFAOYSA-N,108.79999999999995
VUSYNHBKPCGGCI-UHFFFAOYSA-N,42.90153312174379
VUXKVKAHWOVIDN-UHFFFAOYSA-N,50.3
VVCFYASOGFVJFN-UHFFFAOYSA-N,34.4
VVGOCOMZRGWHPI-UHFFFAOYSA-N,53.603828708460235
VVYQLPWYFQBZOL-UHFFFAOYSA-N,66.29999999999998
VXCUURYYWGCLIH-UHFFFAOYSA-N,78.30761251144355
VXNZUUAINFGPBY-UHFFFAOYSA-N,20.1
VXQWSPZASJTSMH-UHFFFAOYSA-N,52.93920098360728
VXRMBBLRHSRVDK-UHFFFAOYSA-N,40.55895617525819
VXRUJZQPKRBJKH-UHFFFAOYSA-N,115.50000000000004
VYMPLPIFKRHAAC-UHFFFAOYSA-N,44.70000000000001
VYQSSWZYPCCBRN-UHFFFAOYSA-N,77.85106795544056
VYXHVRARDIDEHS-UHFFFAOYSA-N,43.400000000000006
VZCCETWTMQHEPK-UHFFFAOYSA-N,135.90000000000006
VZFMYOCAEQDWDY-UHFFFAOYSA-N,40.79999999999999
VZGDMQKNWNREIO-UHFFFAOYSA-N,32.39999999999999
VZGHIFSDFDWSOD-UHFFFAOYSA-N,88.69999999999997
VZHJIJZEOCBKRA-UHFFFAOYSA-N,37.070009964887205
VZHUBBUZNIULNM-UHFFFAOYSA-N,60.3
VZIQXGLTRZLBEX-UHFFFAOYSA-N,71.95627151469034
VZWGRQBCURJOMT-UHFFFAOYSA-N,96.28562153133387
VZWOXDYRBDIHMA-UHFFFAOYSA-N,43.121196901345144
VZXRWMQPKGMQQN-UHFFFAOYSA-N,130.75728694751703
WACNXHCZHTVBJM-UHFFFAOYSA-N,36.20000000000001
WAITXWGCJQLPGH-UHFFFAOYSA-N,63.90000000000001
WAPNOHKVXSQRPX-UHFFFAOYSA-N,75.2
WASQWSOJHCZDFK-UHFFFAOYSA-N,42.9
WBCSJABQCRFUCP-UHFFFAOYSA-N,53.2
WBJINCZRORDGAQ-UHFFFAOYSA-N,31.651481638921
WBRFDUJXCLCKPX-UHFFFAOYSA-N,43.6
WBYWAXJHAXSJNI-UHFFFAOYSA-N,78.44144492267274
WCACLGXPFTYVEL-UHFFFAOYSA-N,51.7
WCASXYBKJHWFMY-UHFFFAOYSA-N,46.35755450160564
WCVHUIPWSPEOIG-UHFFFAOYSA-N,131.63723583315584
WCVRQHFDJLLWFE-UHFFFAOYSA-N,72.46935682073897
WCXXISMIJBRDQK-UHFFFAOYSA-N,40.80673932827597
WDAXFOBOLVPGLV-UHFFFAOYSA-N,39.86056433584705
WDCXGSMKFYMFCM-UHFFFAOYSA-N,58.999999999999986
WDECIBYCCFPHNR-UHFFFAOYSA-N,101.59999999999997
WDNBURPWRNALGP-UHFFFAOYSA-N,70.79999999999997
WDQOEAOLRIMQDA-UHFFFAOYSA-N,242.80034389882672
WDWGWHKCNGASHA-UHFFFAOYSA-N,56.6
WEBQKRLKWNIYKK-UHFFFAOYSA-N,78.80000000000001
WEDIIKBPDQQQJU-UHFFFAOYSA-N,55.70000000000002
WEEGYLXZBRQIMU-UHFFFAOYSA-N,46.012998223897505
WEGYGNROSJDEIW-UHFFFAOYSA-N,66.1
WEHWNAOGRSTTBQ-UHFFFAOYSA-N,40.60000000000001
WEJZHZJJXPXXMU-UHFFFAOYSA-N,75.29999999999997
WENJBBOATMHIJJ-UHFFFAOYSA-N,69.79999999999997
WEPNJTDVIIKRIK-UHFFFAOYSA-N,39.70000000000001
WERYXYBDKMZEQL-UHFFFAOYSA-N,76.60582901299782
WEVYAHXRMPXWCK-UHFFFAOYSA-N,33.00000000000001
WFCSWCVEJLETKA-UHFFFAOYSA-N,78.80000000000001
WFHALSLYRWWUGH-UHFFFAOYSA-N,35.0
WFHDMKDBZKQFSA-UHFFFAOYSA-N,140.0357513117607
WFHXQNMTMDKVJG-UHFFFAOYSA-N,33.900000000000006
WFJSIIHYYLHRHB-UHFFFAOYSA-N,62.699999999999974
WFQDTOYDVUWQMS-UHFFFAOYSA-N,56.00000000000001
WFRBDWRZVBPBDO-UHFFFAOYSA-N,57.29605707920064
WFYPICNXBKQZGB-UHFFFAOYSA-N,24.96347751491645
WGCICQJXVYFFCA-UHFFFAOYSA-N,39.588530626890446
WGECXQBGLLYSFP-UHFFFAOYSA-N,33.983667477431766
WGLLSSPDPJPLOR-UHFFFAOYSA-N,32.60000000000001
WGQKBCSACFQGQY-UHFFFAOYSA-N,39.8
WGQKYBSKWIADBV-UHFFFAOYSA-N,54.59999999999998
WGXGAUQEMYSVJM-UHFFFAOYSA-N,93.3
WGYKZJWCGVVSQN-UHFFFAOYSA-N,31.300000000000004
WHIVNJATOVLWBW-UHFFFAOYSA-N,58.400000000000006
WHLICQXKIOKNRQ-UHFFFAOYSA-N,90.60000000000002
WHLZPGRDRYCVRQ-UHFFFAOYSA-N,67.79999999999998
WHOZNOZYMBRCBL-UHFFFAOYSA-N,82.05363425463689
WHTXVXOOSUKFJP-UHFFFAOYSA-N,64.99999999999997
WIBFFTLQMKKBLZ-UHFFFAOYSA-N,53.66126295504627
WICKAMSPKJXSGN-UHFFFAOYSA-N,42.81534409513837
WICKZWVCTKHMNG-UHFFFAOYSA-N,41.60000000000001
WIHMGGWNMISDNJ-UHFFFAOYSA-N,35.3
WIIKEBDPJPYJHF-UHFFFAOYSA-N,35.28228058215748
WIMBRKMSNRCNMP-UHFFFAOYSA-N,39.8265491980242
WINCSBAYCULVDU-UHFFFAOYSA-N,37.2
WITMXBRCQWOZPX-UHFFFAOYSA-N,69.40000000000003
WJQOZHYUIDYNHM-UHFFFAOYSA-N,69.03785265240472
WJTCGQSWYFHTAC-UHFFFAOYSA-N,43.29999999999999
WJYIASZWHGOTOU-UHFFFAOYSA-N,50.0
WJYMPXJVHNDZHD-UHFFFAOYSA-N,59.200000000000024
WKBALTUBRZPIPZ-UHFFFAOYSA-N,69.5
WKFGLEAFVCYZCC-UHFFFAOYSA-N,89.89999999999998
WKHRDGKOKYBNDZ-UHFFFAOYSA-N,22.52069824037287
WKJHMKQSIBMURP-UHFFFAOYSA-N,80.30000000000003
WKQBIIUOSATALN-UHFFFAOYSA-N,45.2
WLAMNBDJUVNPJU-UHFFFAOYSA-N,55.44307111984934
WLJAYGJMTFQRCH-UHFFFAOYSA-N,41.59996661101311
WLJVNTCWHIRURA-UHFFFAOYSA-N,112.00000000000004
WLJVXDMOQOGPHL-UHFFFAOYSA-N,79.10000000000002
WMASLRCNNKMRFP-UHFFFAOYSA-N,54.79999999999998
WMCLYSGSAJGCJY-UHFFFAOYSA-N,26.16110823617637
WMMGIBWFZLSMHE-UHFFFAOYSA-N,40.59400533072377
WMOVHXAZOJBABW-UHFFFAOYSA-N,37.27998250532677
WMQUKDQWMMOHSA-UHFFFAOYSA-N,66.5
WMRDPJYQERQCEP-UHFFFAOYSA-N,199.4626472641491
WMXCDAVJEZZYLT-UHFFFAOYSA-N,32.564102254184434
WMZHDICSCDKPFS-UHFFFAOYSA-N,185.4791890858204
WMZNUJPPIPVIOD-UHFFFAOYSA-N,40.551668603756106
WNEYWVBECXCQRT-UHFFFAOYSA-N,38.9
WNLRTRBMVRJNCN-UHFFFAOYSA-N,107.6927445877448
WNLWIOJSURYFIB-UHFFFAOYSA-N,54.968731500481674
WNMORWGTPVWAIB-UHFFFAOYSA-N,33.94711308813658
WNXJIVFYUVYPPR-UHFFFAOYSA-N,35.20000000000001
WNZGTRLARPEMIG-UHFFFAOYSA-N,64.2
WOAFDHWYKSOANX-UHFFFAOYSA-N,57.600000000000016
WOFPPJOZXUTRAU-UHFFFAOYSA-N,67.2
WOKICPFFJCXEDW-UHFFFAOYSA-N,37.50000000000001
WONIGEXYPVIKFS-UHFFFAOYSA-N,54.61760426746784
WOPKHAQDUMDJIY-UHFFFAOYSA-N,141.99999999999994
WOUVLFFZQCUYOL-UHFFFAOYSA-N,75.69999999999997
WOVMXXUUELNGSX-UHFFFAOYSA-N,64.39999999999999
WOYWLLHHWAMFCB-UHFFFAOYSA-N,57.33795076822866
WPFVBOQKRVRMJB-UHFFFAOYSA-N,75.29999999999997
WPHGSKGZRAQSGP-UHFFFAOYSA-N,40.60000000000001
WPKWKTFXIURJFK-UHFFFAOYSA-N,51.87419792645322
WPKWPKDNOPEODE-UHFFFAOYSA-N,66.5
WPYMKLBDIGXBTP-UHFFFAOYSA-N,88.03395239619464
WPYUCWSMVJJWFI-UHFFFAOYSA-N,46.49999999999999
WQAQPCDUOCURKW-UHFFFAOYSA-N,36.5
WQCFXZHBWZFDAX-UHFFFAOYSA-N,100.1
WQEPLUUGTLDZJY-UHFFFAOYSA-N,118.26362657132208
WQOXQRCZOLPYPM-UHFFFAOYSA-N,37.949996402663125
WQTZCQIRCYSUBQ-UHFFFAOYSA-N,81.13763512386363
WQYWXQCOYRZFAV-UHFFFAOYSA-N,67.60000000000002
WRDGNXCXTDDYBZ-UHFFFAOYSA-N,53.69999999999998
WRECIMRULFAWHA-UHFFFAOYSA-N,39.28065304266741
WRFXXJKURVTLSY-UHFFFAOYSA-N,70.57580040239152
WRFZKAGPPQGDDQ-UHFFFAOYSA-N,69.33709218212523
WRJVSLJKWITHBC-UHFFFAOYSA-N,88.10000000000002
WRMNZCZEMHIOCP-UHFFFAOYSA-N,64.07249993593955
WROUWQQRXUBECT-UHFFFAOYSA-N,52.10000000000001
WRQNANDWMGAFTP-UHFFFAOYSA-N,52.426029031383
WRVSMTMKXKOPPV-UHFFFAOYSA-N,372.09999999999985
WRWPPGUCZBJXKX-UHFFFAOYSA-N,39.49999999999999
WRYLYDPHFGVWKC-UHFFFAOYSA-N,55.50000000000001
WSFSJXBURLJOFD-UHFFFAOYSA-N,58.000000000000014
WSGCRAOTEDLMFQ-UHFFFAOYSA-N,50.9
WSGYTJNNHPZFKR-UHFFFAOYSA-N,61.59999999999997
WSJULBMCKQTTIG-UHFFFAOYSA-N,21.99114086217312
WSLDOOZREJYCGB-UHFFFAOYSA-N,35.0
WSOKFYJGNBQDPW-UHFFFAOYSA-N,42.20000000000001
WSORODGWGUUOBO-UHFFFAOYSA-N,93.40000000000003
WSSSPWUEQFSQQG-UHFFFAOYSA-N,28.7
WSVDSBZMYJJMSB-UHFFFAOYSA-N,198.20783624681795
WSXIDSNEEOYBFA-UHFFFAOYSA-N,47.4757365973153
WSXNCJNDCDTRSA-UHFFFAOYSA-N,113.70000000000002
WTARULDDTDQWMU-UHFFFAOYSA-N,45.62136979703737
WTEVQBCEXWBHNA-UHFFFAOYSA-N,59.83641431937494
WTFQLRFJNHTEIC-UHFFFAOYSA-N,27.756682117147474
WTPYRCJDOZVZON-UHFFFAOYSA-N,56.99125958223034
WTWBUQJHJGUZCY-UHFFFAOYSA-N,55.09465835836864
WTWWTKPAEZQYPW-UHFFFAOYSA-N,108.5
WUOACPNHFRMFPN-UHFFFAOYSA-N,57.72090119475723
WURYWHAKEJHAOV-UHFFFAOYSA-N,40.00000000000001
WVDDGKGOMKODPV-UHFFFAOYSA-N,72.919203023889
WVIIMZNLDWSIRH-UHFFFAOYSA-N,58.3
WVLBCYQITXONBZ-UHFFFAOYSA-N,47.49999999999999
WVNMLOGVAVGQIT-UHFFFAOYSA-N,76.09999999999997
WVRPFQGZHKZCEB-UHFFFAOYSA-N,42.05117117411333
WVYWICLMDOOCFB-UHFFFAOYSA-N,52.583217992428416
WWDOVTHLTQFGOZ-UHFFFAOYSA-N,90.1055126204366
WWGUMAYGTYQSGA-UHFFFAOYSA-N,70.44051898106406
WWNGLKDLYKNGGT-UHFFFAOYSA-N,47.29999999999999
WWQSMJYMCWMODI-UHFFFAOYSA-N,98.0
WWRCMNKATXZARA-UHFFFAOYSA-N,49.004072353449445
WWUVJRULCWHUSA-UHFFFAOYSA-N,30.297564330730673
WWZKQHOCKIZLMA-UHFFFAOYSA-N,130.2138039704958
WXBXVVIUZANZAU-UHFFFAOYSA-N,74.03695834288524
WXEHBUMAEPOYKP-UHFFFAOYSA-N,31.5
WXHYOGXBESCULU-UHFFFAOYSA-N,37.80128861872313
WXNZTHHGJRFXKQ-UHFFFAOYSA-N,64.39999999999999
WXPWPYISTQCNDP-UHFFFAOYSA-N,63.53264361792274
WXWITNRAXGTELB-UHFFFAOYSA-N,31.989031564828828
WXYMNDFVLNUAIA-UHFFFAOYSA-N,65.6
WYACBZDAHNBPPB-UHFFFAOYSA-N,62.90299667433011
WYEDBMPUQDXWEF-UHFFFAOYSA-N,63.59999999999999
WYJOVVXUZNRJQY-UHFFFAOYSA-N,57.100000000000016
WYPQHXVMNVEVEB-UHFFFAOYSA-N,79.96611023387409
WYURNTSHIVDZCO-UHFFFAOYSA-N,32.5
WYVAMUWZEOHJOQ-UHFFFAOYSA-N,24.50623796404217
WYYWMBKUPQWNRU-UHFFFAOYSA-N,73.19999999999997
WZHKDGJSXCTSCK-UHFFFAOYSA-N,35.599999999999994
WZLFPVPRZGTCKP-UHFFFAOYSA-N,40.64943024599351
WZQXCQFRVQAFBO-UHFFFAOYSA-N,63.70000000000001
XAFLGQFKKHZYMU-UHFFFAOYSA-N,78.80000000000001
XAHBEACGJQDUPF-UHFFFAOYSA-N,32.805640973154155
XAJOPMVSQIBJCW-UHFFFAOYSA-N,32.56140141436365
XAOGXQMKWQFZEM-UHFFFAOYSA-N,47.32532509733326
XAPCMTMQBXLDBB-UHFFFAOYSA-N,63.202787874982015
XAWCLWKTUKMCMO-UHFFFAOYSA-N,76.83442703406313
XAZKFISIRYLAEE-UHFFFAOYSA-N,34.289096541467515
XBDQKXXYIPTUBI-UHFFFAOYSA-N,51.750479991229405
XBEADGFTLHRJRB-UHFFFAOYSA-N,82.39999999999999
XBNGYFFABRKICK-UHFFFAOYSA-N,52.2
XBSWGFUCFLITEY-UHFFFAOYSA-N,42.3
XCIXKGXIYUWCLL-UHFFFAOYSA-N,56.900000000000006
XCTSGGVBLWBSIJ-UHFFFAOYSA-N,62.100000000000016
XCWPBWWTGHQKDR-UHFFFAOYSA-N,82.90000000000003
XCWPXUNHSPOFGV-UHFFFAOYSA-N,58.20593353768571
XCXKZBWAKKPFCJ-UHFFFAOYSA-N,96.09245079973216
XCYJPXQACVEIOS-UHFFFAOYSA-N,48.5306779821835
XDFQEFFBRPGSMC-UHFFFAOYSA-N,47.8
XDHOEHJVXXTEDV-UHFFFAOYSA-N,35.77114381461498
XDIAMRVROCPPBK-UHFFFAOYSA-N,36.83848571514872
XDRDDPSGUQMOBO-UHFFFAOYSA-N,45.99999999999999
XDTMQSROBMDMFD-UHFFFAOYSA-N,33.54502591338115
XDULUGNXCNQBNS-UHFFFAOYSA-N,39.70000000000001
XEAIHUDTEINXFG-UHFFFAOYSA-N,68.58954618405632
XEAMDSXSXYAICO-UHFFFAOYSA-N,51.45524796992051
XEDHGVKVXZBXDP-UHFFFAOYSA-N,31.23163654844089
XEKOWRVHYACXOJ-UHFFFAOYSA-N,35.1097708464699
XEKTVXADUPBFOA-UHFFFAOYSA-N,43.099999999999994
XEQSPMCNFJQDHU-UHFFFAOYSA-N,40.90642157373883
XESZUVZBAMCAEJ-UHFFFAOYSA-N,96.5
XEZNGIUYQVAUSS-UHFFFAOYSA-N,86.1
XFNJVJPLKCPIBV-UHFFFAOYSA-N,50.20000000000001
XFNJYAKDBJUJAJ-UHFFFAOYSA-N,42.099999999999994
XFPXWDJICXBWRU-UHFFFAOYSA-N,70.41299974224768
XFRVVPUIAFSTFO-UHFFFAOYSA-N,99.11775755367232
XFXVBQXMPXWXPN-UHFFFAOYSA-N,89.09999999999997
XGAMQNYEIPCUIZ-UHFFFAOYSA-N,84.99999999999997
XGCKOSFYXBAPQM-UHFFFAOYSA-N,44.430599272392215
XGFDHKJUZCCPKQ-UHFFFAOYSA-N,135.0325394810862
XGLHRCWEOMNVKS-UHFFFAOYSA-N,38.001200774232125
XGQJZNCFDLXSIJ-UHFFFAOYSA-N,103.81683118032817
XHFGWHUWQXTGAT-UHFFFAOYSA-N,30.699999999999996
XHIUFYZDQBSEMF-UHFFFAOYSA-N,43.72232028022544
XHJRPRSNHKNGLW-UHFFFAOYSA-N,120.8
XHLHPRDBBAGVEG-UHFFFAOYSA-N,64.99999999999997
XHNIFDXYGLPJLP-UHFFFAOYSA-N,54.01637099596552
XHXUANMFYXWVNG-UHFFFAOYSA-N,68.51210435003007
XIIJQOYMVIJNEP-UHFFFAOYSA-N,36.5
XILPLWOGHPSJBK-UHFFFAOYSA-N,41.8
XINCECQTMHSORG-UHFFFAOYSA-N,46.82411484448894
XIRNKXNNONJFQO-UHFFFAOYSA-N,124.40865674259813
XIUXKAZJZFLLDQ-UHFFFAOYSA-N,89.9182029326494
XJHQVZQZUGLZLS-UHFFFAOYSA-N,68.58954618405632
XJIRSLHMKBUGMR-UHFFFAOYSA-N,44.70000000000001
XJKSTNDFUHDPQJ-UHFFFAOYSA-N,101.70000000000002
XJLDYKIEURAVBW-UHFFFAOYSA-N,66.32925825204046
XJMMNTGIMDZPMU-UHFFFAOYSA-L,64.35118034205898
XJOQNDHCYRZZBQ-UHFFFAOYSA-N,153.66763670212495
XJPBRODHZKDRCB-UHFFFAOYSA-N,60.878684669350406
XJRHWVMSUNRDCA-UHFFFAOYSA-N,70.6
XJTQJERLRPWUGL-UHFFFAOYSA-N,55.200000000000024
XKEFYDZQGKAQCN-UHFFFAOYSA-N,58.999999999999986
XKIRHOWVQWCYBT-UHFFFAOYSA-N,57.299999999999976
XKMDZVINHIFHLY-UHFFFAOYSA-N,54.969992244059185
XKSUVRWJZCEYQQ-UHFFFAOYSA-N,54.000000000000014
XKVUYEYANWFIJX-UHFFFAOYSA-N,65.9
XKWSWANXMRXDES-UHFFFAOYSA-N,88.03718485614723
XKYICAQFSCFURC-UHFFFAOYSA-N,45.27029881659207
XLJDNKNPKUBQMX-UHFFFAOYSA-N,56.40000000000001
XLJMAIOERFSOGZ-UHFFFAOYSA-N,29.04086774094403
XLJQPXVBQNJNLW-UHFFFAOYSA-N,19.510400416906304
XLLIQLLCWZCATF-UHFFFAOYSA-N,50.3
XLOMVQKBTHCTTD-UHFFFAOYSA-N,298.80706012180536
XLSMFKSTNGKWQX-UHFFFAOYSA-N,46.97174574466606
XLYOFNOQVPJJNP-UHFFFAOYSA-N,43.54735715809903
XMCRWEBERCXJCH-UHFFFAOYSA-N,63.59999999999999
XMGQYMWWDOXHJM-UHFFFAOYSA-N,48.70295287530635
XMLQWXUVTXCDDL-UHFFFAOYSA-N,119.28114595824144
XMROPFQWHHUFFS-UHFFFAOYSA-N,44.1
XMSXQFUHVRWGNA-UHFFFAOYSA-N,54.607792497708154
XMUJIPOFTAHSOK-UHFFFAOYSA-N,74.09805201769949
XMVBHZBLHNOQON-UHFFFAOYSA-N,80.31813692990998
XMYFZAWUNVHVGI-UHFFFAOYSA-N,35.599999999999994
XNCNNDVCAUWAIT-UHFFFAOYSA-N,53.35068388593144
XNIOWJUQPMKCIJ-UHFFFAOYSA-N,74.49999999999999
XNJAYQHWXYJBBD-UHFFFAOYSA-N,58.7
XNLICIUVMPYHGG-UHFFFAOYSA-N,37.29031893781439
XNMQEEKYCVKGBD-UHFFFAOYSA-N,26.699999999999996
XNNQFQFUQLJSQT-UHFFFAOYSA-N,35.593127458235074
XNWFRZJHXBZDAG-UHFFFAOYSA-N,45.8
XNXIYYFOYIUJIW-UHFFFAOYSA-N,53.00000000000001
XOFRNKSLTXTYFI-UHFFFAOYSA-N,31.0
XOTGLEGIDHZTIM-UHFFFAOYSA-N,51.537453137637414
XOUQAVYLRNOXDO-UHFFFAOYSA-N,67.7525772402491
XPFTVTFOOTVHIA-UHFFFAOYSA-N,79.09640897142695
XPFVYQJUAUNWIW-UHFFFAOYSA-N,55.86362859405909
XPIJMQVLTXAGME-UHFFFAOYSA-N,48.60000000000001
XPQPWPZFBULGKT-UHFFFAOYSA-N,72.58085159236484
XPRULOZMJZDZEF-UHFFFAOYSA-N,81.79999999999997
XPWWDZRSNFSLRQ-UHFFFAOYSA-N,40.79999999999999
XQABVLBGNWBWIV-UHFFFAOYSA-N,55.100000000000016
XQPZQXTWYZAXAK-UHFFFAOYSA-N,61.403874986256895
XQQBUAPQHNYYRS-UHFFFAOYSA-N,37.468838406338065
XQQVOBPJWHQXEN-UHFFFAOYSA-N,84.59999999999997
XQQZRZQVBFHBHL-UHFFFAOYSA-N,65.70000000000002
XRFWKHVQMACVTA-UHFFFAOYSA-N,44.52190896230257
XRJPCYYFUVEELV-UHFFFAOYSA-N,53.599999999999994
XRKOOHTZZDPJNE-UHFFFAOYSA-N,29.23277391779832
XRVCFZPJAHWYTB-UHFFFAOYSA-N,80.19999999999999
XRYQBEKUOAMYRG-UHFFFAOYSA-N,31.544993111880725
XRYSDRCNTMEYFH-UHFFFAOYSA-N,69.89999999999998
XSAYZAUNJMRRIR-UHFFFAOYSA-N,66.07216084126945
XSBHWHZJHSUCOI-UHFFFAOYSA-N,53.2
XSCHRSMBECNVNS-UHFFFAOYSA-N,58.7
XSIFPSYPOVKYCO-UHFFFAOYSA-N,61.65169505011986
XSJVWZAETSBXKU-UHFFFAOYSA-N,30.0
XSQUKJJJFZCRTK-UHFFFAOYSA-N,86.57946915258218
XSROQCDVUIHRSI-UHFFFAOYSA-N,35.800000000000004
XSTXAVWGXDQKEL-UHFFFAOYSA-N,36.04463804779711
XSWSEQPWKOWORN-UHFFFAOYSA-N,85.50804120271354
XTAZYLNFDRKIHJ-UHFFFAOYSA-N,110.4
XTDKZSUYCXHXJM-UHFFFAOYSA-N,39.29999999999999
XTDYIOOONNVFMA-UHFFFAOYSA-N,60.22007852222279
XTHFKEDIFFGKHM-UHFFFAOYSA-N,36.8
XTJFFFGAUHQWII-UHFFFAOYSA-N,92.69999999999996
XTRPJEPJFXGYCI-UHFFFAOYSA-N,18.880411786215745
XTUXVDJHGIEBAA-UHFFFAOYSA-N,39.458203640499384
XTVRLCUJHGUXCP-UHFFFAOYSA-N,39.70000000000001
XUGNVMKQXJXZCD-UHFFFAOYSA-N,170.28713137160187
XULHFMYCBKQGEE-UHFFFAOYSA-N,91.4356454710876
XUPYJHCZDLZNFP-UHFFFAOYSA-N,48.14696620351589
XUWHAWMETYGRKB-UHFFFAOYSA-N,70.49999999999997
XUXJQANAPZHLMK-UHFFFAOYSA-N,48.8
XVAIDCNLVLTVFM-UHFFFAOYSA-N,92.00000000000004
XVDBWWRIXBMVJV-UHFFFAOYSA-N,41.50000000000001
XVJLBEOUWYKBDQ-UHFFFAOYSA-N,79.29999999999998
XVSZRAWFCDHCBP-UHFFFAOYSA-N,68.97648959844733
XVWSFDAKJCLUGG-UHFFFAOYSA-N,87.79999999999998
XXBDWLFCJWSEKW-UHFFFAOYSA-N,49.8
XXEPPPIWZFICOJ-UHFFFAOYSA-N,71.59999999999997
XXHDAWYDNSXJQM-UHFFFAOYSA-N,62.578187175297195
XXIKYCPRDXIMQM-UHFFFAOYSA-N,68.58954618405632
XXJWXESWEXIICW-UHFFFAOYSA-N,65.80269410113911
XXPBFNVKTVJZKF-UHFFFAOYSA-N,76.60000000000001
XXPBOEBNDHAAQH-UHFFFAOYSA-N,88.81323584567853
XXROGKLTLUQVRX-UHFFFAOYSA-N,44.52790483378061
XXXQDPROWGQIIR-UHFFFAOYSA-N,296.5637193410573
XYDYODCWVCBIOQ-UHFFFAOYSA-N,45.99999999999999
XYIBRDXRRQCHLP-UHFFFAOYSA-N,52.49724969935557
XYLMUPLGERFSHI-UHFFFAOYSA-N,47.34389188955151
XYWDPYKBIRQXQS-UHFFFAOYSA-N,39.60000000000001
XZKOELJOFVHXRS-UHFFFAOYSA-N,31.2
XZNGUVQDFJHPLU-UHFFFAOYSA-N,49.4
YAYNEUUHHLGGAH-UHFFFAOYSA-N,72.49999999999997
YBJDKNXEWQSGEL-UHFFFAOYSA-N,57.100000000000016
YBKSMWBLSBAFBQ-UHFFFAOYSA-N,266.03261450592544
YBMDPYAEZDJWNY-UHFFFAOYSA-N,27.663804416943808
YBOXGRMAQIYMGV-UHFFFAOYSA-N,46.400000000000006
YBRBMKDOPFTVDT-UHFFFAOYSA-N,29.569769634666
YBYIRNPNPLQARY-UHFFFAOYSA-N,48.1679507545402
YCBOYOYVDOUXLH-UHFFFAOYSA-N,38.60004775933174
YCCQGFYAVUTQFK-UHFFFAOYSA-N,49.29999999999999
YCGAWBMIWOPTEK-UHFFFAOYSA-N,71.10000000000001
YCIMNLLNPGFGHC-UHFFFAOYSA-N,71.89999999999999
YCOXTKKNXUZSKD-UHFFFAOYSA-N,69.98198501074066
YCOZIPAWZNQLMR-UHFFFAOYSA-N,79.15961423645751
YCTDZYMMFQCTEO-UHFFFAOYSA-N,39.110282970372225
YDLSUFFXJYEVHW-UHFFFAOYSA-N,85.29999999999997
YDLYQMBWCWFRAI-UHFFFAOYSA-N,211.2691121910739
YDQUAHYQNTZSBU-UHFFFAOYSA-N,36.651522718860974
YEJRWHAVMIAJKC-UHFFFAOYSA-N,46.66554511281241
YEQONIQGGSENJQ-UHFFFAOYSA-N,90.45343329056377
YERFHJZYNMRVLO-UHFFFAOYSA-N,69.55448443895736
YEYKMVJDLWJFOA-UHFFFAOYSA-N,52.10000000000001
YFDBNXBLJICGCE-UHFFFAOYSA-N,34.18547711235381
YFDJCWXBKWRDPW-UHFFFAOYSA-N,110.7035324995503
YFDREPVYVBGJDD-UHFFFAOYSA-N,144.474190527772
YFIBSNDOVCWPBL-UHFFFAOYSA-N,34.444522396767276
YFKBXYGUSOXJGS-UHFFFAOYSA-N,84.59999999999997
YFMFNYKEUDLDTL-UHFFFAOYSA-N,18.9
YFNKIDBQEZZDLK-UHFFFAOYSA-N,63.70000000000001
YFOOEYJGMMJJLS-UHFFFAOYSA-N,79.60000000000002
YFSQYUBYYKHCQV-UHFFFAOYSA-N,74.70000000000003
YFTHZRPMJXBUME-UHFFFAOYSA-N,46.2
YGCGPCUUTAKOEU-UHFFFAOYSA-N,258.6286951366554
YGFGZTXGYTUXBA-UHFFFAOYSA-N,48.85397087873947
YGHAIPJLMYTNAI-UHFFFAOYSA-N,101.1395681587546
YGHRJJRRZDOVPD-UHFFFAOYSA-N,38.651287341424606
YGSDEFSMJLZEOE-UHFFFAOYSA-N,105.31248294695736
YGYNBBAUIYTWBF-UHFFFAOYSA-N,65.15848042138916
YGZVAQICDGBHMD-UHFFFAOYSA-N,72.41235358411893
YHQGMYUVUMAZJR-UHFFFAOYSA-N,46.586757566524106
YHQXBTXEYZIYOV-UHFFFAOYSA-N,24.55853375881609
YHRUOJUYPBUZOS-UHFFFAOYSA-N,40.9
YHYBNVZCQIDLSQ-UHFFFAOYSA-N,63.99999999999998
YICAMJWHIUMFDI-UHFFFAOYSA-N,86.19999999999999
YIWFBNMYFYINAD-UHFFFAOYSA-N,24.592680229378175
YIWUKEYIRIRTPP-UHFFFAOYSA-N,69.5784543027034
YIYBQIKDCADOSF-UHFFFAOYSA-N,66.12232752761275
YJCVRMIJBXTMNR-UHFFFAOYSA-N,53.8
YJINQJFQLQIYHX-UHFFFAOYSA-N,89.65818604455879
YJNCHJAXCNQATD-UHFFFAOYSA-N,78.32832063717994
YJTKZCDBKVTVBY-UHFFFAOYSA-N,97.19999999999996
YJUFGFXVASPYFQ-UHFFFAOYSA-N,59.09999999999999
YJWJGLQYQJGEEP-UHFFFAOYSA-N,47.88587810927971
YJZRTAHDRCUJQT-UHFFFAOYSA-N,92.1
YKFKEYKJGVSEIX-UHFFFAOYSA-N,56.164688430125146
YKFLAYDHMOASIY-UHFFFAOYSA-N,49.75348369950269
YKNWIILGEFFOPE-UHFFFAOYSA-N,132.68287261022525
YKOLZVXSPGIIBJ-UHFFFAOYSA-N,61.799999999999976
YKPNYFKOKKKGNM-UHFFFAOYSA-N,47.29999999999999
YKYONYBAUNKHLG-UHFFFAOYSA-N,38.84166545333526
YLCHTSSXNSNXSW-UHFFFAOYSA-N,64.29999999999998
YLFBFPXKTIQSSY-UHFFFAOYSA-N,46.7
YLHTWBSSXRGRNF-UHFFFAOYSA-N,134.3610546462237
YLNSNVGRSIOCEU-UHFFFAOYSA-N,58.400000000000006
YLQBMQCUIZJEEH-UHFFFAOYSA-N,28.00465454695492
YLQWCDOCJODRMT-UHFFFAOYSA-N,79.90000000000002
YLYBTZIQSIBWLI-UHFFFAOYSA-N,62.67462355489924
YMBNRMDSLJNNPF-UHFFFAOYSA-N,46.9
YMNTZRCUPAYGLG-UHFFFAOYSA-N,38.71661724051326
YMOONIIMQBGTDU-UHFFFAOYSA-N,59.263638006426554
YMRMDGSNYHCUCL-UHFFFAOYSA-N,26.8
YMWUJEATGCHHMB-UHFFFAOYSA-N,29.46607469761196
YNAVUWVOSKDBBP-UHFFFAOYSA-N,40.46445242326547
YNBADRVTZLEFNH-UHFFFAOYSA-N,61.19999999999998
YNLBBDHDNIXQNL-UHFFFAOYSA-N,46.04014049668656
YNOOQIUSYGWMSS-UHFFFAOYSA-N,52.5
YNPNZTXNASCQKK-UHFFFAOYSA-N,78.7
YNPVNLWKVZZBTM-UHFFFAOYSA-N,75.467282842201
YNQLUTRBYVCPMQ-UHFFFAOYSA-N,41.555495377631175
YOMFMRKXKXJWJM-UHFFFAOYSA-N,94.09999999999998
YOSDTJYMDAEEAZ-UHFFFAOYSA-N,61.99999999999999
YPFDHNVEDLHUCE-UHFFFAOYSA-N,71.0435532864123
YPIGHNIIXYSPKF-UHFFFAOYSA-N,83.20000000000005
YPLYFEUBZLLLIY-UHFFFAOYSA-N,69.59999999999998
YPMNDMUOGQJCLW-UHFFFAOYSA-N,48.1
YPWFISCTZQNZAU-UHFFFAOYSA-N,42.8
YPZUZOLGGMJZJO-UHFFFAOYSA-N,14.783763375122716
YQDGQEKUTLYWJU-UHFFFAOYSA-N,57.600000000000016
YQHLDYVWEZKEOX-UHFFFAOYSA-N,69.89999999999998
YQLIHRFKJJQBAF-UHFFFAOYSA-N,86.60000000000001
YQLZOAVZWJBZSY-UHFFFAOYSA-N,80.19999999999999
YQNVKSQBACJWHD-UHFFFAOYSA-N,64.50000000000003
YQUQWHNMBPIWGK-UHFFFAOYSA-N,70.59068056098029
YQZBFMJOASEONC-UHFFFAOYSA-N,52.7
YRAJNWYBUCUFBD-UHFFFAOYSA-N,59.50000000000001
YRCBNVMRRBIDNF-UHFFFAOYSA-N,46.66356487342402
YRDSYPITPPQNED-UHFFFAOYSA-N,73.5
YRGAYAGBVIXNAQ-UHFFFAOYSA-N,54.79999999999998
YRHYCMZPEVDGFQ-UHFFFAOYSA-N,67.88957966769217
YRKCREAYFQTBPV-UHFFFAOYSA-N,46.63307765610684
YRXUQYBLFBZHNE-UHFFFAOYSA-N,39.78224683838326
YSAANLSYLSUVHB-UHFFFAOYSA-N,61.7
YSHMQTRICHYLGF-UHFFFAOYSA-N,52.7
YSIMAPNUZAVQER-UHFFFAOYSA-N,58.417559644385705
YSLFMGDEEXOKHF-UHFFFAOYSA-N,25.156141484426012
YSQZSPCQDXHJDJ-UHFFFAOYSA-N,71.10000000000001
YSRSBDQINUMTIF-UHFFFAOYSA-N,106.04711397151132
YSSSPARMOAYJTE-UHFFFAOYSA-N,137.00000000000006
YTBRNEUEFCNVHC-UHFFFAOYSA-N,81.4
YTLXXJFDHBDYDC-UHFFFAOYSA-N,37.50000000000001
YTPLMLYBLZKORZ-UHFFFAOYSA-N,34.69677284087083
YTXCAJNHPVBVDJ-UHFFFAOYSA-N,257.4038621944484
YTZCZYFFHKYOBJ-UHFFFAOYSA-N,41.54572766126224
YTZKOQUCBOVLHL-UHFFFAOYSA-N,47.46576345191704
YUECNVSODFDKOQ-UHFFFAOYSA-N,56.00880339236963
YUFORDGPFXRAEO-UHFFFAOYSA-N,44.91594012778079
YUKILTJWFRTXGB-UHFFFAOYSA-N,53.599999999999994
YULMNMJFAZWLLN-UHFFFAOYSA-N,36.1
YUMSFAHUVUYTKV-UHFFFAOYSA-N,105.29999999999995
YUQQQYGEDJGUCI-UHFFFAOYSA-N,30.76876973207574
YUWFEBAXEOLKSG-UHFFFAOYSA-N,68.60000000000001
YUXIBTJKHLUKBD-UHFFFAOYSA-N,79.10000000000002
YVBAUDVGOFCUSG-UHFFFAOYSA-N,83.5828929029738
YVBBRRALBYAZBM-UHFFFAOYSA-N,40.70000000000001
YVBCULSIZWMTFY-UHFFFAOYSA-N,62.799999999999976
YVHDBWCXOLXDDD-UHFFFAOYSA-N,71.0
YVTBOWVWYXJHLD-UHFFFAOYSA-N,94.09999999999998
YVTPTBVYGTYTKP-UHFFFAOYSA-N,265.96666816635224
YVYHOOYMDHZALB-UHFFFAOYSA-N,45.599999999999994
YWAKXRMUMFPDSH-UHFFFAOYSA-N,25.5
YWFWDNVOPHGWMX-UHFFFAOYSA-N,69.5
YWMUJGKROQVGHA-UHFFFAOYSA-N,39.064144944886785
YWWVWXASSLXJHU-UHFFFAOYSA-N,98.725284517958
YWXLSHOWXZUMSR-UHFFFAOYSA-N,50.29641117981468
YWYCGTZNHWYQBD-UHFFFAOYSA-N,31.53379337595729
YXAGIRHBJJLWHW-UHFFFAOYSA-N,60.10162557928236
YXDXXGXWFJCXEB-UHFFFAOYSA-N,44.79999999999999
YXFVVABEGXRONW-UHFFFAOYSA-N,37.58824721271412
YXLCVBVDFKWWRW-UHFFFAOYSA-N,38.9
YXWWHNCQZBVZPV-UHFFFAOYSA-N,58.899999999999984
YYCPSEFQLGXPCO-UHFFFAOYSA-N,49.33337928958665
YYJWBYNQJLBIGS-UHFFFAOYSA-N,54.15921346577863
YYLLIJHXUHJATK-UHFFFAOYSA-N,50.79753985987072
YYPNJNDODFVZLE-UHFFFAOYSA-N,87.73588137734615
YYZUSRORWSJGET-UHFFFAOYSA-N,61.79342608994469
YZGQDNOIGFBYKF-UHFFFAOYSA-N,69.09999999999998
YZWKKMVJZFACSU-UHFFFAOYSA-N,41.099999999999994
YZWRNSARCRTXDS-UHFFFAOYSA-N,91.09999999999998
ZAFNJMIOTHYJRJ-UHFFFAOYSA-N,32.39999999999999
ZAJKEDQTROWDDD-UHFFFAOYSA-N,40.06373714017384
ZAJNGDIORYACQU-UHFFFAOYSA-N,61.68817778530757
ZALHPSXXQIPKTQ-UHFFFAOYSA-N,47.51062049897689
ZAZKJZBWRNNLDS-UHFFFAOYSA-N,88.93878934226727
ZBIZLXMISNHYIG-UHFFFAOYSA-N,45.599999999999994
ZBQFYVZOWLAJKN-UHFFFAOYSA-N,51.00928158331728
ZCBZQEYJWBUONO-UHFFFAOYSA-N,54.7
ZCFOBLITZWHNNC-UHFFFAOYSA-N,46.0452320962867
ZCHHRLHTBGRGOT-UHFFFAOYSA-N,54.8139701443114
ZCQWOFVYLHDMMC-UHFFFAOYSA-N,32.5
ZCTQGTTXIYCGGC-UHFFFAOYSA-N,96.8
ZCZSIDMEHXZRLG-UHFFFAOYSA-N,56.21695613604425
ZDDDFDQTSXYYSE-UHFFFAOYSA-N,39.8
ZDIXOWNDGFVYNK-UHFFFAOYSA-N,82.94955463505298
ZDLBWMYNYNATIW-UHFFFAOYSA-N,251.584467075738
ZDOYHCIRUPHUHN-UHFFFAOYSA-N,60.1
ZDPHROOEEOARMN-UHFFFAOYSA-N,113.56173788213842
ZDRNMODJXFOYMN-UHFFFAOYSA-N,108.69229847298315
ZEKLXAZDDKNQBK-UHFFFAOYSA-N,51.899999999999984
ZENJJKDYBBKFAI-UHFFFAOYSA-N,78.28599862566666
ZENZJGDPWWLORF-UHFFFAOYSA-N,108.35616928892888
ZEOVXNVKXIPWMS-UHFFFAOYSA-N,32.10000000000001
ZERULLAPCVRMCO-UHFFFAOYSA-N,42.8684748681392
ZFDFITYPADKELQ-UHFFFAOYSA-N,82.90000000000003
ZFDIRQKJPRINOQ-UHFFFAOYSA-N,46.365308315996934
ZFFLXJVVPHACEG-UHFFFAOYSA-N,31.0
ZFFMLCVRJBZUDZ-UHFFFAOYSA-N,29.1
ZFMSMUAANRJZFM-UHFFFAOYSA-N,58.220651988216574
ZFMUIJVOIVHGCF-UHFFFAOYSA-N,66.79184310489973
ZFNVDHOSLNRHNN-UHFFFAOYSA-N,72.60000000000001
ZFRKQXVRDFCRJG-UHFFFAOYSA-N,77.17459204190753
ZGEGCLOFRBLKSE-UHFFFAOYSA-N,36.54865251546977
ZGHFDIIVVIFNPS-UHFFFAOYSA-N,36.13832099574323
ZGIKWINFUGEQEO-UHFFFAOYSA-N,70.70000000000003
ZGJCTUKRTSBTIQ-UHFFFAOYSA-N,46.400000000000006
ZGPPERKMXSGYRK-UHFFFAOYSA-N,61.403874986256895
ZGXMNEKDFYUNDQ-UHFFFAOYSA-N,39.73331507809056
ZHFXSKJYCSWRJA-UHFFFAOYSA-N,48.3
ZHHZHHSFKCANOC-UHFFFAOYSA-N,42.77144031364091
ZHNUHDYFZUAESO-UHFFFAOYSA-N,63.79999999999997
ZHYZQXUYZJNEHD-UHFFFAOYSA-N,64.77977658360358
ZHZCYWWNFQUZOR-UHFFFAOYSA-N,45.15961437863513
ZIBGPFATKBEMQZ-UHFFFAOYSA-N,69.06197629887981
ZIJYSQOSFYJRCL-UHFFFAOYSA-N,74.63655643873199
ZISSAWUMDACLOM-UHFFFAOYSA-N,32.140621568441695
ZJIJAJXFLBMLCK-UHFFFAOYSA-N,32.10000000000001
ZJLMKPKYJBQJNH-UHFFFAOYSA-N,49.7
ZJMWRROPUADPEA-UHFFFAOYSA-N,48.94751381502727
ZJUMDMPLYKRQAJ-UHFFFAOYSA-N,86.39999999999996
ZKHOYAKAFALNQD-UHFFFAOYSA-N,157.49999999999994
ZLCSFXXPPANWQY-UHFFFAOYSA-N,46.02575914895515
ZLIOPNROBPMBFI-UHFFFAOYSA-N,165.79909243197991
ZMANZCXQSJIPKH-UHFFFAOYSA-N,35.099999999999994
ZMEDGZAGMLTROM-UHFFFAOYSA-N,48.1
ZMGLKEXFRVGSQA-UHFFFAOYSA-N,46.7
ZMPPFNHWXMJARX-UHFFFAOYSA-N,173.6027775025259
ZMXDDKWLCZADIW-UHFFFAOYSA-N,47.04492956333196
ZMXUNXRABSSJDU-UHFFFAOYSA-N,73.69477607162537
ZMYIIHDQURVDRB-UHFFFAOYSA-N,71.20000000000003
ZNFVRHLUNVCECG-UHFFFAOYSA-N,55.899999999999984
ZNPSUOAGONLMLK-UHFFFAOYSA-N,75.69999999999997
ZNQVEEAIQZEUHB-UHFFFAOYSA-N,48.7
ZNUABQHWFGTOCO-UHFFFAOYSA-N,104.4
ZNUYDMONISMCKK-UHFFFAOYSA-N,113.35072037528936
ZNYQHFLBAPNPRC-UHFFFAOYSA-N,115.73486743089038
ZOASGOXWEHUTKZ-UHFFFAOYSA-N,36.31090029266183
ZOCHHNOQQHDWHG-UHFFFAOYSA-N,54.17845052573682
ZOJBYZNEUISWFT-UHFFFAOYSA-N,44.02663792207935
ZOLLIQAKMYWTBR-UHFFFAOYSA-N,68.00000000000001
ZPGMWBFCBUKITA-UHFFFAOYSA-N,35.599999999999994
ZPHKHTAJPZOPHM-UHFFFAOYSA-N,114.7
ZPQAKYPOZRXKFA-UHFFFAOYSA-N,67.2249337507559
ZPQOPVIELGIULI-UHFFFAOYSA-N,50.5
ZPVFWPFBNIEHGJ-UHFFFAOYSA-N,56.305980766760115
ZPVOLGVTNLDBFI-UHFFFAOYSA-N,51.61068728546456
ZQAYBCWERYRAMF-UHFFFAOYSA-N,38.0261538712304
ZQBAKBUEJOMQEX-UHFFFAOYSA-N,165.32043921289315
ZQBFAOFFOQMSGJ-UHFFFAOYSA-N,36.0
ZQDPJFUHLCOCRG-UHFFFAOYSA-N,31.47337561299187
ZQEXBVHABAJPHJ-UHFFFAOYSA-N,56.6
ZQGJEUVBUVKZKS-UHFFFAOYSA-N,32.3
ZQPPMHVWECSIRJ-UHFFFAOYSA-N,139.3264619143227
ZQTYQMYDIHMKQB-UHFFFAOYSA-N,52.5
ZRKMQKLGEQPLNS-UHFFFAOYSA-N,41.099999999999994
ZRSNZINYAWTAHE-UHFFFAOYSA-N,61.34608683002146
ZRTXVJYJVBTXHE-UHFFFAOYSA-N,46.400000000000006
ZRYDPLOWJSFQAE-UHFFFAOYSA-N,56.164688430125146
ZSIAUFGUXNUGDI-UHFFFAOYSA-N,60.08340192054996
ZSIQJIWKELUFRJ-UHFFFAOYSA-N,44.20000000000001
ZSPTYLOMNJNZNG-UHFFFAOYSA-N,47.78401989702704
ZSWFCLXCOIISFI-UHFFFAOYSA-N,28.278825997063965
ZTEHOZMYMCEYRM-UHFFFAOYSA-N,63.99999999999998
ZTLKOYAJKRWSKL-UHFFFAOYSA-N,197.29617844373547
ZTQSAGDEMFDKMZ-UHFFFAOYSA-N,33.91468368943188
ZUBZATZOEPUUQF-UHFFFAOYSA-N,44.10606023048861
ZUDAICPAUJSPHK-UHFFFAOYSA-N,76.93321278578821
ZUHZGEOKBKGPSW-UHFFFAOYSA-N,76.89999999999998
ZUHZZVMEUAUWHY-UHFFFAOYSA-N,33.32686238009739
ZUNKPQMZTMJVOB-UHFFFAOYSA-N,57.299999999999976
ZUOUZKKEUPVFJK-UHFFFAOYSA-N,67.75613970449986
ZUSMXUXZJCOSPV-UHFFFAOYSA-N,151.76599196210904
ZUTYZAFDFLLILI-UHFFFAOYSA-N,74.66136863426254
ZVEJRZRAUYJYCO-UHFFFAOYSA-N,69.5
ZVEZMVFBMOOHAT-UHFFFAOYSA-N,57.60163209507138
ZVFDTKUVRCTHQE-UHFFFAOYSA-N,93.58215117892094
ZVHZPFSWZWSDEN-UHFFFAOYSA-N,29.639213526485285
ZVPXWHSRKVDOIN-UHFFFAOYSA-N,94.30000000000004
ZVZQKNVMDKSGGF-UHFFFAOYSA-N,71.0
ZWEHNKRNPOVVGH-UHFFFAOYSA-N,34.91573589970487
ZWNMRZQYWRLGMM-UHFFFAOYSA-N,85.20000000000003
ZWNPUELCBZVMDA-UHFFFAOYSA-N,67.13195740124203
ZWPUOFSQNASCII-UHFFFAOYSA-N,50.9
ZWPVHELAQPIZHO-UHFFFAOYSA-N,87.40000000000005
ZWRUINPWMLAQRD-UHFFFAOYSA-N,79.31587691229797
ZXABMDQSAABDMG-UHFFFAOYSA-N,37.112859086104216
ZXEKIIBDNHEJCQ-UHFFFAOYSA-N,52.41529148938997
ZXIJMRYMVAMXQP-UHFFFAOYSA-N,36.7
ZXKFFOMHVCMTEV-UHFFFAOYSA-N,35.87152112142357
ZXPWFWWSCFIFII-UHFFFAOYSA-N,98.90000000000002
ZXTVBLZVILLKPM-UHFFFAOYSA-N,48.1
ZXUJWPHOPHHZLR-UHFFFAOYSA-N,34.04523184930237
ZXVZGGVDYOBILI-UHFFFAOYSA-N,29.627773784673018
ZYAMKYAPIQPWQR-UHFFFAOYSA-N,31.59999999999999
ZYDGQQTXLBNSGJ-UHFFFAOYSA-N,52.79999999999999
ZYNDJIBBPLNPOW-UHFFFAOYSA-N,124.69999999999996
ZYTGEAXLNDKCTI-UHFFFAOYSA-N,99.94669728974718
ZYURHZPYMFLWSH-UHFFFAOYSA-N,140.44249723166564
ZYVYEJXMYBUCMN-UHFFFAOYSA-N,33.281564550478365
ZZLCFHIKESPLTH-UHFFFAOYSA-N,69.20000000000003
ZZXUZKXVROWEIF-UHFFFAOYSA-N,63.499999999999986
