ikey,raw_mean,raw_median,n_obs,homoset_Ladaptive_noise25,homoset_Ladaptive_noise50,homoset_L0.6_noise25,homoset_L0.6_noise50,conflict,n_sources,n_accepted_sources,fell_back_raw,mixle_gauss,mixle_gauss_sd,mixle_robust,mixle_robust_sd,min_obs_weight,expt,d_expt
ABDKAPXRBAPSQN-UHFFFAOYSA-N,-4.7471236537637225,-4.7471236537637225,1,-4.8245577139688205,-4.8245577139688205,-4.7471236537637225,-4.7471236537637225,False,1,1,False,-5.410659229151808,2.0389244389701053,-5.100814054665341,0.9146981842908198,1.0,-5.33,0.1
AEXMKKGTQYQZCS-UHFFFAOYSA-N,2.608279670979146,2.564784050689684,13,2.562887531788407,2.562887531788407,2.56,2.56,False,4,4,False,2.468815464147678,0.20730622856841588,2.5572087422048617,0.02523706209867164,1.0,2.56,0.6
AFABGHUZZDYHJO-UHFFFAOYSA-N,2.493991332736303,2.516257723510395,22,2.5127926212401785,2.5127926212401785,2.52,2.52,False,5,5,False,2.48974656014355,0.09982615379964482,2.5165493170343076,0.009351674447787997,0.7835842894052555,2.51,0.6
AFBPFSWMIHJQDM-UHFFFAOYSA-N,-4.654507485364943,-4.693009114027932,12,-4.692018087724763,-4.692018087724763,-4.6850000000000005,-4.6850000000000005,False,4,4,False,-4.720396056217286,0.16409582392981958,-4.684155456937797,0.018998756621180522,1.0,-4.69,0.6
AGDYNDJUZRMYRG-UHFFFAOYSA-N,-1.5393126843342586,-1.6571099287303148,3,-1.6590064476315918,-1.6590064476315918,-1.6571099287303148,-1.6571099287303148,False,2,2,False,-1.9953721721042932,0.7231280539469104,-1.7172128845707433,0.1953378207568584,1.0,-1.66,0.1
AGEZXYOZHKGVCM-UHFFFAOYSA-N,-2.373789493723431,-2.373789493723431,1,-2.3727984674202616,-2.3727984674202616,-2.373789493723431,-2.373789493723431,False,1,1,False,-2.808937986423933,1.4704237627620684,-2.378440058088353,0.1305747744013537,1.0,-2.38,0.2
AJDIZQLSFPQPEY-UHFFFAOYSA-N,1.5133631825568916,1.7587144333966973,17,1.6812803731915993,1.6812803731915993,1.77,1.77,True,5,5,False,1.6814918323964931,0.12173591623691035,1.7710282265698685,0.012730210165006896,0.3549893827688802,1.77,0.6
AKCRQHGQIJBRMN-UHFFFAOYSA-N,-4.935560168998549,-4.91128860770365,10,-4.911741354002704,-4.911741354002704,-4.91,-4.91,False,4,4,False,-4.978022362014817,0.2217597979886681,-4.922086203597646,0.025717099215174392,0.8012122730297119,-4.91,0.6
AMIMRNSIRUDHCM-UHFFFAOYSA-N,-2.2546444142011812,-2.094719172081503,30,-2.0937281457783334,-2.0937281457783334,-2.86,-2.86,True,4,4,False,-2.7166273738314195,0.18586489789899274,-1.983835615278261,0.03305101608616882,0.00647950378887594,-2.86,0.6
AMQJEAYHLZJPGS-UHFFFAOYSA-N,-3.884242068587007,-4.467389740347479,39,-4.469286259248756,-4.469286259248756,-4.47,-4.47,True,5,5,False,-4.213754846014087,0.0858752325017193,-4.477258732287072,0.008727720265954798,0.0012536735087046124,-4.57,0.6
ANOOTOPTCJRUPK-UHFFFAOYSA-N,0.08161984403006957,0.0818548101283941,7,0.08284583643156349,0.08284583643156349,0.08,0.08,False,3,3,False,0.02863695387807942,0.23000971377142396,0.07879920704619219,0.025743988480628834,1.0,0.08,0.6
AOGQPLXWSUTHQB-UHFFFAOYSA-N,-1.9814078421671288,-2.264649746885572,16,-2.2636587205824026,-2.2636587205824026,-2.2616921606118545,-2.2616921606118545,True,5,5,False,-2.2566735547729646,0.13066939937502015,-2.2621170075733,0.013566934739420517,0.004587959734229463,-2.26,0.6
APQSQLNWAIULLK-UHFFFAOYSA-N,-2.765673989058761,-2.8239909494295987,13,-2.8229999231264293,-2.8229999231264293,-2.82,-2.82,False,5,5,False,-2.832355644939992,0.1304597225007782,-2.822773286985703,0.011423477393755238,0.8158589453149896,-2.82,0.6
AQIXEPGDORPWBJ-UHFFFAOYSA-N,-4.3195689767671945,-4.35,20,-4.35,-4.35,-4.35,-4.35,False,5,5,False,-4.355635412614714,0.10038224323279984,-4.343975985159865,0.008749545113469172,0.8426179621949865,-4.35,0.6
AQXYVFBSOOBBQV-UHFFFAOYSA-N,-7.04548763249043,-7.04548763249043,2,-7.085152922043618,-7.085152922043618,-7.04548763249043,-7.04548763249043,True,2,2,False,-10.387521519694573,0.9638346123868675,-12.220841804597649,0.28338862065050585,0.05245236685471666,-9.53,0.28
ASHGTJPOSUFTGB-UHFFFAOYSA-N,-7.549039481378486,-7.667067215359587,8,-7.666076189056418,-7.666076189056418,-7.66,-7.66,True,4,4,False,-7.696162593014646,0.22636288206411329,-7.662398475143442,0.02615203128741059,1.0,-7.66,0.6
ASUDFOJKTJLAIK-UHFFFAOYSA-N,-6.549091778202676,-6.55,8,-6.55,-6.55,-6.55,-6.55,False,2,2,False,-6.547445231652864,0.10788803751545477,-6.548831175576572,0.010521543389544781,0.7554868829470083,-6.55,0.6
ATUOYWHBWRKTHZ-UHFFFAOYSA-N,2.0464105698528443,1.96451544308146,37,1.9655064693846294,1.9655064693846294,1.96,1.96,True,5,5,False,1.9499035136375795,0.0803966227050274,1.9657688068050883,0.007098775120570422,0.05653955199062597,2.0,0.2
AUHZEENZYGFFBQ-UHFFFAOYSA-N,-0.6741068723523249,-0.7724224820023332,21,-0.7743190009036102,-0.7743190009036102,-0.9,-0.9,True,5,5,False,-0.907234251779521,0.1595546161165601,-0.8913917485556353,0.015602450237488841,0.6636852879856702,-0.9,0.6
AVMSWPWPYJVYKY-UHFFFAOYSA-N,-2.231834956105352,-2.2237223418213747,15,-2.2227313155182054,-2.2227313155182054,-2.22,-2.22,False,5,5,False,-2.2437927675647353,0.12532037303604446,-2.220419560380345,0.012308776082717006,1.0,-2.22,0.6
AZQWKYJCGOJGHM-UHFFFAOYSA-N,-4.537752222626534,-5.783938814531548,7,-5.783938814531548,-5.783938814531548,-6.1419694072657744,-6.1419694072657744,True,5,5,False,-5.701780087752759,0.20152837107443583,-5.787532118527058,0.028057964190033122,0.008887483725476545,-6.5,0.2
BAVYZALUXZFZLV-UHFFFAOYSA-N,-4.612312025124018,-4.56,34,-4.56,-4.56,-4.561309751434035,-4.561309751434035,True,5,5,False,-4.664000741111913,0.07337789963648793,-4.564483706474937,0.00722924822113075,0.0013332539345058353,-4.55,0.6
BBEAQIROQSPTKN-UHFFFAOYSA-N,-4.791515980658143,-4.529299493771144,33,-4.5283084674679746,-4.5283084674679746,-4.462313575525812,-4.462313575525812,True,5,5,False,-4.662398903314031,0.10895656644869574,-4.486156586855091,0.012834483668156193,0.004059388661221052,-4.52,0.6
BBMCTIGTTCKYKF-UHFFFAOYSA-N,-3.596884671667296,-4.2155227216123,26,-4.21453169530913,-4.21453169530913,-4.24,-4.24,True,5,5,False,-4.18227726060509,0.10510141362372546,-4.231616668054726,0.010807496788851394,0.0013893749917312623,-4.21,0.6
BCCOBQSFUDVTJQ-UHFFFAOYSA-N,1.1974244579019528,-0.23713361593647025,16,-0.2390301348377472,-0.2390301348377472,-0.23713361593647025,-0.23713361593647025,True,3,3,False,0.7077870310353208,0.2845259246860419,-0.6119254979757129,0.1016970386157675,0.0064254234418401205,3.43,0.03
BDERNNFJNOPAEC-UHFFFAOYSA-N,-4.4301351140635035,-4.83,47,-4.83,-4.83,-4.83,-4.83,True,5,5,False,-4.746855014987892,0.07956020501047056,-4.83333882448259,0.007654975486355341,0.0010803124987827945,-4.85,0.6
BGTOWKSIORTVQH-UHFFFAOYSA-N,-4.502260793973639,-4.68,21,-4.68,-4.68,-4.6899999999999995,-4.6899999999999995,True,5,5,False,-4.669738860849309,0.11564958831784307,-4.689347470255155,0.01143750450561663,0.19008033914299524,-4.7,0.6
BGUWFUQJCDRPTL-UHFFFAOYSA-N,-5.007100707980894,-7.012228734332433,7,-7.011237708029264,-7.011237708029264,-7.0,-7.0,True,3,3,False,-6.432564954230047,0.22745723600295786,-7.002670196054253,0.02627860990315199,0.002559333500731682,-7.0,0.6
BHAAPTBBJKJZER-UHFFFAOYSA-N,-7.515470881639108,-7.489715126748067,8,-7.488724100444897,-7.488724100444897,-7.48,-7.48,False,3,3,False,-7.5301469579417875,0.22508652993010442,-7.485073234155855,0.0257166245650724,1.0,-7.48,0.6
BKIMMITUMNQMOS-UHFFFAOYSA-N,3.1789130374515593,3.137767721588443,19,3.135871202687166,3.135871202687166,3.13,3.13,True,4,4,False,2.974905577967526,0.18946428123063547,3.1179096480126494,0.024883371806040045,0.18908415647156113,3.13,0.6
BKOOMYPCSUNDGP-UHFFFAOYSA-N,1.317855146773378,1.309751434034417,15,1.31,1.31,1.31,1.31,False,5,5,False,1.288462306571057,0.11985256617221238,1.309494078562183,0.011334064529972732,1.0,1.31,0.6
BLXSFCHWMBESKV-UHFFFAOYSA-N,-0.12995721378544145,-0.1364246835473236,10,-0.1354336572441542,-0.1354336572441542,-0.12,-0.12,False,4,4,False,-0.15310112333177087,0.16512202069202747,-0.12141436256066067,0.014101154505934604,1.0,-0.14,0.6
BMVXCPBXGZKUPN-UHFFFAOYSA-N,-3.541341593942513,-4.03,21,-4.03,-4.03,-4.0310133843212235,-4.0310133843212235,True,5,5,False,-3.9939699980685917,0.10361504924215956,-4.026190118570285,0.010227047188895394,0.0014168691608613126,-3.95,0.6
BNIXVQGCZULYKV-UHFFFAOYSA-N,-0.8400256111338466,-1.391531772182701,14,-1.3905407458795316,-1.3905407458795316,-1.3647227533460802,-1.3647227533460802,True,5,5,False,-1.344631070896251,0.1531808270967706,-1.3774959485706744,0.015948857809297317,0.0020077720378099736,-1.23,0.1
BQFCCUSDZLKBJG-UHFFFAOYSA-N,-3.6243661295216594,-4.620998904533961,3,-4.622895423435238,-4.622895423435238,-4.620998904533961,-4.620998904533961,True,2,2,False,-4.618816574937,0.7231280539469104,-4.630233053861807,0.19853935832794334,0.4864962271254452,-4.61,0.25
BSKHPKMHTQYZBB-UHFFFAOYSA-N,-4.683783183548888,-4.63,20,-4.63,-4.63,-4.63,-4.63,False,5,5,False,-4.647719889147118,0.10384345785783772,-4.626647816848838,0.009910911416763299,0.8046441357919772,-4.63,0.6
BSYNRYMUTXBXSQ-UHFFFAOYSA-N,-9.94635557337834,-9.94635557337834,2,-9.986020862931529,-9.986020862931529,-9.94635557337834,-9.94635557337834,False,2,2,False,-10.004830875966546,0.9638346123868675,-9.990125439076586,0.27051233530764673,1.0,-9.94,0.18
BTFQKIATRPGRBS-UHFFFAOYSA-N,-4.251227653962071,-4.275119198604904,5,-4.277015717506181,-4.277015717506181,-4.275119198604904,-4.275119198604904,False,1,1,False,-4.484377008362936,0.48605923627515846,-4.313214875500644,0.13328748266561202,0.9607266298206744,-3.93,0.1
BTJIUGUIPKRLHP-UHFFFAOYSA-N,-9.958732575929016,-10.64,23,-10.64,-10.64,-10.645,-10.645,True,5,5,False,-10.55622822324207,0.11678833061917923,-10.638609897418997,0.01341808767357189,0.013789163272902139,-10.64,0.6
BULVZWIRKLYCBC-UHFFFAOYSA-N,-4.9270970996097345,-5.1132938877455265,3,-5.1151904066468035,-5.1151904066468035,-5.1132938877455265,-5.1132938877455265,False,2,2,False,-5.335197730982345,0.7231280539469104,-5.157861008074536,0.19541071361765672,1.0,-4.37,0.1
BVALZCVRLDMXOQ-UHFFFAOYSA-N,-2.8234481811257846,-2.8239909494295987,8,-2.8229999231264293,-2.8229999231264293,-2.82,-2.82,False,3,3,False,-2.8723539141337975,0.22508652993010442,-2.8225798617666347,0.025653209093169684,1.0,-2.82,0.6
BZHJMEDXRYGGRV-UHFFFAOYSA-N,0.3464048914054499,0.04370862522393005,28,0.04181210632265309,0.04181210632265309,-0.59,-0.59,True,5,5,False,-0.33106644735865226,0.11484408952801711,-0.57447411824522,0.01452651318611528,0.004216667641800583,-0.59,0.6
BZHMBWZPUJHVEE-UHFFFAOYSA-N,2.8131261375890824,2.837633417784331,20,2.8386244440875004,2.8386244440875004,2.878814531548757,2.878814531548757,False,5,5,False,2.821461114058585,0.10336901603215104,2.8723625546698925,0.010935532945894324,0.059716742746156376,2.83,0.6
BZLVMXJERCGZMT-UHFFFAOYSA-N,-2.0421507616665093,-2.21,37,-2.21,-2.21,-2.21,-2.21,True,5,5,False,-2.2058063083785706,0.09014308192688991,-2.207585481189705,0.008406602459900117,0.30844076714425006,-2.21,0.6
CATSNJVOTSVZJV-UHFFFAOYSA-N,-2.6635869749032235,-3.04,44,-3.04,-3.04,-3.04,-3.04,True,5,5,False,-2.9943805244415356,0.09243734560212719,-3.034184550218144,0.009313579664003646,0.0026232412522336243,-3.04,0.6
CAWHJQAVHZEVTJ-UHFFFAOYSA-N,-4.81892604317983,-5.518642447418737,19,-5.518214568326826,-5.518214568326826,-5.518642447418737,-5.518642447418737,True,5,5,False,-5.487299178218236,0.10154107415529386,-5.523140864311911,0.009938981020550856,0.0006994848800945145,-5.51,0.6
CETBSQOFQKLHHZ-UHFFFAOYSA-N,-1.3686926735349325,-1.6370962025678837,13,-1.6361051762647143,-1.6361051762647143,-1.63,-1.63,True,5,5,False,-1.597712665777491,0.14475416379836428,-1.625811301982436,0.014046385560244857,0.05358044337863015,-1.64,0.6
CFKMVGJGLGKFKI-UHFFFAOYSA-N,-6.602270895075362,-6.793949240656716,7,-6.792958214353547,-6.792958214353547,-6.79,-6.79,True,3,3,False,-6.77017044514188,0.22745723600295786,-6.789605292715439,0.02623457528107803,0.24587869437286416,-6.79,0.6
CGHIBGNXEGJPQZ-UHFFFAOYSA-N,0.2789975084092903,0.29,21,0.29,0.29,0.29,0.29,False,5,5,False,0.2565915649790357,0.09777563963875792,0.2905078665243024,0.009313317779368842,0.06047070650809055,0.29,0.6
CHVJITGCYZJHLR-UHFFFAOYSA-N,-0.9928413918921387,-0.993031535115419,8,-0.9934842814144728,-0.9934842814144728,-0.9894837476099424,-0.9894837476099424,False,3,3,False,-1.0067609452045183,0.1420301761052929,-0.9904781375462589,0.015911485448785703,1.0,-0.99,0.6
CJJOSEISRRTUQB-UHFFFAOYSA-N,-8.47267008209745,-8.197148534778417,3,-8.199045053679693,-8.199045053679693,-8.197148534778417,-8.197148534778417,True,2,2,False,-8.419491482922366,0.7231280539469104,-8.217683510782024,0.19814439703662862,0.8874000899122677,-10.03,1.37
CKAPSXZOOQJIBF-UHFFFAOYSA-N,-1.8108418505926105,-2.2248696364304426,57,-2.2267661553317195,-2.2267661553317195,-2.2248696364304426,-2.2248696364304426,True,3,3,False,-2.1688013461981064,0.14712546903727225,-2.228829937360404,0.046644946514236514,0.001525155237351795,-2.33,1.16
CNMFHDIDIMZHKY-UHFFFAOYSA-N,-2.400952790466033,-2.4010744304328955,7,-2.400083404129726,-2.400083404129726,-2.4,-2.4,False,3,3,False,-2.4495647026917684,0.22745723600295786,-2.401998998387021,0.02615466489393906,1.0,-2.4,0.6
CRSOQBOWXPBRES-UHFFFAOYSA-N,2.57233540292745,2.5050879870691567,33,2.506079013372326,2.506079013372326,2.5,2.5,False,5,5,False,2.491705792474865,0.08244139613427783,2.5020662876852593,0.007204882411259849,0.3358655771247931,2.51,0.6
CSCPPACGZOOCGX-UHFFFAOYSA-N,-3.776034318042049,-3.8062486709703287,87,-3.8081451898716057,-3.8081451898716057,-3.85,-3.85,True,5,5,False,-3.895412912245735,0.07202372547802068,-3.8467444552683707,0.007775596619626434,0.011607854900801195,-3.8,0.6
CTMHWPIWNRWQEG-UHFFFAOYSA-N,0.6215402109580578,0.6684809493818857,12,0.6692160611854684,0.6692160611854684,0.6696080305927342,0.6696080305927342,False,5,5,False,0.6430337282760673,0.13253498637684788,0.6685836726887858,0.013774024025429377,1.0,0.67,0.6
CTQNGGLPUBDAKN-UHFFFAOYSA-N,-0.8285422908803908,-0.9,56,-0.9,-0.9,-0.9,-0.9,True,5,5,False,-0.930088774860077,0.0818970685174701,-0.9005859217061509,0.007375617827316483,0.09139486754722523,-0.9,0.6
CVNOWLNNPYYEOH-UHFFFAOYSA-N,-10.175228257959295,-10.177104317155305,10,-10.17629036632717,-10.17629036632717,-10.172237093690248,-10.172237093690248,False,4,4,False,-10.18063699588175,0.1337423706974155,-10.172826035000053,0.013798120410629649,1.0,-10.17,0.6
CVXBEEMKQHEXEN-UHFFFAOYSA-N,-7.858205406008091,-9.208028943931634,4,-9.20848169023069,-9.20848169023069,-9.208028943931634,-9.208028943931634,True,3,3,False,-8.988309808535034,0.6562977178022762,-9.236402863741645,0.11019543821774593,0.17334441521344135,-9.45,0.1
CWRYPZZKDGJXCA-UHFFFAOYSA-N,-3.0620279652578355,-3.0343571269603955,23,-3.0362536458616725,-3.0362536458616725,-3.15,-3.15,False,4,4,False,-3.2156745668951063,0.1279994377766665,-3.15554266075729,0.017955587725894746,0.22343144605066298,-3.15,0.6
CXOWYJMDMMMMJO-UHFFFAOYSA-N,2.9172590713236364,2.878560822848528,13,2.877518197123275,2.877518197123275,2.88,2.88,False,4,4,False,2.785841695059493,0.20730622856841588,2.8759609034496836,0.025258401578051665,1.0,2.88,0.6
CYNYIHKIEHGYOZ-UHFFFAOYSA-N,-0.5310854407023975,-0.56,16,-0.56,-0.56,-0.56,-0.56,True,5,5,False,-0.588599283472067,0.1245057767889037,-0.5681882089950876,0.012655245424729874,0.06754336492658494,-0.56,0.6
CYTYCFOTNPOANT-UHFFFAOYSA-N,0.8498343440475009,-0.1065422195961057,89,-0.10843873849738266,-0.10843873849738266,0.0549713193116634,0.0549713193116634,True,5,5,False,0.41202300169908657,0.09033455078921872,0.04412563196987462,0.0128241497822478,0.005810950129181254,0.1,0.6
CYXIKYKBLDZZNW-UHFFFAOYSA-N,0.06499426386233267,0.06,5,0.06,0.06,0.06,0.06,False,2,2,False,0.05751362740464169,0.13071912761777413,0.06324563598373815,0.013069550992583905,0.9344251675365264,0.06,0.6
DHKHKXVYLBGOIT-UHFFFAOYSA-N,-3.2803040195252566,-3.2739769968447137,6,-3.274378585086042,-3.274378585086042,-3.272189292543021,-3.272189292543021,False,4,4,False,-3.283197633653239,0.15074572181786372,-3.272437162118173,0.014131548380466031,1.0,-3.28,0.2
DHXVGJBLRPWPCS-UHFFFAOYSA-N,-3.1236891819223747,-3.124125253233711,16,-3.1231342269305418,-3.1231342269305418,-3.12,-3.12,False,5,5,False,-3.141554620000754,0.1161503718837375,-3.1221059515173497,0.012266271056328415,1.0,-3.12,0.6
DIKBFYAXUHHXCS-UHFFFAOYSA-N,-2.0630798695643033,-2.1282250633382485,32,-2.127234037035079,-2.127234037035079,-2.0,-2.0,False,5,5,False,-2.1195664959146194,0.1133122738187249,-2.0374184593811377,0.01660341585424939,0.3977300222912582,-2.13,0.6
DIOQZVSQGTUSAI-UHFFFAOYSA-N,3.2319839414588283,3.1672728847559837,12,3.16682013845693,3.16682013845693,3.16,3.16,False,4,4,False,3.0825861301631643,0.2111332713614098,3.1597817076489774,0.02531953998291138,1.0,3.16,0.6
DJHHDLMTUOLVHY-UHFFFAOYSA-N,-2.3638349895208313,-3.844348833062973,5,-3.84624535196425,-3.84624535196425,-3.844348833062973,-3.844348833062973,True,3,3,False,-3.267648531461338,0.5627608353377608,-4.136548713588505,0.16619701864627667,0.0015288924699391048,-3.81,0.14
DKGAVHZHDRPRBM-UHFFFAOYSA-N,-4.493173713095967,-4.488906918785421,31,-4.5,-4.5,-4.51,-4.51,False,5,5,False,-4.531547399997239,0.09058814603688423,-4.511029636264312,0.00833834085837654,0.5709775921946622,-4.47,0.6
DKMROQRQHGEIOW-UHFFFAOYSA-N,-6.366587649170305,-6.366587649170305,1,-6.368484168071582,-6.368484168071582,-6.366587649170305,-6.366587649170305,False,1,1,False,-6.476144191142411,1.0605269289471333,-6.414298767094009,0.2822306913410942,1.0,-5.71,0.6
DKPFZGUDAPQIHT-UHFFFAOYSA-N,-2.2785254263754506,-2.5791186349937503,29,-2.6,-2.6,-2.550095602294455,-2.550095602294455,True,5,5,False,-2.563199511666835,0.10117121370158633,-2.5623499710354625,0.010450814042561632,0.003621752582301511,-2.64,0.6
DLFVBJFMPXGRIB-UHFFFAOYSA-N,-9.781301005789548,-9.71,27,-9.71,-9.71,-9.710803059273422,-9.710803059273422,True,5,5,False,-9.859261281017666,0.07764168899082897,-9.714948853510975,0.00736384564603292,0.001046364732535002,-9.71,0.6
DLRJIFUOBPOJNS-UHFFFAOYSA-N,-2.4537183973522216,-2.2237223418213747,11,-2.2227313155182054,-2.2227313155182054,-2.22,-2.22,True,5,5,False,-2.5509043870136416,0.15624368371966696,-2.2254201539063754,0.01893757141995241,0.0011833483917486525,-2.22,0.6
DNJIEGIFACGWOD-UHFFFAOYSA-N,-1.0380877780691349,-1.2939429370929767,27,-1.2954110898661566,-1.2954110898661566,-1.3,-1.3,True,5,5,False,-1.2640043368497236,0.08677870401940575,-1.2935911557932482,0.008048981702768057,0.013016004988824638,-1.14,0.6
DPBLXKKOBLCELK-UHFFFAOYSA-N,-3.726858457966761,-4.092740506419708,23,-4.0941026682874195,-4.0941026682874195,-4.1,-4.1,True,5,5,False,-4.0782527643005135,0.108337335454878,-4.097259044038256,0.009808126473753514,0.001378447322134024,-4.09,0.6
DPJCXCZTLWNFOH-UHFFFAOYSA-N,-7.391000709194375,-7.380575379910208,8,-7.379584353607038,-7.379584353607038,-7.37,-7.37,False,4,4,False,-7.435901586496083,0.22636288206411326,-7.376726129674428,0.026309777343995137,0.9659069588298776,-7.37,0.6
DQIHOZJLTDMMSG-UHFFFAOYSA-N,-14.296856968140988,-14.296856968140988,1,-14.374291028346086,-14.374291028346086,-14.296856968140988,-14.296856968140988,False,1,1,False,-12.848127261192356,2.0389244389701053,-14.235942866562821,0.9342489948446966,1.0,-14.21,1.1
DQWPFSLDHJDLRL-UHFFFAOYSA-N,-7.655356049784994,-7.5442850001669965,9,-7.543293973863827,-7.543293973863827,-7.67,-7.67,False,4,4,False,-7.677113063830278,0.14763099699710605,-7.545022190259633,0.020360111178686958,0.07244940060181501,-7.5,0.2
DUEPRVBVGDRKAG-UHFFFAOYSA-N,-9.327699233915867,-9.411328218349595,3,-9.413224737250871,-9.413224737250871,-9.411328218349595,-9.411328218349595,False,2,2,False,-9.543592975094839,0.7231280539469104,-9.460848904142699,0.19534910046657372,1.0,-9.61,0.3
DURPTKYDGMDSBL-UHFFFAOYSA-N,-0.814917864928808,-0.832190569638674,20,-0.8311995433355046,-0.8311995433355046,-0.83,-0.83,True,5,5,False,-0.8500239849978873,0.113516155970434,-0.8308886920849424,0.010446025925983267,0.03475805814629786,-0.83,0.6
DZMDPHNGKBEVRE-UHFFFAOYSA-N,0.8560623987705718,0.2864918354493795,10,0.2874828617525489,0.2874828617525489,0.29,0.29,True,4,4,False,0.3127411418928557,0.2217597979886681,0.28896891134870567,0.02562963759552489,0.007193236738270915,0.29,0.6
FBMQNRKSAWNXBT-UHFFFAOYSA-N,-6.506056445212738,-6.506056445212738,2,-6.545721734765925,-6.545721734765925,-6.506056445212738,-6.506056445212738,True,2,2,False,-9.163775619927685,0.9638346123868675,-10.497621679685851,0.28321162450177556,0.08742753694262428,-11.85,0.35
FBPFZTCFMRRESA-KVTDHHQDSA-N,-20.11013022694816,-20.11013022694816,1,-20.187564287153258,-20.187564287153258,-20.11013022694816,-20.11013022694816,False,1,1,False,-17.375587097039503,2.0389244389701053,-19.744662340354406,0.9691185644708777,1.0,-23.62,0.32
FDPIMTJIUBPUKL-UHFFFAOYSA-N,-3.398636377783202,-3.41,24,-3.41,-3.41,-3.41,-3.41,False,5,5,False,-3.42290313813465,0.09055439408169143,-3.409697677062802,0.007769513595811186,1.0,-3.41,0.2
FERIUCNNQQJTOY-UHFFFAOYSA-N,-5.9699582703260266,-6.3576987143158386,29,-6.3595952332171155,-6.3595952332171155,-6.36,-6.36,True,4,4,False,-6.338434402828159,0.08484267590964555,-6.364168315341008,0.00760808584415264,0.0005916889873866988,-6.35,0.6
FGLBSLMDCBOPQK-UHFFFAOYSA-N,-3.10128486754019,-3.138145315487572,27,-3.138145315487572,-3.138145315487572,-3.139072657743786,-3.139072657743786,False,5,5,False,-3.1593675170586817,0.10071462271910954,-3.1377597873847436,0.010124827137440168,0.8644184605890319,-3.13,0.6
FHIVAFMUCKRCQO-UHFFFAOYSA-N,-7.036458055327477,-7.23095325696534,10,-7.231406003264394,-7.231406003264394,-7.23095325696534,-7.23095325696534,True,3,3,False,-7.376669238662291,0.3804044210564972,-7.231848178984692,0.08156361607386427,0.09797317405313682,-6.48,0.13
FJBFPHVGVWTDIP-UHFFFAOYSA-N,-1.9148926381261258,-1.9657057842420935,26,-1.9661585305411473,-1.9661585305411473,-2.1090152963671125,-2.1090152963671125,False,5,5,False,-2.0748022485461113,0.1132588108059832,-2.0925090751038837,0.01234203713225787,0.23192541480464138,-1.96,0.6
FKNQCJSGGFJEIZ-UHFFFAOYSA-N,-4.558862481135467,-4.926659467611381,27,-4.928202866067835,-4.928202866067835,-4.925,-4.925,True,5,5,False,-4.900416917658254,0.08814995958940564,-4.924334871906747,0.008442297303524257,0.0008829945491542629,-4.93,0.6
FKRCODPIKNYEAC-UHFFFAOYSA-N,-2.7476005898153533,-2.749805023071968,19,-2.751701541973245,-2.751701541973245,-2.8,-2.8,False,5,5,False,-2.7896756711511244,0.11413250524571168,-2.790259360887509,0.011112706313695661,0.3094609644517075,-2.68,0.6
FMKOJHQHASLBPH-UHFFFAOYSA-N,-0.6093829453704214,-0.6241804065472745,10,-0.6246723666035553,-0.6246723666035553,-0.46,-0.46,False,5,5,False,-0.4991379008608782,0.1392314709024211,-0.4720222829821323,0.012937264109196637,0.6486201143081146,-0.46,0.6
FOIBFBMSLDGNHL-UHFFFAOYSA-N,-0.35748591001409835,-4.856511727255952,3,-4.858408246157229,-4.858408246157229,-4.856511727255952,-4.856511727255952,True,2,2,False,-3.817864548501185,0.7231280539469104,-4.896425053265571,0.1996986962412635,0.030752404344863826,-4.53,1.0
FSAVDKDHPDSCTO-XYOKQWHBSA-N,-8.171638707706359,-8.171638707706359,1,-8.249072767911457,-8.249072767911457,-8.171638707706359,-8.171638707706359,False,1,1,False,-8.077720224519599,2.0389244389701053,-8.382155967469869,0.9176256146365244,1.0,-7.07,1.37
FUZZWVXGSFPDMH-UHFFFAOYSA-N,-6.178395538084543,-6.205,26,-6.205,-6.205,-6.21,-6.21,False,5,5,False,-6.2337742145002135,0.11914475329048087,-6.206468370131542,0.010263194655613336,0.5516994078252986,-6.21,0.6
FVSKHRXBFJPNKK-UHFFFAOYSA-N,-3.4245035406324273,-3.847176076034526,22,-3.8461850497313566,-3.8461850497313566,-3.8478011472275333,-3.8478011472275333,True,5,5,False,-3.827965178522629,0.10315321591099848,-3.8471836662918832,0.010292314886758419,0.0015517748139539898,-3.84,0.6
FXHGMKSSBGDXIY-UHFFFAOYSA-N,-2.6509076017213173,-2.6720238312076243,25,-2.6729327712243736,-2.6729327712243736,-2.67,-2.67,False,5,5,False,-2.7050590791310283,0.1151520460292027,-2.6709362749040095,0.011152175140394184,0.13743929639167254,-2.67,0.6
FXLOVSHXALFLKQ-UHFFFAOYSA-N,-4.35103506366704,-4.270092595031229,13,-4.271989113932506,-4.271989113932506,-4.27,-4.27,False,4,4,False,-4.4034312787461785,0.20730622856841588,-4.281928801685274,0.025706248571691872,0.6194133530361697,-4.27,0.6
FYGHSUNMUKGBRK-UHFFFAOYSA-N,-0.9602151326875173,-1.21208984178559,14,-1.2115943286340054,-1.2115943286340054,-1.22,-1.22,True,5,5,False,-1.235800191438285,0.17186255037902504,-1.2119347146131236,0.015766212367478976,0.552355206692016,-1.21,0.6
GBDZXPJXOMHESU-UHFFFAOYSA-N,-1.872831463175985,-2.0571993159920874,21,-2.0590958348933643,-2.0590958348933643,-1.34,-1.34,True,4,4,False,-1.7359932028056897,0.1827078370837927,-1.9534122888384544,0.06390284774053846,0.013148392044509238,-1.34,0.6
GDOPTJXRTPNYNR-UHFFFAOYSA-N,1.5805989794929765,1.5961687975036862,19,1.5965583173996174,1.5965583173996174,1.5965583173996174,1.5965583173996174,False,5,5,False,1.549148459602084,0.11319286849413367,1.5936625529020438,0.011278846914407633,0.08532686960141096,1.59,0.6
GETQZCLCWQTVFV-UHFFFAOYSA-N,-2.681395340281445,-3.2059800633621047,26,-3.2049890370589353,-3.2049890370589353,-3.215,-3.215,True,5,5,False,-2.887218090415045,0.10129477275006749,-3.2186928099992294,0.009543050144626166,0.00018858646322151182,-3.2,0.6
GETTZEONDQJALK-UHFFFAOYSA-N,-0.39753621556141755,-0.2455644303851825,9,-0.2445734040820131,-0.2445734040820131,-0.25,-0.25,True,4,4,False,-0.3750481954209518,0.22166546682893173,-0.25336757461014286,0.026146030859360805,0.2054262898730539,-0.25,0.6
GHASVSINZRGABV-UHFFFAOYSA-N,-11.870664967539014,-11.870664967539014,2,-11.909381997641562,-11.909381997641562,-13.040152963671128,-13.040152963671128,True,2,2,False,-12.92340423503698,0.4027336709368692,-13.038854388036862,0.02828275441968894,0.6667899250192397,-16.92,0.88
GIUGGRUEPHPVNR-UHFFFAOYSA-N,-3.580730987300979,-3.168883233093182,3,-3.2463172932982802,-3.2463172932982802,-3.168883233093182,-3.168883233093182,True,2,2,False,-4.039447882471505,0.7231280539469104,-3.475621647527789,0.27400639071432814,0.30206230080876256,-3.1,0.1
GJRQTCIYDGXPES-UHFFFAOYSA-N,-2.030376292091426,-2.3601470253686987,15,-2.3591559990655293,-2.3591559990655293,-2.36,-2.36,True,5,5,False,-2.3478940351370845,0.1257423161607817,-2.361751722021157,0.012308902940941552,0.004204867341022063,-2.36,0.6
GLUUGHFHXGJENI-UHFFFAOYSA-N,-7.391429254302103,-7.4,8,-7.4,-7.4,-7.4,-7.4,False,2,2,False,-7.388069135187525,0.10788803751545477,-7.3916067540019705,0.010152037639769502,1.0,-7.4,0.6
GNKZMNRKLCTJAY-UHFFFAOYSA-N,-5.002929750452361,-4.706651582382665,11,-4.708548101283942,-4.708548101283942,-4.7,-4.7,True,3,3,False,-4.893420196521469,0.21001623315234705,-4.715279253825916,0.026609670457967714,0.34474525956200164,-4.7,0.6
GPHQHTOMRSGBNZ-UHFFFAOYSA-N,-6.028750493441797,-6.029971012791704,7,-6.028979986488535,-6.028979986488535,-6.02,-6.02,False,3,3,False,-6.061371549409987,0.22745723600295786,-6.023182109587829,0.026174220062958713,1.0,-6.02,0.6
GWHJZXXIDMPWGX-UHFFFAOYSA-N,-0.7080556404805476,-0.8504946077861522,31,-0.8512757760412353,-0.8512757760412353,-0.86,-0.86,True,5,5,False,-0.8773040866763772,0.10132400953337073,-0.8588279587009284,0.009218325115056703,0.552670110951166,-0.86,0.6
GWYFCOCPABKNJV-UHFFFAOYSA-N,-6.093827322706683,-6.097174550617954,14,-6.097192328262196,-6.097192328262196,-6.09,-6.09,False,3,3,False,-6.1524528865780255,0.21226834507037023,-6.094061522765731,0.02354560190752881,0.5417070003652891,-6.09,0.6
GXDHCNNESPLIKD-UHFFFAOYSA-N,2.7327051617065625,2.9309059564360607,17,2.93,2.93,2.93,2.93,True,4,4,False,2.694719909228594,0.19541879743510016,2.921330049462952,0.024886741214472142,0.18159453863297034,2.93,0.6
GYHFUZHODSMOHU-UHFFFAOYSA-N,-1.8764951906478997,-2.075307518477824,22,-2.0761543064715826,-2.0761543064715826,-2.0769598470363286,-2.0769598470363286,True,4,4,False,-2.0632901645318156,0.12085381984836119,-2.074898832258122,0.012180803235738478,0.029136873399958095,-2.07,0.6
GZFGOTFRPZRKDS-UHFFFAOYSA-N,-7.192327362622958,-7.13,18,-7.13,-7.13,-7.13,-7.13,True,5,5,False,-7.140189569794498,0.11880935116903076,-7.120998141484727,0.012193270771412846,0.26823242527095054,-5.85,0.83
GZPHSAQLYPIAIN-UHFFFAOYSA-N,-6.752712620759729,-6.753021835592519,7,-6.75203080928935,-6.75203080928935,-6.75,-6.75,False,3,3,False,-6.787994387133368,0.22745723600295786,-6.752140042652121,0.026156674660937074,1.0,-6.75,0.6
GZUXJHMPEANEGY-UHFFFAOYSA-N,-0.6804502028118897,-0.8185481012839417,18,-0.8175570749807723,-0.8175570749807723,-0.82,-0.82,True,5,5,False,-0.8155340454326528,0.11443798237629915,-0.8147272738955018,0.010558911288597095,0.11318267389035093,-0.82,0.6
HCDGVLDPFQMKDK-UHFFFAOYSA-N,0.4921520769119813,2.3111854684512427,3,2.3111854684512427,2.3111854684512427,-0.7244072657743785,-0.7244072657743785,True,2,2,False,-0.6862108865606792,0.17805529963300232,2.315635196047333,0.028227243658695885,0.0001354376991648303,2.93,0.6
HCFAJYNVAYBARA-UHFFFAOYSA-N,-3.033537737784835,-2.927715105162524,20,-2.927715105162524,-2.927715105162524,-2.93,-2.93,False,5,5,False,-2.9531892109515385,0.09837109895742366,-2.9266091474794216,0.008924417617967228,0.18922247711036855,-2.92,0.6
HEDRZPFGACZZDS-UHFFFAOYSA-N,-0.5810997623539164,-1.0777550000238565,82,-1.076763973720687,-1.076763973720687,-1.07,-1.07,True,5,5,False,-0.9396385646288379,0.08833643030022904,-1.0781813939970695,0.010267987857116741,0.002461766470878302,-1.08,0.6
HFHFGHLXUCOHLN-UHFFFAOYSA-N,-5.292930295506426,-5.293277721636157,8,-5.293504537315323,-5.293504537315323,-5.29,-5.29,False,3,3,False,-5.340072124941023,0.22269278918964888,-5.292703338124614,0.02605378145294159,1.0,-5.29,0.6
HFPZCAJZSCWRBC-UHFFFAOYSA-N,-0.49123840098585225,-0.4736114796799818,19,-0.4764953661124631,-0.4764953661124631,-0.68,-0.68,False,4,4,False,-0.6977564286105824,0.18946428123063547,-0.6527181812562406,0.02632534549196235,0.7449551925065467,-0.68,0.6
HGBOYTHUEUWSSQ-UHFFFAOYSA-N,-3.000250779576391,-3.03,29,-3.03,-3.03,-3.03,-3.03,False,4,4,False,-3.0488304828483055,0.09580405827412282,-3.026734509649863,0.008812366868052859,0.2462414721034162,-3.03,0.6
HGCIXCUEYOPUTN-UHFFFAOYSA-N,0.26724445213332465,0.36820773961489073,18,0.3680688336520076,0.3680688336520076,0.3690344168260038,0.3690344168260038,False,5,5,False,0.3235351066919418,0.12976567139846304,0.3608774128646926,0.013661074733653618,0.169646801430157,0.14,0.1
HGUFODBRKLSHSI-UHFFFAOYSA-N,-3.7515403982513362,-3.669254209332411,5,-3.671150728233688,-3.671150728233688,-3.669254209332411,-3.669254209332411,True,2,2,False,-4.057812550997544,0.5282086176564232,-3.854919893145276,0.1589397903872232,0.7086289395246341,-3.37,1.0
HHOSMYBYIHNXNO-UHFFFAOYSA-N,3.0108457437522684,2.9331306962674577,13,2.9312341773661807,2.9312341773661807,2.7222753346080304,2.7222753346080304,True,5,5,False,2.773132909659181,0.1310893888411223,2.737273933345379,0.016154629325496415,0.12152636107699488,2.93,0.6
HJOVHMDZYOCNQW-UHFFFAOYSA-N,-4.91323933434134,-4.870361202639453,6,-4.8708139489385065,-4.8708139489385065,-4.870361202639453,-4.870361202639453,False,3,3,False,-5.152356107418921,0.5294888151993109,-4.895789954633885,0.08039340528906248,1.0,-5.18,1.37
HLQDGCWIOSOMDP-UHFFFAOYSA-N,-3.2128663784988096,-3.2128663784988096,2,-3.252531668051997,-3.252531668051997,-3.2128663784988096,-3.2128663784988096,True,2,2,False,-2.812430046623767,0.9638346123868675,-2.035323557075725,0.28142784105300694,0.4274587412190342,-3.48,1.0
HLVFKOKELQSXIQ-UHFFFAOYSA-N,-0.028609930174007283,-0.0272849367094647,13,-0.029181455610741557,-0.029181455610741557,-0.03,-0.03,False,4,4,False,-0.04604463472496161,0.1207432280572501,-0.029700977896493917,0.011346110889986489,1.0,-0.03,0.6
HMNKTRSOROOSPP-UHFFFAOYSA-N,-6.174819161904827,-6.261892974822154,8,-6.260901948518985,-6.260901948518985,-6.25,-6.25,False,3,3,False,-6.280601455703231,0.22508652993010442,-6.249147418645936,0.026068062538382425,0.19972352552223283,-6.25,0.6
HNBDRPTVWVGKBR-UHFFFAOYSA-N,-2.551126715440296,-2.57,19,-2.57,-2.57,-2.57,-2.57,False,5,5,False,-2.569544278082805,0.10154107415529386,-2.5717568692833632,0.009907902720707665,0.05610282567017072,-2.56,0.6
HNKJADCVZUBCPG-UHFFFAOYSA-N,-2.721458744910447,-2.7284936709464724,17,-2.73,-2.73,-2.73,-2.73,False,5,5,False,-2.725872601719259,0.10478239039925646,-2.7223668399936582,0.010434656340935097,0.3935276240718237,-2.73,0.6
HNRMPXKDFBEGFZ-UHFFFAOYSA-N,2.527822377771187,2.512790650646766,20,2.5123379043477123,2.5123379043477123,2.59,2.59,False,5,5,False,2.541336557287268,0.10912654256611065,2.583954548838053,0.010314122133979161,0.5280235123434017,2.51,0.6
HONIICLYMWZJFZ-UHFFFAOYSA-N,-5.564220841300191,-5.56,8,-5.56,-5.56,-5.56,-5.56,False,2,2,False,-5.561003689617593,0.10788803751545477,-5.5630595461123304,0.010182962364581678,0.9320364373393119,-5.56,0.6
HORNXRXVQWOLPJ-UHFFFAOYSA-N,-5.790309549574623,-6.616597152045196,12,-6.617049898344249,-6.617049898344249,-6.62,-6.62,True,4,4,False,-6.325945311088256,0.2111332713614098,-6.615523282086067,0.025944468582966562,0.019047089644066033,-6.62,0.6
HPNMFZURTQLUMO-UHFFFAOYSA-N,-3.6604943852469245,-4.07,25,-4.07,-4.07,-4.07,-4.07,True,5,5,False,-4.051257556851467,0.09285157469361867,-4.077711359604924,0.008269425911809162,0.0013154649641818656,-4.07,0.6
HPQURZRDYMUHJI-UHFFFAOYSA-N,2.551080293148033,2.5511415823349517,8,2.5510663043190602,2.5510663043190602,2.55,2.55,False,4,4,False,2.479274313238861,0.22636288206411329,2.547898889820544,0.026145526036763456,1.0,2.55,0.6
HPXRVTGHNJAIIH-UHFFFAOYSA-N,-4.681094655340365,-5.37922527227097,23,-5.378234245967801,-5.378234245967801,-5.475621414913958,-5.475621414913958,True,5,5,False,-5.358706857636952,0.11232509689620722,-5.467457729092584,0.011302213782586487,0.0009195172872312685,-5.46,0.6
HPYNZHMRTTWQTB-UHFFFAOYSA-N,-4.871153112556905,-4.827479805097379,18,-4.826984291945795,-4.826984291945795,-4.825525812619503,-4.825525812619503,False,5,5,False,-4.846831041909194,0.11880935116903076,-4.824141602751183,0.011269968412042813,0.8974413412525973,-4.82,0.6
HQABUPZFAYXKJW-UHFFFAOYSA-N,-3.997255946823,-4.29,32,-4.29,-4.29,-4.29,-4.29,True,5,5,False,-4.278591844294151,0.08390009827594601,-4.28834267410876,0.00786690608070095,0.001232848805161844,-4.24,0.6
HRVUKLBFRPWXPJ-UHFFFAOYSA-N,-2.3203826033562542,-3.8651399092107193,5,-3.867036428111996,-3.867036428111996,-3.8651399092107193,-3.8651399092107193,True,3,3,False,-3.1341746254152794,0.5627608353377608,-3.9051921185418905,0.16066955927374685,0.0017654721057903467,-4.05,0.1
HRYZWHHZPQKTII-UHFFFAOYSA-N,-0.5873025972682869,-0.5993121699877328,36,-0.6002604294383713,-0.6002604294383713,-0.63,-0.63,True,5,5,False,-0.6995015694529934,0.10484080728392697,-0.6226010525709097,0.01051720369485249,0.003514387821867337,-0.63,0.6
HTKIMWYSDZQQBP-UHFFFAOYSA-N,-8.11098023348482,-8.154011450979487,3,-8.153633689551967,-8.153633689551967,-8.154011450979487,-8.154011450979487,False,2,2,False,-8.224717339403004,0.765232003170312,-8.103393875501315,0.08989600052725161,1.0,-8.18,0.1
HUAZGNHGCJGYNP-UHFFFAOYSA-N,-2.263047939984605,-2.278292215240304,15,-2.2773011889371344,-2.2773011889371344,-2.28,-2.28,False,5,5,False,-2.310774476675778,0.12096969247835498,-2.2806554946418696,0.01217100760732728,0.09594716851547679,-2.28,0.6
HUMNYLRZRPPJDN-UHFFFAOYSA-N,-3.9671697418051672,-4.024528164646047,41,-4.023537138342878,-4.023537138342878,-4.02,-4.02,True,5,5,False,-4.041191086379215,0.09080053161613787,-4.0192033999509675,0.008315668161696647,0.04937372265853044,-4.02,0.6
HUPFGZXOMWLGNK-UHFFFAOYSA-N,-4.1858976191996815,-4.1858976191996815,1,-4.2633316794047795,-4.2633316794047795,-4.1858976191996815,-4.1858976191996815,False,1,1,False,-4.973568416936689,2.0389244389701053,-4.562872090996569,0.9146104978684951,1.0,-9.4,0.2
HVCFCNAITDHQFX-UHFFFAOYSA-N,-4.610951047387662,-4.611154303899538,6,-4.610163277596369,-4.610163277596369,-4.61,-4.61,False,3,3,False,-4.644894819534128,0.23254118123630332,-4.611462118895891,0.02626125618062903,1.0,-4.61,0.6
HVTICUPFWKNHNG-UHFFFAOYSA-N,-0.729489964777522,-0.7366932911555476,17,-0.7357022648523782,-0.7357022648523782,-0.72,-0.72,False,5,5,False,-0.7457817952358403,0.12317728194763677,-0.7191935662178672,0.010662270234240252,1.0,-0.74,0.6
HWWYDZCSSYKIAD-UHFFFAOYSA-N,-4.4120924365465015,-4.84112810707457,20,-4.841042619813409,-4.841042619813409,-4.84,-4.84,True,5,5,False,-4.774441375380557,0.10110630678494674,-4.840771605273628,0.009270036921893755,0.005367643380437368,-4.84,0.6
HXDOZKJGKXYMEW-UHFFFAOYSA-N,-5.457189559640056,-6.139110759629562,7,-6.138119733326393,-6.138119733326393,-6.13,-6.13,True,4,4,False,-6.122896225942161,0.2313721752456441,-6.131870576652062,0.026265496344617122,0.2321875573796572,-6.13,0.6
HXVNBWAKAOHACI-UHFFFAOYSA-N,-2.668602719977466,-2.74,16,-2.74,-2.74,-2.74,-2.74,False,5,5,False,-2.74856919006439,0.11505636812949299,-2.738332475007521,0.010537191033323555,0.784041997115719,-2.74,0.6
HYFLWBNQFMXCPA-UHFFFAOYSA-N,-0.8002189991113904,-1.0368275949596597,16,-1.0358365686564903,-1.0358365686564903,-1.04,-1.04,True,5,5,False,-1.0660477458252857,0.16677193554846317,-1.0367723540509415,0.015692051725512843,0.5336534416653791,-0.85,0.1
HYYBABOKPJLUIN-UHFFFAOYSA-N,-0.5721444891659624,-0.5721444891659624,1,-0.6495785493710604,-0.6495785493710604,-0.5721444891659624,-0.5721444891659624,False,1,1,False,-2.1591261183388544,2.0389244389701053,-1.099651891119466,0.9166692534315778,1.0,-6.78,0.1
IAVREABSGIHHMO-UHFFFAOYSA-N,-9.40141165541936,-9.509400221624228,18,-9.51,-9.51,-9.51,-9.51,True,5,5,False,-9.51616695793807,0.10479234928420486,-9.508070010223541,0.009855074261432261,0.7697775656706256,-9.52,1.9
IAZDPXIOMUYVGZ-UHFFFAOYSA-N,-9.373103844433935,-9.968109841881017,8,-9.969058101331655,-9.969058101331655,-10.1,-10.1,True,3,3,False,-9.992070288120644,0.2275591596617137,-10.094708438028544,0.0263337698020414,0.006953592058253941,-9.280000000000001,0.5699999999999994
IBSQPLPBRSHTTG-UHFFFAOYSA-N,0.15897557988434127,-0.9925650527549283,26,-0.9944615716562053,-0.9944615716562053,-1.15,-1.15,True,5,5,False,-0.7026975054620731,0.13671473728326156,-1.1415960005218375,0.015614752469023715,0.027548836748899276,-1.14,0.6
IBXNCJKFFQIKKY-UHFFFAOYSA-N,0.009556533047751342,0.01,23,0.01,0.01,0.01,0.01,False,5,5,False,-0.019229552285276515,0.09719881151977154,0.004984603067282835,0.009252394104978346,0.16015416183746517,0.01,0.6
IBYHHJPAARCAIE-UHFFFAOYSA-N,-1.9502936365111765,-1.9502868068833652,11,-1.95,-1.95,-1.95,-1.95,False,5,5,False,-1.9672363276059754,0.126963269612089,-1.950539221943725,0.012494927460567126,1.0,-1.95,0.6
ICMAFTSLXCXHRK-UHFFFAOYSA-N,-2.5069514037741403,-2.508285854458011,16,-2.5077903413064266,-2.5077903413064266,-2.52,-2.52,False,4,4,False,-2.531183244639438,0.11521253887593555,-2.519811206341621,0.010669305697325904,1.0,-2.49,0.6
IJDNQMDRQITEOD-UHFFFAOYSA-N,2.1554544699835168,2.081270285199037,38,2.081765798350622,2.081765798350622,2.08,2.08,False,5,5,False,2.074251984070367,0.07900500671339591,2.0866090839747407,0.007000279519719024,0.057009496613505385,2.1,0.2
IKHGUXGNUITLKF-UHFFFAOYSA-N,-3.8490825158475994,-3.5,47,-3.5,-3.5,-3.5019120458891013,-3.5019120458891013,True,5,5,False,-4.257017058342916,0.0844274008517503,-3.4992764798786844,0.009020672201727056,0.00028328486558507174,-3.5,0.6
IMNFDUFMRHMDMM-UHFFFAOYSA-N,2.488954412887105,2.62,35,2.62,2.62,2.62,2.62,True,5,5,False,2.577551009394636,0.08598861515579384,2.620901333075047,0.00819735980955819,0.0038544582501296425,2.67,0.6
INQOMBQAUSQDDS-UHFFFAOYSA-N,-0.8956423998448754,-0.89,13,-0.89,-0.89,-0.89,-0.89,False,5,5,False,-0.9133577537751199,0.13760339974026137,-0.8918740110338044,0.012368769734619403,1.0,-0.89,0.6
IOQPZZOEVPZRBK-UHFFFAOYSA-N,-3.3149618589702947,-3.656181519068273,10,-3.6551904927651035,-3.6551904927651035,-3.65,-3.65,True,4,4,False,-3.6335971449796176,0.21946956505281262,-3.6503883929687277,0.02561646919100181,0.17148745833771498,-3.65,0.6
IQUPABOKLQSFBK-UHFFFAOYSA-N,-4.641193987470262,-4.583869367190073,57,-4.58576588609135,-4.58576588609135,-4.77565965583174,-4.77565965583174,True,4,4,False,-4.781276567497527,0.13166069076329637,-4.593348621934783,0.01802415767357646,0.03404173013532795,-4.58,0.6
IROINLKCQGIITA-UHFFFAOYSA-N,-8.392530090332937,-8.632755495635774,5,-8.63465201453705,-8.63465201453705,-8.632755495635774,-8.632755495635774,True,3,3,False,-8.771197995217321,0.5627608353377608,-8.841378185823041,0.1117797018299437,0.8882567781570442,-6.68,0.42
ISPYQTSUDJAMAB-UHFFFAOYSA-N,-4.025287619793688,-4.555712708044798,12,-4.555593404177439,-4.555593404177439,-4.55,-4.55,True,4,4,False,-4.404472238569143,0.20915389239124899,-4.551544236131115,0.025911984037377763,0.03479934539074305,-4.55,0.6
ISWSIDIOOBJBQZ-UHFFFAOYSA-N,-5.987114413619946,-6.479444559009536,132,-6.478453532706368,-6.478453532706368,-6.6,-6.6,True,5,5,False,-6.410711809381137,0.06918418186315574,-6.5893618991529355,0.007129231535150681,0.0005760484662435246,-6.6,0.2
ISWXYJQANHQYSR-UHFFFAOYSA-N,-5.882606789704027,-5.882606789704027,1,-5.881615763400857,-5.881615763400857,-5.882606789704027,-5.882606789704027,False,1,1,False,-5.914109206761998,1.4704237627620684,-5.884291044358245,0.13057374833751603,1.0,-5.99,0.1
ITQTTZVARXURQS-UHFFFAOYSA-N,-4.803306479808135,-4.774277406554251,22,-4.773408724261186,-4.773408724261186,-4.77,-4.77,False,5,5,False,-4.789260114512275,0.09778373115300677,-4.773600402065252,0.008873354982820478,0.9773149901688869,-4.77,0.6
ITVQAKZNYJEWKS-UHFFFAOYSA-N,-2.5344204614880335,-2.5510548869372167,4,-2.5529514058384937,-2.5529514058384937,-2.5510548869372167,-2.5510548869372167,False,2,2,False,-2.8373925169693246,0.6032128259600282,-2.589716495319547,0.1612727016188542,1.0,-2.45,1.37
IVSZLXZYQVIEFR-UHFFFAOYSA-N,-0.6725185185547079,-0.7914072993231517,37,-0.7933038182244286,-0.7933038182244286,-0.8382600382409178,-0.8382600382409178,True,5,5,False,-0.8404221928859649,0.08599962345307674,-0.8295089918838888,0.008173674204231849,0.03748856462140482,-0.83,0.6
IWDCLRJOBJJRNH-UHFFFAOYSA-N,-5.714800039104269,-6.130646107627079,56,-6.131594367077717,-6.131594367077717,-6.13263862332696,-6.13263862332696,True,5,5,False,-6.035411142513974,0.0801350746452038,-6.129553377888407,0.007461108715028997,0.028284596970838388,-6.13,0.6
IWEDIXLBFLAXBO-UHFFFAOYSA-N,-9.79882812058164,-9.79882812058164,2,-9.800724639482917,-9.800724639482917,-9.79882812058164,-9.79882812058164,False,1,1,False,-9.862027822058145,0.7613827475557001,-9.840781769257012,0.20776558019474614,1.0,-9.86,1.93
IXQGCWUGDFDQMF-UHFFFAOYSA-N,-4.360609927080139,-5.074998227960439,5,-5.0740072016572695,-5.0740072016572695,-5.074998227960439,-5.074998227960439,True,3,3,False,-5.088552703389072,0.6051215941283965,-5.0797889008493815,0.08379255338309728,0.37361689592200886,-5.66,0.1
IYXGSMUGOJNHAZ-UHFFFAOYSA-N,-5.547482008142608,-5.547482008142608,1,-5.549378527043885,-5.549378527043885,-5.547482008142608,-5.547482008142608,False,1,1,False,-5.706054595841373,1.0605269289471333,-5.598428720471453,0.28221619040041956,1.0,-6.0,0.6
JARKCYVAAOWBJS-UHFFFAOYSA-N,-2.7891325328785523,-2.8103484810748665,26,-2.81,-2.81,-2.81,-2.81,False,5,5,False,-2.8438688065472437,0.11516526426967216,-2.8097444356783408,0.011077688493900811,0.2539464969699157,-2.81,0.6
JBIJLHTVPXGSAM-UHFFFAOYSA-N,-7.475275071062781,-7.476072658393335,7,-7.475081632090165,-7.475081632090165,-7.47,-7.47,False,3,3,False,-7.506586186374315,0.22745723600295786,-7.472556820343434,0.026162875161028273,1.0,-7.47,0.6
JFDZBHWFFUWGJE-UHFFFAOYSA-N,-3.6336228658127934,-4.10319148738722,18,-4.102695974235635,-4.102695974235635,-4.1,-4.1,True,5,5,False,-4.0423287336929485,0.12735493991051408,-4.117924694635402,0.013105989641051505,0.007250822327677063,-4.1,0.6
JGHZJRVDZXSNKQ-UHFFFAOYSA-N,-2.0383807485986325,-2.04,11,-2.04,-2.04,-2.04,-2.04,False,4,4,False,-2.0471443338887854,0.10982776550549407,-2.0369914378296277,0.010868293661391677,0.9313820182403234,-2.04,0.6
JHBKHLUZVFWLAG-UHFFFAOYSA-N,-1.5596342254344182,-1.3384809493818859,14,-1.3753022967228103,-1.3753022967228103,-1.34,-1.34,True,4,4,False,-1.5283176725632384,0.2073833834395263,-1.3594429167463953,0.02584014796175631,0.3130581374329178,-1.34,0.6
JHIVVAPYMSGYDF-UHFFFAOYSA-N,-4.384355312265663,-4.682133324695064,16,-4.68402984359634,-4.68402984359634,-4.91,-4.91,True,4,4,False,-4.812054966781381,0.2003072123499459,-4.885772144246303,0.026365725344740354,0.16973523285333453,-4.91,0.6
JLTDJTHDQAWBAV-UHFFFAOYSA-N,-3.448117821455172,-3.4515444937472872,15,-3.453441012648564,-3.453441012648564,-3.45,-3.45,False,5,5,False,-3.467640637473994,0.15096110071778515,-3.4782381756733884,0.023522821958126095,0.014777187157181718,-3.45,0.6
JMMWKPVZQRWMSS-UHFFFAOYSA-N,-2.3807909695686353,-2.6466388608180784,20,-2.645793499043977,-2.645793499043977,-2.65,-2.65,True,5,5,False,-2.6131255466092522,0.10647418768774433,-2.6470805624446956,0.009286809233736428,0.017952362764937925,-2.64,0.6
JQVDAXLFBXTEQA-UHFFFAOYSA-N,-3.2799066060895514,-3.278453734213151,20,-3.2858394387075105,-3.2858394387075105,-3.3269598470363286,-3.3269598470363286,False,5,5,False,-3.326550216997343,0.113516155970434,-3.3179234406324882,0.01100732964715221,0.4964226493188769,-3.24,0.6
JRLPEMVDPFPYPJ-UHFFFAOYSA-N,-0.7444671084675195,-0.9509341008280966,13,-0.9528306197293736,-0.9528306197293736,-0.96,-0.96,True,5,5,False,-0.985845104573213,0.17291091720277169,-0.9566247595600678,0.015759636220502377,0.5986552991654417,-0.95,0.6
JRZJOMJEPLMPRA-UHFFFAOYSA-N,2.0602985914899317,2.0600127215645867,10,2.061003747867756,2.061003747867756,2.06,2.06,False,4,4,False,1.984828603168148,0.2217597979886681,2.0577112723748607,0.025159211139622367,1.0,2.06,0.6
JSZOAYXJRCEYSX-UHFFFAOYSA-N,-3.3133627210847028,-3.341300191204589,29,-3.341300191204589,-3.341300191204589,-3.34,-3.34,False,5,5,False,-3.367312859209131,0.10008453931346144,-3.3406174628230234,0.010076054167250078,0.8849904804637787,-3.34,0.6
JTXMVXSTHSMVQF-UHFFFAOYSA-N,-7.454617241154864,-7.454617241154864,1,-7.456513760056141,-7.456513760056141,-7.454617241154864,-7.454617241154864,False,1,1,False,-7.499065077288049,1.0605269289471333,-7.4980284524826395,0.2822613501611791,1.0,-6.34,0.6
JUJWROOIHBZHMG-UHFFFAOYSA-N,-4.195917168725665,-4.693009114027932,45,-4.692018087724763,-4.692018087724763,-4.7,-4.7,True,5,5,False,-4.663527927009002,0.07816582139703619,-4.699898383188687,0.0071734081122132145,0.0009739192316406608,-4.69,0.6
JWAZRIHNYRIHIV-UHFFFAOYSA-N,-8.037308649054674,-8.117268671065755,8,-8.116277644762587,-8.116277644762587,-8.11,-8.11,False,4,4,False,-8.147450055492756,0.22636288206411329,-8.112522482287117,0.026152727978920955,1.0,-8.11,0.6
JYYNAJVZFGKDEQ-UHFFFAOYSA-N,-4.318587454098508,-4.86,19,-4.86,-4.86,-4.8618833652007645,-4.8618833652007645,True,5,5,False,-4.82913112373809,0.11090995072391184,-4.865130474323504,0.011518606980651458,0.0009037396283760903,-4.86,0.6
KAESVJOAVNADME-UHFFFAOYSA-N,-4.464073115276562,-4.274567118568028,11,-4.276463637469305,-4.276463637469305,-4.780114722753346,-4.780114722753346,True,5,5,False,-4.761759666412319,0.15385864842951147,-4.778177661394168,0.016459929911726734,0.3132194339712589,-4.78,0.6
KAKZBPTYRLMSJV-UHFFFAOYSA-N,0.8249460580716529,0.6142447418738048,26,0.6149021022661256,0.6149021022661256,0.61,0.61,True,5,5,False,0.6203820986952707,0.09569144655063767,0.6085683853848491,0.008883374674937551,0.3558105569177459,0.56,0.2
KBPLFHHGFOOTCA-UHFFFAOYSA-N,-3.690543075160925,-4.092740506419708,26,-4.091749480116539,-4.091749480116539,-4.092084130019121,-4.092084130019121,True,5,5,False,-4.076684392419821,0.10249519148221686,-4.092224447169105,0.009787711896571231,0.024287388051521596,-4.09,0.6
KCXMKQUNVWSEMD-UHFFFAOYSA-N,-2.329940909524683,-2.414716898787628,8,-2.417662900318266,-2.417662900318266,-2.414716898787628,-2.414716898787628,False,3,3,False,-2.6145075407767413,0.45586276628224537,-2.375247969874581,0.07422782352208634,0.37202657635822084,-1.93,0.2
KDIAMAVWIJYWHN-UHFFFAOYSA-N,2.3002707254500794,2.1282250633382485,11,2.129216089641418,2.129216089641418,2.13,2.13,True,4,4,False,2.064754196142388,0.2173376567120123,2.1279070181800255,0.02506189422161434,0.8250165371410169,2.13,0.6
KDKYADYSIPSCCQ-UHFFFAOYSA-N,-0.17177917953127667,-0.16174404852305957,22,-0.1625239005736137,-0.1625239005736137,-0.16,-0.16,False,5,5,False,-0.18543202599216846,0.10068591013158107,-0.1685848850053487,0.009542875483999043,0.4254347983620072,-0.16,0.6
KFNNIILCVOLYIR-UHFFFAOYSA-N,-2.463085465718419,-2.482812205885773,15,-2.4818211795826035,-2.4818211795826035,-2.48,-2.48,False,5,5,False,-2.5068473997482905,0.14352844899378456,-2.4802194307938334,0.013557327304951723,1.0,-2.48,0.6
KFUSEUYYWQURPO-OWOJBTEDSA-N,-0.5043455804501017,-0.5746385860731682,48,-0.5765351049744452,-0.5765351049744452,-0.78,-0.78,True,5,5,False,-0.8603488640264735,0.0994990439911845,-0.7625535477726012,0.012360231479356177,0.0030135160790129975,-0.78,0.6
KFUSEUYYWQURPO-UPHRSURJSA-N,-1.001215421774432,-1.0442736399820678,48,-1.0461701588833447,-1.0461701588833447,-1.171759082217973,-1.171759082217973,True,5,5,False,-1.2122603830829493,0.10210435712155207,-1.171750559093938,0.01136796126836712,0.002683824279011087,-1.17,0.6
KFZMGEQAYNKOFK-UHFFFAOYSA-N,-4.332036933374803,-4.747578987446862,48,-4.7465879611436925,-4.7465879611436925,-4.758107074569789,-4.758107074569789,True,5,5,False,-4.66324578542172,0.07810900344120106,-4.759143074288021,0.007985022731941085,0.001104447695305539,-4.74,0.6
KHUFHLFHOQVFGB-UHFFFAOYSA-N,-5.988913335955259,-5.988913335955259,2,-6.028578625508446,-6.028578625508446,-5.988913335955259,-5.988913335955259,True,2,2,False,-8.91119210203073,0.9638346123868675,-10.3818549570577,0.2831333334485405,0.07254860918327784,-9.44,0.74
KJCVRFUGPWSIIH-UHFFFAOYSA-N,-7.201830823343673,-7.680709683714319,8,-7.67971865741115,-7.67971865741115,-7.67,-7.67,True,4,4,False,-7.6789319404164225,0.22636288206411329,-7.672545894366447,0.02616214742890981,0.33750507180630207,-7.67,0.6
KJDRSWPQXHESDQ-UHFFFAOYSA-N,-1.128409749428312,-2.3192196203045015,16,-2.318228594001332,-2.318228594001332,-2.32,-2.32,True,4,4,False,-1.7527465246229266,0.1986145998197649,-2.319149288297985,0.025042268940591833,0.02761282025381477,-2.32,0.6
KKKDZZRICRFGSD-UHFFFAOYSA-N,-5.07548082360183,-5.07548082360183,1,-5.152914883806928,-5.152914883806928,-5.07548082360183,-5.07548082360183,False,1,1,False,-5.666388459839909,2.0389244389701053,-5.415539379386284,0.9148000575938936,1.0,-7.63,0.12
KKQWHYGECTYFIA-UHFFFAOYSA-N,-2.4411198912348993,-2.575533375659962,12,-2.577429894561239,-2.577429894561239,-2.575533375659962,-2.575533375659962,True,2,2,False,-2.680398642631153,0.3255494967023966,-2.5276748460759295,0.09375407478770842,0.5637827176553738,-2.46,0.1
KLIDCXVFHGNTTM-UHFFFAOYSA-N,-6.858107289692769,-6.855259003876996,3,-6.857155522778273,-6.857155522778273,-6.855259003876996,-6.855259003876996,False,1,1,False,-7.037616056263402,0.624886973339966,-6.910302578206364,0.1642141415312496,1.0,-6.96,0.1
KLSLBUSXWBJMEC-UHFFFAOYSA-N,-5.11943626639466,-5.907188797599113,8,-5.906197771295943,-5.906197771295943,-5.9,-5.9,True,4,4,False,-5.88914963362356,0.22636288206411329,-5.9022709422822155,0.02615845439336289,0.13889793339745996,-5.21,0.69
KMGBZBJJOKUPIA-UHFFFAOYSA-N,-0.2501829177964715,-0.24778221519259125,14,-0.25,-0.25,-0.2581261950286806,-0.2581261950286806,False,5,5,False,-0.28476301169535767,0.1365271896317692,-0.2612714512330605,0.012742044491017884,0.9091073573896272,-0.25,0.6
KOSAMXZBGUIISK-UHFFFAOYSA-N,-4.793220383591805,-4.793220383591805,1,-4.795116902493082,-4.795116902493082,-4.793220383591805,-4.793220383591805,False,1,1,False,-4.996928690576375,1.0605269289471333,-4.847145876372561,0.2822093475311627,1.0,-4.8,0.39
KQDJTBPASNJQFQ-UHFFFAOYSA-N,-6.206102584502687,-6.207323101403224,6,-6.206332075100055,-6.206332075100055,-6.2,-6.2,False,3,3,False,-6.231290467252216,0.23254118123630332,-6.202260996841055,0.026271077883758234,1.0,-6.2,0.6
KSNXJLQDQOIRIP-UHFFFAOYSA-N,-12.650576856435992,-12.650576856435992,2,-12.68929388653854,-12.68929388653854,-14.567399617590825,-14.567399617590825,True,2,2,False,-14.392054960050698,0.4027336709368692,-14.566147226989116,0.028285773435015985,0.3355634881230466,-18.72,0.64
KUFFULVDNCHOFZ-UHFFFAOYSA-N,-4.254828918906066,-5.575676816579116,19,-5.574685790275947,-5.574685790275947,-6.01,-6.01,True,4,4,False,-5.23728782939717,0.18946428123063547,-5.986785644091763,0.027031793681428204,0.019815098337740606,-6.01,0.6
KVFIJIWMDBAGDP-UHFFFAOYSA-N,-5.462763299835288,-5.456987341892945,15,-5.456500956022944,-5.456500956022944,-5.458250478011472,-5.458250478011472,False,4,4,False,-5.4772580024889335,0.1053759903937809,-5.46532462718491,0.010334715021898932,0.8339047059127388,-5.45,0.6
KVNRLNFWIYMESJ-UHFFFAOYSA-N,-3.214004900684958,-3.6412695253567704,22,-3.6407740122051857,-3.6407740122051857,-3.64,-3.64,True,5,5,False,-3.62606506653588,0.10606487758889922,-3.6419544791417406,0.010951724123816127,0.0017257379850697506,-3.64,0.6
KVZJLSYJROEPSQ-OCAPTIKFSA-N,1.588141380952104,1.588141380952104,1,1.5862448620508272,1.5862448620508272,1.588141380952104,1.588141380952104,False,1,1,False,1.0025664326185677,1.0605269289471333,1.5089842241342741,0.28240155276743767,1.0,1.58,0.6
KWKAKUADMBZCLK-UHFFFAOYSA-N,1.8128627038773586,1.923588038017263,20,1.9245790643204324,1.9245790643204324,2.17,2.17,True,5,5,False,2.029490039043707,0.12216988919943778,2.1496906168268213,0.014075246399781837,0.0055898221416673605,1.92,0.6
KWOLFJPFCHCOCG-UHFFFAOYSA-N,-4.310437089314587,-4.584130019120458,37,-4.584130019120458,-4.584130019120458,-4.58,-4.58,True,5,5,False,-4.176566047057901,0.09109541409798728,-4.583272404241738,0.008729000210896386,5.928631697184627e-05,-4.58,0.6
KXDAEFPNCMNJSK-UHFFFAOYSA-N,-10.981378156651619,-11.004735981134509,8,-11.004240467982923,-11.004240467982923,-11.0,-11.0,False,4,4,False,-10.967339838236299,0.15819819545458033,-10.986301289401643,0.018184785246494903,0.43676084850576885,-11.0,0.2
KXKVLQRXCPHEJC-UHFFFAOYSA-N,-3.2868775136426587,-3.257319141959556,38,-3.259215660860833,-3.259215660860833,-3.3125047801147227,-3.3125047801147227,False,5,5,False,-3.3730211118808224,0.07728232434242696,-3.304448910199237,0.007755079296264839,0.0029718518797427125,-3.13,0.6
KXUHSQYYJYAXGZ-UHFFFAOYSA-N,0.4748823158494605,0.1637096202567883,10,0.1647006465599577,0.1647006465599577,0.16,0.16,True,4,4,False,0.11613734917879559,0.21946956505281262,0.16033178570482265,0.02553122955389917,0.4733666987960449,0.16,0.6
KYWIYKKSMDLRDC-UHFFFAOYSA-N,-2.42571011104418,-2.1589387857156916,16,-2.1602042154974397,-2.1602042154974397,-2.1565009560229447,-2.1565009560229447,True,5,5,False,-2.2362667033331722,0.12972786167460454,-2.1591628791612814,0.01376560642449153,0.053809794464269464,-2.15,0.6
LAXBNTIAOJWAOP-UHFFFAOYSA-N,-1.809248504509805,-2.0759396754134145,3,-2.0778361943146915,-2.0778361943146915,-2.0759396754134145,-2.0759396754134145,True,2,2,False,-2.3709041439318748,0.7231280539469104,-2.1323957527926227,0.19572380989001975,1.0,-2.69,0.1
LCCNCVORNKJIRZ-UHFFFAOYSA-N,-7.0766585815914524,-7.0794479534263335,6,-7.117715885022065,-7.117715885022065,-7.0794479534263335,-7.0794479534263335,True,3,3,False,-7.321036458087084,0.5004085170150036,-7.354565011406476,0.10446449808541537,0.6634710569346721,-6.74,0.1
LCGLNKUTAGEVQW-UHFFFAOYSA-N,-1.7630194030123356,-1.9,31,-1.9,-1.9,-1.9,-1.9,True,5,5,False,-1.9631637754880962,0.08239350257961922,-1.9069749703153145,0.007536922042275748,0.00676624340815411,-1.91,0.6
LCXMEXLGMKFLQO-UHFFFAOYSA-N,-2.783499703765871,-3.0403765735745933,4,-3.0422730924758703,-3.0422730924758703,-3.0403765735745933,-3.0403765735745933,True,2,2,False,-3.0227271102106683,0.6032128259600282,-2.968498140302892,0.185397102820724,0.3922926546646496,-3.04,0.1
LFHISGNCFUNFFM-UHFFFAOYSA-N,-1.451988902049223,-1.4712027594056432,6,-1.471655505704697,-1.471655505704697,-1.4712027594056432,-1.4712027594056432,False,3,3,False,-1.7697459545216674,0.5294888151993109,-1.491044391603844,0.0801931124101233,1.0,-1.45,0.1
LFQSCWFLJHTTHZ-UHFFFAOYSA-N,-4.587659128540872,-5.0,63,-5.0,-5.0,-5.005,-5.005,True,5,5,False,-4.85496086857852,0.0697241203730179,-5.000035555854714,0.006829239734587767,0.0010394989402214847,-5.0,0.6
LFULEKSKNZEWOE-UHFFFAOYSA-N,-8.04811736675386,-8.04811736675386,2,-8.087782656307049,-8.087782656307049,-8.04811736675386,-8.04811736675386,True,2,2,False,-8.424290599064026,0.9638346123868675,-8.408156140138772,0.2710509566544339,1.0,-7.78,1.93
LGXVIGDEPROXKC-UHFFFAOYSA-N,1.1191539254911618,0.19689043140469165,42,0.18618497915122967,0.18618497915122967,0.25,0.25,True,4,4,False,0.7028956982061196,0.1457354946765302,0.21877916257617294,0.0261067643423958,0.0059541666070617415,0.25,0.6
LHGVFZTZFXWLCP-UHFFFAOYSA-N,-5.560487629648009,-5.709595115492277,12,-5.711491634393555,-5.711491634393555,-5.57,-5.57,True,4,4,False,-5.6893204636356876,0.2111332713614098,-5.5903123051489425,0.026729174224748267,0.6240588288879952,-5.94,0.1
LIKMAJRDDDTEIG-UHFFFAOYSA-N,1.6386598784733526,1.6734207597554411,20,1.6710858444548164,1.6710858444548164,1.68,1.68,False,5,5,False,1.6266242507761235,0.11320542339668012,1.6695426115159198,0.01122791688176432,0.41604678202511586,1.58,0.6
LJSQFQKUNVCTIA-UHFFFAOYSA-N,-1.3735338657485021,-1.4352640852131735,25,-1.4371606041144505,-1.4371606041144505,-1.43,-1.43,True,5,5,False,-1.440605368926537,0.0947759321562303,-1.424094253341012,0.009013012110567003,0.01077634667256779,-1.46,0.6
LKPLKUMXSAEKID-UHFFFAOYSA-N,-3.646779429012212,-3.7423065373350854,5,-3.7442030562363624,-3.7442030562363624,-3.7423065373350854,-3.7423065373350854,True,3,3,False,-4.134174080864271,0.5627608353377608,-5.139220887283383,0.11970392123598991,0.06812917749177172,-5.22,0.25
LMHCYRULPLGEEZ-UHFFFAOYSA-N,0.27249676204607826,0.2728493670946472,7,0.2738403933978166,0.2738403933978166,0.27,0.27,False,3,3,False,0.21828381642712125,0.23000971377142396,0.26896513788108617,0.025742970604709235,1.0,0.27,0.6
LMNPKIOZMGYQIU-UHFFFAOYSA-N,-11.15900698664306,-11.15900698664306,2,-11.19772401674561,-11.19772401674561,-11.19263862332696,-11.19263862332696,False,2,2,False,-11.160860512315645,0.4027336709368692,-11.19265300768198,0.02827104772764553,1.0,-15.46,0.16
LNNXFUZKZLXPOF-UHFFFAOYSA-N,-1.4138642690496448,-1.4138642690496448,1,-1.4157607879509218,-1.4157607879509218,-1.4138642690496448,-1.4138642690496448,False,1,1,False,-1.819796398628379,1.0605269289471333,-1.4811384748238778,0.28225530013258154,1.0,-1.88,0.1
LNWWQYYLZVZXKS-UHFFFAOYSA-N,-9.795356474864716,-9.804467373526286,6,-9.8039718603747,-9.8039718603747,-9.775334608030592,-9.775334608030592,False,3,3,False,-9.78504261996236,0.1616153071252191,-9.78286904659633,0.016283283385874276,1.0,-9.8,0.6
LPIQUOYDBNQMRZ-UHFFFAOYSA-N,0.4969914355777099,0.5596706012720134,22,0.56,0.56,0.56,0.56,False,5,5,False,0.5403035693579817,0.09818505679729603,0.5598273242257878,0.008937059214259236,0.38920619662598505,0.56,0.6
LQLQRFGHAALLLE-UHFFFAOYSA-N,-12.328916044282407,-12.328916044282407,2,-12.367633074384955,-12.367633074384955,-14.254302103250478,-14.254302103250478,True,2,2,False,-14.081138951589296,0.4027336709368692,-14.253064102983384,0.0282856720027937,0.3331346405840611,-18.17,0.55
LQNUZADURLCDLV-UHFFFAOYSA-N,-3.642354741671587,-4.106382974774441,37,-4.106016361423407,-4.106016361423407,-4.119034416826004,-4.119034416826004,True,5,5,False,-4.064414189496782,0.09273989834835804,-4.11525229564766,0.00903846580833448,0.0013462617705952452,-4.12,0.6
LRHPLDYGYMQRHN-UHFFFAOYSA-N,-4.107874029470716,-4.674805805304381,59,-4.676702324205658,-4.676702324205658,-4.72,-4.72,True,5,5,False,-4.578179638813887,0.07604281408905976,-4.712241269724394,0.007679006440770008,0.0011364350958518918,-4.72,0.6
LSDPWZHWYPCBBB-UHFFFAOYSA-N,-1.1230309537221785,-1.24,27,-1.24,-1.24,-1.24,-1.24,True,5,5,False,-1.2416961973057172,0.08663964651408437,-1.2327559794889489,0.007989286244421825,0.01428227149899405,-1.2,0.2
LSXKDWGTSHCFPP-UHFFFAOYSA-N,0.3499186022066045,0.341061708868309,12,0.3420527351714784,0.3420527351714784,0.34,0.34,False,4,4,False,0.26025845359082983,0.2131699324188043,0.3386267763054971,0.024958249839881767,1.0,0.34,0.6
LTEQMZWBSYACLV-UHFFFAOYSA-N,-0.42087619767412165,-0.040927405064197,11,-0.03993637876102762,-0.03993637876102762,-0.04,-0.04,True,3,3,False,-0.18648490086338518,0.21620721950034222,-0.04230562953625851,0.02507451736085062,0.005438263242358482,-0.04,0.6
LVBXEMGDVWVTGY-VOTSOKGWSA-N,-3.3662486640494698,-3.437902025392555,10,-3.439798544293832,-3.439798544293832,-3.4408413001912046,-3.4408413001912046,False,4,4,False,-3.4487909785277804,0.13323499456882198,-3.4376764059502225,0.013957802559839045,0.17705171664735117,-3.43,0.6
LVZWSLJZHVFIQJ-UHFFFAOYSA-N,0.8359461694843155,0.75033575951028,20,0.7506633929067247,0.7506633929067247,0.75,0.75,False,5,5,False,0.7359873591094227,0.10647418768774435,0.7505050057790675,0.009677276488695001,0.7632707276281576,0.75,0.6
LXCFILQKKLGQFO-UHFFFAOYSA-N,-8.321171165503209,-8.321171165503209,1,-8.398605225708307,-8.398605225708307,-8.321171165503209,-8.321171165503209,False,1,1,False,-8.194178227900926,2.0389244389701053,-8.52535748522968,0.9178495011307327,1.0,-9.51,0.26
LYCAIKOWRPUZTN-UHFFFAOYSA-N,-8.445407308114625,-7.665702109315526,17,-7.664711083012357,-7.664711083012357,-9.3,-9.3,True,5,5,False,-8.653123996704242,0.10174689356820306,-9.301455174910746,0.013956423786159322,0.0018425368237453398,-9.3,0.6
LYGJENNIWJXYER-UHFFFAOYSA-N,-3.9775091501808313,-4.020513563925755,24,-4.020018050774171,-4.020018050774171,-3.985,-3.985,False,4,4,False,-4.0498057108131515,0.14901379121190966,-3.9997555424490976,0.01975010102456718,0.7721275537114475,-4.02,0.6
LZDKZFUFMNSQCJ-UHFFFAOYSA-N,-3.531091129182373,-3.53044608568242,5,-3.5323426045836968,-3.5323426045836968,-3.531252390057361,-3.531252390057361,False,3,3,False,-3.5374523359562327,0.1510676255121239,-3.5313970966600543,0.01412734181517198,1.0,-3.54,0.6
MBDOYVRWFFCFHM-SNAWJCMRSA-N,-3.6652083051858892,-3.680688336520076,13,-3.680688336520076,-3.680688336520076,-3.68,-3.68,False,4,4,False,-3.6975200374612807,0.12548803360633579,-3.6795373991260996,0.012389665879702293,0.8567875357544379,-3.68,0.6
MCSAJNNLRCFZED-UHFFFAOYSA-N,-3.7113004373969187,-3.71,30,-3.7097603661840335,-3.7097603661840335,-3.71,-3.71,False,5,5,False,-3.7412259529067575,0.09987999950808685,-3.712626167287349,0.009971752948025608,0.06954829256516126,-3.71,0.6
MCSINKKTEDDPNK-UHFFFAOYSA-N,-2.443957233794995,-2.4420018354970927,17,-2.4410108091939233,-2.4410108091939233,-2.4522944550669217,-2.4522944550669217,False,5,5,False,-2.471929182512979,0.11915405690287383,-2.4517030042073538,0.011299002158640208,1.0,-2.44,0.6
MCTWTZJPVLRJOU-UHFFFAOYSA-N,-8.413686448273134,-8.413001912045889,3,-8.413001912045889,-8.413001912045889,-8.411500956022945,-8.411500956022945,False,2,2,False,-8.411316038422047,0.17686327229033608,-8.411729117712792,0.01995615514327854,1.0,-8.41,0.6
MFEIKQPHQINPRI-UHFFFAOYSA-N,-4.695688184381226,-4.598632812417912,15,-4.599408354446083,-4.599408354446083,-4.6,-4.6,True,5,5,False,-4.618614055401998,0.1205938534087852,-4.599827338859498,0.011293598656362615,0.7039441206951054,-4.59,0.6
MLFHJEHSLIIPHL-UHFFFAOYSA-N,-2.214197962358357,-2.210079873466643,13,-2.21,-2.21,-2.2104015296367114,-2.2104015296367114,False,5,5,False,-2.2334189813035534,0.13206110756635206,-2.2120515237373697,0.013711079517648469,1.0,-2.21,0.6
MLRVZFYXUZQSRU-UHFFFAOYSA-N,1.685297246208981,0.0818548101283942,21,0.07995829122711724,0.07995829122711724,0.0,0.0,True,4,4,False,0.8171811948040337,0.1853667368242827,0.004938212674267349,0.024988754700221345,0.005440412197571875,0.0,0.6
MLUCVPSAIODCQM-NSCUHMNNSA-N,-4.227157602453237,-4.229165189967032,12,-4.228174163663863,-4.228174163663863,-4.225621414913958,-4.225621414913958,False,4,4,False,-4.240235900943404,0.1263221919718112,-4.2267507878710475,0.012403312593094792,1.0,-4.22,0.6
MNDIARAMWBIKFW-UHFFFAOYSA-N,0.18375560797363003,0.1773520886115207,12,0.17834311491469007,0.17834311491469007,0.18,0.18,False,4,4,False,0.09923599134487934,0.2131699324188043,0.17687353340423814,0.02497495626612652,1.0,0.18,0.6
MPPPKRYCTPRNTB-UHFFFAOYSA-N,-0.39773778124658044,-0.4012052455906318,16,-0.4065034094389758,-0.4065034094389758,-0.408699808795411,-0.408699808795411,False,5,5,False,-0.4353851624601297,0.1245057767889037,-0.40746359773600044,0.012369770776166763,0.1224020353263917,-0.4,0.6
MSXVEPNJUHWQHW-UHFFFAOYSA-N,-4.422086616789756,-4.431946611215303,20,-4.432811188984848,-4.432811188984848,-4.430583173996176,-4.430583173996176,False,5,5,False,-4.452404334969705,0.1096852006026224,-4.435452820825083,0.00988161919292648,1.0,-4.43,0.6
MTCPZNVSDFCBBE-UHFFFAOYSA-N,-1.9587309150795864,-1.9587309150795864,1,-1.9606274339808634,-1.9606274339808634,-1.9587309150795864,-1.9587309150795864,False,1,1,False,-2.3320577162378906,1.0605269289471333,-2.023851702695464,0.2822394132944136,1.0,-1.96,0.1
MTLMVEWEYZFYTH-UHFFFAOYSA-N,-2.10363898836709,-2.0896243891069997,4,-2.1292896786601876,-2.1292896786601876,-2.0896243891069997,-2.0896243891069997,False,2,2,False,-2.4425761958974066,0.6032128259600282,-2.197942499988599,0.1657799537632567,1.0,-2.16,0.1
MTZQAGJQAFMTAQ-UHFFFAOYSA-N,-3.581166987472968,-3.64253905071354,10,-3.6415480244103713,-3.6415480244103713,-3.64,-3.64,False,4,4,False,-3.6868085987769934,0.2217597979886681,-3.635629916280253,0.025345500472305563,0.865225129198099,-3.64,0.6
MVPPADPHJFYWMZ-UHFFFAOYSA-N,-0.6706786937881873,-1.1186824050880535,84,-1.1178775968773211,-1.1178775968773211,-1.12,-1.12,True,5,5,False,-1.0077376811002323,0.09000119895207129,-1.1134225765361838,0.01145401684966067,0.0025474499661729258,-1.12,0.6
MWKFXSUHUHTGQN-UHFFFAOYSA-N,-3.0603795683253856,-3.6425390507135407,13,-3.6415480244103713,-3.6415480244103713,-3.64,-3.64,True,4,4,False,-3.63253702077275,0.21325382393660824,-3.6444921960688292,0.025142301330895664,0.02997599896962254,-3.64,0.6
MWPLVEDNUUSJAV-UHFFFAOYSA-N,-3.585705425657731,-3.751489947903373,52,-3.75338646680465,-3.75338646680465,-4.23,-4.23,True,5,5,False,-3.956815094112623,0.08298293030400469,-4.210900912133533,0.009604626227352094,0.0014144007602271452,-3.95,0.6
MWWATHDPGQKSAR-UHFFFAOYSA-N,-1.865483860086244,-0.31,30,-0.31,-0.31,-0.31,-0.31,True,5,5,False,-0.559112696335986,0.09905528248059378,-0.3126317824538007,0.010229314725397187,4.7387570277956685e-05,-0.48,0.6
NALZTFARIYUCBY-UHFFFAOYSA-N,-2.9626840566355974,-3.096676430070057,13,-3.0958492902210764,-3.0958492902210764,-3.08,-3.08,True,4,4,False,-3.0919169358579954,0.13731515500865343,-3.0848928218287415,0.012474178281444565,0.08543920151161963,-3.09,0.6
NAMYKGVDVNBCFQ-UHFFFAOYSA-N,-0.4779920560179783,-0.4774863924156325,14,-0.47725341919389885,-0.47725341919389885,-0.48,-0.48,False,5,5,False,-0.5031360012874659,0.1257251117768309,-0.4836382429003339,0.012421769391611243,1.0,-0.48,0.6
NBBJYMSMWIIQGU-UHFFFAOYSA-N,-3.2100874007051137,-3.437902025392555,35,-3.439798544293832,-3.439798544293832,-3.44,-3.44,True,5,5,False,-3.4384777037391108,0.09029814674319979,-3.438676382851726,0.008243457237840488,0.002069078241742641,-3.43,0.6
NBFMTHWVRBOVPE-UHFFFAOYSA-N,-2.070795251335957,-3.3913282241614096,5,-3.4687622843665076,-3.4687622843665076,-3.3913282241614096,-3.3913282241614096,True,3,3,False,-2.8695132098535083,0.5627608353377608,-3.557482314477455,0.1619842328228326,0.0020951564702883273,-3.67,0.12
NBQCNZYJJMBDKY-UHFFFAOYSA-N,-11.278345352776778,-11.278345352776778,2,-11.318010642329966,-11.318010642329966,-11.278345352776778,-11.278345352776778,False,2,2,False,-11.318993209856291,0.9638346123868675,-11.384038674232412,0.2702936122698802,1.0,-11.14,1.93
NBRKLOOSMBRFMH-UHFFFAOYSA-N,1.1439767435234507,1.091397468378589,10,1.091194247340879,1.091194247340879,1.09,1.09,True,3,3,False,0.9689356530424209,0.2183057131112757,1.0859100417173142,0.02574979602412946,0.008744627858601682,1.09,0.6
NBVXSUQYWXRMNV-UHFFFAOYSA-N,0.06805621851448887,-0.1110973994800519,28,-0.11299391838132886,-0.11299391838132886,-0.22,-0.22,True,5,5,False,-0.21095741583609273,0.11452235492151022,-0.20963883441980244,0.012520589075720082,0.3526108807666258,-0.22,0.6
NCBZRJODKRCREW-UHFFFAOYSA-N,-7.269967652232576,-7.298720569781812,6,-7.297729543478643,-7.297729543478643,-7.29,-7.29,False,3,3,False,-7.310969607492291,0.23254118123630332,-7.291027436496652,0.026262363682245014,1.0,-7.29,0.6
NEHMKBQYUWJMIP-UHFFFAOYSA-N,-0.3680945038404114,-0.5539237032771487,41,-0.5529326769739793,-0.5529326769739793,-0.56,-0.56,True,5,5,False,-0.5807100022468621,0.10415995289624125,-0.5599968153353436,0.010428459295396948,0.003461308875532541,-0.55,0.6
NFBOHOGPQUYFRF-UHFFFAOYSA-N,-2.8797683112185344,-3.144202987921847,3,-3.146099506823124,-3.146099506823124,-3.144202987921847,-3.144202987921847,True,2,2,False,-3.4154932516028986,0.7231280539469104,-3.205854168973551,0.19584335500190073,1.0,-3.15,0.1
NHTMVDHEPJAVLT-UHFFFAOYSA-N,2.875015292684593,2.88,19,2.8552745909982282,2.8552745909982282,2.851338432122371,2.851338432122371,False,5,5,False,2.840905627364914,0.10359579788471225,2.863964099816234,0.010298176721143679,0.9436479664002128,2.89,0.6
NIHNNTQXNPWCJQ-UHFFFAOYSA-N,-3.791506216983097,-3.3560472152641605,24,-3.355056188960991,-3.355056188960991,-3.44,-3.44,True,5,5,False,-3.5747581643150066,0.11816091575551647,-3.4287614491912306,0.01324619035364435,0.004148818617793049,-3.35,0.6
NKDDWNXOKDWJAK-UHFFFAOYSA-N,-2.9308213403506578,-2.9326003824091775,7,-2.9326003824091775,-2.9326003824091775,-2.93,-2.93,False,4,4,False,-2.94798019812626,0.1684857726999013,-2.9285879970115127,0.014146305949241985,1.0,-2.93,0.2
NKTOLZVEWDHZMU-UHFFFAOYSA-N,-4.800240951731584,-5.914961564817865,12,-5.914920119825338,-5.914920119825338,-5.91,-5.91,True,4,4,False,-5.6464078106099205,0.20915389239124899,-5.9058737535339105,0.026141484901897452,0.042166029291766494,-5.91,0.6
NNPPMTNAJDCUHE-UHFFFAOYSA-N,2.327019309758164,2.3183556405353727,33,2.3183556405353727,2.3183556405353727,2.32,2.32,False,5,5,False,2.295258848934509,0.08071302245500493,2.3124161976804154,0.00712238739392887,0.9899402524856671,2.3,0.2
NOOLISFMXDJSKH-KXUCPTDWSA-N,-4.219836888108083,-4.219836888108083,1,-4.297270948313181,-4.297270948313181,-4.219836888108083,-4.219836888108083,False,1,1,False,-5.000000801928742,2.0389244389701053,-4.595403603253532,0.9146127060480936,1.0,-3.2,0.28
NPNPZTNLOVBDOC-UHFFFAOYSA-N,-0.07051744997306268,-0.10497131931166345,14,-0.10497131931166345,-0.10497131931166345,-0.1099426386233269,-0.1099426386233269,False,3,3,False,-0.12285801364975216,0.11453958488934075,-0.10559191472875279,0.010679383107541988,0.8487925642303342,-0.11,0.6
NQPDZGIKBAWPEJ-UHFFFAOYSA-N,-6.262266317952399,-6.166395696339027,27,-6.168292215240304,-6.168292215240304,-6.16,-6.16,False,5,5,False,-6.217220017601855,0.1184440913336507,-6.17314439473835,0.010611850930530315,0.5879171036732642,-6.16,0.6
NQRYJNQNLNOLGT-UHFFFAOYSA-N,-4.5444793257823966,-5.102914340283295,22,-5.103367086582349,-5.103367086582349,-5.109942638623327,-5.109942638623327,True,5,5,False,-5.071921055192291,0.09511886074905282,-5.106341063866557,0.008483006282684892,0.0008345129203309556,-5.11,0.6
NRGGMCIBEHEAIL-UHFFFAOYSA-N,-4.425014856066878,-4.33,16,-4.33,-4.33,-4.33,-4.33,True,5,5,False,-4.355456008280944,0.1198674703119228,-4.330341122296089,0.011287227042625057,0.7715587024399178,-4.33,0.6
NTIZESTWPVYFNL-UHFFFAOYSA-N,-2.831253783381531,-3.0559129114600494,22,-3.056365657759103,-3.056365657759103,-3.06,-3.06,True,5,5,False,-3.0554756953814874,0.11711569481326835,-3.0553783518204587,0.011290613791651066,0.058318823458947164,-3.05,0.6
NTPLXRHDUXRPNE-UHFFFAOYSA-N,-4.405213822862843,-4.406517278578553,5,-4.405526252275384,-4.405526252275384,-4.4,-4.4,False,3,3,False,-4.4267548149076354,0.23798200806546063,-4.401692685216005,0.026377636717041065,1.0,-4.4,0.6
NUJGJRNETVAIRJ-UHFFFAOYSA-N,-2.3177408568160014,-2.2919346835950365,25,-2.290943657291867,-2.290943657291867,-2.29,-2.29,False,5,5,False,-2.3247278166468037,0.10533981632340648,-2.292192472016456,0.010399366290010287,0.1718396379752371,-2.29,0.6
NUKZAGXMHTUAFE-UHFFFAOYSA-N,-2.480137303206668,-2.4882464135677624,18,-2.49,-2.49,-2.49,-2.49,False,5,5,False,-2.5071167591609416,0.10784921519742685,-2.4899785085382824,0.0104892359373952,1.0,-2.49,0.6
NURQLCJSMXZBPC-UHFFFAOYSA-N,-4.6212991535421635,-5.219885277246654,16,-5.219885277246654,-5.219885277246654,-5.219885277246654,-5.219885277246654,True,5,5,False,-5.1220224394568525,0.1161503718837375,-5.218400591659075,0.012295221207518746,0.004614107160376463,-5.22,0.6
NUVBSKCKDOMJSU-UHFFFAOYSA-N,-7.712153072462899,-7.712153072462899,1,-7.789587132667997,-7.789587132667997,-7.712153072462899,-7.712153072462899,False,1,1,False,-7.719866281293757,2.0389244389701053,-7.942068562633156,0.9169892043577527,1.0,-9.2,0.3
NXXYKOUNUYWIHA-UHFFFAOYSA-N,-4.164606584955018,-4.864536835548133,17,-4.86643335444941,-4.86643335444941,-5.26,-5.26,True,4,4,False,-4.878928326498045,0.19384614933757602,-5.236615114707088,0.027037990319020735,0.029460729177193886,-5.26,0.6
NZZFYRREKKOMAT-UHFFFAOYSA-N,-2.5211830985996215,-2.5102141772707545,9,-2.509223150967585,-2.509223150967585,-2.49,-2.49,False,5,5,False,-2.5150465461337523,0.16755610920164446,-2.4946349440062314,0.013930337075543886,1.0,-2.49,0.6
OAKJQQAXSVQMHS-UHFFFAOYSA-N,-8.540000000000001,-9.3,4,-9.3,-9.3,-9.3,-9.3,True,2,2,False,-8.19504416318036,0.15252950237187504,-9.299496688950173,0.01632916288947681,0.0005409768238953357,-9.3,0.6
OBNCKNCVKJNDBV-UHFFFAOYSA-N,-2.6334769947889294,-2.496571708916022,20,-2.495580682612853,-2.495580682612853,-2.497609942638623,-2.497609942638623,True,5,5,False,-2.560044584826935,0.11848201322504735,-2.5020038098005584,0.012266007252158567,0.04228636467604686,-2.49,0.6
OCJBOOLMMGQPQU-UHFFFAOYSA-N,-1.1319432867913404,-1.3233194304090392,49,-1.3223284041058698,-1.3223284041058698,-1.01,-1.01,True,5,5,False,-1.158805390998092,0.10211357170083246,-1.0264007310474974,0.01151165546451096,0.002550241249716068,-1.01,0.6
OCKPCBLVNKHBMX-UHFFFAOYSA-N,-0.16646430873616225,-0.3724393860841935,23,-0.37144835978102414,-0.37144835978102414,-0.39837476099426383,-0.39837476099426383,True,5,5,False,-0.416108553823278,0.12418302709617064,-0.3944187726824692,0.013535322437374122,0.1469128476280909,-0.4,0.6
ODCWYMIRDDJXKW-UHFFFAOYSA-N,-10.042594370717854,-10.079425676447386,4,-10.119090966000574,-10.119090966000574,-10.079425676447386,-10.079425676447386,False,3,3,False,-10.221791988302675,0.6562977178022762,-9.979883411217546,0.11328275711723167,1.0,-10.22,0.1
ODLMAHJVESYWTB-UHFFFAOYSA-N,-0.3998866168457145,-0.5231336385356427,34,-0.5250301574369196,-0.5250301574369196,-0.53,-0.53,True,5,5,False,-0.5303477510103598,0.09592660475232723,-0.5270425982603465,0.010277684458276756,0.0863563907811273,-0.53,0.6
OFBQJSOFQDEBGM-UHFFFAOYSA-N,2.3219792370755883,2.33,30,2.328733879322985,2.328733879322985,2.33,2.33,False,5,5,False,2.3043339328740147,0.08570094846093168,2.3250832632486085,0.007839265594423701,1.0,2.3,0.2
OFDYMSKSGFSLLM-UHFFFAOYSA-N,-5.791564425198796,-5.791961172639288,3,-5.7979706232468,-5.7979706232468,-5.791961172639288,-5.791961172639288,False,2,2,False,-6.050759974546947,0.7231280539469104,-5.860722292862603,0.1954546047956681,1.0,-5.66,1.93
OHLUUHNLEMFGTQ-UHFFFAOYSA-N,-9.432403733405742,-10.0,27,-10.0,-10.0,-10.0,-10.0,True,3,3,False,-9.686923991515165,0.07601980859148418,-10.035087136268272,0.008731786322659514,0.0006680293000976795,-10.0,0.6
OISVCGZHLKNMSJ-UHFFFAOYSA-N,-4.61233873278379,-4.598072323981359,18,-4.59708129767819,-4.59708129767819,-4.6,-4.6,False,5,5,False,-4.611609795122621,0.10784921519742685,-4.598592008810714,0.010470198525275212,0.9389007327539558,-4.59,0.6
OKDGRDCXVWSXDC-UHFFFAOYSA-N,-4.37191502345724,-4.39287481022382,11,-4.391883783920651,-4.391883783920651,-4.3926577437858505,-4.3926577437858505,False,4,4,False,-4.4247957000067295,0.16597440033557195,-4.392403954199388,0.018968810501183073,1.0,-4.39,0.6
OKKJLVBELUTLKV-UHFFFAOYSA-N,-5.086088064197022,-5.102283164669903,42,-5.101292138366734,-5.101292138366734,-5.11,-5.11,False,5,5,False,-5.119333601386767,0.07348377066185646,-5.109493553539268,0.006750462599096192,0.009854525474496214,-5.1,0.6
OKUGPJPKMAEJOE-UHFFFAOYSA-N,-3.4851110650115187,-3.9543408764566528,5,-3.9562373953579297,-3.9562373953579297,-3.9543408764566528,-3.9543408764566528,True,2,2,False,-3.6691274073282774,0.5282086176564232,-3.6511909575330956,0.18581408567117508,0.44652294157434697,-4.13,1.36
ONXPZLFXDMAPRO-UHFFFAOYSA-N,-0.6511176456622246,-0.566741560107815,3,-0.5686380790090919,-0.5686380790090919,-0.566741560107815,-0.566741560107815,True,2,2,False,-1.762453472211763,0.7231280539469104,-0.7141299177589964,0.2678307371836689,0.09758029341038899,-2.98,1.0
OSDWBNJEKMUWAV-UHFFFAOYSA-N,-0.454295378790664,-0.5714918354493795,16,-0.5709963222977948,-0.5709963222977948,-0.57,-0.57,True,5,5,False,-0.6139093472195926,0.12409611940139072,-0.5761254891519202,0.012555955557689348,0.003475518009623922,-0.57,0.6
OTMSDBZUPAUEDD-UHFFFAOYSA-N,1.837463132232519,1.83,45,1.83,1.83,1.83,1.83,True,5,5,False,1.743034698282322,0.07600289413443029,1.82816650652988,0.0077952144040314844,0.010980317402386967,1.83,0.6
OTTZHAVKAVGASB-HWKANZROSA-N,1.6993101235362287,1.6780236076320802,11,1.6789529908786154,1.6789529908786154,1.6634799235181643,1.6634799235181643,False,5,5,False,1.6474818137687965,0.13251484094958138,1.6668965764976071,0.0140117371227356,1.0,1.68,0.6
OXHNLMTVIGZXSG-UHFFFAOYSA-N,-2.8821738736238958,-2.890984703632887,4,-2.8963826279389515,-2.8963826279389515,-2.890984703632887,-2.890984703632887,False,3,3,False,-2.9050139223601614,0.17634731836561407,-2.891479651388587,0.019949034203916128,1.0,-2.89,0.6
PAAZPARNPHGIKF-UHFFFAOYSA-N,-2.077198673020305,-2.1282250633382485,25,-2.127234037035079,-2.127234037035079,-2.1004302103250474,-2.1004302103250474,False,5,5,False,-2.2056265346252646,0.13158464626363292,-2.1132786089905315,0.015693993625901275,0.09810045860791423,-2.33,0.6
PAFZNILMFXTMIY-UHFFFAOYSA-N,-4.808661100011843,-4.597511835544807,13,-4.596520809241637,-4.596520809241637,-4.59,-4.59,True,3,3,False,-4.768003629627364,0.20447616103736607,-4.600514283773487,0.025806311359154004,0.19853749130094847,-4.59,0.6
PAMIQIKDUOTOBW-UHFFFAOYSA-N,-3.365004496807328,-3.888103481098723,16,-3.887759412511241,-3.887759412511241,-3.89,-3.89,True,5,5,False,-3.853476449048735,0.12060903584358042,-3.8882621037364444,0.01127247217631504,0.0014246534066768648,-3.88,0.6
PAYRUJLWNCNPSJ-UHFFFAOYSA-N,-5.432859353747816,-5.528311522459916,28,-5.530208041361193,-5.530208041361193,-5.49,-5.49,True,5,5,False,-5.666972796317086,0.09958354487316046,-5.494886333284816,0.00985055365201946,0.0034783438704115892,-5.49,0.6
PBKONEOXTCPAFI-UHFFFAOYSA-N,-1.1905014970564536,-1.291834736919136,39,-1.301013947580173,-1.301013947580173,-1.12,-1.12,True,4,4,False,-1.3807388195347237,0.15050066412775026,-1.3068270954733396,0.04034437399061339,0.0022089902677757695,-1.12,0.6
PEDCQBHIVMGVHV-UHFFFAOYSA-N,-9.34279365361824,-9.216061185468453,7,-9.216061185468453,-9.216061185468453,-9.218030592734227,-9.218030592734227,True,5,5,False,-9.20919730145384,0.1500495313514332,-9.216346187074434,0.01413690522295001,0.1405694481375056,-13.43,1.0
PETRWTHZSKVLRE-UHFFFAOYSA-N,-5.830542375906909,-5.811691519115986,7,-5.813588038017263,-5.813588038017263,-5.811691519115986,-5.811691519115986,False,3,3,False,-6.058699785534984,0.4765813104286051,-5.834433348532985,0.07723610256355093,1.0,-5.8,0.1
PFEOZHBOMNWTJB-UHFFFAOYSA-N,2.4965357440489444,2.51,22,2.51,2.51,2.51,2.51,False,5,5,False,2.4803346083558075,0.10498219741921644,2.509047051683083,0.009292506616074033,1.0,2.51,0.6
PGMYKACGEOXYJE-UHFFFAOYSA-N,-2.1732630917493063,-2.455644303851825,27,-2.457540822753102,-2.457540822753102,-2.4522944550669217,-2.4522944550669217,True,5,5,False,-2.46502653306608,0.10137478771893006,-2.4641444012145413,0.01024308117575674,0.003899318199295047,-2.51,0.6
PHTQWCKDNZKARW-UHFFFAOYSA-N,-4.413054334209989,-4.420159746933285,19,-4.420925134324015,-4.420925134324015,-4.42,-4.42,True,5,5,False,-4.082142454712167,0.1135034974112342,-4.42715507351939,0.011393800647139718,0.001358263818022596,-4.42,0.6
PIVBPZFQXKMHBD-UHFFFAOYSA-N,-3.563923792764928,-3.563923792764928,1,-3.565820311666205,-3.565820311666205,-3.563923792764928,-3.563923792764928,False,1,1,False,-3.8411943545912512,1.0605269289471333,-3.622703778244967,0.28221156400426567,1.0,-3.61,0.13
PJGSXYOJTGTZAV-UHFFFAOYSA-N,-2.95848150267955,-2.895,14,-2.895,-2.895,-2.89,-2.89,False,5,5,False,-2.9877232239998976,0.13598758385947962,-2.9019820959197493,0.013881518042639823,0.10577209218963585,-3.11,0.6
PKAHQJNJPDVTDP-UHFFFAOYSA-N,-4.104787231080831,-4.106382974774441,4,-4.105391948471271,-4.105391948471271,-4.1,-4.1,False,2,2,False,-4.117152901351474,0.24382352465348642,-4.1011596389003016,0.026487813235666954,1.0,-4.1,0.6
PKUFNWPSFCOSLU-UHFFFAOYSA-N,-10.86057755499834,-10.86057755499834,2,-10.89929458510089,-10.89929458510089,-11.711281070745695,-11.711281070745695,True,2,2,False,-11.625372880208815,0.4027336709368692,-11.710127006485248,0.028279139056519353,0.8947735257224235,-15.83,1.22
PLAZTCDQAHEYBI-UHFFFAOYSA-N,-3.6945573482180984,-3.5879691772946107,19,-3.5898656961958877,-3.5898656961958877,-3.59,-3.59,True,5,5,False,-3.628875930875818,0.10706595419997819,-3.59488573447451,0.010730895263660929,0.3829352626491721,-3.58,0.6
PNPCRKVUWYDDST-UHFFFAOYSA-N,-5.796273291299948,-5.825333987470717,10,-5.824342961167548,-5.824342961167548,-5.82,-5.82,False,4,4,False,-5.871833242020624,0.22175979798866807,-5.818538407887548,0.02524232761143424,1.0,-5.82,0.6
POAOYUHQDCAZBD-UHFFFAOYSA-N,-6.068765413085119,-6.191889507653559,19,-6.193786026554836,-6.193786026554836,-6.266730401529636,-6.266730401529636,True,5,5,False,-6.265795096990357,0.12620765688799604,-6.259858148873921,0.01386088632272827,0.1484557928842864,-6.25,0.6
POLCUAVZOMRGSN-UHFFFAOYSA-N,-1.1627203140213267,-1.1596098101522507,22,-1.1586187838490813,-1.1586187838490813,-1.154397705544933,-1.154397705544933,False,5,5,False,-1.1834983878307255,0.10573052615153547,-1.1562242800580216,0.009275087652139278,0.6532482515046523,-1.16,0.6
PPBRXRYQALVLMV-UHFFFAOYSA-N,-1.1701448733423754,-1.241464620280645,16,-1.2419173665796988,-1.2419173665796988,-1.24,-1.24,False,4,4,False,-1.3060827169914089,0.19696418281999492,-1.2409510023134018,0.025038677252278388,0.7784438620067636,-1.24,0.6
PQNFLJBBNBOBRQ-UHFFFAOYSA-N,-1.6924524880362886,-1.4597441139563627,10,-1.4608203164288198,-1.4608203164288198,-1.48,-1.48,True,5,5,False,-1.6056910867300376,0.19508065611347794,-1.4818177210836065,0.020092698737381336,0.20711266589870325,-1.46,0.6
PVOAHINGSUIXLS-UHFFFAOYSA-N,-7.777101884730947,-7.774856596558317,7,-7.774856596558317,-7.774856596558317,-7.774856596558317,-7.774856596558317,False,2,2,False,-7.7727060607808065,0.11181246802848219,-7.776717081002175,0.010812538747102168,1.0,-7.77,0.6
PVWOIHVRPOBWPI-UHFFFAOYSA-N,-0.5664271042101445,-0.5783941853465722,14,-0.5827820267686424,-0.5827820267686424,-0.5855640535372849,-0.5855640535372849,False,5,5,False,-0.5951973204650901,0.1365271896317692,-0.5793028130918761,0.01297984858195792,0.7775121856381655,-0.53,0.6
PWATWSYOIIXYMA-UHFFFAOYSA-N,-0.20565943749800314,-0.2319219620304501,14,-0.2309309357272807,-0.2309309357272807,-0.23,-0.23,False,4,4,False,-0.32146413653492556,0.20550668196873978,-0.22729145714320273,0.025039030270521654,0.589809388825155,-0.23,0.6
PWRBCZZQRRPXAB-UHFFFAOYSA-N,-4.011102968950646,-4.010885696291314,8,-4.01049771096853,-4.01049771096853,-4.012648183556405,-4.012648183556405,False,3,3,False,-4.037310565175545,0.1693495591732642,-4.013468365473909,0.01921537776491637,1.0,-4.01,0.6
PXAGFNRKXSYIHU-UHFFFAOYSA-N,-2.700262971499313,-2.8495858287686286,4,-2.8514823476699056,-2.8514823476699056,-2.8495858287686286,-2.8495858287686286,True,1,1,False,-2.9579012167906935,0.542578892102387,-2.8034716151956625,0.150240972297734,0.7699834377966565,-2.28,0.12
PYGSKMBEVAICCR-UHFFFAOYSA-N,1.003740672048546,1.0095426582501947,14,1.01,1.01,1.008604206500956,1.008604206500956,False,5,5,False,0.9826638339838876,0.12488578717124382,1.0069723589923452,0.012435931717160807,1.0,1.01,0.6
PYLWMHQQBFSUBP-UHFFFAOYSA-N,-0.8535624409789071,-0.8049056329292092,25,-0.8045924730957523,-0.8045924730957523,-0.8,-0.8,False,5,5,False,-0.8595494824172902,0.12132762329004634,-0.7967709143693369,0.011348965631610473,0.6770434798920087,-0.8,0.6
QABLOFMHHSOFRJ-UHFFFAOYSA-N,-4.111572580695426,-4.111572580695426,1,-4.113469099596703,-4.113469099596703,-4.111572580695426,-4.111572580695426,False,1,1,False,-4.3560713281344485,1.0605269289471333,-4.168189868813284,0.28220852997565943,1.0,-4.0,0.6
QARVLSVVCXYDNA-UHFFFAOYSA-N,-1.3540925663845362,-1.377764712169566,31,-1.379661231070843,-1.379661231070843,-1.46,-1.46,False,5,5,False,-1.487516757394566,0.11361119488503345,-1.4623771521601365,0.012466889458963057,0.6663980036017239,-1.46,0.6
QCRFMSUKWRQZEM-UHFFFAOYSA-N,-5.485172468173097,-5.4842722786024085,10,-5.484231448329352,-5.484231448329352,-5.485181644359464,-5.485181644359464,False,4,4,False,-5.4927425349210575,0.12804166134596218,-5.4862148846617025,0.012427072554270977,1.0,-5.48,0.6
QELSKZZBTMNZEB-UHFFFAOYSA-N,-7.416483132752315,-7.416483132752315,1,-7.493917192957413,-7.493917192957413,-7.416483132752315,-7.416483132752315,False,1,1,False,-7.4895943300004015,2.0389244389701053,-7.658840194508099,0.9166204448845073,1.0,-9.37,0.22
QFOHBWFCKVYLES-UHFFFAOYSA-N,-7.003046560011308,-7.003046560011308,1,-7.080480620216406,-7.080480620216406,-7.003046560011308,-7.003046560011308,False,1,1,False,-7.167604051129649,2.0389244389701053,-7.2627530414235615,0.9161577485856537,1.0,-8.72,0.27
QGZKDVFQNNGYKY-UHFFFAOYSA-N,-4.239038688319171,-4.29,21,-4.29,-4.29,-4.295,-4.295,False,4,4,False,-4.303578441723328,0.10890556170489908,-4.296173212506564,0.008854288062778808,0.12172930319749606,-4.29,0.6
QHJMFSMPSZREIF-UHFFFAOYSA-N,-2.4719877165902084,-2.47,12,-2.4705916455539176,-2.4705916455539176,-2.4737093690248564,-2.4737093690248564,False,4,4,False,-2.483478320627666,0.11682383074584239,-2.4740283400248706,0.01059200738137022,1.0,-2.47,0.6
QHPQWRBYOIRBIT-UHFFFAOYSA-N,-5.350807369140715,-5.920415632976923,18,-5.919840239650675,-5.919840239650675,-5.92,-5.92,True,5,5,False,-5.832835986228934,0.11845323175985159,-5.91958078037163,0.011333131306904573,0.017980639199853137,-5.91,0.6
QJZUKDFHGGYHMC-UHFFFAOYSA-N,-7.107101945420228,-7.107726012815561,7,-7.106734986512391,-7.106734986512391,-7.1,-7.1,False,3,3,False,-7.138048249334983,0.22745723600295786,-7.102834237495646,0.026167643486560754,1.0,-7.1,0.6
QLNJFJADRCOGBJ-UHFFFAOYSA-N,-9.414004673889952,-9.416826003824092,9,-9.416826003824092,-9.416826003824092,-9.416826003824092,-9.416826003824092,False,2,2,False,-9.411501844026642,0.11735744529484847,-9.414039376195653,0.00947777606220204,1.0,-9.4,0.2
QMMFVYPAHWMCMS-UHFFFAOYSA-N,-1.335141101610745,-1.54,35,-1.54,-1.54,-1.54,-1.54,True,5,5,False,-1.5458645732497664,0.09867023571820485,-1.5421066307960587,0.010167268829362053,0.009290489470544208,-1.61,0.6
QMMOXUPEWRXHJS-HYXAFXHYSA-N,1.312828230003751,1.31,9,1.310667988357476,1.310667988357476,1.31,1.31,False,4,4,False,1.2363888768355826,0.22166546682893173,1.307425198759123,0.02604096152482329,1.0,1.31,0.6
QPFMBZIOSGYJDE-UHFFFAOYSA-N,-1.570668653772827,-2.3369926584768455,41,-2.3388891773781224,-2.3388891773781224,-2.36,-2.36,True,5,5,False,-2.129801271136941,0.12385641186810172,-2.3830863689790402,0.01766044752297653,0.0012419705221993825,-2.37,0.1
QPJVMBTYPHYUOC-UHFFFAOYSA-N,-4.051000901936193,-3.92903088616292,19,-3.928208930198794,-3.928208930198794,-4.28,-4.28,False,5,5,False,-4.144523613230399,0.1078600744630115,-4.266883375801968,0.012580671337771462,0.038061673086554185,-3.92,0.6
QPUYECUOLPXSFR-UHFFFAOYSA-N,-2.451271225209133,-2.44,27,-2.4410108091939233,-2.4410108091939233,-2.37,-2.37,False,5,5,False,-2.4425146733327625,0.11002822833031528,-2.4103656692473954,0.012055438981818288,0.36740518248768755,-2.44,0.6
QQHZPQUHCAKSOL-UHFFFAOYSA-N,-1.772127883074875,-1.722815017795124,4,-1.7624803073483115,-1.7624803073483115,-1.722815017795124,-1.722815017795124,False,3,3,False,-2.060710693484056,0.6562977178022761,-1.9221367063771861,0.11376276561361633,1.0,-2.09,0.1
QQONPFPTGQHPMA-UHFFFAOYSA-N,1.3238917425981198,1.27,24,1.27,1.27,1.27,1.27,False,5,5,False,1.2624480738054018,0.09495063642199175,1.2776008913232182,0.008648301436150807,0.6798165975119596,1.32,0.6
QQZOPKMRPOGIEB-UHFFFAOYSA-N,-3.0393363133711357,-3.287834873490499,38,-3.28684384718733,-3.28684384718733,-3.29,-3.29,True,5,5,False,-3.2681033504882926,0.09430467780475722,-3.2902402091024623,0.009621329603344494,0.23103887791577857,-3.28,0.6
QRMPKOFEUHIBNM-UHFFFAOYSA-N,2.107563978337392,2.114582594983516,9,2.1143226520635126,2.1143226520635126,2.11,2.11,False,4,4,False,2.0341252951296522,0.22166546682893176,2.1079659970205396,0.026034414096361178,1.0,2.11,0.6
QSNSCYSYFYORTR-UHFFFAOYSA-N,-5.941808875634999,-5.9,11,-5.901028572389261,-5.901028572389261,-5.9,-5.9,False,4,4,False,-5.972518290040291,0.2173376567120123,-5.907187081855838,0.025570739845064094,0.2147012849969355,-5.9,0.6
QTBSBXVTEAMEQO-UHFFFAOYSA-N,-6.452473406752992,-6.7,44,-6.7,-6.7,-6.7,-6.7,True,5,5,False,-6.69929468075453,0.07966237961555102,-6.704384081033163,0.0069632829101356295,0.000536476163113742,-6.69,0.6
QUSNBJAOOMFDIB-UHFFFAOYSA-N,-4.163620038007103,-4.500084531032236,34,-4.50102353075851,-4.50102353075851,-4.5,-4.5,True,5,5,False,-4.4938948251720205,0.07816742060562674,-4.504748015002387,0.007348069632974344,0.0011215371873377102,-4.5,0.6
QVLAWKAXOMEXPM-UHFFFAOYSA-N,-0.9895438048887092,-1.282392025344842,28,-1.2814009990416726,-1.2814009990416726,-1.15,-1.15,True,5,5,False,-1.238255571121772,0.13568069868949315,-1.2199066355809753,0.02097546837481212,0.002204732215775079,-1.43,0.1
QWBBPBRQALCEIZ-UHFFFAOYSA-N,-5.024477208200217,-6.1631978481695135,12,-6.162702335017929,-6.162702335017929,-6.16,-6.16,True,4,4,False,-5.88838367015068,0.20915389239124896,-6.155332339248739,0.026153470175249664,0.04066946995927277,-6.16,0.6
QWTDNUCVQCZILF-UHFFFAOYSA-N,2.3837881098238425,2.3858218100864805,18,2.383098946319016,2.383098946319016,2.38,2.38,False,5,5,False,2.3505820009493243,0.11775049546331039,2.38046608303018,0.011309603044422896,1.0,2.38,0.6
QWVGKYWNOKOFNN-UHFFFAOYSA-N,-5.405359700037123,-5.869486882966616,71,-5.868495856663446,-5.868495856663446,-5.87,-5.87,True,5,5,False,-5.724277658637104,0.08735736554296943,-5.871050712382985,0.008539792553598012,0.022810920295036525,-5.9,0.2
QYZLKGVUSQXAMU-UHFFFAOYSA-N,0.8238518659531192,0.9368716065797754,17,0.9324928911073697,0.9324928911073697,0.94,0.94,True,5,5,False,0.9040590880068189,0.11442501295371783,0.9366288576024007,0.010578348482396652,0.0287713306598033,0.93,0.6
QZYHIOPPLUPUJF-UHFFFAOYSA-N,-3.61911225955902,-3.4515444937472872,17,-3.4512428298279154,-3.4512428298279154,-3.4512428298279154,-3.4512428298279154,True,5,5,False,-3.5130939548277387,0.12370686168875632,-3.4593602500066654,0.012714796917622142,0.25076421588154296,-3.45,0.6
QZYNWJQFTJXIRN-UHFFFAOYSA-N,-1.5686801341411971,-1.6236569848919284,19,-1.6255535037932054,-1.6255535037932054,-1.62,-1.62,False,4,4,False,-1.7225367271538667,0.18803001921495113,-1.6271537842958703,0.02484984872517635,0.5454216227923835,-1.62,0.6
RAXXELZNTBOGNW-UHFFFAOYSA-N,-9.63118911300942,-9.631636172680269,3,-9.631931166347991,-9.631931166347991,-9.630965583173996,-9.630965583173996,False,2,2,False,-9.628597214560664,0.17686327229033608,-9.63114086950089,0.019952742099461462,1.0,-9.63,0.6
RDHPKYGYEGBMSE-UHFFFAOYSA-N,-0.7135923211409672,-0.701319102416686,17,-0.7032531810762148,-0.7032531810762148,-0.7,-0.7,False,5,5,False,-0.7356650486857357,0.11915405690287383,-0.7129044445817707,0.011724575515921935,1.0,-0.74,0.6
RDOXTESZEPMUJZ-UHFFFAOYSA-N,-2.1197576244089587,-2.455644303851825,24,-2.4546532775486556,-2.4546532775486556,-1.04,-1.04,True,5,5,False,-1.7549912014590443,0.10202052387367813,-2.449416097852993,0.015544098525502457,0.002375514686756653,-2.45,0.6
RELMFMZEBKVZJC-UHFFFAOYSA-N,-1.581804504470681,-1.6698710934313539,32,-1.6717676123326308,-1.6717676123326308,-1.24,-1.24,True,4,4,False,-1.614864952832931,0.1606967622389923,-1.4809704538036597,0.044947089320798425,0.08055841857561909,-1.24,0.6
RFFFKMOABOFIDF-UHFFFAOYSA-N,-3.4029578728350236,-3.5197568355209494,10,-3.5193829046088903,-3.5193829046088903,-3.52,-3.52,True,4,4,False,-3.5820298894412663,0.21946956505281262,-3.523481281065818,0.025568273208205518,1.0,-3.52,0.6
RFFLAFLAYFXFSW-UHFFFAOYSA-N,-1.2790700764475802,-1.4932557959023747,52,-1.4938430976654953,-1.4938430976654953,-1.3623613766730402,-1.3623613766730402,True,5,5,False,-1.4375390649691884,0.10102334446698433,-1.3829573892830014,0.011401623901344584,0.001836566494335108,-1.36,0.6
RFKMCNOHBTXSMU-UHFFFAOYSA-N,-1.092215817536488,-1.1186824050880535,8,-1.1176913787848841,-1.1176913787848841,-1.12,-1.12,False,3,3,False,-1.167012574871168,0.2275591596617137,-1.115884991569035,0.025461079997055908,0.8249413017940217,-1.12,0.6
RGHHSNMVTDWUBI-UHFFFAOYSA-N,-9.915839393258839,-10.475621414913958,17,-10.475621414913958,-10.475621414913958,-10.477810707456978,-10.477810707456978,True,5,5,False,-10.165648111348265,0.10502865027508337,-10.478327977725797,0.01069533218085462,0.001837569768129632,-8.83,0.6
RGSFGYAAUTVSQA-UHFFFAOYSA-N,1.1277430217125672,1.2,27,1.2,1.2,1.2,1.2,True,5,5,False,1.1639964981149737,0.09152824783278922,1.1997440323559214,0.008060588661999614,0.07851480669814598,1.2,0.6
RHMPLDJJXGPMEX-UHFFFAOYSA-N,-6.193410439966544,-6.1936806330484915,8,-6.194133379347545,-6.194133379347545,-6.19,-6.19,False,3,3,False,-6.237831079533572,0.22269278918964894,-6.192743072832716,0.026054502492897747,1.0,-6.19,0.6
RHQDFWAXVIIEBN-UHFFFAOYSA-N,-4.28210475165,-4.306883365200765,17,-4.306883365200765,-4.306883365200765,-4.306883365200765,-4.306883365200765,False,5,5,False,-4.328840547786814,0.1249363938827144,-4.307738400317911,0.012234759027006758,0.37223014903119184,-4.31,0.6
RIFKADJTWUGDOV-UHFFFAOYSA-N,-3.9013721148449374,-3.901745949453455,6,-3.9007549231502856,-3.9007549231502856,-3.9,-3.9,False,3,3,False,-3.9370108118055365,0.23254118123630332,-3.901564581059281,0.026262202321802146,1.0,-3.9,0.6
RIZMRRKBZQXFOY-UHFFFAOYSA-N,-6.168181576407261,-6.015591105454862,3,-6.017487624356139,-6.017487624356139,-6.015591105454862,-6.015591105454862,True,2,2,False,-6.496385586303144,0.7231280539469104,-6.335152365685127,0.2117815043740221,1.0,-6.1,1.37
RJCQBQGAPKAMLL-UHFFFAOYSA-N,1.7901518685529163,1.79,8,1.79,1.79,1.79,1.79,False,3,3,False,1.7793132719327942,0.1229806222128063,1.7910266755719786,0.011550443034357077,1.0,1.79,0.6
RJUFJBKOKNCXHH-UHFFFAOYSA-N,-2.934978120192551,-2.9326003824091775,28,-2.9321396699642883,-2.9321396699642883,-2.93,-2.93,False,5,5,False,-2.944439012049153,0.08801011627512635,-2.9290024948320856,0.007686578097442949,0.8801584323211585,-2.93,0.6
RKSOPLXZQNSWAS-UHFFFAOYSA-N,0.4582234375781016,0.5710546251099217,10,0.5705626650536406,0.5705626650536406,0.84,0.84,True,4,4,False,0.6388731243881736,0.2217597979886681,0.8273767903350023,0.02612161157771984,0.1474604546422395,0.84,0.6
RLBIQVVOMOPOHC-UHFFFAOYSA-N,-7.104175777902194,-7.3519261963652704,11,-7.353212015686288,-7.353212015686288,-7.62,-7.62,True,5,5,False,-7.511858673141761,0.18909751751550075,-7.612659620783915,0.019750984088853386,0.03574370980311713,-7.19,0.1
RLPGDEORIPLBNF-UHFFFAOYSA-N,2.5647633145080153,2.564784050689684,12,2.562887531788407,2.562887531788407,2.56,2.56,False,4,4,False,2.4672700939253356,0.2111332713614098,2.5557729123090662,0.025367459323529067,1.0,2.56,0.6
RLSSMJSEOOYNOY-UHFFFAOYSA-N,-5.4639879154287385,-6.008392092110507,40,-6.007401065807338,-6.007401065807338,-5.49,-5.49,True,5,5,False,-5.487778520601405,0.12077431375673081,-5.518662897838293,0.01321514939250383,0.039803362840498825,-5.49,0.6
RMGHERXMTMUMMV-UHFFFAOYSA-N,-1.988236173885997,-2.0052581261950286,15,-2.0052581261950286,-2.0052581261950286,-2.01,-2.01,False,5,5,False,-2.014389995598162,0.09978099256370633,-2.0066200941621974,0.008912220973727304,1.0,-2.01,0.6
RMOUBSOVHSONPZ-UHFFFAOYSA-N,-2.023039692450199,-2.0195984703632885,15,-2.0195984703632885,-2.0195984703632885,-2.02,-2.02,False,5,5,False,-2.0421370508702266,0.12532037303604446,-2.0204745432978544,0.0122734406779864,1.0,-2.02,0.6
RMPWIIKNWPVWNG-UHFFFAOYSA-N,-4.167979271207877,-4.482630329502827,4,-4.484526848404103,-4.484526848404103,-4.482630329502827,-4.482630329502827,True,2,2,False,-4.719864844129512,0.6032128259600282,-4.581602284317767,0.16740487257979347,0.9491243492644448,-4.4,0.1
RMVRSNDYEFQCLF-UHFFFAOYSA-N,-2.1779339507890625,-2.55,23,-2.55,-2.55,-2.55,-2.55,True,5,5,False,-2.5423693544243346,0.09140235316247515,-2.5530677720965493,0.008549913117175918,0.0033636499897466217,-2.55,0.6
RNVCVTLRINQCPJ-UHFFFAOYSA-N,-5.532115216159169,-5.538842152021338,11,-5.537851125718168,-5.537851125718168,-5.545,-5.545,False,4,4,False,-5.577776061184264,0.16597440033557193,-5.545217020181173,0.019421445614525027,1.0,-5.53,0.6
ROSDSFDQCJNGOL-UHFFFAOYSA-N,-3.6299835276180628,-4.29,29,-4.29,-4.29,-4.29,-4.29,True,5,5,False,-4.216462223215656,0.08964992173729694,-4.29170654612375,0.007755518025363278,0.0011897407726501573,-4.29,0.6
RQVYBGPQFYCBGX-UHFFFAOYSA-N,-9.515731973633047,-9.555666965355098,4,-9.557563484256374,-9.557563484256374,-9.555666965355098,-9.555666965355098,False,3,3,False,-9.718006503850765,0.6562977178022762,-9.662497482294087,0.10900202169820992,1.0,-7.65,0.45
RRHGJUQNOFWUDK-UHFFFAOYSA-N,0.6456813746575574,0.68,15,0.68,0.68,0.6805831739961758,0.6805831739961758,False,5,5,False,0.6453794888486913,0.12970896920212766,0.6783390307583552,0.013786809960168874,0.3493817193935341,0.68,0.6
RTZKZFJDLAIYFH-UHFFFAOYSA-N,-1.5517863805631236,-1.6347992351816445,29,-1.6347992351816445,-1.6347992351816445,-1.6373996175908223,-1.6373996175908223,True,5,5,False,-1.6704543361778679,0.08758291404889702,-1.6405239134833987,0.008778089537494666,0.008555520100248033,-1.59,0.6
RTZZCYNQPHTPPL-UHFFFAOYSA-N,-9.49015995152232,-9.631582658441047,17,-9.630591632137879,-9.630591632137879,-9.632160611854685,-9.632160611854685,True,5,5,False,-9.642291477554114,0.12974676240471059,-9.631300294845973,0.013591745805712091,0.03494096304214927,-9.62,0.6
RUFPHBVGCFYCNW-UHFFFAOYSA-N,-7.285675266206183,-7.285078101427081,7,-7.284087075123912,-7.284087075123912,-7.28,-7.28,False,3,3,False,-7.3172961988548675,0.22745723600295786,-7.282491656409818,0.026161954691059162,1.0,-7.28,0.6
RWGFKTVRMDUZSP-UHFFFAOYSA-N,-0.32132124284243113,-0.3011472275334608,30,-0.30203082270538884,-0.30203082270538884,-0.3,-0.3,True,5,5,False,-0.36498080122795185,0.10758923724165294,-0.30529765775616546,0.01042326478182764,0.1892172748866112,-0.3,0.6
RWRDLPDLKQPQOW-UHFFFAOYSA-N,-5.4441464052855535,-5.48,16,-5.48,-5.48,-5.48,-5.48,False,5,5,False,-5.49021568659298,0.10219001355568272,-5.481626611774722,0.00939846372255958,1.0,-5.48,0.6
RWSOTUBLDIXVET-UHFFFAOYSA-N,-0.6276468190443393,-0.623628205256635,12,-0.6596248870004047,-0.6596248870004047,-0.7,-0.7,False,5,5,False,-0.711758656089307,0.13870546828745156,-0.6963828645772734,0.012444096478360183,0.7297854720462011,-0.7,0.6
RXGUIWHIADMCFC-UHFFFAOYSA-N,-1.6208335308946573,-1.6916660759868127,10,-1.6906750496836433,-1.6906750496836433,-1.69,-1.69,True,4,4,False,-1.7701715173413846,0.21946956505281262,-1.695388627576008,0.02563937225687372,0.930145331936979,-1.69,0.6
RXYPXQSKLGGKOL-UHFFFAOYSA-N,-7.584709095875444,-7.58,7,-7.58,-7.58,-7.58,-7.58,False,2,2,False,-7.579520759347622,0.11920641800068076,-7.58448508220444,0.010814775381011965,1.0,-7.58,0.6
RYHBNJHYFVUHQT-UHFFFAOYSA-N,-4.468419538200547,-5.0549713193116625,25,-5.0549713193116625,-5.0549713193116625,-5.0549713193116625,-5.0549713193116625,True,4,4,False,-5.013363957465322,0.10038278651565108,-5.0592497584233875,0.009536306398449873,0.0008751614030385495,-5.06,0.6
RYYVLZVUVIJVGH-UHFFFAOYSA-N,-10.213077977208853,-10.213077977208853,1,-10.29051203741395,-10.29051203741395,-10.213077977208853,-10.213077977208853,False,1,1,False,-9.667622141824301,2.0389244389701053,-10.336220242732908,0.921415375550489,1.0,-12.64,0.74
RZXMPPFPUUCRFN-UHFFFAOYSA-N,-5.494702908215032,-5.568063544365402,14,-5.567568031213817,-5.567568031213817,-5.5600000000000005,-5.5600000000000005,False,4,4,False,-5.597322599694428,0.1605224251502012,-5.561969473386583,0.01904416959696049,1.0,-5.57,0.6
SBPBAQFWLVIOKP-UHFFFAOYSA-N,-4.948986725724048,-5.142598130164413,8,-5.14449464906569,-5.14449464906569,-5.142598130164413,-5.142598130164413,True,3,3,False,-5.233482898238116,0.42013522420534183,-5.163178811533567,0.09107414134536,0.2593373844625698,-5.04,0.21
SCYULBFZEHDVBN-UHFFFAOYSA-N,-0.5446691009594531,-0.8085513598140277,59,-0.8104478787153047,-0.8104478787153047,-0.8460803059273422,-0.8460803059273422,True,5,5,False,-0.8225876004658423,0.11223888158906031,-0.8377702177311308,0.014827074702977021,0.0028663754266820695,-0.84,0.6
SDJHPPZKZZWAKF-UHFFFAOYSA-N,0.4970501317517109,0.3967495219885277,13,0.3967495219885277,0.3967495219885277,0.39837476099426383,0.39837476099426383,False,5,5,False,0.39167159689808473,0.1315725570732337,0.3995119148324101,0.013778324254193335,0.47072468179602583,0.4,0.6
SGHBRHKBCLLVCI-UHFFFAOYSA-N,-9.64545260464568,-9.658867595150513,10,-9.659320341449567,-9.659320341449567,-9.665391969407263,-9.665391969407263,False,4,4,False,-9.668330415027112,0.1337423706974155,-9.661576563595967,0.013899993839201012,0.9895981900127374,-9.65,0.6
SHZIWNPUGXLXDT-UHFFFAOYSA-N,-2.7163640964432956,-2.237364810176107,10,-2.237817556475161,-2.237817556475161,-2.23,-2.23,True,3,3,False,-2.3820771321967733,0.2252841969446465,-2.243210264176722,0.026190885988292705,0.06942410062341609,-2.23,0.6
SJRJJKPEHAURKC-UHFFFAOYSA-N,-6.326816207642377,-6.330675176367446,13,-6.332571695268723,-6.332571695268723,-6.3380210325047805,-6.3380210325047805,False,4,4,False,-6.337808040138557,0.10611214392558228,-6.332421911764964,0.010093654099224506,0.9898676430413892,-6.32,0.6
SKGXYFVQZVPEFP-UHFFFAOYSA-N,-4.781128793566693,-4.785421505400892,3,-4.787371884115178,-4.787371884115178,-4.785421505400892,-4.785421505400892,False,2,2,False,-5.06970246904457,0.7231280539469104,-4.8538375696089195,0.19545873947886966,1.0,-3.84,1.0
SMDHCQAYESWHAE-UHFFFAOYSA-N,-3.42500782720639,-3.3085512416957785,4,-3.3482165312489665,-3.3482165312489665,-3.3085512416957785,-3.3085512416957785,True,2,2,False,-3.5882886035379906,0.6032128259600282,-2.847935919887009,0.19682490669097633,0.1575467826050371,-3.51,1.93
SMQUZDBALVYZAC-UHFFFAOYSA-N,-4.930309718638118,-4.934584833047111,6,-4.936481351948388,-4.936481351948388,-4.934584833047111,-4.934584833047111,False,1,1,False,-5.156199563156137,0.4441748617004943,-4.988187818030411,0.11869662984821089,1.0,-4.68,0.1
SMWDFEZZVXVKRB-UHFFFAOYSA-N,-5.707858152428186,-5.714219294217127,11,-5.72,-5.72,-5.72,-5.72,False,4,4,False,-5.7775794964484195,0.2173376567120123,-5.720575734002977,0.02505876028286248,1.0,-5.72,0.6
SNHMUERNLJLMHN-UHFFFAOYSA-N,-1.7880765151153812,-1.7462359494057424,16,-1.745244923102573,-1.745244923102573,-1.73,-1.73,False,5,5,False,-1.773142025162527,0.14791550707899773,-1.7289768906667504,0.012550203590127266,0.969912723918568,-1.74,0.6
SNMVRZFUUCLYTO-UHFFFAOYSA-N,-0.10431179970720054,-0.33,19,-0.33,-0.33,-0.33,-0.33,True,5,5,False,-0.325164628587152,0.11413250524571168,-0.3223455609905675,0.012594426548466478,0.004186798707378117,-0.33,0.6
SQCZQTSHSZLZIQ-UHFFFAOYSA-N,1.2213191381777302,-0.0163373974423431,25,-0.020308008481740056,-0.020308008481740056,-0.07,-0.07,True,5,5,False,0.25522728158902314,0.11782473348410392,-0.06773928923549158,0.01370320884670023,0.0051940531485468126,-0.1,0.2
SUVIGLJNEAMWEG-UHFFFAOYSA-N,-0.9271955291311711,-1.06,17,-1.0596110559534624,-1.0596110559534624,-1.05,-1.05,False,4,4,False,-1.0561112935474388,0.13268003808920414,-1.0509550930723683,0.01333376749761464,0.5341538678332372,-1.1,0.2
SVONRAPFKPVNKG-UHFFFAOYSA-N,-4.133986201148557,-5.083826848495679,3,-5.08283582219251,-5.08283582219251,-5.083826848495679,-5.083826848495679,True,3,3,False,-5.1368665961406546,0.8204025530984671,-5.1207217152930475,0.1209811899338056,0.44757789900106826,-5.31,0.1
SWJPEBQEEAHIGZ-UHFFFAOYSA-N,-2.063625633940238,-2.13225772154073,12,-2.131762208389145,-2.131762208389145,-2.3,-2.3,False,5,5,False,-2.2911766815413457,0.12130269454852577,-2.297080983429937,0.01150869709699989,0.44933559893888525,-2.3,0.6
SYBYTAAJFKOIEJ-UHFFFAOYSA-N,-3.2103736038132675,-3.246907468426302,19,-3.2459164421231326,-3.2459164421231326,-3.2404588910133842,-3.2404588910133842,False,5,5,False,-3.2566321016997257,0.10995625810027189,-3.245117278505513,0.00991326695673988,0.7836307437111747,-3.24,0.6
TUAMRELNJMMDMT-UHFFFAOYSA-N,-5.04330054641048,-6.240544541934838,14,-6.241492801385476,-6.241492801385476,-6.27,-6.27,True,4,4,False,-5.914886293965829,0.20190122621390616,-6.263846483946681,0.026071803497866575,0.03411294375015053,-6.27,0.6
TVMXDCGIABBOFY-UHFFFAOYSA-N,2.6250486825691275,2.878560822848528,33,2.8795518491516976,2.8795518491516976,2.89,2.89,True,5,5,False,2.814606659789807,0.09017883136364849,2.884745140438217,0.009107513622638706,0.0031630126935234637,2.88,0.6
TWSRVQVEYJNFKQ-UHFFFAOYSA-N,-2.061145764532939,-2.0561741600216754,14,-2.0886297467901453,-2.0886297467901453,-2.0504588910133843,-2.0504588910133843,False,5,5,False,-2.076215746461522,0.13159227573628246,-2.0442274758001044,0.019692537392677123,0.14328297879097207,-2.11,0.6
TXEYQDLBPFQVAA-UHFFFAOYSA-N,3.246052151630419,3.124125253233711,33,3.1251162795368805,3.1251162795368805,3.1171223709369027,3.1171223709369027,True,5,5,False,3.097390546444516,0.11429044783995167,3.1254915646848085,0.01149362984103578,0.27200651234837453,3.12,0.6
TYMLOMAKGOJONV-UHFFFAOYSA-N,-9.661637300412224,-10.2864211394682,9,-10.285430113165031,-10.285430113165031,-10.27,-10.27,True,4,4,False,-10.238178033829492,0.22402588029638745,-10.268985928062799,0.025677388734728353,0.22017403872263977,-9.82,0.1
TZIHFWKZFHZASV-UHFFFAOYSA-N,-2.7837072075243268,-2.783063544365402,19,-2.7820725180622325,-2.7820725180622325,-2.78,-2.78,False,5,5,False,-2.797686222386198,0.10455763609073487,-2.7832082946550734,0.009829736561907328,1.0,-2.78,0.6
UAEPNZWRGJTJPN-UHFFFAOYSA-N,1.5459822110295318,1.7,26,1.6983749213982011,1.6983749213982011,1.71,1.71,True,5,5,False,1.6581285778767454,0.09861002150727957,1.705681620525163,0.009282005732164181,0.00899395305029387,1.7,0.6
UAOMVDZJSHZZME-UHFFFAOYSA-N,-3.119372123476441,-3.219622531716837,11,-3.22,-3.22,-3.22,-3.22,True,4,4,False,-3.241240629371481,0.2173376567120123,-3.2235322330658023,0.025187099068318987,0.23546535311395742,-3.22,0.6
UBOXGVDOUJQMTN-UHFFFAOYSA-N,-1.4593502701870553,-1.9680130832199794,58,-1.987298209181799,-1.987298209181799,-1.97,-1.97,True,5,5,False,-1.786371377282661,0.09812745870286792,-1.976983275483715,0.01258135227125258,0.0015498975115000645,-1.99,0.6
UFFBMTHBGFGIHF-UHFFFAOYSA-N,-5.31340633655375,-5.2114229115077615,9,-5.2133194304090384,-5.2133194304090384,-5.21,-5.21,False,4,4,False,-5.2896340418609835,0.22402588029638745,-5.221533531306287,0.026199149465418264,0.7851446196350017,-5.21,0.6
UFWIBTONFRDIAS-UHFFFAOYSA-N,-2.2993484426651922,-2.39,74,-2.39,-2.39,-2.3924474187380493,-2.3924474187380493,True,5,5,False,-2.419935018094758,0.07265288404112372,-2.3961019161324724,0.006716995106876176,0.0044169658803638314,-2.4,0.6
UHOVQNZJYSORNB-UHFFFAOYSA-N,-0.6709853462783061,-0.8718893975594046,124,-0.8737859164606816,-0.8737859164606816,-0.87,-0.87,True,5,5,False,-0.8629419951334798,0.060785279842087606,-0.8776768806599783,0.006527374098217404,0.0012213618734988633,-0.9,0.2
ULYZAYCEDJDHCC-UHFFFAOYSA-N,0.04644405945026392,-0.2414462947087582,19,-0.2445734040820131,-0.2445734040820131,-0.25,-0.25,True,5,5,False,-0.24376285596268946,0.11413250524571168,-0.2499601377765718,0.010808144761498883,0.004512630766238463,-0.25,0.6
UMIPWJGWASORKV-UHFFFAOYSA-N,0.708960920087953,0.7096276953874774,14,0.71,0.71,0.7098470363288719,0.7098470363288719,False,5,5,False,0.6834630903495076,0.12530334124215114,0.7056253016812454,0.012460758919285707,1.0,0.71,0.6
UMKANAFDOQQUKE-UHFFFAOYSA-N,-7.079309173040225,-8.842104980313177,4,-8.844001499214455,-8.844001499214455,-8.842104980313177,-8.842104980313177,True,2,2,False,-6.869305819847276,0.6032128259600282,-8.878984491329831,0.19662810061129368,0.009800745816924285,-7.98,1.93
UOCLXMDMGBRAIB-UHFFFAOYSA-N,0.6564784369312958,-0.1743778795118809,101,-0.17627439841315787,-0.17627439841315787,-0.25,-0.25,True,5,5,False,0.18215440917183182,0.086710494940846,-0.23442044174535262,0.012594778739770836,0.004793791358076898,-0.19,0.6
UQXKXGWGFRWILX-UHFFFAOYSA-N,-5.500121616460415,-5.500121616460415,2,-5.500574362759469,-5.500574362759469,-5.500121616460415,-5.500121616460415,False,2,2,False,-5.63825903308871,0.8775947309896613,-5.588249746358846,0.11967086670221556,1.0,-5.73,0.1
URAYPUMNDPQOKB-UHFFFAOYSA-N,-8.569056694875712,-8.569056694875712,2,-8.608721984428898,-8.608721984428898,-8.569056694875712,-8.569056694875712,False,2,2,False,-8.723229536999698,0.9638346123868675,-8.656323175857986,0.2703587391830358,1.0,-8.84,0.2
URLKBWYHVLBVBO-UHFFFAOYSA-N,-0.786037231536731,-0.8,51,-0.8,-0.8,-0.8054493307839388,-0.8054493307839388,True,5,5,False,-0.8301194746910376,0.07771774100546418,-0.805742907688766,0.006947754008806102,0.10080968226695104,-0.8,0.6
USIUVYZYUHIAEV-UHFFFAOYSA-N,0.07795938765601496,0.07795938765601496,2,0.03829409810282747,0.03829409810282747,0.07795938765601496,0.07795938765601496,True,2,2,False,-2.1332370016029474,0.9638346123868675,-2.645321277348824,0.2816377841973227,0.181532178406008,-2.87,0.69
UUIQMZJEGPQKFD-UHFFFAOYSA-N,-2.518075468806438,-2.83,24,-2.83,-2.83,-2.83,-2.83,True,5,5,False,-2.7735734652640973,0.09495063642199175,-2.824907325695809,0.008943228020019903,0.0029162171547324105,-2.83,0.6
VAJVDSVGBWFCLW-UHFFFAOYSA-N,-6.775704126784416,-6.930373924204039,8,-6.92938289790087,-6.92938289790087,-6.92,-6.92,True,4,4,False,-6.955650431549226,0.22636288206411329,-6.9226465920956795,0.026157149726126403,1.0,-6.92,0.6
VAYGXNSJCAHWJZ-UHFFFAOYSA-N,-5.069228602055532,-5.069228602055532,1,-5.071125120956809,-5.071125120956809,-5.069228602055532,-5.069228602055532,False,1,1,False,-5.2564203197511095,1.0605269289471333,-5.122064112948102,0.282211127704544,1.0,-5.1,0.6
VEDTXTNSFWUXGQ-UHFFFAOYSA-N,-6.739640083095816,-6.801248599340521,4,-6.838582880585056,-6.838582880585056,-6.801248599340521,-6.801248599340521,False,2,2,False,-6.949778810710183,0.6032128259600282,-6.785067816450675,0.16720154739207987,1.0,-6.5,0.83
VFWCMGCRMGJXDK-UHFFFAOYSA-N,1.25110719399158,-0.14,25,-0.14,-0.14,-0.14,-0.14,True,5,5,False,0.27400970300425875,0.13306726310279168,-0.14340509677359364,0.013707802913735476,0.004499677262997222,-0.16,0.6
VGGGRWRBGXENKI-UHFFFAOYSA-N,-3.4765962368067718,-3.517851624915432,3,-3.542745638958511,-3.542745638958511,-3.517851624915432,-3.517851624915432,False,2,2,False,-3.7845428597440125,0.7231280539469104,-3.53089307492299,0.19721805019851013,1.0,-3.52,0.1
VGGSQFUCUMXWEO-UHFFFAOYSA-N,1.3483798332154333,1.281196012672421,30,1.2802477532217824,1.2802477532217824,1.27,1.27,True,5,5,False,1.256471912327556,0.09566200303704471,1.2749269671271777,0.0080836519821671,0.4287518011605106,1.28,0.6
VHHHONWQHHHLTI-UHFFFAOYSA-N,-0.629378304051228,-1.0894914459456504,13,-1.0913879648469273,-1.0913879648469273,-1.4,-1.4,True,5,5,False,-1.3319559973050545,0.1428513998073181,-1.3965517497807454,0.014096152019078857,0.003135800502205814,-0.64,0.1
VJXRKZJMGVSXPX-UHFFFAOYSA-N,-4.846927461976276,-4.73393651909213,15,-4.732945492788961,-4.732945492788961,-4.737093690248566,-4.737093690248566,True,5,5,False,-4.755895492664673,0.11681088596419535,-4.733378790813155,0.012346531717393572,0.6142569804658614,-4.73,0.6
VKCYHJWLYTUGCC-UHFFFAOYSA-N,-2.319071969597291,-2.4891308640126306,24,-2.4901429324690394,-2.4901429324690394,-2.4880497131931167,-2.4880497131931167,True,5,5,False,-2.4832135438696055,0.1185143973313563,-2.489857071388423,0.012217143290438739,0.02022240055092546,-2.49,0.6
VLKZOEOYAKHREP-UHFFFAOYSA-N,2.284667197714021,2.48565965583174,34,2.48565965583174,2.48565965583174,2.49,2.49,True,5,5,False,2.4292643394475992,0.0901851794607741,2.4870829991436727,0.008799759005015666,0.004182476225718655,2.48,0.6
VMKOFRJSULQZRM-UHFFFAOYSA-N,0.48960493435599545,0.5184137974798297,12,0.517961051180776,0.517961051180776,0.52,0.52,False,4,4,False,0.4309899607386567,0.2131699324188043,0.5158541391957185,0.024995790924618653,1.0,0.52,0.6
VMPITZXILSNTON-UHFFFAOYSA-N,-6.124680166322882,-6.125468291274831,7,-6.124477264971661,-6.124477264971661,-6.12,-6.12,False,3,3,False,-6.155200427066798,0.23000971377142393,-6.122256244392092,0.025754965417791948,1.0,-6.12,0.6
VMVNZNXAVJHNDJ-UHFFFAOYSA-N,-0.6381014845701147,-0.6381014845701147,1,-0.6371104582669453,-0.6371104582669453,-0.6381014845701147,-0.6381014845701147,False,1,1,False,-1.2729194369022383,1.4704237627620684,-0.6442196541475227,0.1305802570474217,1.0,-1.1,0.6
VNKYTQGIUYNRMY-UHFFFAOYSA-N,-1.6643196421265203,-1.66,21,-1.66,-1.66,-1.66,-1.66,False,5,5,False,-1.6761752545119517,0.09117499585818536,-1.6657217104344335,0.007951906861549583,0.9661833628713721,-1.66,0.6
VNWKTOKETHGBQD-UHFFFAOYSA-N,2.042752268477281,1.994843248493431,45,1.9931753219347703,1.9931753219347703,2.0,2.0,True,5,5,False,1.9729590489202904,0.0785135710319914,1.9904137457892903,0.007219244015471363,0.3123214475474875,2.0,0.2
VOPWNXZWBYDODV-UHFFFAOYSA-N,0.187482018637004,0.12990768333143016,28,0.12945493703237632,0.12945493703237632,-0.5,-0.5,True,5,5,False,-0.3431053273564712,0.11649445307498435,0.10395398985184355,0.023927670309878607,0.01355893882214372,-0.5,0.6
VQTUBCCKSQIDNK-UHFFFAOYSA-N,1.405956997713502,1.2665248171587111,19,1.2646282982574342,1.2646282982574342,1.16197896749522,1.16197896749522,True,5,5,False,1.2916858224792351,0.0985664900606498,1.1686735283469136,0.010058787750392421,0.0038943855552354715,1.16,0.6
VXNZUUAINFGPBY-UHFFFAOYSA-N,1.4262262672403239,1.37906309751434,23,1.37906309751434,1.37906309751434,1.38,1.38,False,5,5,False,1.3650872269027428,0.0973952822764058,1.3810117989734971,0.008835430973219413,0.6751308290134932,1.38,0.6
VZGDMQKNWNREIO-UHFFFAOYSA-N,0.6087093965650419,0.0947490378653475,74,0.0890196756484328,0.0890196756484328,0.0956022944550669,0.0956022944550669,True,5,5,False,0.2783280122764613,0.10430312494744048,0.08881142070745045,0.014580940510496382,0.005981027377208907,0.08,0.6
WBJINCZRORDGAQ-UHFFFAOYSA-N,-2.589977162177247,-2.601127254819419,20,-2.602075514270058,-2.602075514270058,-2.645793499043977,-2.645793499043977,False,5,5,False,-2.639336146294838,0.10110630678494674,-2.6357230108821397,0.009865425485571917,0.5136647998360463,-2.56,0.6
WCYYQNSQJHPVMG-UHFFFAOYSA-N,-3.319531893640202,-4.95586878144679,3,-4.957765300348067,-4.957765300348067,-4.95586878144679,-4.95586878144679,True,2,2,False,-4.829443702013605,0.7231280539469104,-5.080741204709002,0.2022675375095532,0.19443695231863856,-3.71,1.0
WDNBURPWRNALGP-UHFFFAOYSA-N,-6.066675047620824,-6.066675047620824,1,-6.144109107825922,-6.144109107825922,-6.066675047620824,-6.066675047620824,False,1,1,False,-6.438344608980313,2.0389244389701053,-6.365504679525905,0.9153351225908215,1.0,-7.29,0.1
WEGYGNROSJDEIW-UHFFFAOYSA-N,-8.266672399710322,-8.26733582296781,7,-8.26634479666464,-8.26634479666464,-8.26,-8.26,False,3,3,False,-8.294750949479903,0.22745723600295786,-8.262732309458558,0.02616592678819736,1.0,-8.26,0.6
WEHWNAOGRSTTBQ-UHFFFAOYSA-N,-3.6509355559021532,-3.656181519068273,22,-3.65807803796955,-3.65807803796955,-3.66,-3.66,False,5,5,False,-3.6769528878180613,0.10068591013158107,-3.661865765992556,0.009398863831757922,0.7703758048069348,-3.65,0.6
WEVYAHXRMPXWCK-UHFFFAOYSA-N,-3.918840695570115,-3.8891038273277454,35,-3.89,-3.89,-3.9,-3.9,False,5,5,False,-4.014116481571332,0.0894740768606296,-3.8998753104725825,0.008501939398929879,0.0041176856548336,-3.88,0.6
WFRBDWRZVBPBDO-UHFFFAOYSA-N,-3.9127004452633503,-3.92903088616292,17,-3.9280398598597506,-3.9280398598597506,-3.9296271510516254,-3.9296271510516254,False,5,5,False,-3.9446427988430393,0.1195165541144434,-3.9279553323667367,0.011234745578114184,1.0,-3.92,0.6
WGYKZJWCGVVSQN-UHFFFAOYSA-N,-4.076109882038572,-4.39287481022382,29,-4.391883783920651,-4.391883783920651,-4.390267686424474,-4.390267686424474,True,5,5,False,-4.383460076210218,0.08465056841070032,-4.395221278491355,0.007678538681685991,0.0011735325994924192,-4.39,0.6
WJYIASZWHGOTOU-UHFFFAOYSA-N,-3.673950067503949,-3.792606202615596,11,-3.7916151763124266,-3.7916151763124266,-3.79,-3.79,True,4,4,False,-3.8460865759693843,0.2173376567120123,-3.792319449709453,0.025063157823112615,1.0,-3.79,0.6
WMQUKDQWMMOHSA-UHFFFAOYSA-N,-7.625535038173175,-7.62613981029539,7,-7.625148783992221,-7.625148783992221,-7.62,-7.62,False,3,3,False,-7.656247539015709,0.22745723600295786,-7.622573342126091,0.0261631753076229,1.0,-7.62,0.6
WPDAVTSOEQEGMS-UHFFFAOYSA-N,-3.5326016820505672,-3.5326016820505672,1,-3.6100357422556653,-3.6100357422556653,-3.5326016820505672,-3.5326016820505672,False,1,1,False,-4.464772256033073,2.0389244389701053,-3.936674761236906,0.9146455898737756,1.0,-3.78,0.1
WQAQPCDUOCURKW-UHFFFAOYSA-N,-0.7790432706117358,-0.99,17,-0.99,-0.99,-0.99,-0.99,True,4,4,False,-0.9917672897303708,0.19703035333029364,-0.9754260406170561,0.025071768314585473,0.4553599605170688,-0.99,0.6
WQOXQRCZOLPYPM-UHFFFAOYSA-N,-1.457689315247562,-1.83,10,-1.83,-1.83,-1.83,-1.83,True,4,4,False,-1.7845418506673876,0.13836437935499685,-1.824740508026046,0.012708256437471763,0.03907170150223327,-1.83,0.6
WRMNZCZEMHIOCP-UHFFFAOYSA-N,-6.685872324360547,-6.793949240656716,10,-6.792958214353547,-6.792958214353547,-6.79,-6.79,False,4,4,False,-6.829879453827686,0.21946956505281262,-6.788701570695916,0.02595610779525073,0.1788351717356773,-6.79,0.6
WRNGAZFESPEMCN-UHFFFAOYSA-N,-4.892411045040408,-5.422606744342296,4,-5.424503263243572,-5.424503263243572,-5.422606744342296,-5.422606744342296,True,2,2,False,-5.558021165859131,0.6032128259600282,-5.476801829612087,0.16243237883180114,0.6879152953669829,-4.15,1.0
WSFSSNUMVMOOMR-UHFFFAOYSA-N,-5.2543189841393705,-6.515054867244128,31,-6.514063840940959,-6.514063840940959,-2.77,-2.77,True,5,5,False,-3.670258027270952,0.15652881194454538,-6.668078912448014,0.037927211190358925,0.0003256195714442036,-2.75,0.6
WSGCRAOTEDLMFQ-UHFFFAOYSA-N,-2.578596120004286,-2.6466388608180784,17,-2.645647834514909,-2.645647834514909,-2.67,-2.67,False,5,5,False,-2.679821481822174,0.10810685609747227,-2.669750620843514,0.010765314750700796,1.0,-2.64,0.6
WSLDOOZREJYCGB-UHFFFAOYSA-N,-0.9824015874506442,-1.6913054330515984,52,-1.6932019519528754,-1.6932019519528754,-1.75,-1.75,True,5,5,False,-1.4842856220355138,0.11661931560548516,-1.7531001297686648,0.01569513726287428,0.0016815242571193803,-1.79,0.6
WVDDGKGOMKODPV-UHFFFAOYSA-N,-6.569598231457629,-6.630239620399928,9,-6.629248594096759,-6.629248594096759,-6.62,-6.62,False,4,4,False,-6.663524518982167,0.22402588029638745,-6.617471393843992,0.025879540371086033,0.6722566086769286,-6.62,0.6
WVLBCYQITXONBZ-UHFFFAOYSA-N,-8.725125466500701,-8.724791399673475,4,-8.725739659124113,-8.725739659124113,-8.7,-8.7,False,3,3,False,-8.710845091771542,0.20765981369395808,-8.700937397550392,0.019905307340471978,1.0,-8.7,0.1
WWGUMAYGTYQSGA-UHFFFAOYSA-N,-2.6153861844027566,-2.7820267686424476,15,-2.7820267686424476,-2.7820267686424476,-2.7820267686424476,-2.7820267686424476,True,4,4,False,-2.775534603400926,0.11519930435264393,-2.7821571784714942,0.010585312090442556,0.13623558427159163,-2.78,0.6
WWUVJRULCWHUSA-UHFFFAOYSA-N,1.4577925811843582,1.469885277246654,12,1.469885277246654,1.469885277246654,1.469885277246654,1.469885277246654,False,4,4,False,1.4350348159138802,0.13831996299492796,1.46851812857199,0.015837849831232362,1.0,1.47,0.6
WXEHBUMAEPOYKP-UHFFFAOYSA-N,-1.4959715126748068,-1.5,10,-1.4996804927173906,-1.4996804927173906,-1.49,-1.49,False,4,4,False,-1.5147010732253665,0.15395135728804654,-1.4944948901914596,0.012487452091406644,1.0,-1.5,0.2
WXNZTHHGJRFXKQ-UHFFFAOYSA-N,-4.89957088550458,-6.2636457771811775,13,-6.2655422960824545,-6.2655422960824545,-7.03,-7.03,True,4,4,False,-6.14309242160052,0.20730622856841588,-7.017439814409801,0.026578362819501076,0.0025440132594834203,-7.03,0.6
WYKYKTKDBLFHCY-UHFFFAOYSA-N,-11.429149423681245,-11.754511328217587,3,-11.756407847118865,-11.756407847118865,-11.754511328217587,-11.754511328217587,True,2,2,False,-11.403510479375718,0.7231280539469104,-11.421153602475552,0.24718109458415036,0.6231733350448677,-16.43,1.93
WYURNTSHIVDZCO-UHFFFAOYSA-N,-3.4631106681158266,-3.470363288718929,20,-3.470363288718929,-3.470363288718929,-3.4701816443594646,-3.4701816443594646,False,5,5,False,-3.467673920937268,0.09857477952668908,-3.477473094799543,0.009428413474821245,0.037940005369261495,-3.47,0.6
XBDQKXXYIPTUBI-UHFFFAOYSA-N,-6.156312925851615,-6.47,36,-6.47,-6.47,-6.47,-6.47,True,5,5,False,-6.457917284084798,0.08061469756137546,-6.475492459326848,0.007082228584998433,0.0005735362989765491,-6.46,0.6
XCIXKGXIYUWCLL-UHFFFAOYSA-N,-5.33833684809709,-5.49,17,-5.49,-5.49,-5.49,-5.49,True,4,4,False,-5.479173270652076,0.0990601085813168,-5.491654862194672,0.008867096629646682,0.19568029581648605,-5.49,0.6
XCSGPAVHZFQHGE-UHFFFAOYSA-N,-8.130903503491277,-8.111255013568673,22,-8.110263987265503,-8.110263987265503,-8.111255013568673,-8.111255013568673,True,3,3,False,-8.471351760804232,0.29083941720146866,-8.078857894468669,0.04226189371726127,0.03438881880157781,-8.21,0.29
XDTMQSROBMDMFD-UHFFFAOYSA-N,1.2401925913097411,1.219311655554533,43,1.217415136653256,1.217415136653256,1.23,1.23,True,5,5,False,1.1760951700023856,0.08925691177791542,1.2255468483015146,0.008413850507704957,0.04469178094209609,1.23,0.6
XEKOWRVHYACXOJ-UHFFFAOYSA-N,-2.8983905433467303,-3.081685013399754,48,-3.081103410933172,-3.081103410933172,-3.1,-3.1,True,5,5,False,-3.065588069779638,0.07851880204428599,-3.090355978880419,0.007232529910784431,0.002502023076409065,-2.94,0.6
XJCVRTZCHMZPBD-UHFFFAOYSA-N,-8.476448408773438,-8.853961962221303,9,-8.852970935918133,-8.852970935918133,-8.84,-8.84,True,4,4,False,-8.850802304767528,0.22402588029638745,-8.837038176110168,0.025948958268408547,0.4838835645877542,-8.84,0.6
XKEFYDZQGKAQCN-UHFFFAOYSA-N,-1.1859925782525256,-1.341952986065428,25,-1.343849504966705,-1.343849504966705,-0.78,-0.78,True,4,4,False,-1.1454618755841426,0.17555606197111315,-0.8390727506427195,0.031133139582195934,0.03266170219606908,-0.78,0.6
XKJCHHZQLQNZHY-UHFFFAOYSA-N,-6.297702529156465,-6.297702529156465,1,-6.375136589361563,-6.375136589361563,-6.297702529156465,-6.297702529156465,False,1,1,False,-6.618272095107837,2.0389244389701053,-6.586898440238913,0.9155092623138612,1.0,-9.61,0.5
XKYICAQFSCFURC-UHFFFAOYSA-N,-2.1268554452893302,-2.1282250633382485,12,-2.1286044523848844,-2.1286044523848844,-2.1285755258126193,-2.1285755258126193,False,5,5,False,-2.1493690030641637,0.13253498637684788,-2.1291731050999596,0.013775280801639004,1.0,-2.13,0.6
XLSZMDLNRCVEIJ-UHFFFAOYSA-N,-10.09487615363405,-10.25,8,-10.25,-10.25,-10.25,-10.25,True,3,3,False,-10.072706173225875,0.1330331176690285,-10.257175974143712,0.013085706345173129,0.0117539274975045,-10.27,0.6
XNLICIUVMPYHGG-UHFFFAOYSA-N,-3.1556965782498265,-3.3866404653381483,56,-3.3885369842394253,-3.3885369842394253,-3.527724665391969,-3.527724665391969,True,5,5,False,-3.480227208946262,0.08236132742093896,-3.518879228141391,0.007785566571347494,0.0019623501513012895,-3.52,0.6
XNWFRZJHXBZDAG-UHFFFAOYSA-N,-6.332513484595563,-6.766664303947252,17,-6.76625239005736,-6.76625239005736,-6.77,-6.77,True,4,4,False,-6.718018477049379,0.101630197564199,-6.772869668150978,0.009527954502062464,0.010543374974981302,-6.619999999999999,0.4
XOBKSJJDNFUZPF-UHFFFAOYSA-N,-2.139690593527178,-2.1009401266287835,8,-2.0999745501628073,-2.0999745501628073,-2.1,-2.1,False,4,4,False,-2.152594704761142,0.22887828700768584,-2.1045781619463932,0.026192085066455446,0.30181947260061504,-2.1,0.6
XOGPDSATLSAZEK-UHFFFAOYSA-N,-6.771636645544101,-6.771636645544101,2,-6.811301935097288,-6.811301935097288,-6.771636645544101,-6.771636645544101,True,2,2,False,-9.845580345706564,0.9638346123868675,-11.478896362501175,0.2833084273703546,0.06328518445992062,-11.53,0.29
XQQBUAPQHNYYRS-UHFFFAOYSA-N,-1.3650333382769524,-1.3778893038279685,7,-1.376898277524799,-1.376898277524799,-1.38,-1.38,False,3,3,False,-1.4216640061193884,0.236844368776156,-1.3800897402152148,0.025448263711631294,1.0,-1.38,0.6
XSTXAVWGXDQKEL-UHFFFAOYSA-N,0.3002915905167827,-0.4611416121245113,117,-0.4630381310257883,-0.4630381310257883,-0.43869024856596556,-0.43869024856596556,True,5,5,False,-0.10996922666303675,0.08079994285297684,-0.43838561066235915,0.011225101731524474,0.003843788900024066,-0.44,0.6
XTHFKEDIFFGKHM-UHFFFAOYSA-N,-4.826120671340557,-4.84,9,-4.84,-4.84,-4.84,-4.84,False,2,2,False,-4.830234421736268,0.11028239325253258,-4.827251522850523,0.009805843572363294,1.0,-4.84,0.6
XUAWBXBYHDRROL-UHFFFAOYSA-N,-2.941992142161025,-2.941992142161025,2,-2.9816574317142126,-2.9816574317142126,-2.941992142161025,-2.941992142161025,False,2,2,False,-3.493264002036158,0.9638346123868675,-3.213750737640304,0.2701897469863632,1.0,-3.17,0.1
XWCDCDSDNJVCLO-UHFFFAOYSA-N,-0.7136563702299431,-0.77,13,-0.77,-0.77,-0.77,-0.77,False,4,4,False,-0.7840490791631857,0.11649890115518226,-0.7771426831631338,0.010817350873698835,0.28845959095158924,-0.77,0.6
XWKFPIODWVPXLX-UHFFFAOYSA-N,-4.615870992609958,-4.7179732313575515,19,-4.7179732313575515,-4.7179732313575515,-4.7179732313575515,-4.7179732313575515,True,5,5,False,-4.709116231674447,0.11120211343151384,-4.713064070817752,0.011279205122762426,0.06658665467721399,-4.72,0.6
XXOYNJXVWVNOOJ-UHFFFAOYSA-N,-10.035393536493634,-9.66617490586762,5,-9.668071424768897,-9.668071424768897,-10.75,-10.75,True,4,4,False,-10.210478773898146,0.20682606088088684,-9.633449383418375,0.028027651574106235,0.0009987697831912124,-9.13,1.93
XXROGKLTLUQVRX-UHFFFAOYSA-N,-5.024191117493502,-5.034070822896242,17,-5.033460803059273,-5.033460803059273,-5.033460803059273,-5.033460803059273,False,5,5,False,-5.045224484487326,0.10810685609747228,-5.043174500635434,0.01205030632917749,0.07919683291016219,-5.03,0.6
XYLMUPLGERFSHI-UHFFFAOYSA-N,-1.0634637172783845,-1.241464620280645,6,-1.2404735939774756,-1.2404735939774756,-1.24,-1.24,True,4,4,False,-1.2772421990667484,0.2367294590105795,-1.2413785400389294,0.026370070907323788,1.0,-1.24,0.6
XYWDPYKBIRQXQS-UHFFFAOYSA-N,-1.2093590550033004,-1.21208984178559,8,-1.2115943286340054,-1.2115943286340054,-1.21,-1.21,False,3,3,False,-1.2609550259329765,0.2275591596617137,-1.2119013829854748,0.025263839601396415,1.0,-1.21,0.6
YAIMUUJMEBJXAA-UHFFFAOYSA-N,-5.046354172906282,-5.0466812315887095,11,-5.046722264947804,-5.046722264947804,-5.045411089866156,-5.045411089866156,False,4,4,False,-5.060361031766428,0.1327535947053867,-5.045826724917686,0.01379397293111269,1.0,-5.04,0.6
YCIYTXRUZSDMRZ-UHFFFAOYSA-N,-3.510384067426697,-3.5102215362581193,3,-3.51355996958106,-3.51355996958106,-3.5102215362581193,-3.5102215362581193,False,2,2,False,-3.8314373159384947,0.7231280539469104,-3.581800076663221,0.19548418938468243,1.0,-3.56,1.0
YCOXTKKNXUZSKD-UHFFFAOYSA-N,-5.338757433232009,-6.503728702603668,14,-6.503233189452083,-6.503233189452083,-6.5,-6.5,True,4,4,False,-6.182450593314134,0.20190122621390616,-6.496661316728338,0.026077155302249987,0.037009994029038824,-6.5,0.6
YEYKMVJDLWJFOA-UHFFFAOYSA-N,-6.412208552845852,-6.41196012672421,8,-6.412412873023264,-6.412412873023264,-6.41491395793499,-6.41491395793499,False,4,4,False,-6.417548879904978,0.13525714474533843,-6.412748683167371,0.013974997332728244,1.0,-6.4,0.6
YFGYUFNIOHWBOB-UHFFFAOYSA-N,-10.147055761042605,-10.176903820474251,4,-10.21656911002744,-10.21656911002744,-10.176903820474251,-10.176903820474251,True,2,2,False,-10.305187910090217,0.6032128259600282,-10.234554103081956,0.19353937270783966,0.5876962337668084,-9.41,1.93
YGYNBBAUIYTWBF-UHFFFAOYSA-N,-2.4237911334864792,-2.6329963924633457,13,-2.6320053661601763,-2.6320053661601763,-2.63,-2.63,True,5,5,False,-2.6321653673447294,0.12093906024657515,-2.632604957068614,0.011425431018058714,0.4804225930865249,-2.63,0.6
YHQXBTXEYZIYOV-UHFFFAOYSA-N,1.8321873472402266,1.8282423204936458,16,1.8290817858373059,1.8290817858373059,1.8283938814531548,1.8283938814531548,False,5,5,False,1.797158808188646,0.12369047923353976,1.8265110699214366,0.012368289575586324,1.0,1.83,0.6
YHRUOJUYPBUZOS-UHFFFAOYSA-N,-0.6563423003522267,-1.877250971236594,28,-1.8781992306872324,-1.8781992306872324,-1.8953154875717015,-1.8953154875717015,True,5,5,False,-1.5637373216628745,0.1241062624677209,-1.8948470199197056,0.012450203223154087,0.0015826922323957623,-1.89,0.6
YKYONYBAUNKHLG-UHFFFAOYSA-N,-2.598969145053998,-2.797037136107561,30,-2.7993595682388963,-2.7993595682388963,-2.86,-2.86,True,5,5,False,-2.841927489389072,0.09122258472513686,-2.8546725462327367,0.008327399708085414,0.0029187023706375454,-2.79,0.6
YMWUJEATGCHHMB-UHFFFAOYSA-N,-0.8591246000807473,-1.3096769620543065,76,-1.3086859357511371,-1.3086859357511371,-1.38,-1.38,True,5,5,False,-1.2380397318518352,0.08816455037619841,-1.3722383965125957,0.01046163081090429,0.0020974249892591525,-1.31,0.6
YNAVUWVOSKDBBP-UHFFFAOYSA-N,-7.175304229706806,-7.174952198852772,15,-7.174947328286052,-7.174947328286052,-7.17,-7.17,False,4,4,False,-7.179078962805042,0.09967092368262775,-7.174817939693169,0.008952163455886954,1.0,-7.17,0.6
YNPNZTXNASCQKK-UHFFFAOYSA-N,-3.731387298161899,-3.8236314690196354,44,-3.8255279879209123,-3.8255279879209123,-3.95,-3.95,True,5,5,False,-3.88049496965527,0.09610478974814687,-3.940442692587827,0.011425411385098684,0.016887424485111643,-3.88,0.6
YNQLUTRBYVCPMQ-UHFFFAOYSA-N,-0.5971627673313217,-0.6692851588838431,60,-0.6697379051828969,-0.6697379051828969,-0.8,-0.8,False,5,5,False,-0.7888944045521671,0.07657150876074464,-0.7908627334759157,0.007411580076975123,0.050859457873858864,-0.79,0.6
YOYAIZYFCNQIRF-UHFFFAOYSA-N,-4.159615767799086,-4.616926405330672,9,-4.6188229242319485,-4.6188229242319485,-5.22,-5.22,True,4,4,False,-4.983436776507692,0.19345339870214054,-5.213198934955048,0.020021751675897044,0.09751228987269665,-4.71,1.93
YTPLMLYBLZKORZ-UHFFFAOYSA-N,-1.3035317689643315,-1.3904395449324738,18,-1.3913878043831123,-1.3913878043831123,-1.42,-1.42,False,5,5,False,-1.4356250980123848,0.1468239602994782,-1.4097737946244813,0.01564880951023942,0.6521362737253512,-1.4,0.2
YTZKOQUCBOVLHL-UHFFFAOYSA-N,-0.26166733098038747,-0.43320820640801255,20,-0.43366095270706634,-0.43366095270706634,-0.44,-0.44,True,5,5,False,-0.46005672075970855,0.1206431960612645,-0.43787313579121967,0.01230967673233337,0.570984576163599,-0.44,0.6
YVXHZKKCZYLQOP-UHFFFAOYSA-N,0.6081462833027431,0.6002686076082239,15,0.6012596339113933,0.6012596339113933,0.6,0.6,False,5,5,False,0.5755793322573463,0.12448907492233377,0.6029830945739754,0.012449680971778156,1.0,0.6,0.6
YWAKXRMUMFPDSH-UHFFFAOYSA-N,1.6607628994722021,1.66,26,1.66,1.66,1.66,1.66,False,5,5,False,1.6372133548269334,0.0899399971766297,1.6662129921731752,0.008234800755855578,0.0667829962333391,1.68,0.6
YXFVVABEGXRONW-UHFFFAOYSA-N,-0.5645189562783748,-0.7846262406789655,134,-0.7865227595802424,-0.7865227595802424,-0.89,-0.89,True,5,5,False,-0.8205885484610093,0.06333106690007531,-0.8844849389790143,0.00650081329513278,0.026896198282931154,-0.9,0.2
YZWKKMVJZFACSU-UHFFFAOYSA-N,-0.09942760250059177,-0.1,15,-0.1,-0.1,-0.09,-0.09,False,5,5,False,-0.1289164689701674,0.14228346338561845,-0.09096524458338673,0.013831894008381916,1.0,-0.1,0.2
ZAFNJMIOTHYJRJ-UHFFFAOYSA-N,-0.7636890690651442,-0.5320562658345621,22,-0.5310652395313927,-0.5310652395313927,-0.53,-0.53,True,5,5,False,-0.5910982152526005,0.10547930799936847,-0.5323970633912081,0.009294206177454405,0.12514373515824043,-0.53,0.6
ZAGRQXMWMRUYRB-UHFFFAOYSA-N,-3.594144127300821,-4.382589882917328,3,-4.384486401818605,-4.384486401818605,-4.382589882917328,-4.382589882917328,True,2,2,False,-4.451949609238404,0.7231280539469104,-4.396600474486165,0.19798251101986275,0.6496495837101306,-4.38,0.22
ZAJNGDIORYACQU-UHFFFAOYSA-N,-2.345713094455438,-2.346504557013966,7,-2.3455135307107966,-2.3455135307107966,-2.34,-2.34,False,3,3,False,-2.3860665691167298,0.23000971377142396,-2.3425673218394114,0.025759258822894853,1.0,-2.34,0.6
ZBTMRBYMKUEVEU-UHFFFAOYSA-N,-1.3911120475005434,-1.391531772182701,13,-1.3905407458795316,-1.3905407458795316,-1.39,-1.39,False,5,5,False,-1.4139470297025314,0.13206110756635206,-1.3909947134842067,0.013696792289765291,1.0,-1.39,0.6
ZERULLAPCVRMCO-UHFFFAOYSA-N,-1.273714204866093,-1.282392025344842,12,-1.2814009990416726,-1.2814009990416726,-1.275,-1.275,False,5,5,False,-1.3025098415487744,0.14603877760435782,-1.2803380424348614,0.013943228116436624,1.0,-1.28,0.6
ZFFMLCVRJBZUDZ-UHFFFAOYSA-N,2.356362944048331,2.346504557013966,14,2.344608038112689,2.344608038112689,2.465,2.465,False,5,5,False,2.312796995154798,0.18507806288027973,2.3470932481342004,0.024741783045328297,0.07936043098278507,2.34,0.6
ZFRKQXVRDFCRJG-UHFFFAOYSA-N,-5.060603583280472,-5.91,9,-5.91,-5.91,-5.91,-5.91,True,4,4,False,-5.861686241053512,0.12699761668443293,-5.9084113956762225,0.010711921582691273,0.001831107651480249,-5.88,0.6
ZFSLODLOARCGLH-UHFFFAOYSA-N,-8.016438443977714,-8.016438443977714,1,-8.093872504182812,-8.093872504182812,-8.016438443977714,-8.016438443977714,False,1,1,False,-7.956848053324173,2.0389244389701053,-8.233516960932285,0.9174019825682229,1.0,-18.06,0.27
ZFTBZKVVGZNMJR-UHFFFAOYSA-N,-11.880380616068976,-11.880380616068976,2,-11.919097646171526,-11.919097646171526,-13.599426386233269,-13.599426386233269,True,2,2,False,-13.444454089719734,0.4027336709368692,-13.598168538684446,0.028285167678125694,0.39862956389819926,-17.74,0.78
ZGEGCLOFRBLKSE-UHFFFAOYSA-N,1.3660447769163677,1.664381139277348,11,1.6653721655805174,1.6653721655805174,1.66,1.66,True,4,4,False,1.5182138441379758,0.2173376567120123,1.6584594612012187,0.02552836307584493,0.009568115769692862,1.66,0.6
ZMANZCXQSJIPKH-UHFFFAOYSA-N,-2.5439160039460353,-3.0300732053567985,21,-3.03,-3.03,-3.023422562141491,-3.023422562141491,True,5,5,False,-2.687137462247076,0.11321798247777301,-3.037790513941416,0.012353341354698606,0.00020256904061120265,-3.22,0.6
ZMXDDKWLCZADIW-UHFFFAOYSA-N,-6.935222520310492,-6.711355611031718,20,-6.713252129932995,-6.713252129932995,-6.355,-6.355,True,5,5,False,-7.064972000952741,0.1720495247336544,-7.774726599903844,0.02796389746442571,0.0006047372924881533,-7.81,0.6
ZMXIYERNXPIYFR-UHFFFAOYSA-N,-2.347617577330352,-2.4010744304328955,20,-2.400083404129726,-2.400083404129726,-2.4,-2.4,False,5,5,False,-2.411829765887894,0.12295529611780613,-2.4019007976951663,0.012190959138555368,0.4215070472234308,-2.4,0.6
ZMYIIHDQURVDRB-UHFFFAOYSA-N,-1.8230493126013751,-1.8230493126013751,1,-1.9004833728064732,-1.9004833728064732,-1.8230493126013751,-1.8230493126013751,False,1,1,False,-3.1333485734748066,2.0389244389701053,-2.2981933660324985,0.9154380588764323,1.0,-2.78,0.1
ZNQVEEAIQZEUHB-UHFFFAOYSA-N,-6.399467604336987,-6.65,12,-6.65,-6.65,-6.608059273422562,-6.608059273422562,True,5,5,False,-6.6355216451874455,0.13303437734872076,-6.620718162426576,0.01504491340822455,0.39978659145063317,-6.69,0.6
ZNSMNVMLTJELDZ-UHFFFAOYSA-N,-4.308432614110008,-4.308432614110008,1,-4.310329133011285,-4.310329133011285,-4.308432614110008,-4.308432614110008,False,1,1,False,-4.5411510734930305,1.0605269289471333,-4.364272513847406,0.2822082428880872,1.0,-4.23,0.2
ZPQOPVIELGIULI-UHFFFAOYSA-N,-0.9298410098783223,-1.132324873442786,33,-1.1313338471396166,-1.1313338471396166,-0.98,-0.98,True,5,5,False,-1.0662802365810915,0.12066772032963965,-0.9930060872772646,0.012352988684212734,0.0024994391097070572,-0.98,0.6
ZPVFWPFBNIEHGJ-UHFFFAOYSA-N,-2.630397516653269,-2.88,24,-2.880457341749805,-2.880457341749805,-2.88,-2.88,True,5,5,False,-2.884127272568991,0.10508132200076861,-2.88405033996648,0.010472862843966027,0.0029075531276000137,-2.88,0.6
ZQWPRMPSCMSAJU-UHFFFAOYSA-N,-3.3011080063839238,-3.3014773418452315,4,-3.300486315542062,-3.300486315542062,-3.3,-3.3,False,2,2,False,-3.319325239532725,0.24382352465348642,-3.300582986859138,0.026483903649094698,1.0,-3.3,0.6
ZSDSQXJSNMTJDA-UHFFFAOYSA-N,-3.406950402219021,-3.4301889319938077,7,-3.5076229921989057,-3.5076229921989057,-3.4301889319938077,-3.4301889319938077,False,2,2,False,-3.6697363274708956,0.4361871210788301,-3.464673449505203,0.12030710487115111,1.0,-3.25,0.1
ZSIAUFGUXNUGDI-UHFFFAOYSA-N,-3.691087828216629,-4.311020000095426,35,-4.310028973792257,-4.310028973792257,-4.362122370936903,-4.362122370936903,True,5,5,False,-4.294144082665956,0.09050615515343884,-4.364995973778462,0.008988445446843086,0.0013178230065226894,-4.4,0.6
ZTQSAGDEMFDKMZ-UHFFFAOYSA-N,-2.9814760767229243,-3.17869512665264,35,-3.177704100349471,-3.177704100349471,-3.18,-3.18,True,5,5,False,-3.1854285307138306,0.09029814674319979,-3.1851493274538347,0.008059370115592063,0.0024078653440470217,-3.18,0.6
ZUOUZKKEUPVFJK-UHFFFAOYSA-N,-2.5193037889013064,-2.607615102388498,41,-2.6223674254984495,-2.6223674254984495,-2.6434034416826004,-2.6434034416826004,True,5,5,False,-2.6601409281929658,0.10320894867679072,-2.6452279584042846,0.01069631088187518,0.20184897042034938,-2.7,0.2
ZWRUINPWMLAQRD-UHFFFAOYSA-N,-3.280149914284106,-3.888103481098723,16,-3.887112454795554,-3.887112454795554,-3.88,-3.88,True,4,4,False,-3.809529742801437,0.20753795197322383,-3.8775947020464363,0.0250333753589509,0.020854541845562017,-3.88,0.6
ZXEKIIBDNHEJCQ-UHFFFAOYSA-N,-4.3057567898204505,-4.502014557061679,42,-4.50102353075851,-4.50102353075851,-4.52,-4.52,True,5,5,False,-4.497992156304658,0.09724543510618336,-4.514291721240934,0.00923574550349742,0.23393184797742833,-4.5,0.6
