ikey,raw_mean,raw_median,n_obs,homoset_Ladaptive_noise25,homoset_Ladaptive_noise50,homoset_L0.6_noise25,homoset_L0.6_noise50,conflict,n_sources,n_accepted_sources,fell_back_raw,mixle_gauss,mixle_gauss_sd,mixle_robust,mixle_robust_sd,min_obs_weight
AAEVYOVXGOFMJO-UHFFFAOYSA-N,-8.710752648850907,-8.551461220085779,4,-8.553357738987055,-8.553357738987055,-8.551461220085779,-8.551461220085779,True,3,3,False,-8.857995742890445,0.6562977178022762,-9.074732890159252,0.1329137863148354,0.8076194000930029
AAHYHBHESZMGBO-UHFFFAOYSA-N,-8.768728059239894,-8.768728059239894,2,-8.808393348793082,-8.808393348793082,-8.768728059239894,-8.768728059239894,False,2,2,False,-8.91634083134981,0.9638346123868675,-8.859862779113092,0.2703392059928774,1.0
AAMGDUBBVGQEKV-UHFFFAOYSA-N,2.3601470253686987,2.3601470253686987,1,2.361138051671868,2.361138051671868,2.3601470253686987,2.3601470253686987,False,1,1,False,1.38041762774012,1.4704237627620684,2.3514924365206924,0.13059749556201317,1.0
AAPVQEMYVNZIOO-NYQGKTAPSA-N,-6.652980241438177,-6.652980241438177,1,-6.654876760339454,-6.654876760339454,-6.652980241438177,-6.652980241438177,False,1,1,False,-6.745398783504964,1.0605269289471333,-6.6995597949176995,0.28223749959727334,1.0
ABDKAPXRBAPSQN-UHFFFAOYSA-N,-4.7471236537637225,-4.7471236537637225,1,-4.8245577139688205,-4.8245577139688205,-4.7471236537637225,-4.7471236537637225,False,1,1,False,-5.410659229151808,2.0389244389701053,-5.100814054665341,0.9146981842908198,1.0
ABJMOQGYYKQSRR-UHFFFAOYSA-N,-4.938787929095227,-4.938787929095227,1,-5.016221989300325,-5.016221989300325,-4.938787929095227,-4.938787929095227,False,1,1,False,-5.559930090832958,2.0389244389701053,-5.284522449112944,0.9147531062783206,1.0
ABRDPORILGADAP-UHFFFAOYSA-N,-3.1572341139225024,-3.1572341139225024,1,-3.2346681741276004,-3.2346681741276004,-3.1572341139225024,-3.1572341139225024,False,1,1,False,-4.172430659015467,2.0389244389701053,-3.5768844527445114,0.9147325330209181,1.0
ABYGSZMCWVXFCQ-UHFFFAOYSA-N,3.4493197539158897,3.4493197539158897,1,3.447423235014613,3.447423235014613,3.4493197539158897,3.4493197539158897,False,1,1,False,2.75237015539657,1.0605269289471333,3.3627720966762684,0.28254249455226066,1.0
ABYZYVAIOYICJQ-UHFFFAOYSA-N,-2.6115353797332084,-2.6115353797332084,1,-2.6889694399383064,-2.6889694399383064,-2.6115353797332084,-2.6115353797332084,False,1,1,False,-3.74743272901594,2.0389244389701053,-3.0538531541867995,0.9149460841920469,1.0
ACBMYYVZWKYLIP-UHFFFAOYSA-N,-3.822245358436735,-3.822245358436735,1,-3.899679418641833,-3.899679418641833,-3.822245358436735,-3.822245358436735,False,1,1,False,-4.690350867800338,2.0389244389701053,-4.214303234979511,0.9146118255852616,1.0
ACYHSTUWOQNWCX-UHFFFAOYSA-N,3.544817032399017,3.544817032399017,1,3.54292051349774,3.54292051349774,3.544817032399017,3.544817032399017,False,1,1,False,2.8421527876430677,1.0605269289471333,3.4578895396655,0.28255077266089107,1.0
ADZSGNDOZREKJK-UHFFFAOYSA-N,-7.625407515039874,-7.625407515039874,1,-7.702841575244972,-7.702841575244972,-7.625407515039874,-7.625407515039874,False,1,1,False,-7.652307608290399,2.0389244389701053,-7.8589763343826835,0.9168777244390884,1.0
AEMRFAOFKBGASW-UHFFFAOYSA-N,0.324988349789156,2.6308170258021764,5,2.6318080521053457,2.6318080521053457,2.6308170258021764,2.6308170258021764,True,2,2,False,-1.6371975510125567,0.6291542349883132,2.8766625709178397,0.09458698012394488,0.0032619494198776956
AEXMKKGTQYQZCS-UHFFFAOYSA-N,2.608279670979146,2.564784050689684,13,2.562887531788407,2.562887531788407,2.56,2.56,False,4,4,False,2.468815464147678,0.20730622856841588,2.5572087422048617,0.02523706209867164,1.0
AFABGHUZZDYHJO-UHFFFAOYSA-N,2.493991332736303,2.516257723510395,22,2.5127926212401785,2.5127926212401785,2.52,2.52,False,5,5,False,2.48974656014355,0.09982615379964482,2.5165493170343076,0.009351674447787997,0.7835842894052555
AFBPFSWMIHJQDM-UHFFFAOYSA-N,-4.654507485364943,-4.693009114027932,12,-4.692018087724763,-4.692018087724763,-4.6850000000000005,-4.6850000000000005,False,4,4,False,-4.720396056217286,0.16409582392981958,-4.684155456937797,0.018998756621180522,1.0
AFFLGGQVNFXPEV-UHFFFAOYSA-N,2.782493889437403,2.782493889437403,1,2.780597370536126,2.780597370536126,2.782493889437403,2.782493889437403,False,1,1,False,2.1254477727497885,1.0605269289471333,2.6985966920809847,0.282487544508005,1.0
AFIIBUOYKYSPKB-UHFFFAOYSA-N,-2.301447978381302,-2.301447978381302,2,-2.339669495332266,-2.339669495332266,-2.301447978381302,-2.301447978381302,True,2,2,False,-4.888803853243109,1.240496292418691,-8.177956322565432,0.13061460087428514,0.04076897254741377
AFPHTEQTJZKQAQ-UHFFFAOYSA-N,-7.619275719227651,-7.619275719227651,1,-7.696709779432749,-7.696709779432749,-7.619275719227651,-7.619275719227651,False,1,1,False,-7.647532078562909,2.0389244389701053,-7.853102681303867,0.9168699478492921,1.0
AFRRABLGSIKEJZ-UHFFFAOYSA-N,-9.783107385071425,-9.783107385071425,1,-9.7850039039727,-9.7850039039727,-9.783107385071425,-9.783107385071425,False,1,1,False,-9.68821619867622,1.0605269289471333,-9.817303419819778,0.28237080590599406,1.0
AFTPEBDOGXRMNQ-UHFFFAOYSA-N,3.231040260240172,3.231040260240172,1,3.2291437413388953,3.2291437413388953,3.231040260240172,3.231040260240172,False,1,1,False,2.5471527102617184,1.0605269289471333,3.145360550213659,0.2825239579512123,1.0
AFVFQIVMOAPDHO-UHFFFAOYSA-N,-18.11883709404867,-18.11883709404867,1,-18.1178460677455,-18.1178460677455,-18.11883709404867,-18.11883709404867,False,1,1,False,-16.742712403059507,1.4704237627620684,-18.110158960815053,0.13067572230132252,1.0
AFYPFACVUDMOHA-UHFFFAOYSA-N,2.5404462349131225,2.3892419524994164,13,2.3884229883813326,2.3884229883813326,2.5219502868068835,2.5219502868068835,True,5,5,False,2.440838716053893,0.1921725945596532,2.5044145622357017,0.019390003323498207,0.3569749793134631
AFZZYIJIWUTJFO-UHFFFAOYSA-N,0.297057891913474,-0.6401244157136298,4,-0.6402049863692516,-0.6402049863692516,-0.6401244157136298,-0.6401244157136298,True,3,3,False,-0.6618220546419993,0.7264233182696221,-0.6421531178189885,0.08770859260899369,0.34729631143124984
AGDYNDJUZRMYRG-UHFFFAOYSA-N,-1.5393126843342586,-1.6571099287303148,3,-1.6590064476315918,-1.6590064476315918,-1.6571099287303148,-1.6571099287303148,False,2,2,False,-1.9953721721042932,0.7231280539469104,-1.7172128845707433,0.1953378207568584,1.0
AGEZXYOZHKGVCM-UHFFFAOYSA-N,-2.373789493723431,-2.373789493723431,1,-2.3727984674202616,-2.3727984674202616,-2.373789493723431,-2.373789493723431,False,1,1,False,-2.808937986423933,1.4704237627620684,-2.378440058088353,0.1305747744013537,1.0
AGKSTYPVMZODRV-UHFFFAOYSA-N,-10.975407435567128,-10.975407435567128,2,-11.015072725120316,-11.015072725120316,-10.975407435567128,-10.975407435567128,False,2,2,False,-11.025883190141574,0.9638346123868675,-11.075074434555187,0.27030043037307905,1.0
AGPKZVBTJJNPAG-UHFFFAOYSA-N,2.155510000047713,2.155510000047713,1,2.153613481146436,2.153613481146436,2.155510000047713,2.155510000047713,False,1,1,False,1.5359831842327496,1.0605269289471333,2.0741022000131673,0.2824404182452682,1.0
AGYUOJIYYGGHKV-UHFFFAOYSA-N,-6.020807292109229,-6.020807292109229,1,-6.022703811010506,-6.022703811010506,-6.020807292109229,-6.020807292109229,False,1,1,False,-6.151055653236458,1.0605269289471333,-6.069884419382858,0.2822236716237412,1.0
AHBGIHFKTBTQJP-UHFFFAOYSA-N,-1.7858059419640189,-1.7734729672794445,5,-1.7753694861807214,-1.7753694861807214,-1.7734729672794445,-1.7734729672794445,False,1,1,False,-2.049945510066517,0.48605923627515846,-1.8427991186889217,0.1271115839872244,1.0
AHHWIHXENZJRFG-UHFFFAOYSA-N,-4.084692368524275,-4.084692368524275,1,-4.086588887425552,-4.086588887425552,-4.084692368524275,-4.084692368524275,False,1,1,False,-4.330799652936954,1.0605269289471333,-4.141415805460089,0.28220860214719323,1.0
AHTPATJNIAFOLR-UHFFFAOYSA-N,-15.436764898441147,-15.436764898441147,1,-15.514198958646245,-15.514198958646245,-15.436764898441147,-15.436764898441147,False,1,1,False,-13.735903758397061,2.0389244389701053,-15.321164618008616,0.9392942491897203,1.0
AIGRXSNSLVJMEA-UHFFFAOYSA-N,-6.577243100199683,-6.4681253284668765,3,-6.4700218473681534,-6.4700218473681534,-6.4681253284668765,-6.4681253284668765,False,2,2,False,-6.737691410672697,0.7231280539469104,-6.544571401731301,0.19581891422778744,1.0
AIJULSRZWUXGPQ-UHFFFAOYSA-N,-7.109833871875371,-6.7652484602271805,10,-6.765199321569325,-6.765199321569325,-6.7652484602271805,-6.7652484602271805,True,3,3,False,-7.371519068061991,0.47941713315340734,-6.745674702673406,0.061821781552155536,0.013948922590272401
AIKKULXCBHRFOS-UHFFFAOYSA-N,-11.236021635283532,-11.236021635283532,2,-11.275686924836718,-11.275686924836718,-11.236021635283532,-11.236021635283532,False,2,2,False,-11.214325861455743,0.9638346123868675,-11.252063579247015,0.2706136034368711,1.0
AIURIRUDHVDRFQ-UHFFFAOYSA-N,-1.4440375530003715,-1.4440375530003715,2,-1.4459340719016485,-1.4459340719016485,-1.4440375530003715,-1.4440375530003715,False,1,1,False,-1.7649266730805167,0.7613827475557001,-1.5077399837020073,0.21069854921419812,1.0
AJDIFHIHSYVDGP-UHFFFAOYSA-N,3.8040239311389312,3.8040239311389312,1,3.8021274122376543,3.8021274122376543,3.8040239311389312,3.8040239311389312,False,1,1,False,3.0858485037407037,1.0605269289471333,3.716065114689935,0.2825737589846201,1.0
AJDIZQLSFPQPEY-UHFFFAOYSA-N,1.5133631825568916,1.7587144333966973,17,1.6812803731915993,1.6812803731915993,1.77,1.77,True,5,5,False,1.6814918323964931,0.12173591623691035,1.7710282265698685,0.012730210165006896,0.3549893827688802
AJDXXCWZGWECKS-UHFFFAOYSA-N,-4.966355513129603,-4.966355513129603,1,-4.96825203203088,-4.96825203203088,-4.966355513129603,-4.966355513129603,False,1,1,False,-5.159703252439815,1.0605269289471333,-5.019597284248417,0.282210366545758,1.0
AJKNNUJQFALRIK-UHFFFAOYSA-N,-0.2455644303851825,-0.2455644303851825,1,-0.24746094928645945,-0.24746094928645945,-0.2455644303851825,-0.2455644303851825,False,1,1,False,-0.7214087122506195,1.0605269289471333,-0.3174588801438156,0.2823003817395644,1.0
AKCRQHGQIJBRMN-UHFFFAOYSA-N,-4.935560168998549,-4.91128860770365,10,-4.911741354002704,-4.911741354002704,-4.91,-4.91,False,4,4,False,-4.978022362014817,0.2217597979886681,-4.922086203597646,0.025717099215174392,0.8012122730297119
AKNQMEBLVAMSNZ-UHFFFAOYSA-O,-11.332528838156183,-11.332528838156183,2,-11.372194127709369,-11.372194127709369,-11.332528838156183,-11.332528838156183,False,2,2,False,-11.333898917136537,0.9638346123868675,-11.387177695672777,0.27043131186837566,1.0
AKQMZZOTFNLAQJ-UHFFFAOYSA-N,4.105268696509391,4.105268696509391,1,4.027834636304293,4.027834636304293,4.105268696509391,4.105268696509391,False,1,1,False,1.4837097489969762,2.0389244389701053,3.3755740347521344,0.9265137232642566,1.0
ALDJIKXAHSDLLB-UHFFFAOYSA-N,-2.5606266528359614,-2.4815138530198544,5,-2.5589479132249524,-2.5589479132249524,-2.4815138530198544,-2.4815138530198544,True,2,2,False,-2.8686915331446854,0.5282086176564232,-2.678012957081432,0.16542059743333828,0.6612218424378143
ALFHIHDQSYXSGP-UHFFFAOYSA-N,-2.5757555026938284,-2.7932041393864777,3,-2.7951006582877547,-2.7951006582877547,-2.7932041393864777,-2.7932041393864777,True,2,2,False,-3.1604676956199893,0.7231280539469104,-2.952490073162327,0.20002454307691422,1.0
ALNQITUAXHHTHH-UHFFFAOYSA-N,-12.62987159023042,-12.62987159023042,2,-12.669536879783607,-12.669536879783607,-12.62987159023042,-12.62987159023042,True,2,2,False,-13.099184684848135,0.9638346123868675,-13.43887488622576,0.27845081693940904,0.8991095214750876
ALVPFGSHPUPROW-UHFFFAOYSA-N,-1.3083347762698687,-1.3083347762698687,1,-1.3857688364749667,-1.3857688364749667,-1.3083347762698687,-1.3083347762698687,False,1,1,False,-2.73248157713379,2.0389244389701053,-1.804974453865462,0.9158771677584624,1.0
AMEKQAFGQBKLKX-UHFFFAOYSA-N,-12.773779392071582,-12.773779392071582,1,-12.775675910972858,-12.775675910972858,-12.773779392071582,-12.773779392071582,False,1,1,False,-12.499923602692276,1.0605269289471333,-12.796097782204386,0.2825997884145362,1.0
AMFGTOFWMRQMEM-UHFFFAOYSA-N,-7.921775527217299,-7.921775527217299,1,-7.923672046118576,-7.923672046118576,-7.921775527217299,-7.921775527217299,False,1,1,False,-7.938268175686906,1.0605269289471333,-7.96333954963514,0.2822785106626735,1.0
AMIMRNSIRUDHCM-UHFFFAOYSA-N,-2.2546444142011812,-2.094719172081503,30,-2.0937281457783334,-2.0937281457783334,-2.86,-2.86,True,4,4,False,-2.7166273738314195,0.18586489789899274,-1.983835615278261,0.03305101608616882,0.00647950378887594
AMQJEAYHLZJPGS-UHFFFAOYSA-N,-3.884242068587007,-4.467389740347479,39,-4.469286259248756,-4.469286259248756,-4.47,-4.47,True,5,5,False,-4.213754846014087,0.0858752325017193,-4.477258732287072,0.008727720265954798,0.0012536735087046124
AMVYOVYGIJXTQB-UHFFFAOYSA-N,-15.071886642290917,-15.071886642290917,1,-15.149320702496015,-15.149320702496015,-15.071886642290917,-15.071886642290917,False,1,1,False,-13.45173138662848,2.0389244389701053,-14.973991486723715,0.9376004415914294,1.0
ANIAQSUBRGXWLS-UHFFFAOYSA-N,-4.515194182218854,-4.515194182218854,2,-4.554859471772042,-4.554859471772042,-4.515194182218854,-4.515194182218854,False,2,2,False,-4.879754494501615,0.9638346123868675,-4.631094164840544,0.27040326478047333,1.0
ANKBTLMYMVMWBS-UHFFFAOYSA-N,-3.866642468368585,-3.866642468368585,1,-3.944076528573683,-3.944076528573683,-3.866642468368585,-3.866642468368585,False,1,1,False,-4.724927968014854,2.0389244389701053,-4.256858824000047,0.9146092138869536,1.0
ANLVZYYGYBXMIX-UHFFFAOYSA-N,-1.8985169456710804,-1.9811937625688512,5,-1.9830902814701281,-1.9830902814701281,-1.9811937625688512,-1.9811937625688512,False,1,1,False,-2.1612397427301464,0.48605923627515846,-1.9574529894755837,0.12806277621648873,1.0
ANOOTOPTCJRUPK-UHFFFAOYSA-N,0.08161984403006957,0.0818548101283941,7,0.08284583643156349,0.08284583643156349,0.08,0.08,False,3,3,False,0.02863695387807942,0.23000971377142396,0.07879920704619219,0.025743988480628834,1.0
ANRCRHLXUCJAKV-UHFFFAOYSA-N,-5.922953679004913,-5.922953679004913,1,-6.000387739210011,-6.000387739210011,-5.922953679004913,-5.922953679004913,False,1,1,False,-6.326412364443949,2.0389244389701053,-6.2277710863578255,0.9152362564191472,1.0
AOGQPLXWSUTHQB-UHFFFAOYSA-N,-1.9814078421671288,-2.264649746885572,16,-2.2636587205824026,-2.2636587205824026,-2.2616921606118545,-2.2616921606118545,True,5,5,False,-2.2566735547729646,0.13066939937502015,-2.2621170075733,0.013566934739420517,0.004587959734229463
AORMDLNPRGXHHL-UHFFFAOYSA-N,2.7671963361792717,2.7671963361792717,1,2.765299817277995,2.765299817277995,2.7671963361792717,2.7671963361792717,False,1,1,False,2.111065639350158,1.0605269289471333,2.6833599068665444,0.28248634238422177,1.0
APAJFZPFBHMFQR-UHFFFAOYSA-N,-19.186735160704018,-19.186735160704018,1,-19.264169220909118,-19.264169220909118,-19.186735160704018,-19.186735160704018,False,1,1,False,-16.656433895578335,2.0389244389701053,-18.87487451614534,0.961817331447738,1.0
APQSQLNWAIULLK-UHFFFAOYSA-N,-2.765673989058761,-2.8239909494295987,13,-2.8229999231264293,-2.8229999231264293,-2.82,-2.82,False,5,5,False,-2.832355644939992,0.1304597225007782,-2.822773286985703,0.011423477393755238,0.8158589453149896
APSMUYYLXZULMS-UHFFFAOYSA-N,-2.826804966394572,-2.826804966394572,1,-2.90423902659967,-2.90423902659967,-2.826804966394572,-2.826804966394572,False,1,1,False,-3.9150877426542845,2.0389244389701053,-3.2601769356354318,0.9148494852588418,1.0
AQDKZPFDOWHRDZ-UHFFFAOYSA-N,-3.828687702197181,-3.828687702197181,2,-3.8305842210984578,-3.8305842210984578,-3.828687702197181,-3.828687702197181,False,1,1,False,-4.076026311878655,0.7613827475557001,-3.8854085872976776,0.1997490488098964,1.0
AQIXEPGDORPWBJ-UHFFFAOYSA-N,-4.3195689767671945,-4.35,20,-4.35,-4.35,-4.35,-4.35,False,5,5,False,-4.355635412614714,0.10038224323279984,-4.343975985159865,0.008749545113469172,0.8426179621949865
AQNQQHJNRPDOQV-UHFFFAOYSA-N,-0.4784262840522876,-0.4784262840522876,2,-0.5180915736054751,-0.5180915736054751,-0.4784262840522876,-0.4784262840522876,False,2,2,False,-1.0732517259495842,0.9638346123868675,-0.6514516545514494,0.2703929294188067,1.0
AQONCPKMJSBHQT-UHFFFAOYSA-N,-3.655337652736115,-3.655337652736115,2,-3.657234171637392,-3.657234171637392,-3.655337652736115,-3.655337652736115,False,1,1,False,-3.9080229522118097,0.7613827475557001,-3.712401536635377,0.1997503039207801,1.0
AQXYVFBSOOBBQV-UHFFFAOYSA-N,-7.04548763249043,-7.04548763249043,2,-7.085152922043618,-7.085152922043618,-7.04548763249043,-7.04548763249043,True,2,2,False,-10.387521519694573,0.9638346123868675,-12.220841804597649,0.28338862065050585,0.05245236685471666
AQZGPSLYZOOYQP-UHFFFAOYSA-N,-1.6701102914871593,-1.6701102914871593,1,-1.6720068103884362,-1.6720068103884362,-1.6701102914871593,-1.6701102914871593,False,1,1,False,-2.0607084200238384,1.0605269289471333,-1.7363716727316683,0.28224742206833664,1.0
ARWOOWBJJKVYOV-UHFFFAOYSA-N,3.408392348851693,3.408392348851693,1,3.406495829950416,3.406495829950416,3.408392348851693,3.408392348851693,False,1,1,False,2.7138918844337856,1.0605269289471333,3.3220074578593413,0.282538978171915,1.0
ARXHIJMGSIYYRZ-UHFFFAOYSA-N,-2.5777740946270336,-2.5777740946270336,2,-2.617439384180221,-2.617439384180221,-2.5777740946270336,-2.5777740946270336,True,2,2,False,-3.3645761828347074,0.9638346123868675,-3.1576594009603367,0.2725948200368573,1.0
ARXJGSRGQADJSQ-UHFFFAOYSA-N,-5.947456386925242,-6.029971012791704,6,-6.028979986488535,-6.028979986488535,-6.029971012791704,-6.029971012791704,False,3,3,False,-6.220355323324362,0.5643098149161387,-5.988113866487965,0.07406061155450702,0.900516412787321
ASHGTJPOSUFTGB-UHFFFAOYSA-N,-7.549039481378486,-7.667067215359587,8,-7.666076189056418,-7.666076189056418,-7.66,-7.66,True,4,4,False,-7.696162593014646,0.22636288206411329,-7.662398475143442,0.02615203128741059,1.0
ASUDFOJKTJLAIK-UHFFFAOYSA-N,-6.549091778202676,-6.55,8,-6.55,-6.55,-6.55,-6.55,False,2,2,False,-6.547445231652864,0.10788803751545477,-6.548831175576572,0.010521543389544781,0.7554868829470083
ASZMYJSJEOGSBR-UHFFFAOYSA-N,4.241474013177435,4.241474013177435,1,4.242465039480605,4.242465039480605,4.241474013177435,4.241474013177435,False,1,1,False,3.0453211909096556,1.4704237627620684,4.231226636938902,0.13061334662743718,1.0
ATHHXGZTWNVVOU-UHFFFAOYSA-N,-8.666877316246053,-8.313837715063547,7,-8.315734233964825,-8.315734233964825,-10.0,-10.0,True,2,2,False,-9.557310302314011,0.2493577201067129,-9.994886446951767,0.020036654756740446,0.09513263450686003
ATIMVMORQPKRPC-UHFFFAOYSA-N,-3.157234113922502,-3.157234113922502,1,-3.2346681741276,-3.2346681741276,-3.157234113922502,-3.157234113922502,False,1,1,False,-4.172430659015467,2.0389244389701053,-3.5768844527445114,0.9147325330209181,1.0
ATROHALUCMTWTB-UHFFFAOYSA-N,-5.057692604245678,-5.057692604245678,1,-5.059589123146955,-5.059589123146955,-5.057692604245678,-5.057692604245678,False,1,1,False,-5.245574646812466,1.0605269289471333,-5.110573672741914,0.2822110365721255,1.0
ATUOYWHBWRKTHZ-UHFFFAOYSA-N,2.0464105698528443,1.96451544308146,37,1.9655064693846294,1.9655064693846294,1.96,1.96,True,5,5,False,1.9499035136375795,0.0803966227050274,1.9657688068050883,0.007098775120570422,0.05653955199062597
AUEVFUYPKCWYNP-UHFFFAOYSA-M,-11.89773225987057,-11.89773225987057,1,-11.899628778771849,-11.899628778771849,-11.89773225987057,-11.89773225987057,False,1,1,False,-11.676299948172115,1.0605269289471333,-11.923536099656612,0.2825223425253656,1.0
AUGNBQPSMWGAJE-UHFFFAOYSA-N,-2.9791542358434846,-2.9791542358434846,2,-2.9810507547447616,-2.9810507547447616,-2.9791542358434846,-2.9791542358434846,False,1,1,False,-3.2526952719362763,0.7613827475557001,-3.037880064737033,0.20351508126703927,1.0
AUHZEENZYGFFBQ-UHFFFAOYSA-N,-0.6741068723523249,-0.7724224820023332,21,-0.7743190009036102,-0.7743190009036102,-0.9,-0.9,True,5,5,False,-0.907234251779521,0.1595546161165601,-0.8913917485556353,0.015602450237488841,0.6636852879856702
AUIKJTGFPFLMFP-UHFFFAOYSA-N,-4.983970654578155,-4.983970654578155,1,-4.9858671734794315,-4.9858671734794315,-4.983970654578155,-4.983970654578155,False,1,1,False,-5.176264287390406,1.0605269289471333,-5.037142861496683,0.2822104886455599,1.0
AUKVIBNBLXQNIZ-UHFFFAOYSA-N,3.8091475222748814,3.8091475222748814,2,3.7694822327216935,3.7694822327216935,3.8091475222748814,3.8091475222748814,True,2,2,False,2.709223001660446,0.9638346123868675,3.208852490539687,0.27194063005949953,1.0
AUYRUAVCWOAHQN-UHFFFAOYSA-N,1.7985810829932742,1.7985810829932742,1,1.7966845640919973,1.7966845640919973,1.7985810829932742,1.7985810829932742,False,1,1,False,1.2004132265642538,1.0605269289471333,1.7185893681238553,0.28241554989835344,1.0
AVFZOVWCLRSYKC-UHFFFAOYSA-N,-3.9640215461026416,-3.97472275334608,8,-3.9756405121272795,-3.9756405121272795,-3.97944550669216,-3.97944550669216,False,4,4,False,-3.986593535997899,0.14004370464189414,-3.977746042524084,0.012588772370129156,1.0
AVGQTJUPLKNPQP-UHFFFAOYSA-N,0.06347413030687354,-1.2000937202016586,6,-1.1995461889132781,-1.1995461889132781,-1.2000937202016586,-1.2000937202016586,True,3,3,False,-0.5725094140699134,0.5643098149161387,-1.2067381979117284,0.08352490705199492,0.0021966782742309245
AVMSWPWPYJVYKY-UHFFFAOYSA-N,-2.231834956105352,-2.2237223418213747,15,-2.2227313155182054,-2.2227313155182054,-2.22,-2.22,False,5,5,False,-2.2437927675647353,0.12532037303604446,-2.220419560380345,0.012308776082717006,1.0
AVQQQNCBBIEMEU-UHFFFAOYSA-N,-4.515111887016307,-4.515111887016307,1,-4.592545947221405,-4.592545947221405,-4.515111887016307,-4.515111887016307,False,1,1,False,-5.229965167712074,2.0389244389701053,-4.878429643425947,0.9146487226657672,1.0
AVSIMRGRHWKCAY-UHFFFAOYSA-N,-2.00777502349389,-2.0049656231357074,3,-2.0068621420369843,-2.0068621420369843,-2.0049656231357074,-2.0049656231357074,False,2,2,False,-2.292075128032697,0.6844953500444738,-2.031007489443178,0.10945822998617495,1.0
AVURWLKSFZBANQ-UHFFFAOYSA-N,-2.256831202510166,-2.256831202510166,1,-2.334265262715264,-2.334265262715264,-2.256831202510166,-2.256831202510166,False,1,1,False,-3.4711840745162457,2.0389244389701053,-2.7139030202453593,0.9151404783592166,1.0
AWMVMTVKBNGEAK-UHFFFAOYSA-N,-4.310459786460313,-4.310459786460313,2,-4.3109125327593665,-4.3109125327593665,-4.310459786460313,-4.310459786460313,False,2,2,False,-4.522059754969214,0.8775947309896613,-4.3496144849335066,0.11857635300417164,1.0
AWYOMXWDGWUJHS-UHFFFAOYSA-N,-5.425241053899049,-5.425241053899049,1,-5.5026751141041474,-5.5026751141041474,-5.425241053899049,-5.425241053899049,False,1,1,False,-5.938786698207296,2.0389244389701053,-5.750767263853898,0.9149497441597182,1.0
AWZOLILCOUMRDG-UHFFFAOYSA-N,-9.050050095512361,-9.050050095512361,2,-9.089715385065547,-9.089715385065547,-9.050050095512361,-9.050050095512361,True,2,2,False,-9.88447793218564,0.9638346123868675,-10.175341715642778,0.28039716011028215,0.6731966566412976
AZFKQCNGMSSWDS-UHFFFAOYSA-N,-4.101911923507037,-4.101911923507037,2,-4.141577213060225,-4.141577213060225,-4.101911923507037,-4.101911923507037,False,2,2,False,-4.454954445598292,0.9638346123868675,-4.174980005943862,0.270691942939176,1.0
AZLAWGCUDHUQDB-UHFFFAOYSA-N,3.531174564044284,3.531174564044284,1,3.5292780451430072,3.5292780451430072,3.531174564044284,3.531174564044284,False,1,1,False,2.8293266973221396,1.0605269289471333,3.4443013376248324,0.282549583796203,1.0
AZQWKYJCGOJGHM-UHFFFAOYSA-N,-4.537752222626534,-5.783938814531548,7,-5.783938814531548,-5.783938814531548,-6.1419694072657744,-6.1419694072657744,True,5,5,False,-5.701780087752759,0.20152837107443583,-5.787532118527058,0.028057964190033122,0.008887483725476545
AZUXKVXMJOIAOF-UHFFFAOYSA-N,-9.065078765518756,-9.065078765518756,1,-9.142512825723854,-9.142512825723854,-9.065078765518756,-9.065078765518756,False,1,1,False,-8.773544039674741,2.0389244389701053,-9.237621194048675,0.9190876233810652,1.0
AZXHAWRMEPZSSV-UHFFFAOYSA-N,-2.7498632083199164,-2.7498632083199164,2,-2.7895284978731034,-2.7895284978731034,-2.7498632083199164,-2.7498632083199164,True,2,2,False,-3.400363842513159,0.9638346123868675,-3.1467632820143114,0.2707800025327269,1.0
BACHBFVBHLGWSL-UHFFFAOYSA-N,-6.669247407711347,-6.669247407711347,2,-6.708912697264534,-6.708912697264534,-6.669247407711347,-6.669247407711347,True,2,2,False,-7.571451829846511,0.9638346123868675,-7.723514940105108,0.2790029175047311,0.7242622711881838
BAMUEXIPKSRTBS-UHFFFAOYSA-N,2.4467272531816864,2.5,3,2.5,2.5,2.5047801147227533,2.5047801147227533,False,3,3,False,2.474850872192959,0.21150683826603325,2.5036112768821437,0.020015679042728073,1.0
BAPJBEWLBFYGME-UHFFFAOYSA-N,-2.871371317399214,-2.871371317399214,2,-2.9110366069524014,-2.9110366069524014,-2.871371317399214,-2.871371317399214,False,2,2,False,-3.2840405342687364,0.9638346123868675,-2.9472878322662663,0.2707869795860105,1.0
BATOPAZDIZEVQF-MQQKCMAXSA-N,-4.6348038891881185,-4.6344366037303075,6,-4.634321223709369,-4.634321223709369,-4.634321223709369,-4.634321223709369,False,4,4,False,-4.640752530630319,0.15036698628117992,-4.634828141482297,0.014064502555905677,1.0
BATOPAZDIZEVQF-UHFFFAOYSA-N,-4.636002012621601,-4.636002012621601,1,-4.637898531522878,-4.637898531522878,-4.636002012621601,-4.636002012621601,False,1,1,False,-4.849118413598636,1.0605269289471333,-4.690548359880277,0.2822087069526768,1.0
BAVYZALUXZFZLV-UHFFFAOYSA-N,-4.612312025124018,-4.56,34,-4.56,-4.56,-4.561309751434035,-4.561309751434035,True,5,5,False,-4.664000741111913,0.07337789963648793,-4.564483706474937,0.00722924822113075,0.0013332539345058353
BAXOFTOLAUCFNW-UHFFFAOYSA-N,-6.5096587875520155,-6.5096587875520155,1,-6.587092847757114,-6.587092847757114,-6.5096587875520155,-6.5096587875520155,False,1,1,False,-6.783346641601667,2.0389244389701053,-6.790006055111749,0.9156855829167749,1.0
BAYAKMPRFGNNFW-UHFFFAOYSA-N,-4.0654555697102435,-4.0654555697102435,1,-4.06735208861152,-4.06735208861152,-4.0654555697102435,-4.0654555697102435,False,1,1,False,-4.312714002110525,1.0605269289471333,-4.1222549720532395,0.282208658660285,1.0
BAYUSCHCCGXLAY-UHFFFAOYSA-N,-6.785713436551342,-6.844433774740502,5,-6.846330293641779,-6.846330293641779,-6.844433774740502,-6.844433774740502,False,1,1,False,-6.9870044457271465,0.48605923627515846,-6.853925004865597,0.1366142884748397,0.8045521887907364
BAZVSMNPJJMILC-UHFFFAOYSA-N,-12.87395495117625,-12.994009827178738,5,-13.071443887383836,-13.071443887383836,-12.994009827178738,-12.994009827178738,True,2,2,False,-12.992883546161401,0.5282086176564232,-12.276877715438035,0.2013945250224571,0.17636515477845113
BBABSCYTNHOKOG-UHFFFAOYSA-N,-0.9905379935042524,-0.9905379935042524,1,-0.9924345124055294,-0.9924345124055294,-0.9905379935042524,-0.9905379935042524,False,1,1,False,-1.421802362345062,1.0605269289471333,-1.059485812558726,0.28226989779408995,1.0
BBDKZWKEPDTENS-UHFFFAOYSA-N,0.3585713547708121,0.3547041772230414,5,0.35569520352621076,0.35569520352621076,0.3547041772230414,0.3547041772230414,False,3,3,False,-0.0058831899894228054,0.6051215941283965,0.3384003331966802,0.08360877840099411,1.0
BBEAQIROQSPTKN-UHFFFAOYSA-N,-4.791515980658143,-4.529299493771144,33,-4.5283084674679746,-4.5283084674679746,-4.462313575525812,-4.462313575525812,True,5,5,False,-4.662398903314031,0.10895656644869574,-4.486156586855091,0.012834483668156193,0.004059388661221052
BBEWSMNRCUXQRF-UHFFFAOYSA-N,-6.029761390547934,-6.029761390547934,1,-6.107195450753032,-6.107195450753032,-6.029761390547934,-6.029761390547934,False,1,1,False,-6.409595728211885,2.0389244389701053,-6.330129306482243,0.9153090377109124,1.0
BBJPZPLAZVZTGR-UHFFFAOYSA-N,-10.593038342301034,-10.593038342301034,1,-10.670472402506132,-10.670472402506132,-10.593038342301034,-10.593038342301034,False,1,1,False,-9.963540674393274,2.0389244389701053,-10.699652803791137,0.9223010251519039,1.0
BBKDWPHJZANJGB-UHFFFAOYSA-N,-10.420177300532671,-10.420177300532671,1,-10.422073819433948,-10.422073819433948,-10.420177300532671,-10.420177300532671,False,1,1,False,-10.287163256055145,1.0605269289471333,-10.451847814886177,0.2824112126088377,1.0
BBMCTIGTTCKYKF-UHFFFAOYSA-N,-3.596884671667296,-4.2155227216123,26,-4.21453169530913,-4.21453169530913,-4.24,-4.24,True,5,5,False,-4.18227726060509,0.10510141362372546,-4.231616668054726,0.010807496788851394,0.0013893749917312623
BBXXLROWFHWFQY-UHFFFAOYSA-N,-9.394046654169115,-9.394046654169115,2,-9.433711943722301,-9.433711943722301,-9.394046654169115,-9.394046654169115,False,2,2,False,-9.442111107179738,0.9638346123868675,-9.386864381923841,0.2708555089401225,1.0
BCCOBQSFUDVTJQ-UHFFFAOYSA-N,1.1974244579019528,-0.23713361593647025,16,-0.2390301348377472,-0.2390301348377472,-0.23713361593647025,-0.23713361593647025,True,3,3,False,0.7077870310353208,0.2845259246860419,-0.6119254979757129,0.1016970386157675,0.0064254234418401205
BCPQALWAROJVLE-UHFFFAOYSA-N,-9.690036470356548,-9.690036470356548,2,-9.729701759909736,-9.729701759909736,-9.690036470356548,-9.690036470356548,True,2,2,False,-12.340069380788512,0.9638346123868675,-13.918490343011996,0.28394809856340103,0.07790097669105597
BCQMBFHBDZVHKU-UHFFFAOYSA-N,-9.09205784242153,-9.09132594670282,3,-9.168760006907918,-9.168760006907918,-9.09132594670282,-9.09132594670282,False,3,3,False,-9.257852316746394,0.8204025530984671,-9.048711160609333,0.11946001955008427,1.0
BCQZXOMGPXTTIC-UHFFFAOYSA-N,-0.09392811758945813,-0.1091397468378589,11,-0.10814872053468952,-0.10814872053468952,-0.12,-0.12,False,4,4,False,-0.1386557788545087,0.14633140162598843,-0.11591382341359115,0.014009771798409829,0.8330483799563115
BCTQJXQXJVLSIG-UHFFFAOYSA-N,-8.486248378956574,-8.486248378956574,2,-8.525913668509762,-8.525913668509762,-8.486248378956574,-8.486248378956574,False,2,2,False,-8.619200442968186,0.9638346123868675,-8.538570223477278,0.2705269622764102,1.0
BDAGIHXWWSANSR-UHFFFAOYSA-N,-6.90915632161481,-7.007779210295933,17,-7.0067881839927635,-7.0067881839927635,-7.007779210295933,-7.007779210295933,True,3,3,False,-7.200009012523213,0.34308292586928885,-7.001220242706494,0.03871136407057781,0.7159343814845985
BDERNNFJNOPAEC-UHFFFAOYSA-N,-4.4301351140635035,-4.83,47,-4.83,-4.83,-4.83,-4.83,True,5,5,False,-4.746855014987892,0.07956020501047056,-4.83333882448259,0.007654975486355341,0.0010803124987827945
BDJAEZRIGNCQBZ-UHFFFAOYSA-N,-0.1982265862664486,-0.1982265862664486,1,-0.27566064647154664,-0.27566064647154664,-0.1982265862664486,-0.1982265862664486,False,1,1,False,-1.8679135412047965,2.0389244389701053,-0.7414786578029459,0.9171464498897114,1.0
BDJRBEYXGGNYIS-UHFFFAOYSA-N,-8.143825683294606,-8.143825683294606,1,-8.221259743499704,-8.221259743499704,-8.143825683294606,-8.143825683294606,False,1,1,False,-8.056059045811566,2.0389244389701053,-8.355519479996053,0.9175848845979112,1.0
BEPAFCGSDWSTEL-UHFFFAOYSA-N,-7.183626090144755,-7.185344268471692,12,-7.1843532421685214,-7.1843532421685214,-7.185344268471692,-7.185344268471692,False,1,1,False,-7.362357465978252,0.44879691650707787,-7.207908214357242,0.04525969381239113,0.43788802134677685
BEQGRRJLJLVQAQ-UHFFFAOYSA-N,2.0757928008074975,2.0757928008074975,2,2.03612751125431,2.03612751125431,2.0757928008074975,2.0757928008074975,True,2,2,False,1.1359773216536688,0.9638346123868675,1.5894514511819817,0.2710810020694365,1.0
BEYOBVMPDRKTNR-UHFFFAOYSA-N,-10.31708606775594,-10.31708606775594,1,-10.318982586657217,-10.318982586657217,-10.31708606775594,-10.31708606775594,False,1,1,False,-10.190241098824593,1.0605269289471333,-10.349165413152102,0.2824043679634599,1.0
BEZDDPMMPIDMGJ-UHFFFAOYSA-N,-2.158769534339705,-2.333623143989954,3,-2.335519662891231,-2.335519662891231,-2.333623143989954,-2.333623143989954,False,2,2,False,-2.652562344791256,0.7231280539469104,-2.405895495656958,0.19555324326934123,1.0
BFCFYVKQTRLZHA-UHFFFAOYSA-N,-4.049860133018984,-3.7380363291966674,6,-3.738489075495721,-3.738489075495721,-3.7380363291966674,-3.7380363291966674,True,3,3,False,-4.312084372154134,0.5643098149161387,-3.7587651577958474,0.07245678539419538,0.3766770808240163
BFKJFAAPBSQJPD-UHFFFAOYSA-N,1.742726222367861,1.9237221317517712,3,1.9218256128504942,1.9218256128504942,1.3766730401529634,1.3766730401529634,True,3,3,False,1.3818887060021843,0.24369815983797452,1.3853911987682284,0.028307727224438316,0.28339181589920365
BFWMWWXRWVJXSE-UHFFFAOYSA-M,-6.700033652293952,-6.700033652293952,2,-6.739698941847139,-6.739698941847139,-6.700033652293952,-6.700033652293952,False,2,2,False,-6.807262239984131,0.9638346123868675,-6.597206033716365,0.272025378368574,1.0
BGHCVCJVXZWKCC-UHFFFAOYSA-N,4.762909341941725,3.5132568450514414,3,3.5113603261501645,3.5113603261501645,3.5132568450514414,3.5132568450514414,True,2,2,False,2.700057006636296,0.7231280539469104,3.2768148566648536,0.27567573019654895,0.14043356550252434
BGJSXRVXTHVRSN-UHFFFAOYSA-N,-3.856053415842507,-3.856053415842507,1,-3.933487476047605,-3.933487476047605,-3.856053415842507,-3.856053415842507,False,1,1,False,-4.7166810634092835,2.0389244389701053,-4.246708985588892,0.9146097749227836,1.0
BGTOWKSIORTVQH-UHFFFAOYSA-N,-4.502260793973639,-4.68,21,-4.68,-4.68,-4.6899999999999995,-4.6899999999999995,True,5,5,False,-4.669738860849309,0.11564958831784307,-4.689347470255155,0.01143750450561663,0.19008033914299524
BGUWFUQJCDRPTL-UHFFFAOYSA-N,-5.007100707980894,-7.012228734332433,7,-7.011237708029264,-7.011237708029264,-7.0,-7.0,True,3,3,False,-6.432564954230047,0.22745723600295786,-7.002670196054253,0.02627860990315199,0.002559333500731682
BGXXXYLRPIRDHJ-UHFFFAOYSA-N,3.467431545512838,3.490247158980087,3,3.48835064007881,3.48835064007881,3.490247158980087,3.490247158980087,True,3,3,False,2.701633161110541,0.8204025530984671,2.297860803135977,0.13086731906146074,0.29537921216887914
BHAAPTBBJKJZER-UHFFFAOYSA-N,-7.515470881639108,-7.489715126748067,8,-7.488724100444897,-7.488724100444897,-7.48,-7.48,False,3,3,False,-7.5301469579417875,0.22508652993010442,-7.485073234155855,0.0257166245650724,1.0
BHELZAPQIKSEDF-UHFFFAOYSA-N,-0.8559292597580461,-0.8597377531740694,4,-0.8592422400224847,-0.8592422400224847,-0.86,-0.86,False,4,4,False,-0.8803240465232098,0.20959668358026382,-0.8603168780852417,0.019721733898703107,1.0
BHGNYYIOYPFWKC-UHFFFAOYSA-N,3.544817032399017,3.544817032399017,1,3.54292051349774,3.54292051349774,3.544817032399017,3.544817032399017,False,1,1,False,2.8421527876430677,1.0605269289471333,3.4578895396655,0.28255077266089107,1.0
BHJCMMGUFRZLKK-UHFFFAOYSA-N,-1.724774936675603,-1.724774936675603,1,-1.8022089968807011,-1.8022089968807011,-1.724774936675603,-1.724774936675603,False,1,1,False,-3.0568110927667047,2.0389244389701053,-2.2040184694780853,0.9155146658249546,1.0
BHNZEZWIUMJCGF-UHFFFAOYSA-N,0.734591447390317,0.776990192217436,10,0.7750936733161591,0.7750936733161591,0.776990192217436,0.776990192217436,True,3,3,False,0.3613765041235404,0.3804044210564972,0.7970488017855651,0.07948193681830827,0.5881141318062103
BHRZNVHARXXAHW-UHFFFAOYSA-N,-3.0051010872325286,-3.006609126855596,5,-3.008505645756873,-3.008505645756873,-3.006609126855596,-3.006609126855596,False,3,3,False,-3.3025469116631614,0.6051215941283965,-3.01789018052118,0.08362281403175226,1.0
BHWVLZJTVIYLIV-UHFFFAOYSA-N,-3.193961762206261,-3.193961762206261,1,-3.195858281107538,-3.195858281107538,-3.193961762206261,-3.193961762206261,False,1,1,False,-3.493371197089592,1.0605269289471333,-3.2542028620622188,0.28221547514309436,1.0
BIWCEXHDIQZFHI-UHFFFAOYSA-N,-2.1408702214949424,-2.1408702214949424,1,-2.2183042817000405,-2.2183042817000405,-2.1408702214949424,-2.1408702214949424,False,1,1,False,-3.3808720143913464,2.0389244389701053,-2.602769813942199,0.915213566251755,1.0
BIWJNBZANLAXMG-IDTQJTQFSA-N,-2.7045765792669476,-3.3431106625485816,17,-3.3450071814498585,-3.3450071814498585,-3.3431106625485816,-3.3431106625485816,True,2,2,False,-3.042057468746845,0.27101308987004424,-3.368580560787384,0.09278079095570906,0.08995202125422146
BIWJNBZANLAXMG-UHFFFAOYSA-N,-2.802587807321501,-3.3470856944616307,23,-3.3489822133629077,-3.3489822133629077,-3.3470856944616307,-3.3470856944616307,True,3,3,False,-3.131158308499773,0.23437856967235549,-3.419903376048239,0.06648784480329456,0.07521059529796748
BIXZHMJUSMUDOQ-UHFFFAOYSA-N,-7.639408405260932,-7.639408405260932,2,-7.67907369481412,-7.67907369481412,-7.639408405260932,-7.639408405260932,False,2,2,False,-7.838619339542948,0.9638346123868675,-7.728789869395607,0.270379263859182,1.0
BJEPYKJPYRNKOW-UHFFFAOYSA-N,-20.040213635813227,-20.040213635813227,1,-20.03922260951006,-20.03922260951006,-20.040213635813227,-20.040213635813227,False,1,1,False,-18.443058313846702,1.4704237627620684,-20.02990238085949,0.1307067495325978,1.0
BJFOCMRBCBZFJT-UHFFFAOYSA-N,-3.51196270560756,-3.51196270560756,2,-3.5516279951607475,-3.5516279951607475,-3.51196270560756,-3.51196270560756,False,2,2,False,-3.9017333513361514,0.9638346123868675,-3.5977177406215906,0.27065511749662446,1.0
BJIOGJUNALELMI-UHFFFAOYSA-N,-5.653217844114224,-5.653217844114224,1,-5.730651904319322,-5.730651904319322,-5.653217844114224,-5.653217844114224,False,1,1,False,-6.1163382625761,2.0389244389701053,-5.969263218026871,0.915070240291124,1.0
BJQHLKABXJIVAM-UHFFFAOYSA-N,-0.4656463726977087,-4.39287481022382,3,-4.391883783920651,-4.391883783920651,-4.39287481022382,-4.39287481022382,True,3,3,False,-4.25032637391623,0.8204025530984671,-4.423290737040956,0.13021068723843762,0.02800739756900138
BKIMMITUMNQMOS-UHFFFAOYSA-N,3.1789130374515593,3.137767721588443,19,3.135871202687166,3.135871202687166,3.13,3.13,True,4,4,False,2.974905577967526,0.18946428123063547,3.1179096480126494,0.024883371806040045,0.18908415647156113
BKOOMYPCSUNDGP-UHFFFAOYSA-N,1.317855146773378,1.309751434034417,15,1.31,1.31,1.31,1.31,False,5,5,False,1.288462306571057,0.11985256617221238,1.309494078562183,0.011334064529972732,1.0
BLAYIQLVUNIICD-UHFFFAOYSA-N,-2.710401683752384,-2.710401683752384,1,-2.712298202653661,-2.712298202653661,-2.710401683752384,-2.710401683752384,False,1,1,False,-3.038747804857707,1.0605269289471333,-2.7725527634800518,0.2822228511870153,1.0
BLBURLWSCHSPIS-UHFFFAOYSA-N,-2.3114010759290977,-2.3114010759290977,1,-2.3888351361341957,-2.3888351361341957,-2.3114010759290977,-2.3114010759290977,False,1,1,False,-3.5136838675161997,2.0389244389701053,-2.766201783943973,0.9151077120889597,1.0
BLNBSBLKPFFJKQ-UHFFFAOYSA-N,3.613029374172678,3.613029374172678,1,3.6111328552714013,3.6111328552714013,3.613029374172678,3.613029374172678,False,1,1,False,2.906283239247709,1.0605269289471333,3.5258305292184513,0.28255674838405703,1.0
BLXSFCHWMBESKV-UHFFFAOYSA-N,-0.12995721378544145,-0.1364246835473236,10,-0.1354336572441542,-0.1354336572441542,-0.12,-0.12,False,4,4,False,-0.15310112333177087,0.16512202069202747,-0.12141436256066067,0.014101154505934604,1.0
BMIPMKQAAJKBKP-UHFFFAOYSA-N,-5.439320804590495,-5.439320804590495,2,-5.441217323491772,-5.441217323491772,-5.439320804590495,-5.439320804590495,False,1,1,False,-5.63698215373716,0.7613827475557001,-5.492853724036552,0.19977289133707668,1.0
BMLIZLVNXIYGCK-UHFFFAOYSA-N,-9.826292332310732,-10.409004637984452,4,-10.410901156885728,-10.410901156885728,-10.409004637984452,-10.409004637984452,True,2,2,False,-9.859193832430757,0.6032128259600282,-10.387799997372504,0.19349420067353365,0.09076496055068554
BMTAFVWTTFSTOG-UHFFFAOYSA-N,-3.362000262816228,-3.3583604937167832,3,-3.36025701261806,-3.36025701261806,-3.3583604937167832,-3.3583604937167832,False,2,2,False,-3.6832035512094943,0.7231280539469104,-3.428565158652598,0.19550252547287675,1.0
BMURONZFJJPAOK-UHFFFAOYSA-N,-3.3892304405719047,-3.3892304405719047,2,-3.428895730125092,-3.428895730125092,-3.3892304405719047,-3.3892304405719047,False,2,2,False,-3.785097409593609,0.9638346123868675,-3.4754764454741975,0.27066254785435045,1.0
BMVXCPBXGZKUPN-UHFFFAOYSA-N,-3.541341593942513,-4.03,21,-4.03,-4.03,-4.0310133843212235,-4.0310133843212235,True,5,5,False,-3.9939699980685917,0.10361504924215956,-4.026190118570285,0.010227047188895394,0.0014168691608613126
BMZVDHQOAJUZJL-UHFFFAOYSA-N,-2.6627222360532596,-2.6627222360532596,1,-2.6646187549545366,-2.6646187549545366,-2.6627222360532596,-2.6627222360532596,False,1,1,False,-2.993921539790447,1.0605269289471333,-2.725061658820514,0.2822237174563022,1.0
BNIXVQGCZULYKV-UHFFFAOYSA-N,-0.8400256111338466,-1.391531772182701,14,-1.3905407458795316,-1.3905407458795316,-1.3647227533460802,-1.3647227533460802,True,5,5,False,-1.344631070896251,0.1531808270967706,-1.3774959485706744,0.015948857809297317,0.0020077720378099736
BNUHAJGCKIQFGE-UHFFFAOYSA-N,-5.309059909763429,-5.309059909763429,1,-5.386493969968527,-5.386493969968527,-5.309059909763429,-5.309059909763429,False,1,1,False,-5.848303171915135,2.0389244389701053,-5.639414990736121,0.9148953036086735,1.0
BODRLKRKPXBDBN-UHFFFAOYSA-N,-3.2016220656022205,-3.2016220656022205,1,-3.2790561258073185,-3.2790561258073185,-3.2016220656022205,-3.2016220656022205,False,1,1,False,-4.20700062665306,2.0389244389701053,-3.619429866577766,0.9147197077478096,1.0
BOJBTUWEQMUWHT-UHFFFAOYSA-N,-2.679747721506871,-2.679747721506871,1,-2.757181781711969,-2.757181781711969,-2.679747721506871,-2.679747721506871,False,1,1,False,-3.800557470265881,2.0389244389701053,-3.119230224269097,0.9149137298548239,1.0
BOSMZFBHAYFUBJ-UHFFFAOYSA-N,-4.592065949390211,-4.592065949390211,1,-4.669500009595309,-4.669500009595309,-4.592065949390211,-4.592065949390211,False,1,1,False,-5.289898085208304,2.0389244389701053,-4.952190826856285,0.9146630631476951,1.0
BPRYUXCVCCNUFE-UHFFFAOYSA-N,-2.5355284308854027,-2.5355284308854027,2,-2.57519372043859,-2.57519372043859,-2.5355284308854027,-2.5355284308854027,True,2,2,False,-4.712018090483792,0.9638346123868675,-5.407182500583756,0.2821935471175051,0.16412763581866732
BQCIDUSAKPWEOX-UHFFFAOYSA-N,2.02027092609587,1.582526329148954,5,1.5835173554521234,1.5835173554521234,1.582526329148954,1.582526329148954,True,3,3,False,1.3468913670079303,0.6051215941283965,1.5769456192877822,0.08369063471030083,0.7152227960595224
BQFCCUSDZLKBJG-UHFFFAOYSA-N,-3.6243661295216594,-4.620998904533961,3,-4.622895423435238,-4.622895423435238,-4.620998904533961,-4.620998904533961,True,2,2,False,-4.618816574937,0.7231280539469104,-4.630233053861807,0.19853935832794334,0.4864962271254452
BQHCQAQLTCQFJZ-UHFFFAOYSA-N,-3.1789481958006056,-3.6742393979066383,4,-3.6761359168079153,-3.6761359168079153,-3.6742393979066383,-3.6742393979066383,True,2,2,False,-3.928816367480814,0.6032128259600282,-3.9101403967404704,0.18456845854424483,0.5782410201020093
BQJMULPFAUGVGY-UHFFFAOYSA-N,-4.867897578571939,-4.867897578571939,1,-4.869794097473216,-4.869794097473216,-4.867897578571939,-4.867897578571939,False,1,1,False,-5.067137132540363,1.0605269289471333,-4.921528168153167,0.28220974674311505,1.0
BQOFWKZOCNGFEC-UHFFFAOYSA-N,1.0128872467465806,1.0128872467465806,1,1.0109907278453036,1.0109907278453036,1.0128872467465806,1.0128872467465806,False,1,1,False,0.46173604247527594,1.0605269289471333,0.9360102034040648,0.2823658025923983,1.0
BQYJATMQXGBDHF-UHFFFAOYSA-N,-12.410230109063004,-12.410230109063004,2,-12.449895398616192,-12.449895398616192,-12.410230109063004,-12.410230109063004,True,2,2,False,-12.641214583475652,0.9638346123868675,-12.85240182622281,0.27280088169417666,1.0
BRLQWZUYTZBJKN-UHFFFAOYSA-N,-3.9564536587566694,-3.9564536587566694,2,-3.9961189483098565,-3.9961189483098565,-3.9564536587566694,-3.9564536587566694,False,2,2,False,-4.328824650874166,0.9638346123868675,-4.046931642040332,0.2705865785033506,1.0
BRNKJDZWZYZVNM-UHFFFAOYSA-N,-2.707032658216334,-2.707032658216334,1,-2.7844667184214322,-2.7844667184214322,-2.707032658216334,-2.707032658216334,False,1,1,False,-3.8218073667658565,2.0389244389701053,-3.145381218274586,0.9149012416005262,1.0
BSKHPKMHTQYZBB-UHFFFAOYSA-N,-4.683783183548888,-4.63,20,-4.63,-4.63,-4.63,-4.63,False,5,5,False,-4.647719889147118,0.10384345785783772,-4.626647816848838,0.009910911416763299,0.8046441357919772
BSPCSKHALVHRSR-UHFFFAOYSA-N,1.4668202120650735,0.035500000000000004,22,0.035500000000000004,0.035500000000000004,0.07,0.07,True,5,5,False,0.40417047152967334,0.13558894078287426,0.05510560806711222,0.014732751764337868,0.005189395603403263
BSYNRYMUTXBXSQ-UHFFFAOYSA-N,-9.94635557337834,-9.94635557337834,2,-9.986020862931529,-9.986020862931529,-9.94635557337834,-9.94635557337834,False,2,2,False,-10.004830875966546,0.9638346123868675,-9.990125439076586,0.27051233530764673,1.0
BTAGRXWGMYTPBY-UHFFFAOYSA-N,-3.4590047081068125,-3.7447558936579233,6,-3.7466524125592002,-3.7466524125592002,-3.7447558936579233,-3.7447558936579233,True,2,2,False,-4.066868952771159,0.4756471605486157,-3.964330475949223,0.15561855332815863,0.522718127964866
BTANRVKWQNVYAZ-UHFFFAOYSA-N,-4.619515657150187,-4.619284290778976,24,-4.621180809680253,-4.621180809680253,-4.58,-4.58,False,5,5,False,-4.611419682196788,0.10780976432929507,-4.58446600646704,0.009929374947583988,1.0
BTFQKIATRPGRBS-UHFFFAOYSA-N,-4.251227653962071,-4.275119198604904,5,-4.277015717506181,-4.277015717506181,-4.275119198604904,-4.275119198604904,False,1,1,False,-4.484377008362936,0.48605923627515846,-4.313214875500644,0.13328748266561202,0.9607266298206744
BTGGSWBKRYMHQK-UHFFFAOYSA-N,3.572101969108481,3.572101969108481,1,3.570205450207204,3.570205450207204,3.572101969108481,3.572101969108481,False,1,1,False,2.867804968284924,1.0605269289471333,3.4850659396241173,0.28255315666965913,1.0
BTGRAWJCKBQKAO-UHFFFAOYSA-N,-9.96667208189482,-9.96667208189482,2,-9.968568600796097,-9.968568600796097,-9.96667208189482,-9.96667208189482,False,1,1,False,-10.02469491957599,0.7613827475557001,-10.011246305329866,0.19977954154267238,1.0
BTJIUGUIPKRLHP-UHFFFAOYSA-N,-9.958732575929016,-10.64,23,-10.64,-10.64,-10.645,-10.645,True,5,5,False,-10.55622822324207,0.11678833061917923,-10.638609897418997,0.01341808767357189,0.013789163272902139
BTLXPCBPYBNQNR-UHFFFAOYSA-N,-9.054711974281876,-9.054711974281876,2,-9.094377263835064,-9.094377263835064,-9.054711974281876,-9.054711974281876,False,2,2,False,-9.080967350961869,0.9638346123868675,-8.993974124595923,0.2713200831145975,1.0
BTMVHUNTONAYDX-UHFFFAOYSA-N,-2.3134388507952433,-2.305577151949769,5,-2.3045861256466,-2.3045861256466,-2.305577151949769,-2.305577151949769,False,3,3,False,-2.617706742865261,0.6051215941283965,-2.3211620960369674,0.08360396131869476,1.0
BTOCFTAWZMMTNB-UHFFFAOYSA-N,-3.085105331708847,-3.085105331708847,1,-3.087001850610124,-3.087001850610124,-3.085105331708847,-3.085105331708847,False,1,1,False,-3.391028836948485,1.0605269289471333,-3.145776370615691,0.2822169118205194,1.0
BUAXMSGDEZZOJD-UHFFFAOYSA-N,-2.079479113898647,-2.079479113898647,1,-2.156913174103745,-2.156913174103745,-2.079479113898647,-2.079479113898647,False,1,1,False,-3.3330597472664008,2.0389244389701053,-2.5439355452196266,0.9152541667151135,1.0
BUDQDWGNQVEFAC-UHFFFAOYSA-N,-2.1375968300915407,-2.1375968300915407,2,-2.1385450895421787,-2.1385450895421787,-2.155831739961759,-2.155831739961759,False,2,2,False,-2.173541831891688,0.24671514835395747,-2.15611018484675,0.028143669824873443,1.0
BUHNCQOJJZAOMJ-UHFFFAOYSA-N,-6.8143890007111985,-6.8143890007111985,1,-6.816285519612475,-6.816285519612475,-6.8143890007111985,-6.8143890007111985,False,1,1,False,-6.897148692040145,1.0605269289471333,-6.860330737226949,0.28224173375858913,1.0
BUKLLCIUMZELOH-UHFFFAOYSA-N,-3.7437543863380993,-3.7437543863380993,2,-3.7834196758912864,-3.7834196758912864,-3.7437543863380993,-3.7437543863380993,False,2,2,False,-4.121989882126009,0.9638346123868675,-3.828552271219484,0.27064162193207586,1.0
BUKWTHPBLJVYMZ-UHFFFAOYSA-N,-8.312681983686199,-8.312681983686199,1,-8.314578502587477,-8.314578502587477,-8.312681983686199,-8.312681983686199,False,1,1,False,-8.305782425112662,1.0605269289471333,-8.352699773887458,0.28229471849088283,1.0
BULHJTXRZFEUDQ-UHFFFAOYSA-N,-3.2021051506264544,-3.2021051506264544,1,-3.2040016695277314,-3.2040016695277314,-3.2021051506264544,-3.2021051506264544,False,1,1,False,-3.501027277549517,1.0605269289471333,-3.262314087897281,0.28221537289363186,1.0
BULLHNJGPPOUOX-UHFFFAOYSA-N,-4.2572033373363825,-4.310204808668261,6,-4.309213782365092,-4.309213782365092,-4.310204808668261,-4.310204808668261,False,2,2,False,-4.4844912267111745,0.58364845622422,-4.2624283648827355,0.06614903037450612,0.592570148572433
BULVZWIRKLYCBC-UHFFFAOYSA-N,-4.9270970996097345,-5.1132938877455265,3,-5.1151904066468035,-5.1151904066468035,-5.1132938877455265,-5.1132938877455265,False,2,2,False,-5.335197730982345,0.7231280539469104,-5.157861008074536,0.19541071361765672,1.0
BUPRSRBWDJVKGG-UHFFFAOYSA-N,-1.9294119619965897,-1.9294119619965897,1,-2.006846022201688,-2.006846022201688,-1.9294119619965897,-1.9294119619965897,False,1,1,False,-3.2161853165165293,2.0389244389701053,-2.4001214037557217,0.9153589789343046,1.0
BUWXUSLQPDDDSD-UHFFFAOYSA-N,-1.7640240156391318,-1.7640240156391318,2,-1.8036893051923193,-1.8036893051923193,-1.7640240156391318,-1.7640240156391318,False,2,2,False,-2.218799970463594,0.9638346123868675,-1.8264289394055315,0.27102173903006427,1.0
BUYMVQAILCEWRR-UHFFFAOYSA-N,-4.658913442965532,-3.517781889105218,3,-3.519678408006495,-3.519678408006495,-3.517781889105218,-3.517781889105218,True,2,2,False,-4.148962454657901,0.7231280539469104,-3.579184714672918,0.1994747714658525,0.2877728399945452
BVALZCVRLDMXOQ-UHFFFAOYSA-N,-2.8234481811257846,-2.8239909494295987,8,-2.8229999231264293,-2.8229999231264293,-2.82,-2.82,False,3,3,False,-2.8723539141337975,0.22508652993010442,-2.8225798617666347,0.025653209093169684,1.0
BVSOVPUWHJWGEP-UHFFFAOYSA-N,-1.6416660734344848,-1.6416660734344848,4,-1.6435625923357617,-1.6435625923357617,-1.6416660734344848,-1.6416660734344848,False,1,1,False,-1.9158853431999916,0.542578892102387,-1.7004600300547272,0.14470234406312124,1.0
BWMDMTSNSXYYSP-UHFFFAOYSA-N,-10.917284499560237,-10.916987341892945,6,-10.917935601343583,-10.917935601343583,-10.92,-10.92,False,3,3,False,-10.917080524613645,0.15786057233001685,-10.917967796582923,0.012721543396641171,1.0
BWUPSGJXXPATLU-UHFFFAOYSA-N,-7.673061905885694,-7.673061905885694,2,-7.712727195438882,-7.712727195438882,-7.673061905885694,-7.673061905885694,False,2,2,False,-7.87671707437254,0.9638346123868675,-7.770796878978442,0.27034328794053497,1.0
BWWVXHRLMPBDCK-UHFFFAOYSA-N,-3.319286302256387,-3.319286302256387,2,-3.321182821157664,-3.321182821157664,-3.319286302256387,-3.319286302256387,False,1,1,False,-3.582336538641704,0.7613827475557001,-3.377015030852789,0.19975040792196563,1.0
BWZVCCNYKMEVEX-UHFFFAOYSA-N,-4.693735166082564,-4.693009114027932,4,-4.695901437644116,-4.695901437644116,-4.693009114027932,-4.693009114027932,False,3,3,False,-4.973582145217575,0.7264233182696221,-4.70454304013309,0.08747079041634179,1.0
BXEHUCNTIZGSOJ-UHFFFAOYSA-N,-5.648137056136386,-5.648137056136386,2,-5.687802345689574,-5.687802345689574,-5.648137056136386,-5.648137056136386,True,2,2,False,-6.356479340945933,0.9638346123868675,-6.324429446458434,0.2744538879615906,1.0
BXKKQFGRMSOANI-UHFFFAOYSA-N,-4.070626926212749,-4.070626926212749,1,-4.148060986417847,-4.148060986417847,-4.070626926212749,-4.070626926212749,False,1,1,False,-4.88379396293903,2.0389244389701053,-4.45238255956286,0.914605970672145,1.0
BXNANOICGRISHX-UHFFFAOYSA-N,-1.8520622644831026,-1.8520622644831026,2,-1.8917275540362901,-1.8917275540362901,-1.8520622644831026,-1.8520622644831026,True,2,2,False,-5.969171260959333,0.9638346123868675,-7.910803737838166,0.2825928659020136,0.03845506996676659
BXPMAGSOWXBZHS-UHFFFAOYSA-N,-10.098466911611204,-10.098466911611204,1,-10.10036343051248,-10.10036343051248,-10.098466911611204,-10.098466911611204,False,1,1,False,-9.984704316939752,1.0605269289471333,-10.131413045626681,0.2823902440970355,1.0
BXSMMAVTEURRGG-UHFFFAOYSA-N,4.556049570204751,4.556049570204751,1,4.55704059650792,4.55704059650792,4.556049570204751,4.556049570204751,False,1,1,False,3.3237087169350166,1.4704237627620684,4.545535745520179,0.1306163767051006,1.0
BXWNKGSJHAJOGX-UHFFFAOYSA-N,-3.555525696165292,-3.4807532520395617,4,-3.4826497709408386,-3.4826497709408386,-3.4807532520395617,-3.4807532520395617,True,2,2,False,-3.7470045697761405,0.6032128259600282,-3.4946855707812605,0.1631452155081031,1.0
BYEAHWXPCBROCE-UHFFFAOYSA-N,-3.7739971882736265,-3.769120458891013,5,-3.769120458891013,-3.769120458891013,-3.77,-3.77,False,4,4,False,-3.782522227178549,0.16157878263773284,-3.779147886364504,0.01656982878448288,1.0
BZHJMEDXRYGGRV-UHFFFAOYSA-N,0.3464048914054499,0.04370862522393005,28,0.04181210632265309,0.04181210632265309,-0.59,-0.59,True,5,5,False,-0.33106644735865226,0.11484408952801711,-0.57447411824522,0.01452651318611528,0.004216667641800583
BZHMBWZPUJHVEE-UHFFFAOYSA-N,2.8131261375890824,2.837633417784331,20,2.8386244440875004,2.8386244440875004,2.878814531548757,2.878814531548757,False,5,5,False,2.821461114058585,0.10336901603215104,2.8723625546698925,0.010935532945894324,0.059716742746156376
BZLVMXJERCGZMT-UHFFFAOYSA-N,-2.0421507616665093,-2.21,37,-2.21,-2.21,-2.21,-2.21,True,5,5,False,-2.2058063083785706,0.09014308192688991,-2.207585481189705,0.008406602459900117,0.30844076714425006
BZMIHNKNQJJVRO-UHFFFAOYSA-N,-1.57989969119294,-1.57989969119294,2,-1.6195649807461274,-1.6195649807461274,-1.57989969119294,-1.57989969119294,True,2,2,False,-5.763072916739797,0.9638346123868675,-7.727170252833721,0.2825649003233445,0.0373607217494723
BZNDWPRGXNILMS-VQHVLOKHSA-N,-7.68052260496655,-7.68052260496655,2,-7.720187894519737,-7.720187894519737,-7.68052260496655,-7.68052260496655,False,2,2,False,-7.842562481654612,0.9638346123868675,-7.720780072320194,0.2706432554565324,1.0
BZNKICRUKQQYIQ-UHFFFAOYSA-N,-3.428973548118569,-3.428973548118569,1,-3.4308700670198458,-3.4308700670198458,-3.428973548118569,-3.428973548118569,False,1,1,False,-3.7143196584835523,1.0605269289471333,-3.488286487276592,0.2822128167315005,1.0
BZTYNSQSZHARAZ-UHFFFAOYSA-N,-2.5673955617046036,-2.6285500392978896,13,-2.6304465581991665,-2.6304465581991665,-2.6285500392978896,-2.6285500392978896,True,2,2,False,-2.827554501247556,0.3120215294274256,-2.669106121906699,0.09074291901508032,0.6156480516190187
CAHQGWAXKLQREW-UHFFFAOYSA-N,-2.4401864076348105,-2.4401864076348105,1,-2.4420829265360875,-2.4420829265360875,-2.4401864076348105,-2.4401864076348105,False,1,1,False,-2.784702462954728,1.0605269289471333,-2.503404938119291,0.2822280906862258,1.0
CATSNJVOTSVZJV-UHFFFAOYSA-N,-2.6635869749032235,-3.04,44,-3.04,-3.04,-3.04,-3.04,True,5,5,False,-2.9943805244415356,0.09243734560212719,-3.034184550218144,0.009313579664003646,0.0026232412522336243
CAUBBRCOHHHCNG-UHFFFAOYSA-N,-2.134048987317575,-2.134048987317575,1,-2.211483047522673,-2.211483047522673,-2.134048987317575,-2.134048987317575,False,1,1,False,-3.3755595402663516,2.0389244389701053,-2.5962326394810193,0.9152180121835936,1.0
CAUBWLYZCDDYEF-UHFFFAOYSA-N,-4.972737817637564,-4.972737817637564,1,-4.974634336538841,-4.974634336538841,-4.972737817637564,-4.972737817637564,False,1,1,False,-5.165703633891782,1.0605269289471333,-5.025954384329643,0.2822104103917764,1.0
CAWHJQAVHZEVTJ-UHFFFAOYSA-N,-4.81892604317983,-5.518642447418737,19,-5.518214568326826,-5.518214568326826,-5.518642447418737,-5.518642447418737,True,5,5,False,-5.487299178218236,0.10154107415529386,-5.523140864311911,0.009938981020550856,0.0006994848800945145
CAWSVYYOUZEMHA-UHFFFAOYSA-N,-2.4341832911216876,-2.4341832911216876,1,-2.5116173513267857,-2.5116173513267857,-2.4341832911216876,-2.4341832911216876,False,1,1,False,-3.609308401766093,2.0389244389701053,-2.8838757350891275,0.9150377925888354,1.0
CAWXEEYDBZRFPE-UHFFFAOYSA-N,-13.634396699160334,-13.634396699160334,2,-13.674061988713522,-13.674061988713522,-13.634396699160334,-13.634396699160334,False,2,2,False,-13.55701083699157,0.9638346123868675,-13.72933971840539,0.27036802301640034,1.0
CAYGQBVSOZLICD-UHFFFAOYSA-N,-3.6132680313849788,-3.6132680313849788,2,-3.6529333209381663,-3.6529333209381663,-3.6132680313849788,-3.6132680313849788,True,2,2,False,-4.237109449275591,0.9638346123868675,-4.029439081658439,0.2710181499531077,1.0
CBFCDTFDPHXCNY-UHFFFAOYSA-N,2.5727990824141407,2.5727990824141407,1,2.4953650222090427,2.4953650222090427,2.5727990824141407,2.5727990824141407,False,1,1,False,0.29020063311962035,2.0389244389701053,1.9108635057857435,0.9223227865644662,1.0
CBVFSZDQEHBJEQ-UHFFFAOYSA-N,3.312895070368566,3.312895070368566,1,3.310998551467289,3.310998551467289,3.312895070368566,3.312895070368566,False,1,1,False,2.6241092521872873,1.0605269289471333,3.2268899201886465,0.28253084646968546,1.0
CCEZFZGXWFJQEF-UHFFFAOYSA-N,-3.4845137516898026,-3.4845137516898026,2,-3.5241790412429896,-3.5241790412429896,-3.4845137516898026,-3.4845137516898026,False,2,2,False,-3.9084208195829153,0.9638346123868675,-3.6157876315262407,0.27038947670149033,1.0
CCRCUPLGCSFEDV-UHFFFAOYSA-N,-4.630203935575974,-4.629614983634436,4,-4.628623957331268,-4.628623957331268,-4.629614983634436,-4.629614983634436,False,1,1,False,-4.830226234874304,0.7691402364010834,-4.633095193907915,0.06533800941633715,1.0
CDAISMWEOUEBRE-UHFFFAOYSA-N,-13.377267034276931,-13.377267034276931,1,-13.45470109448203,-13.45470109448203,-13.377267034276931,-13.377267034276931,False,1,1,False,-12.13193755090973,2.0389244389701053,-13.359239235026998,0.9306816840027646,1.0
CDKDZKXSXLNROY-UHFFFAOYSA-N,0.3327465400161515,0.3327465400161515,1,0.33085002111487455,0.33085002111487455,0.3327465400161515,0.3327465400161515,False,1,1,False,-0.1777044098412861,1.0605269289471333,0.25856323853766755,0.28232826940325695,1.0
CDNWLSGKTOELSD-UHFFFAOYSA-N,-9.437192668345867,-9.437192668345867,1,-9.514626728550965,-9.514626728550965,-9.437192668345867,-9.437192668345867,False,1,1,False,-9.063351635912833,2.0389244389701053,-9.593804055024089,0.9197858492086902,1.0
CDOSHBSSFJOMGT-UHFFFAOYSA-N,-4.434691816122044,-4.1972737690919555,9,-4.260871890665869,-4.260871890665869,-4.1972737690919555,-4.1972737690919555,True,3,3,False,-4.6087605021515765,0.4376308459769052,-4.690274468173623,0.06265126777224075,0.7732086245892368
CEBKHWWANWSNTI-UHFFFAOYSA-N,-5.179193393993661,-5.179193393993661,1,-5.181089912894938,-5.181089912894938,-5.179193393993661,-5.179193393993661,False,1,1,False,-5.359804715950297,1.0605269289471333,-5.231594630682498,0.2822120696710859,1.0
CELWCAITJAEQNL-UHFFFAOYSA-N,-6.116639465955206,-6.116639465955206,1,-6.118535984856483,-6.118535984856483,-6.116639465955206,-6.116639465955206,False,1,1,False,-6.241153140394859,1.0605269289471333,-6.165338027241678,0.28222548562785926,1.0
CEOCDNVZRAIOQZ-UHFFFAOYSA-N,-1.9729716639506154,-2.1033854640786576,30,-2.1052819829799345,-2.1052819829799345,-2.1033854640786576,-2.1033854640786576,True,3,3,False,-2.251761933861501,0.2038896430465268,-2.1362274545617335,0.0569842151054718,0.04498695702210411
CERQOIWHTDAKMF-UHFFFAOYSA-N,-6.309279161152847,-6.548003678516869,3,-6.54762591708935,-6.54762591708935,-6.548003678516869,-6.548003678516869,True,3,3,False,-6.689094480887098,0.8204025530984671,-6.55385720349535,0.11769092343432598,1.0
CETBSQOFQKLHHZ-UHFFFAOYSA-N,-1.3686926735349325,-1.6370962025678837,13,-1.6361051762647143,-1.6361051762647143,-1.63,-1.63,True,5,5,False,-1.597712665777491,0.14475416379836428,-1.625811301982436,0.014046385560244857,0.05358044337863015
CETWDUZRCINIHU-UHFFFAOYSA-N,-3.6061616316826495,-3.6061616316826495,2,-3.6080581505839264,-3.6080581505839264,-3.6061616316826495,-3.6061616316826495,False,1,1,False,-3.8603636825564798,0.7613827475557001,-3.663322757274388,0.1997491926605158,1.0
CFBYEGUGFPZCNF-UHFFFAOYSA-N,-6.488578758284344,-6.491151287101316,4,-6.4928239105494345,-6.4928239105494345,-6.491151287101316,-6.491151287101316,False,3,3,False,-6.717977891795528,0.7264233182696221,-6.503590132717361,0.08744977785760183,1.0
CFJYNSNXFXLKNS-UHFFFAOYSA-N,2.536110210032391,2.536110210032391,2,2.534213691131114,2.534213691131114,2.536110210032391,2.536110210032391,False,1,1,False,2.0924601476262654,0.7613827475557001,2.466790324818826,0.19979676785048894,1.0
CFKMVGJGLGKFKI-UHFFFAOYSA-N,-6.602270895075362,-6.793949240656716,7,-6.792958214353547,-6.792958214353547,-6.79,-6.79,True,3,3,False,-6.77017044514188,0.22745723600295786,-6.789605292715439,0.02623457528107803,0.24587869437286416
CFVWNXQPGQOHRJ-UHFFFAOYSA-N,-2.500874351075078,-2.500874351075078,2,-2.540539640628265,-2.540539640628265,-2.500874351075078,-2.500874351075078,True,2,2,False,-2.6750093263890253,0.9638346123868675,-2.2059451426326864,0.27527259183426417,0.9709590704231456
CFXQEHVMCRXUSD-UHFFFAOYSA-N,-0.6773981241926407,-2.035066491305883,19,-2.03696301020716,-2.03696301020716,-2.035066491305883,-2.035066491305883,True,3,3,False,-0.9621646476609262,0.26719402727912156,-2.4395982258388567,0.07107074583896299,0.001250417849235785
CGFCSKMZZXPWEY-UHFFFAOYSA-N,-7.357239243418812,-7.357239243418812,2,-7.357691989717866,-7.357691989717866,-7.357239243418812,-7.357239243418812,False,2,2,False,-7.457631954292078,0.8775947309896613,-7.367331999981727,0.11862783471812938,1.0
CGHIBGNXEGJPQZ-UHFFFAOYSA-N,0.2789975084092903,0.29,21,0.29,0.29,0.29,0.29,False,5,5,False,0.2565915649790357,0.09777563963875792,0.2905078665243024,0.009313317779368842,0.06047070650809055
CGNIOVDMKMGGSL-UHFFFAOYSA-N,-7.781312680416352,-7.781312680416352,1,-7.85874674062145,-7.85874674062145,-7.781312680416352,-7.781312680416352,False,1,1,False,-7.773728766907661,2.0389244389701053,-8.008313545468827,0.9170800485355353,1.0
CGSLYBDCEGBZCG-UHFFFAOYSA-N,-4.501224429222847,-4.568613014508764,6,-4.570509533410041,-4.570509533410041,-4.568613014508764,-4.568613014508764,True,2,2,False,-4.818990472108197,0.4756471605486157,-4.75615592366602,0.14949680410407043,0.3196087585473432
CGTWCAVZZBLHQH-UHFFFAOYSA-N,-7.189270617885459,-7.189270617885459,2,-7.228935907438647,-7.228935907438647,-7.189270617885459,-7.189270617885459,False,2,2,False,-7.3780596201690445,0.9638346123868675,-7.234777675110494,0.2706411875843824,1.0
CGYGETOMCSJHJU-UHFFFAOYSA-N,-2.564128979141131,-2.5694257310029975,5,-2.5713222499042745,-2.5713222499042745,-2.5694257310029975,-2.5694257310029975,False,1,1,False,-2.8184850699855035,0.48605923627515846,-2.621243715440262,0.12642846133611058,1.0
CHBAWFGIXDBEBT-UHFFFAOYSA-N,3.585303753224263,3.585303753224263,2,3.545638463671076,3.545638463671076,3.585303753224263,3.585303753224263,True,2,2,False,2.516234813628965,0.9638346123868675,3.0147364426397356,0.271682337777782,1.0
CHIFOSRWCNZCFN-UHFFFAOYSA-N,-5.550845492102799,-6.0790374842239725,6,-6.079490230523026,-6.079490230523026,-6.0790374842239725,-6.0790374842239725,True,3,3,False,-5.916394767020961,0.5004085170150036,-6.061250658059404,0.10094193261312645,0.19228439244307743
CHJJGSNFBQVOTG-UHFFFAOYSA-N,-11.185468451242828,-11.185468451242828,1,-11.185468451242828,-11.185468451242828,-11.185468451242828,-11.185468451242828,False,1,1,False,-11.16281673122263,0.2532417579784302,-11.185199246364105,0.02828396649537694,1.0
CHNUNORXWHYHNE-UHFFFAOYSA-N,-7.5147156245306475,-7.542310053751264,3,-7.544206572652541,-7.544206572652541,-7.542310053751264,-7.542310053751264,False,2,2,False,-7.714570513367516,0.7231280539469104,-7.565998928226592,0.1958906717006094,1.0
CHVJITGCYZJHLR-UHFFFAOYSA-N,-0.9928413918921387,-0.993031535115419,8,-0.9934842814144728,-0.9934842814144728,-0.9894837476099424,-0.9894837476099424,False,3,3,False,-1.0067609452045183,0.1420301761052929,-0.9904781375462589,0.015911485448785703,1.0
CICQUFBZCADHHX-UHFFFAOYSA-N,-2.015386733011432,-2.015386733011432,1,-2.017283251912709,-2.017283251912709,-2.015386733011432,-2.015386733011432,False,1,1,False,-2.385323197168828,1.0605269289471333,-2.0802836459187337,0.28223794869033425,1.0
CIEXPHRYOLIQQD-CYBMUJFWSA-N,-10.048968119919426,-10.048968119919426,2,-10.088633409472614,-10.088633409472614,-10.048968119919426,-10.048968119919426,False,2,2,False,-10.169837778981032,0.9638346123868675,-10.186016506584467,0.27023706586423596,1.0
CIFWZNRJIBNXRE-UHFFFAOYSA-N,-7.865096384525488,-7.865096384525488,2,-7.904761674078674,-7.904761674078674,-7.865096384525488,-7.865096384525488,True,2,2,False,-8.282336466700505,0.9638346123868675,-8.270492593104812,0.2714685058218649,1.0
CIPFDHFTBYJKQB-UHFFFAOYSA-N,1.0310036709803303,1.0310036709803303,1,0.9535696107752323,0.9535696107752323,1.0310036709803303,1.0310036709803303,False,1,1,False,-0.9105715462690909,2.0389244389701053,0.4355953173837898,0.9190789524710548,1.0
CITMYAMXIZQCJD-UHFFFAOYSA-N,-2.57584242598986,-2.57584242598986,1,-2.577738944891137,-2.577738944891137,-2.57584242598986,-2.57584242598986,False,1,1,False,-2.912240698613952,1.0605269289471333,-2.6385250499277046,0.2822253601057484,1.0
CJDWRQLODFKPEL-UHFFFAOYSA-N,-11.120705089864574,-11.120705089864574,2,-11.160370379417762,-11.160370379417762,-11.120705089864574,-11.120705089864574,False,2,2,False,-11.165918586647418,0.9638346123868675,-11.222503487787886,0.2702978917603687,1.0
CJHXCRMKMMBYJQ-UHFFFAOYSA-N,-9.660957804298999,-9.660957804298999,2,-9.700623093852187,-9.700623093852187,-9.660957804298999,-9.660957804298999,False,2,2,False,-9.771563229080842,0.9638346123868675,-9.758690232576978,0.27030448023103026,1.0
CJJOSEISRRTUQB-UHFFFAOYSA-N,-8.47267008209745,-8.197148534778417,3,-8.199045053679693,-8.199045053679693,-8.197148534778417,-8.197148534778417,True,2,2,False,-8.419491482922366,0.7231280539469104,-8.217683510782024,0.19814439703662862,0.8874000899122677
CJNZAXGUTKBIHP-UHFFFAOYSA-N,-6.02173477243662,-6.02173477243662,1,-6.099168832641718,-6.099168832641718,-6.02173477243662,-6.02173477243662,False,1,1,False,-6.403344483947459,2.0389244389701053,-6.322437142845157,0.9153034290712211,1.0
CJPQIRJHIZUAQP-UHFFFAOYSA-N,-1.3288169070707605,-1.3288169070707605,2,-1.368482196623948,-1.368482196623948,-1.3288169070707605,-1.3288169070707605,True,2,2,False,-5.402072195972415,0.9638346123868675,-7.2737864033959605,0.2825147308072955,0.039956175663940455
CKAPSXZOOQJIBF-UHFFFAOYSA-N,-1.8108418505926105,-2.2248696364304426,57,-2.2267661553317195,-2.2267661553317195,-2.2248696364304426,-2.2248696364304426,True,3,3,False,-2.1688013461981064,0.14712546903727225,-2.228829937360404,0.046644946514236514,0.001525155237351795
CKLLRBPBZLTGDJ-UHFFFAOYSA-N,-2.5280844792924877,-2.5280844792924877,2,-2.567749768845675,-2.567749768845675,-2.5280844792924877,-2.5280844792924877,True,2,2,False,-3.503095170744406,0.9638346123868675,-3.3892186289464408,0.27591985544210446,0.8749196003288021
CKMXAIVXVKGGFM-UHFFFAOYSA-N,-5.840396287375795,-5.840396287375795,1,-5.917830347580893,-5.917830347580893,-5.840396287375795,-5.840396287375795,False,1,1,False,-6.262115494485727,2.0389244389701053,-6.148651522899903,0.9151827403203979,1.0
CKPCAYZTYMHQEX-UHFFFAOYSA-N,-7.780317843210365,-7.780317843210365,1,-7.857751903415463,-7.857751903415463,-7.780317843210365,-7.780317843210365,False,1,1,False,-7.772953973552387,2.0389244389701053,-8.007360646504258,0.9170787293988529,1.0
CKUBKYSLNCKBOI-UHFFFAOYSA-N,-2.5998418887775365,-2.5998418887775365,2,-2.6017384076788135,-2.6017384076788135,-2.5998418887775365,-2.5998418887775365,False,1,1,False,-2.885082174228401,0.7613827475557001,-2.6604588806177545,0.21138423230240264,1.0
CLWAXFZCVYJLLM-UHFFFAOYSA-N,5.504883593974741,5.504883593974741,1,5.50587462027791,5.50587462027791,5.504883593974741,5.504883593974741,False,1,1,False,4.163391109877836,1.4704237627620684,5.493565863731885,0.13062617597961673,1.0
CLZCPQKGOAXOJT-UHFFFAOYSA-N,3.312895070368566,3.312895070368566,1,3.310998551467289,3.310998551467289,3.312895070368566,3.312895070368566,False,1,1,False,2.6241092521872873,1.0605269289471333,3.2268899201886465,0.28253084646968546,1.0
CMWTZPSULFXXJA-UHFFFAOYSA-N,-4.964194893979143,-4.964194893979143,1,-5.041628954184241,-5.041628954184241,-4.964194893979143,-4.964194893979143,False,1,1,False,-5.579717396184283,2.0389244389701053,-5.3088745588430095,0.9147613426259728,1.0
CNDHHGUSRIZDSL-UHFFFAOYSA-N,0.91936044015152,0.2608866175249441,7,0.2601979250430842,0.2601979250430842,0.2608866175249441,0.2608866175249441,True,3,3,False,0.3863842165328881,0.5014966267737644,0.2573065299022145,0.08005017572409855,0.006979917250183835
CNFMJLVJDNGPHR-KADHNRKRSA-N,-11.037650291472872,-11.037650291472872,1,-11.11508435167797,-11.11508435167797,-11.037650291472872,-11.037650291472872,False,1,1,False,-10.309810779512373,2.0389244389701053,-11.124797550636307,0.9234125084600108,1.0
CNMFHDIDIMZHKY-UHFFFAOYSA-N,-2.400952790466033,-2.4010744304328955,7,-2.400083404129726,-2.400083404129726,-2.4,-2.4,False,3,3,False,-2.4495647026917684,0.22745723600295786,-2.401998998387021,0.02615466489393906,1.0
CONWAEURSVPLRM-UHFFFAOYSA-N,-7.638417950192097,-7.638417950192097,1,-7.715852010397195,-7.715852010397195,-7.638417950192097,-7.638417950192097,False,1,1,False,-7.662440320099422,2.0389244389701053,-7.871438998961279,0.9168942700724232,1.0
COVFMDKBWYLRSV-UHFFFAOYSA-N,4.492991723469118,4.492991723469118,1,4.493982749772288,4.493982749772288,4.492991723469118,4.492991723469118,False,1,1,False,3.2679048963359016,1.4704237627620684,4.482531312355943,0.130615760589376,1.0
COYBRKAVBMYYSF-UHFFFAOYSA-N,-8.068614294662275,-8.068614294662275,1,-8.070510813563551,-8.070510813563551,-8.068614294662275,-8.068614294662275,False,1,1,False,-8.076319974297801,1.0605269289471333,-8.109597557903836,0.28228440130916244,1.0
CPELXLSAUQHCOX-UHFFFAOYSA-N,-14.337039679041323,-14.337039679041323,1,-14.336048652738153,-14.336048652738153,-14.337039679041323,-14.337039679041323,False,1,1,False,-13.395964053499775,1.4704237627620684,-14.33156992087287,0.1306266175596967,1.0
CPGPAVAKSZHMBP-UHFFFAOYSA-N,-1.3042369524903372,-1.3042369524903372,1,-1.3816710126954352,-1.3816710126954352,-1.3042369524903372,-1.3042369524903372,False,1,1,False,-2.7292901337334476,2.0389244389701053,-1.8010480219586689,0.9158810403641494,1.0
CPIVYSAVIPTCCX-UHFFFAOYSA-N,-2.2008757660440836,-2.210079873466643,5,-2.2090888471634735,-2.2090888471634735,-2.210079873466643,-2.210079873466643,False,3,3,False,-2.509291642935819,0.6051215941283965,-2.2220663202365687,0.08356268568207577,1.0
CPJSUEIXXCENMM-UHFFFAOYSA-N,-9.255810128507935,-9.255810128507935,2,-9.295475418061123,-9.295475418061123,-9.255810128507935,-9.255810128507935,True,2,2,False,-10.410177367237418,0.9638346123868675,-10.932344616546029,0.28290858005866415,0.40221518849479293
CQEYYJKEWSMYFG-UHFFFAOYSA-N,-1.7032525973580679,-1.7032525973580679,2,-1.7429178869112554,-1.7429178869112554,-1.7032525973580679,-1.7032525973580679,True,2,2,False,-2.5747311806737705,0.9638346123868675,-2.3474921836694103,0.2732053233638786,1.0
CRBJBYGJVIBWIY-UHFFFAOYSA-N,-0.5814754946438071,-0.5814754946438071,1,-0.6589095548489051,-0.6589095548489051,-0.5814754946438071,-0.5814754946438071,False,1,1,False,-2.166393238023107,2.0389244389701053,-1.1085906118381361,0.9166579944042365,1.0
CRCBRZBVCDKPGA-UHFFFAOYSA-N,-1.3427858227430989,-1.3427858227430989,1,-1.420219882948197,-1.420219882948197,-1.3427858227430989,-1.3427858227430989,False,1,1,False,-2.7593125417670366,2.0389244389701053,-1.8379847534482787,0.9158448462242054,1.0
CRNIHJHMEQZAAS-UHFFFAOYSA-N,1.5106202002987317,1.5106202002987317,2,1.510167453999678,1.510167453999678,1.5106202002987317,1.5106202002987317,True,2,2,False,0.1562211549749653,0.8775947309896613,4.195530955353122,0.13078515641250096,0.01659322479356803
CRPUJAZIXJMDBK-UHFFFAOYSA-N,-1.0299430317717975,-1.0299430317717975,2,-1.069608321324985,-1.069608321324985,-1.0299430317717975,-1.0299430317717975,True,2,2,False,-0.8262576663085625,0.9638346123868675,-0.011622528254010875,0.28160374403256666,0.49242192954871167
CRQQGFGUEAVUIL-UHFFFAOYSA-N,-6.531876073974515,-6.798774366573154,4,-6.837057265758615,-6.837057265758615,-6.798774366573154,-6.798774366573154,True,3,3,False,-6.655088553300583,0.6562977178022762,-6.92103876738689,0.11653192742174548,0.24245124341024918
CRSOQBOWXPBRES-UHFFFAOYSA-N,2.57233540292745,2.5050879870691567,33,2.506079013372326,2.506079013372326,2.5,2.5,False,5,5,False,2.491705792474865,0.08244139613427783,2.5020662876852593,0.007204882411259849,0.3358655771247931
CRUILBNAQILVHZ-UHFFFAOYSA-N,-5.39459892409861,-5.39459892409861,1,-5.396495442999887,-5.396495442999887,-5.39459892409861,-5.39459892409861,False,1,1,False,-5.56232017817566,1.0605269289471333,-5.446149450710735,0.28221429919663615,1.0
CSCPPACGZOOCGX-UHFFFAOYSA-N,-3.776034318042049,-3.8062486709703287,87,-3.8081451898716057,-3.8081451898716057,-3.85,-3.85,True,5,5,False,-3.895412912245735,0.07202372547802068,-3.8467444552683707,0.007775596619626434,0.011607854900801195
CSHWQDPOILHKBI-UHFFFAOYSA-N,-1.8104747026464876,-1.8104747026464876,2,-1.850139992199675,-1.850139992199675,-1.8104747026464876,-1.8104747026464876,True,2,2,False,-4.338557359283732,0.9638346123868675,-5.21565569930149,0.2822338786659393,0.11931000077103043
CSPPKDPQLUUTND-UHFFFAOYSA-N,-12.320694194903297,-12.320694194903297,1,-12.398128255108395,-12.398128255108395,-12.320694194903297,-12.320694194903297,False,1,1,False,-11.309063606929216,2.0389244389701053,-12.350790138737448,0.9270925482240523,1.0
CTAPFRYPJLPFDF-UHFFFAOYSA-N,-4.084692368524275,-4.084692368524275,1,-4.086588887425552,-4.086588887425552,-4.084692368524275,-4.084692368524275,False,1,1,False,-4.330799652936954,1.0605269289471333,-4.141415805460089,0.28220860214719323,1.0
CTISQZXTUUHJNC-UHFFFAOYSA-N,-3.689022866107138,-3.689022866107138,1,-3.690919385008415,-3.690919385008415,-3.689022866107138,-3.689022866107138,False,1,1,False,-3.9588073826760866,1.0605269289471333,-3.7473088144681173,0.28221058111445724,1.0
CTJBHIROCMPUKL-UHFFFAOYSA-N,-7.289905655572976,-7.289905655572976,2,-7.3295709451261635,-7.3295709451261635,-7.289905655572976,-7.289905655572976,True,2,2,False,-11.12922814790036,0.9638346123868675,-13.311576009884158,0.28348781472753315,0.038787987382785334
CTMHWPIWNRWQEG-UHFFFAOYSA-N,0.6215402109580578,0.6684809493818857,12,0.6692160611854684,0.6692160611854684,0.6696080305927342,0.6696080305927342,False,5,5,False,0.6430337282760673,0.13253498637684788,0.6685836726887858,0.013774024025429377,1.0
CTQNGGLPUBDAKN-UHFFFAOYSA-N,-0.8285422908803908,-0.9,56,-0.9,-0.9,-0.9,-0.9,True,5,5,False,-0.930088774860077,0.0818970685174701,-0.9005859217061509,0.007375617827316483,0.09139486754722523
CTSLUCNDVMMDHG-UHFFFAOYSA-N,-11.294228885380557,-11.294228885380557,2,-11.333894174933745,-11.333894174933745,-11.294228885380557,-11.294228885380557,False,2,2,False,-11.37218905092151,0.9638346123868675,-11.452460444483313,0.2702832801308634,1.0
CTSPDTAOARRHCM-UHFFFAOYSA-N,-9.648747623838496,-9.648747623838496,1,-9.650644142739772,-9.650644142739772,-9.648747623838496,-9.648747623838496,False,1,1,False,-9.561896650903613,1.0605269289471333,-9.683476027923321,0.28236285957753254,1.0
CUAUDSWILJWDOD-UHFFFAOYSA-N,-5.679981069507155,-5.707019358765224,10,-5.706028332462054,-5.706028332462054,-5.707019358765224,-5.707019358765224,False,1,1,False,-5.871986214541494,0.49110637529608514,-5.745297606051909,0.05053507603611884,0.24214056255021382
CUGLICQCTXWQNF-UHFFFAOYSA-N,-2.573300259070657,-2.573300259070657,2,-2.6129655486238446,-2.6129655486238446,-2.573300259070657,-2.573300259070657,False,2,2,False,-3.052171290433086,0.9638346123868675,-2.7215954973314584,0.27036560135108717,1.0
CURLTUGMZLYLDI-UHFFFAOYSA-N,0.17214664872641824,0.1625708310972615,15,0.16067431219598455,0.16067431219598455,0.1625708310972615,0.1625708310972615,False,2,2,False,-0.06681471929198889,0.30309468126739986,0.11199207848761432,0.053807426665494075,0.8301018144672694
CUZKCNWZBXLAJX-UHFFFAOYSA-N,-7.238375817307314,-7.238375817307314,1,-7.240272336208591,-7.240272336208591,-7.238375817307314,-7.238375817307314,False,1,1,False,-7.295763741981472,1.0605269289471333,-7.2826418501624,0.2822542203232841,1.0
CVNOWLNNPYYEOH-UHFFFAOYSA-N,-10.175228257959295,-10.177104317155305,10,-10.17629036632717,-10.17629036632717,-10.172237093690248,-10.172237093690248,False,4,4,False,-10.18063699588175,0.1337423706974155,-10.172826035000053,0.013798120410629649,1.0
CVQODEWAPZVVBU-UHFFFAOYSA-N,-6.999778316450473,-6.999778316450473,1,-7.00167483535175,-7.00167483535175,-6.999778316450473,-6.999778316450473,False,1,1,False,-7.071444138170478,1.0605269289471333,-7.044987401823788,0.2822469503377971,1.0
CVRALZAYCYJELZ-UHFFFAOYSA-N,-5.570811792777749,-5.414084990413016,5,-5.415981509314293,-5.415981509314293,-5.414084990413016,-5.414084990413016,True,2,2,False,-5.674709414287767,0.5282086176564232,-5.447033726952703,0.1409485447022606,0.8971247230404469
CVUGPAFCQJIYDT-UHFFFAOYSA-N,-3.970247022324453,-3.970247022324453,2,-4.00991231187764,-4.00991231187764,-3.970247022324453,-3.970247022324453,True,2,2,False,-4.837534803120873,0.9638346123868675,-4.7688673933893755,0.27557359540206494,0.9224658018120189
CVXBEEMKQHEXEN-UHFFFAOYSA-N,-7.858205406008091,-9.208028943931634,4,-9.20848169023069,-9.20848169023069,-9.208028943931634,-9.208028943931634,True,3,3,False,-8.988309808535034,0.6562977178022762,-9.236402863741645,0.11019543821774593,0.17334441521344135
CVYZVNVPQRKDLW-UHFFFAOYSA-N,-4.599372069369959,-4.601406607915933,3,-4.6033031268172095,-4.6033031268172095,-4.601406607915933,-4.601406607915933,False,1,1,False,-4.825807882374098,0.624886973339966,-4.65481740893771,0.1662194191331171,1.0
CWJSHJJYOPWUGX-UHFFFAOYSA-N,-8.195104606846334,-8.19686034894184,3,-8.199045053679693,-8.199045053679693,-8.19686034894184,-8.19686034894184,False,2,2,False,-8.387053968204112,0.7231280539469104,-8.259215199840357,0.19543886753593018,1.0
CWRYPZZKDGJXCA-UHFFFAOYSA-N,-3.0620279652578355,-3.0343571269603955,23,-3.0362536458616725,-3.0362536458616725,-3.15,-3.15,False,4,4,False,-3.2156745668951063,0.1279994377766665,-3.15554266075729,0.017955587725894746,0.22343144605066298
CXBDYQVECUFKRK-UHFFFAOYSA-N,-1.5343016930822775,-1.5532664460237575,7,-1.5542503661363196,-1.5542503661363196,-1.5532664460237575,-1.5532664460237575,False,3,3,False,-1.8178875388714473,0.4765813104286051,-1.566556570055886,0.07717746898123437,1.0
CXBMCYHAMVGWJQ-UHFFFAOYSA-N,-7.501474209122526,-7.501474209122526,2,-7.541139498675714,-7.541139498675714,-7.501474209122526,-7.501474209122526,True,2,2,False,-8.395248390939381,0.9638346123868675,-8.605397655215095,0.27968650330768696,0.6894064525760619
CXKCZFDUOYMOOP-UHFFFAOYSA-N,-7.470096061995165,-7.470096061995165,1,-7.547530122200263,-7.547530122200263,-7.470096061995165,-7.470096061995165,False,1,1,False,-7.531348841275332,2.0389244389701053,-7.710199345640581,0.9166849578002931,1.0
CXKIGWXPPVZSQK-UHFFFAOYSA-N,-2.518827344540213,-2.518827344540213,2,-2.5584926340934,-2.5584926340934,-2.518827344540213,-2.518827344540213,False,2,2,False,-3.014593553595703,0.9638346123868675,-2.6869055711767182,0.27028743639957015,1.0
CXOWYJMDMMMMJO-UHFFFAOYSA-N,2.9172590713236364,2.878560822848528,13,2.877518197123275,2.877518197123275,2.88,2.88,False,4,4,False,2.785841695059493,0.20730622856841588,2.8759609034496836,0.025258401578051665,1.0
CXOYNJAHPUASHN-UHFFFAOYSA-N,-3.000630123739646,-3.000630123739646,2,-3.0402954132928337,-3.0402954132928337,-3.000630123739646,-3.000630123739646,True,2,2,False,-3.9213383025639175,0.9638346123868675,-3.811662198270292,0.2754759855425217,0.914106925530657
CXQSCYIVCSCSES-UHFFFAOYSA-N,0.6837635769455092,0.0409274050641971,7,0.041918431367366484,0.041918431367366484,0.0406309751434034,0.0406309751434034,True,4,4,False,0.08488889272563574,0.18409439473314054,0.049338321638209476,0.01641939940708012,0.005336169681514484
CXWXQJXEFPUFDZ-UHFFFAOYSA-N,-0.5700599194891681,-1.5234691034246872,3,-1.5253656223259642,-1.5253656223259642,-1.5234691034246872,-1.5234691034246872,True,2,2,False,-1.6835398334306508,0.7231280539469104,-1.6300430937206816,0.20068149839052607,0.45286429066757483
CXXRQFOKRZJAJA-UHFFFAOYSA-N,-2.6014240740730874,-2.6014240740730874,2,-2.6033205929743644,-2.6033205929743644,-2.6014240740730874,-2.6014240740730874,True,1,1,False,-2.886615559688021,0.7613827475557001,-2.6681084127695915,0.23570314429237743,0.8830112261624105
CYEKUDPFXBLGHH-UHFFFAOYSA-N,-6.563102128473056,-6.563102128473056,1,-6.640536188678154,-6.640536188678154,-6.563102128473056,-6.563102128473056,False,1,1,False,-6.824969075081276,2.0389244389701053,-6.841216617125467,0.9157325495212432,1.0
CYNYIHKIEHGYOZ-UHFFFAOYSA-N,-0.5310854407023975,-0.56,16,-0.56,-0.56,-0.56,-0.56,True,5,5,False,-0.588599283472067,0.1245057767889037,-0.5681882089950876,0.012655245424729874,0.06754336492658494
CYRMSUTZVYGINF-UHFFFAOYSA-N,0.7659610783188351,0.82,49,0.82,0.82,0.82,0.82,True,5,5,False,0.6897510522523821,0.152334648606823,0.8207497105904589,0.015810783765780528,0.17397867697753247
CYTYCFOTNPOANT-UHFFFAOYSA-N,0.8498343440475009,-0.1065422195961057,89,-0.10843873849738266,-0.10843873849738266,0.0549713193116634,0.0549713193116634,True,5,5,False,0.41202300169908657,0.09033455078921872,0.04412563196987462,0.0128241497822478,0.005810950129181254
CYWROHZCELEGSE-UHFFFAOYSA-N,3.381107412142228,3.381107412142228,1,3.379210893240951,3.379210893240951,3.381107412142228,3.381107412142228,False,1,1,False,2.6882397037919286,1.0605269289471333,3.2948310252327233,0.2825366443748865,1.0
CYXIKYKBLDZZNW-UHFFFAOYSA-N,0.06499426386233267,0.06,5,0.06,0.06,0.06,0.06,False,2,2,False,0.05751362740464169,0.13071912761777413,0.06324563598373815,0.013069550992583905,0.9344251675365264
CZDYPVPMEAXLPK-UHFFFAOYSA-N,3.0503716440793753,3.053154528337617,3,3.043261469408486,3.043261469408486,3.053154528337617,3.053154528337617,False,3,3,False,2.4764589385789924,0.8204025530984671,3.0216630698146214,0.11781320979245255,1.0
CZGCEKJOLUNIFY-UHFFFAOYSA-N,-3.934865716353601,-3.615254114004076,6,-3.61570686030313,-3.61570686030313,-3.615254114004076,-3.615254114004076,True,3,3,False,-4.298548715555532,0.5643098149161387,-3.632092914465773,0.07263062515414449,0.19509044365258932
CZHLPWNZCJEPJB-UHFFFAOYSA-N,4.37461550488051,4.37461550488051,1,4.37560653118368,4.37560653118368,4.37461550488051,4.37461550488051,False,1,1,False,3.163146399062515,1.4704237627620684,4.364255361074697,0.13061461579402753,1.0
CZZYITDELCSZES-UHFFFAOYSA-N,-2.8809634883173607,-2.8154875717017207,5,-2.8154875717017207,-2.8154875717017207,-2.8154875717017207,-2.8154875717017207,False,4,4,False,-2.881035333315797,0.2366147163351637,-2.8196453046209125,0.02749158660363528,0.9643825412596565
DBULLUBYDONGLT-UHFFFAOYSA-N,3.544817032399017,3.544817032399017,1,3.54292051349774,3.54292051349774,3.544817032399017,3.544817032399017,False,1,1,False,2.8421527876430677,1.0605269289471333,3.4578895396655,0.28255077266089107,1.0
DCAYPVUWAIABOU-UHFFFAOYSA-N,3.0049365019720864,3.0049365019720864,2,2.965271212418899,2.965271212418899,3.0049365019720864,3.0049365019720864,True,2,2,False,1.5398871162935233,0.9638346123868675,1.7712972496862662,0.277719172998547,0.6217901793209613
DCKVNWZUADLDEH-UHFFFAOYSA-N,-2.3892919775812578,-2.387431962078163,7,-2.386440935774994,-2.386440935774994,-2.387431962078163,-2.387431962078163,False,3,3,False,-2.66821188257891,0.5014966267737644,-2.4080396087920812,0.06837831801354181,1.0
DCMURXAZTZQAFB-UHFFFAOYSA-N,-2.4172338718096182,-2.635856260664135,8,-2.637752779565412,-2.637752779565412,-2.635856260664135,-2.635856260664135,True,2,2,False,-2.7325642848719442,0.4051574369535378,-2.619177880552041,0.11767542360941914,0.576271337294829
DCOPUUMXTXDBNB-UHFFFAOYSA-N,-3.173793724323242,-3.173793724323242,1,-3.25122778452834,-3.25122778452834,-3.173793724323242,-3.173793724323242,False,1,1,False,-4.18532751895114,2.0389244389701053,-3.592756657795676,0.9147276684998914,1.0
DCPXXVXZJCAQDR-UHFFFAOYSA-N,-4.475173838425784,-4.475173838425784,1,-4.477070357327061,-4.477070357327061,-4.475173838425784,-4.475173838425784,False,1,1,False,-4.697914347387995,1.0605269289471333,-4.530355288385518,0.2822083320939839,1.0
DCTOHCCUXLBQMS-UHFFFAOYSA-N,3.914481327528885,3.914481327528885,1,3.8370472673237868,3.8370472673237868,3.914481327528885,3.914481327528885,False,1,1,False,1.3351218344451266,2.0389244389701053,3.1933276771033676,0.9259366099233304,1.0
DCUJJWWUNKIJPH-UHFFFAOYSA-N,-4.176471223143329,-4.176471223143329,2,-4.216136512696517,-4.216136512696517,-4.176471223143329,-4.176471223143329,False,2,2,False,-4.549560100307272,0.9638346123868675,-4.282228450793611,0.27047831004793893,1.0
DDBMQDADIHOWIC-UHFFFAOYSA-N,-11.110827167106201,-11.110827167106201,2,-11.15049245665939,-11.15049245665939,-11.110827167106201,-11.110827167106201,True,2,2,False,-9.40784927718542,0.9638346123868675,-8.360563148619713,0.28149144000319043,0.1357616293082426
DDHYKPKLOQESMN-UHFFFAOYSA-N,-2.879881025157278,-2.879881025157278,1,-2.881777544058555,-2.881777544058555,-2.879881025157278,-2.879881025157278,False,1,1,False,-3.1980853443607082,1.0605269289471333,-2.941362655695165,0.28221997395675136,1.0
DDMOUSALMHHKOS-UHFFFAOYSA-N,2.5110350748512356,2.3183556405353727,5,2.3183556405353727,2.3183556405353727,2.31,2.31,True,3,3,False,2.3172066532774487,0.1853295386889642,2.3146836069394565,0.016331855430319148,0.8445965920200403
DDUIUBPJPOKOMV-UHFFFAOYSA-N,-11.033547728295408,-10.66334952281286,3,-10.740783583017958,-10.740783583017958,-10.66334952281286,-10.66334952281286,True,3,3,False,-11.025950534246784,0.8204025530984671,-11.790297044761248,0.1310015439131099,0.28395204831861603
DDVNRFNDOPPVQJ-UHFFFAOYSA-N,-3.98557318918351,-3.98557318918351,1,-3.9874697080847867,-3.9874697080847867,-3.98557318918351,-3.98557318918351,False,1,1,False,-4.237611857759115,1.0605269289471333,-4.04268804517853,0.28220893674422726,1.0
DEDOPGXGGQYYMW-UHFFFAOYSA-N,-5.192255936707783,-5.091645544744802,5,-5.093542063646079,-5.093542063646079,-5.091645544744802,-5.091645544744802,False,2,2,False,-5.361497980766319,0.5282086176564232,-5.146989009038792,0.14058744908093762,1.0
DEDZSLCZHWTGOR-UHFFFAOYSA-N,6.456866939324683,6.456866939324683,1,6.379432879119585,6.379432879119585,6.456866939324683,6.456866939324683,False,1,1,False,3.3151678828916786,2.0389244389701053,5.6188399377616385,0.9350374514922224,1.0
DENRZWYUOJLTMF-UHFFFAOYSA-N,-4.637013853182343,-4.637013853182343,1,-4.63891037208362,-4.63891037208362,-4.637013853182343,-4.637013853182343,False,1,1,False,-4.8500697046762475,1.0605269289471333,-4.6915562047133905,0.2822087102088383,1.0
DEWLEGDTCGBNGU-UHFFFAOYSA-N,-5.697776306955275,-5.697776306955275,2,-5.6982290532543285,-5.6982290532543285,-5.697776306955275,-5.697776306955275,False,2,2,False,-5.876244316094469,0.8775947309896613,-5.68889204261292,0.1189808297166686,1.0
DFBKLUNHFCTMDC-JDHFEGHMSA-N,-4.920563742326473,-4.904369716649348,5,-4.906266235550625,-4.906266235550625,-4.904369716649348,-4.904369716649348,False,2,2,False,-5.174645420511814,0.5282086176564232,-4.977135517764652,0.1399196299854315,1.0
DFCAFRGABIXSDS-UHFFFAOYSA-N,-4.883237583817146,-4.883237583817146,2,-4.922902873370333,-4.922902873370333,-4.883237583817146,-4.883237583817146,False,2,2,False,-5.188048570929087,0.9638346123868675,-4.9400424196672175,0.27074039870082184,1.0
DFOXKPDFWGNLJU-UHFFFAOYSA-N,-4.092740506419708,-4.092740506419708,1,-4.094637025320985,-4.094637025320985,-4.092740506419708,-4.092740506419708,False,1,1,False,-4.338366182752381,1.0605269289471333,-4.1494321615830625,0.2822085797075774,1.0
DFRHTHSZMBROSH-UHFFFAOYSA-N,-2.5635847288913425,-2.5635847288913425,2,-2.6018062458423064,-2.6018062458423064,-2.5635847288913425,-2.5635847288913425,False,2,2,False,-3.1406675556490096,1.240496292418691,-2.634110801269335,0.12936334712791536,1.0
DGEMPTLPTFNEHJ-UHFFFAOYSA-N,3.517532095689552,3.517532095689552,1,3.515635576788275,3.515635576788275,3.517532095689552,3.517532095689552,False,1,1,False,2.816500607001211,1.0605269289471333,3.430713134213195,0.2825483970244003,1.0
DGFBULNMARLFTH-UHFFFAOYSA-N,-4.282365988963087,-4.282365988963087,1,-4.284262507864364,-4.284262507864364,-4.282365988963087,-4.282365988963087,False,1,1,False,-4.516644299513216,1.0605269289471333,-4.338308824005494,0.2822082564951247,1.0
DGLIBALSRMUQDD-UHFFFAOYSA-N,-5.572380745636596,-5.572380745636596,1,-5.649814805841694,-5.649814805841694,-5.572380745636596,-5.572380745636596,False,1,1,False,-6.053381181374145,2.0389244389701053,-5.891788743578572,0.9150254397795511,1.0
DGTNSSLYPYDJGL-UHFFFAOYSA-N,2.932341124270126,2.932341124270126,1,2.854907064065028,2.854907064065028,2.932341124270126,2.932341124270126,False,1,1,False,0.5702170853542188,2.0389244389701053,2.2546718832342365,0.9232165953320812,1.0
DHKHKXVYLBGOIT-UHFFFAOYSA-N,-3.2803040195252566,-3.2739769968447137,6,-3.274378585086042,-3.274378585086042,-3.272189292543021,-3.272189292543021,False,4,4,False,-3.283197633653239,0.15074572181786372,-3.272437162118173,0.014131548380466031,1.0
DHLVZXZRIZBPKG-UHFFFAOYSA-N,-2.734317594925799,-2.734317594925799,1,-2.811751655130897,-2.811751655130897,-2.734317594925799,-2.734317594925799,False,1,1,False,-3.843057263265833,2.0389244389701053,-3.1715323042182493,0.9148890123686351,1.0
DHWRNDJOGMTCPB-UHFFFAOYSA-N,-8.164520362130936,-8.164520362130936,1,-8.241954422336034,-8.241954422336034,-8.164520362130936,-8.164520362130936,False,1,1,False,-8.072176355815063,2.0389244389701053,-8.375338769659592,0.9176151631503853,1.0
DHXVGJBLRPWPCS-UHFFFAOYSA-N,-3.1236891819223747,-3.124125253233711,16,-3.1231342269305418,-3.1231342269305418,-3.12,-3.12,False,5,5,False,-3.141554620000754,0.1161503718837375,-3.1221059515173497,0.012266271056328415,1.0
DIBSAOKDLIIVIB-UHFFFAOYSA-O,1.9168837873707192,1.9168837873707192,2,1.8772184978175317,1.8772184978175317,1.9168837873707192,1.9168837873707192,True,2,2,False,-1.597996449162907,0.9638346123868675,-2.844754898436841,0.28201074717591584,0.062320385749735384
DIBYIHMYEPMGKC-UHFFFAOYSA-N,-1.902127025287125,-1.902127025287125,1,-1.979561085492223,-1.979561085492223,-1.902127025287125,-1.902127025287125,False,1,1,False,-3.1949354200165527,2.0389244389701053,-2.373973848043825,0.9153788856225881,1.0
DIKBFYAXUHHXCS-UHFFFAOYSA-N,-2.0630798695643033,-2.1282250633382485,32,-2.127234037035079,-2.127234037035079,-2.0,-2.0,False,5,5,False,-2.1195664959146194,0.1133122738187249,-2.0374184593811377,0.01660341585424939,0.3977300222912582
DIOQZVSQGTUSAI-UHFFFAOYSA-N,3.2319839414588283,3.1672728847559837,12,3.16682013845693,3.16682013845693,3.16,3.16,False,4,4,False,3.0825861301631643,0.2111332713614098,3.1597817076489774,0.02531953998291138,1.0
DIQMPQMYFZXDAX-UHFFFAOYSA-N,-1.7189510126962777,-1.7189510126962777,2,-1.7208475315975547,-1.7208475315975547,-1.7189510126962777,-1.7189510126962777,False,1,1,False,-2.0313608909543435,0.7613827475557001,-1.7798460826057751,0.19975537357521844,1.0
DIRFUJHNVNOBMY-UHFFFAOYSA-N,-8.338430536131437,-8.338430536131437,2,-8.378095825684625,-8.378095825684625,-8.338430536131437,-8.338430536131437,True,2,2,False,-8.083942358420556,0.9638346123868675,-7.800885195237457,0.2764727670301164,0.7896419958200758
DJEUXBQAKBLKPO-UHFFFAOYSA-N,-2.1749763923817707,-2.1749763923817707,1,-2.2524104525868687,-2.2524104525868687,-2.1749763923817707,-2.1749763923817707,False,1,1,False,-3.407434385016315,2.0389244389701053,-2.6354558096982945,0.9151915810943051,1.0
DJHHDLMTUOLVHY-UHFFFAOYSA-N,-2.3638349895208313,-3.844348833062973,5,-3.84624535196425,-3.84624535196425,-3.844348833062973,-3.844348833062973,True,3,3,False,-3.267648531461338,0.5627608353377608,-4.136548713588505,0.16619701864627667,0.0015288924699391048
DJYSEQMMCZAKGT-UHFFFAOYSA-N,3.3674649437874953,3.3674649437874953,1,3.3655684248862183,3.3655684248862183,3.3674649437874953,3.3674649437874953,False,1,1,False,2.6754136134709996,1.0605269289471333,3.2812428069021604,0.28253548061279177,1.0
DKEGCUDAFWNSSO-UHFFFAOYSA-N,-1.2736284143978025,-1.0911002789752977,3,-1.1685343391803957,-1.1685343391803957,-1.0911002789752977,-1.0911002789752977,True,3,3,False,-1.9489204362476331,0.8204025530984671,-0.7363956588905971,0.1306630385645558,0.21521406300176216
DKGAVHZHDRPRBM-UHFFFAOYSA-N,-4.493173713095967,-4.488906918785421,31,-4.5,-4.5,-4.51,-4.51,False,5,5,False,-4.531547399997239,0.09058814603688423,-4.511029636264312,0.00833834085837654,0.5709775921946622
DKHJWWRYTONYHB-UHFFFAOYSA-N,-9.910844958473968,-9.910844958473968,1,-9.912741477375246,-9.912741477375246,-9.910844958473968,-9.910844958473968,False,1,1,False,-9.808309836516244,1.0605269289471333,-9.944534778325554,0.2823785463494055,1.0
DKMROQRQHGEIOW-UHFFFAOYSA-N,-6.366587649170305,-6.366587649170305,1,-6.368484168071582,-6.368484168071582,-6.366587649170305,-6.366587649170305,False,1,1,False,-6.476144191142411,1.0605269289471333,-6.414298767094009,0.2822306913410942,1.0
DKPFZGUDAPQIHT-UHFFFAOYSA-N,-2.2785254263754506,-2.5791186349937503,29,-2.6,-2.6,-2.550095602294455,-2.550095602294455,True,5,5,False,-2.563199511666835,0.10117121370158633,-2.5623499710354625,0.010450814042561632,0.003621752582301511
DKYWVDODHFEZIM-UHFFFAOYSA-N,-7.656445819008664,-7.656445819008664,1,-7.733879879213762,-7.733879879213762,-7.656445819008664,-7.656445819008664,False,1,1,False,-7.676480680557151,2.0389244389701053,-7.888707752630498,0.9169172982394482,1.0
DLEGDLSLRSOURQ-UHFFFAOYSA-N,-0.1191061708868309,-0.12,4,-0.12,-0.12,-0.12,-0.12,False,3,3,False,-0.12751814455560598,0.18948341849391057,-0.11396402346697376,0.01637904267242127,1.0
DLFVBJFMPXGRIB-UHFFFAOYSA-N,-9.781301005789548,-9.71,27,-9.71,-9.71,-9.710803059273422,-9.710803059273422,True,5,5,False,-9.859261281017666,0.07764168899082897,-9.714948853510975,0.00736384564603292,0.001046364732535002
DLKQHBOKULLWDQ-UHFFFAOYSA-N,-2.6336129905810153,-2.6329963924633457,5,-2.6348929113646227,-2.6348929113646227,-2.6329963924633457,-2.6329963924633457,False,3,3,False,-2.9389986694233032,0.6051215941283965,-2.649121808612305,0.08361425332371715,1.0
DLRJIFUOBPOJNS-UHFFFAOYSA-N,-2.4537183973522216,-2.2237223418213747,11,-2.2227313155182054,-2.2227313155182054,-2.22,-2.22,True,5,5,False,-2.5509043870136416,0.15624368371966696,-2.2254201539063754,0.01893757141995241,0.0011833483917486525
DMBHHRLKUKUOEG-UHFFFAOYSA-N,-5.083459916153244,-5.165619721564908,3,-5.167516240466185,-5.167516240466185,-5.165619721564908,-5.165619721564908,False,3,3,False,-5.446646325942029,0.8204025530984671,-5.346354735044634,0.11856451346249489,1.0
DMEGYFMYUHOHGS-UHFFFAOYSA-N,0.7962351089635289,0.7914835891849106,10,0.7922541908776464,0.7922541908776464,0.7961281070745697,0.7961281070745697,False,5,5,False,0.7629708260995302,0.1554038966300566,0.7962306520827563,0.015985201919964914,1.0
DMKNOEJJJSHSML-UHFFFAOYSA-N,4.358508128005917,4.358508128005917,1,4.359499154309086,4.359499154309086,4.358508128005917,4.358508128005917,False,1,1,False,3.148891976877746,1.4704237627620684,4.348161627102373,0.1306144612141147,1.0
DMLAVOWQYNRWNQ-BUHFOSPRSA-N,-3.5766744356230067,-3.5766744356230067,2,-3.616339725176194,-3.616339725176194,-3.5766744356230067,-3.5766744356230067,True,2,2,False,-4.486409716712556,0.9638346123868675,-4.412549862269951,0.27590479853788463,0.8932428091027544
DMYHGDXADUDKCQ-UHFFFAOYSA-N,-7.373061968769543,-7.373061968769543,2,-7.41272725832273,-7.41272725832273,-7.373061968769543,-7.373061968769543,True,2,2,False,-7.8306843284123895,0.9638346123868675,-7.802848781974619,0.27165462248744326,1.0
DNIAPMSPPWPWGF-UHFFFAOYSA-N,-8.57317099877686,-8.57317099877686,1,-8.650605058981958,-8.650605058981958,-8.57317099877686,-8.57317099877686,False,1,1,False,-8.390439279634236,2.0389244389701053,-8.766666441147942,0.9182456221025955,1.0
DNJIEGIFACGWOD-UHFFFAOYSA-N,-1.0380877780691349,-1.2939429370929767,27,-1.2954110898661566,-1.2954110898661566,-1.3,-1.3,True,5,5,False,-1.2640043368497236,0.08677870401940575,-1.2935911557932482,0.008048981702768057,0.013016004988824638
DNJRKFKAFWSXSE-UHFFFAOYSA-N,-1.6621032517290073,-1.6621032517290073,2,-1.6639997706302843,-1.6639997706302843,-1.6621032517290073,-1.6621032517290073,True,1,1,False,-1.97626650325886,0.7613827475557001,-2.5716734714624088,0.28105120356338803,0.12375281044994306
DNNSSWSSYDEUBZ-UHFFFAOYSA-N,1.6614739849870437,1.6566513521628667,4,1.6576423784660361,1.6576423784660361,1.6566513521628667,1.6566513521628667,False,1,1,False,1.263420996184648,0.7691402364010834,1.6572250209649255,0.06536329005171443,1.0
DOFZAZXDOSGAJZ-UHFFFAOYSA-N,-5.409015594521905,-5.5232247372508745,3,-5.525121256152151,-5.525121256152151,-5.5232247372508745,-5.5232247372508745,False,2,2,False,-5.757223308880557,0.7231280539469104,-5.579351663317885,0.19533972678504546,1.0
DOGIHOCMZJUJNR-UHFFFAOYSA-N,3.563173757101623,3.562888185464194,5,3.5607626680996014,3.5607626680996014,3.562888185464194,3.562888185464194,False,2,2,False,3.1784861939537135,0.5282086176564232,3.4925720931792585,0.13980237981530624,1.0
DOIRQSBPFJWKBE-UHFFFAOYSA-N,-4.831563183800832,-5.593767102703187,3,-5.595663621604464,-5.595663621604464,-5.593767102703187,-5.593767102703187,True,2,2,False,-5.634093305219879,0.7231280539469104,-5.601013985627706,0.19792068598948329,0.6796424478725295
DOLQYFPDPKPQSS-UHFFFAOYSA-N,-5.572983130717828,-5.620696962149733,7,-5.621282998944685,-5.621282998944685,-5.620696962149733,-5.620696962149733,False,3,3,False,-5.859405454099866,0.4765813104286051,-5.644610818890421,0.07728267587714628,1.0
DOOTYTYQINUNNV-UHFFFAOYSA-N,-9.282637144019878,-9.282637144019878,1,-9.284533662921156,-9.284533662921156,-9.282637144019878,-9.282637144019878,False,1,1,False,-9.217694563752493,1.0605269289471333,-9.318815731740436,0.28234222274262966,1.0
DOWJXOHBNXRUOD-UHFFFAOYSA-N,-3.6773303442373333,-3.6773303442373333,2,-3.6792268631386102,-3.6792268631386102,-3.6773303442373333,-3.6773303442373333,False,1,1,False,-3.929337316250402,0.7613827475557001,-3.7343506700121325,0.19974910501134147,1.0
DOYJTLUPPPUSMD-UHFFFAOYSA-N,3.544817032399017,3.544817032399017,1,3.54292051349774,3.54292051349774,3.544817032399017,3.544817032399017,False,1,1,False,2.8421527876430677,1.0605269289471333,3.4578895396655,0.28255077266089107,1.0
DPBLXKKOBLCELK-UHFFFAOYSA-N,-3.726858457966761,-4.092740506419708,23,-4.0941026682874195,-4.0941026682874195,-4.1,-4.1,True,5,5,False,-4.0782527643005135,0.108337335454878,-4.097259044038256,0.009808126473753514,0.001378447322134024
DPCILIMHENXHQX-UHFFFAOYSA-N,-4.395613457299935,-4.395315487571701,8,-4.395885843930751,-4.395885843930751,-4.395315487571701,-4.395315487571701,False,4,4,False,-4.4052235814318195,0.14004370464189417,-4.396358519678572,0.01258679907764073,1.0
DPJCXCZTLWNFOH-UHFFFAOYSA-N,-7.391000709194375,-7.380575379910208,8,-7.379584353607038,-7.379584353607038,-7.37,-7.37,False,4,4,False,-7.435901586496083,0.22636288206411326,-7.376726129674428,0.026309777343995137,0.9659069588298776
DQFPEYARZIQXRM-UHFFFAOYSA-N,-10.729860454768067,-10.729860454768067,1,-10.731756973669345,-10.731756973669345,-10.729860454768067,-10.729860454768067,False,1,1,False,-10.57831468142864,1.0605269289471333,-10.760302487036927,0.2824324853822544,1.0
DQIHOZJLTDMMSG-UHFFFAOYSA-N,-14.296856968140988,-14.296856968140988,1,-14.374291028346086,-14.374291028346086,-14.296856968140988,-14.296856968140988,False,1,1,False,-12.848127261192356,2.0389244389701053,-14.235942866562821,0.9342489948446966,1.0
DQJCHOQLCLEDLL-UHFFFAOYSA-N,-12.13530317029425,-12.13605603730153,3,-12.141718408197345,-12.141718408197345,-12.13605603730153,-12.13605603730153,False,2,2,False,-12.218128269535198,0.7231280539469104,-12.192580979255219,0.19543326573496173,1.0
DQKWXTIYGWPGOO-UHFFFAOYSA-N,-3.8982925425917117,-3.8982925425917117,2,-3.9379578321448987,-3.9379578321448987,-3.8982925425917117,-3.8982925425917117,False,2,2,False,-4.291387418416055,0.9638346123868675,-4.013729642273116,0.2704438654089209,1.0
DQOHPSPKVODKLV-UHFFFAOYSA-N,4.565631744654459,4.565631744654459,1,4.566622770957628,4.566622770957628,4.565631744654459,4.565631744654459,False,1,1,False,3.332188580609759,1.4704237627620684,4.555109803192268,0.13061647071209842,1.0
DQQNMIPXXNPGCV-UHFFFAOYSA-N,0.256982158908517,0.256982158908517,1,0.25508564000724004,0.25508564000724004,0.256982158908517,0.256982158908517,False,1,1,False,-0.2489349797006371,1.0605269289471333,0.18309879786828803,0.2823244054154742,1.0
DQWPFSLDHJDLRL-UHFFFAOYSA-N,-7.655356049784994,-7.5442850001669965,9,-7.543293973863827,-7.543293973863827,-7.67,-7.67,False,4,4,False,-7.677113063830278,0.14763099699710605,-7.545022190259633,0.020360111178686958,0.07244940060181501
DQYYZAABYZAOOC-UHFFFAOYSA-N,-2.243188734155434,-2.243188734155434,1,-2.320622794360532,-2.320622794360532,-2.243188734155434,-2.243188734155434,False,1,1,False,-3.460559126266258,2.0389244389701053,-2.7008284062192423,0.9151488326535383,1.0
DRVAMLZVBNYSQE-UHFFFAOYSA-N,-2.174976392381773,-2.174976392381773,1,-2.252410452586871,-2.252410452586871,-2.174976392381773,-2.174976392381773,False,1,1,False,-3.407434385016317,2.0389244389701053,-2.6354558096982967,0.9151915810943051,1.0
DSKJPMWIHSOYEA-UHFFFAOYSA-N,-1.9384676686262075,-1.9384676686262075,2,-1.9781329581793954,-1.9781329581793954,-1.9384676686262075,-1.9384676686262075,True,2,2,False,-6.364043442859075,0.9638346123868675,-8.516415863904378,0.2826486276000437,0.03260959093020182
DSLZVSRJTYRBFB-UHFFFAOYSA-N,-14.866457873738252,-14.866457873738252,1,-14.868354392639528,-14.868354392639528,-14.866457873738252,-14.866457873738252,False,1,1,False,-14.467374251695173,1.0605269289471333,-14.880424519383961,0.28281995555178524,1.0
DSNHSQKRULAAEI-UHFFFAOYSA-N,-0.1980420348332189,-0.6957658860913505,6,-0.6962186323904043,-0.6962186323904043,-0.6957658860913505,-0.6957658860913505,True,3,3,False,-0.9002748259044763,0.5294888151993109,-0.7217920269841681,0.08100484255234741,0.4319512449809547
DSRNRYQBBJQVCW-UHFFFAOYSA-N,-6.399135029299759,-8.351186562251977,3,-8.353083081153255,-8.353083081153255,-8.351186562251977,-8.351186562251977,True,2,2,False,-8.013366161641846,0.7231280539469104,-8.439300039250352,0.2009104698723659,0.1477141629668566
DSSAZLXYIQIXGW-UHFFFAOYSA-N,3.722169121010537,3.722169121010537,1,3.7202726021092603,3.7202726021092603,3.722169121010537,3.722169121010537,False,1,1,False,3.0088919618151344,1.0605269289471333,3.6345360403195905,0.28256641843848423,1.0
DSSYKIVIOFKYAU-UHFFFAOYSA-N,-4.01064055870198,-3.955452454417247,3,-4.032886514622345,-4.032886514622345,-3.955452454417247,-3.955452454417247,True,2,2,False,-4.3364373929776665,0.7231280539469104,-4.303646037343829,0.2680647051354913,0.4356188948010858
DTAPQAJKAFRNJB-UHFFFAOYSA-N,-1.2785479277730185,-1.2785479277730185,2,-1.318213217326206,-1.318213217326206,-1.2785479277730185,-1.2785479277730185,True,2,2,False,-5.479558063609738,0.9638346123868675,-7.431919177769393,0.2825269709004675,0.03729390733798025
DTCJYIIKPVRVDD-UHFFFAOYSA-N,5.914823758087191,5.914823758087191,1,5.837389697882093,5.837389697882093,5.914823758087191,5.914823758087191,False,1,1,False,2.893016949486028,2.0389244389701053,5.102325149080419,0.9328296697074763,1.0
DTGKSKDOIYIVQL-UHFFFAOYSA-N,-4.431338608906618,-4.431338608906618,1,-4.508772669111716,-4.508772669111716,-4.431338608906618,-4.431338608906618,False,1,1,False,-5.164721348081843,2.0389244389701053,-4.798131862751345,0.914635440582516,1.0
DTMRKGRREZAYAP-UHFFFAOYSA-N,-3.977125739042257,-4.622821825838539,3,-4.624718344739816,-4.624718344739816,-4.622821825838539,-4.622821825838539,True,2,2,False,-4.727450417352707,0.7231280539469104,-4.638135957225938,0.1974391617480349,0.7946956817809485
DTQVDTLACAAQTR-UHFFFAOYSA-N,-5.762609022958923,-5.676616377446919,6,-5.713850421190017,-5.713850421190017,-5.676616377446919,-5.676616377446919,True,3,3,False,-6.357136899390423,0.6070485976857052,-7.124018429904591,0.09504394081969118,0.013490722525444344
DTWJISBCMBWFNY-UHFFFAOYSA-N,4.1897658455757645,4.1897658455757645,1,4.190756871878934,4.190756871878934,4.1897658455757645,4.1897658455757645,False,1,1,False,2.9995614090945546,1.4704237627620684,4.179562263117668,0.13061285897821703,1.0
DUBNHZYBDBBJHD-UHFFFAOYSA-L,-11.05355118072071,-11.05355118072071,2,-11.093216470273898,-11.093216470273898,-11.05355118072071,-11.05355118072071,True,2,2,False,-10.655092425835647,0.9638346123868675,-10.4893153290297,0.27612008812217953,0.774096285982532
DUEPRVBVGDRKAG-UHFFFAOYSA-N,-9.327699233915867,-9.411328218349595,3,-9.413224737250871,-9.413224737250871,-9.411328218349595,-9.411328218349595,False,2,2,False,-9.543592975094839,0.7231280539469104,-9.460848904142699,0.19534910046657372,1.0
DUFVKSUJRWYZQP-UHFFFAOYSA-N,-11.115887452459717,-11.115887452459717,1,-11.117783971360993,-11.117783971360993,-11.115887452459717,-11.115887452459717,False,1,1,False,-10.94124146344257,1.0605269289471333,-11.144797353112693,0.28246049956465535,1.0
DUPUVYJQZSLSJB-UHFFFAOYSA-N,3.0673306399833837,3.0673306399833837,1,3.0654341210821068,3.0654341210821068,3.0673306399833837,3.0673306399833837,False,1,1,False,2.3932396264105793,1.0605269289471333,2.982301668542163,0.28251040648070586,1.0
DURPTKYDGMDSBL-UHFFFAOYSA-N,-0.814917864928808,-0.832190569638674,20,-0.8311995433355046,-0.8311995433355046,-0.83,-0.83,True,5,5,False,-0.8500239849978873,0.113516155970434,-0.8308886920849424,0.010446025925983267,0.03475805814629786
DVOODWOZJVJKQR-UHFFFAOYSA-N,-8.22725084993228,-8.22725084993228,1,-8.229147368833559,-8.229147368833559,-8.22725084993228,-8.22725084993228,False,1,1,False,-8.225463570103777,1.0605269289471333,-8.267606609308805,0.2822910324134248,1.0
DVVGIUUJYPYENY-UHFFFAOYSA-N,-10.021818386170104,-10.027214240728286,3,-10.026223214425116,-10.026223214425116,-10.019120458891013,-10.019120458891013,False,3,3,False,-10.01828311211773,0.21355443438430075,-10.01930723813473,0.02063193253605716,1.0
DVWSXZIHSUZZKJ-YSTUJMKBSA-N,-3.8680426118135824,-3.8680426118135824,1,-3.9454766720186805,-3.9454766720186805,-3.8680426118135824,-3.8680426118135824,False,1,1,False,-4.726018419629535,2.0389244389701053,-4.25820089223012,0.9146091426049398,1.0
DWFZBUWUXWZWKD-UHFFFAOYSA-N,-3.6785770284082977,-3.6785770284082977,2,-3.7182423179614856,-3.7182423179614856,-3.6785770284082977,-3.6785770284082977,True,2,2,False,-3.8682225143307205,0.9638346123868675,-3.489509773606277,0.27360894191366125,1.0
DWORILFBIRYUDC-UHFFFAOYSA-N,-2.1288167088921655,-2.1282250633382485,3,-2.127234037035079,-2.127234037035079,-2.13,-2.13,False,2,2,False,-2.173905627513863,0.3835756802183653,-2.130182253387979,0.027044354166666344,1.0
DWPLEOPKBWNPQV-UHFFFAOYSA-N,-6.719306834130935,-6.777024805899012,5,-6.778921324800289,-6.778921324800289,-6.777024805899012,-6.777024805899012,False,1,1,False,-6.921432570603166,0.48605923627515846,-6.781082686768724,0.1369940452212472,0.8334085095053797
DXBHBZVCASKNBY-UHFFFAOYSA-N,-5.218341166056671,-4.514799061489239,3,-4.5166955803905156,-4.5166955803905156,-4.514799061489239,-4.514799061489239,True,2,2,False,-5.013939386515212,0.7231280539469104,-4.616738718492551,0.19834395055434642,0.5401242471918297
DYONNFFVDNILGI-UHFFFAOYSA-N,-1.7259223713860432,-1.691569823255577,5,-1.6917370735718829,-1.6917370735718829,-1.691569823255577,-1.691569823255577,False,3,3,False,-2.0114391677022883,0.6587582188186082,-1.7419214467639277,0.08360106585695433,0.3644461660252413
DYSUSQZPGJXVAL-UHFFFAOYSA-N,-1.792987278449266,-1.792987278449266,1,-1.870421338654364,-1.870421338654364,-1.792987278449266,-1.792987278449266,False,1,1,False,-3.1099358340166474,2.0389244389701053,-2.269385140427503,0.9154611315656868,1.0
DYSXLQBUUOPLBB-UHFFFAOYSA-N,-6.703914939419317,-6.703914939419317,1,-6.781348999624415,-6.781348999624415,-6.703914939419317,-6.703914939419317,False,1,1,False,-6.9346360935662705,2.0389244389701053,-6.976143119337628,0.9158611479215729,1.0
DZJTZGHZAWTWGA-UHFFFAOYSA-N,3.8508399811888707,3.8508399811888707,2,3.8111746916356832,3.8111746916356832,3.8508399811888707,3.8508399811888707,True,2,2,False,2.748393800040889,0.9638346123868675,3.2497128054609172,0.2719443415024143,1.0
DZMDPHNGKBEVRE-UHFFFAOYSA-N,0.8560623987705718,0.2864918354493795,10,0.2874828617525489,0.2874828617525489,0.29,0.29,True,4,4,False,0.3127411418928557,0.2217597979886681,0.28896891134870567,0.02562963759552489,0.007193236738270915
FALCMQXTWHPRIH-UHFFFAOYSA-N,-0.15780328736588506,-1.0504700633143915,7,-1.051628556623224,-1.051628556623224,-1.0504700633143915,-1.0504700633143915,True,3,3,False,-0.7258963065278572,0.5014966267737644,-1.0797600905634592,0.08054078817662029,0.0025172677936184753
FAXDZWQIWUSWJH-UHFFFAOYSA-N,-6.927590822179732,-6.926386233269598,3,-6.926386233269598,-6.926386233269598,-6.926386233269598,-6.926386233269598,False,2,2,False,-6.923547656110482,0.16427102413360464,-6.927556437829614,0.01633574630598024,1.0
FBDMYJPSVPJKGZ-UHFFFAOYSA-N,-7.799056684377664,-7.799056684377664,1,-7.876490744582762,-7.876490744582762,-7.799056684377664,-7.799056684377664,False,1,1,False,-7.787548049381653,2.0389244389701053,-8.025309474158016,0.9171036374993878,1.0
FBMQNRKSAWNXBT-UHFFFAOYSA-N,-6.506056445212738,-6.506056445212738,2,-6.545721734765925,-6.545721734765925,-6.506056445212738,-6.506056445212738,True,2,2,False,-9.163775619927685,0.9638346123868675,-10.497621679685851,0.28321162450177556,0.08742753694262428
FBOGSWRRYABFKU-UHFFFAOYSA-N,-7.982137902949806,-7.982137902949806,1,-7.981146876646637,-7.981146876646637,-7.982137902949806,-7.982137902949806,False,1,1,False,-7.772115206824529,1.4704237627620684,-7.982046986332935,0.13057956938897533,1.0
FBOUIAKEJMZPQG-AWNIVKPZSA-N,-5.981448357633737,-5.981448357633737,2,-6.021113647186924,-6.021113647186924,-5.981448357633737,-5.981448357633737,True,2,2,False,-6.5823120048748445,0.9638346123868675,-6.522621825197869,0.2727467373655261,1.0
FBPFZTCFMRRESA-KVTDHHQDSA-N,-20.11013022694816,-20.11013022694816,1,-20.187564287153258,-20.187564287153258,-20.11013022694816,-20.11013022694816,False,1,1,False,-17.375587097039503,2.0389244389701053,-19.744662340354406,0.9691185644708777,1.0
FBPFZTCFMRRESA-UHFFFAOYSA-N,-20.951223545814713,-20.951223545814713,1,-21.028657606019813,-21.028657606019813,-20.951223545814713,-20.951223545814713,False,1,1,False,-18.030642527918914,2.0389244389701053,-20.53445209732441,0.976545411715086,1.0
FBQQHUGEACOBDN-UHFFFAOYSA-N,-7.522285471895191,-7.522285471895191,2,-7.561950761448378,-7.561950761448378,-7.522285471895191,-7.522285471895191,False,2,2,False,-7.700088325975226,0.9638346123868675,-7.574224076737796,0.27058016905780263,1.0
FBUKVWPVBMHYJY-UHFFFAOYSA-N,-5.900454136037682,-5.907188797599113,7,-5.906197771295943,-5.906197771295943,-5.907188797599113,-5.907188797599113,False,3,3,False,-6.106672029840048,0.5014966267737644,-5.910001824849194,0.0684227577056791,1.0
FCOAHACKGGIURQ-UHFFFAOYSA-N,-8.598753168464734,-7.9242991676837695,3,-7.9261956865850465,-7.9261956865850465,-7.9242991676837695,-7.9242991676837695,True,2,2,False,-8.318704820064086,0.7231280539469104,-8.017627696723059,0.198135024900533,0.559653026191045
FDPIMTJIUBPUKL-UHFFFAOYSA-N,-3.398636377783202,-3.41,24,-3.41,-3.41,-3.41,-3.41,False,5,5,False,-3.42290313813465,0.09055439408169143,-3.409697677062802,0.007769513595811186,1.0
FDQQNNZKEJIHMS-UHFFFAOYSA-N,0.2885408266768832,0.2885408266768832,1,0.21110676647178517,0.21110676647178517,0.2885408266768832,0.2885408266768832,False,1,1,False,-1.4888121617605485,2.0389244389701053,-0.2752865082959034,0.9178443770143936,1.0
FEIDIWDEJQVIPO-UHFFFAOYSA-N,-2.3045798417517305,-2.3045798417517305,1,-2.3820139019568285,-2.3820139019568285,-2.3045798417517305,-2.3045798417517305,False,1,1,False,-3.508371393391205,2.0389244389701053,-2.759664411887623,0.9151117509340524,1.0
FENFUOGYJVOCRY-UHFFFAOYSA-N,-4.523859797483235,-4.523859797483235,2,-4.525756316384512,-4.525756316384512,-4.523859797483235,-4.523859797483235,True,1,1,False,-4.749756996800835,0.7613827475557001,-4.57827815673463,0.23892805124744917,0.8712875055055398
FERIUCNNQQJTOY-UHFFFAOYSA-N,-5.9699582703260266,-6.3576987143158386,29,-6.3595952332171155,-6.3595952332171155,-6.36,-6.36,True,4,4,False,-6.338434402828159,0.08484267590964555,-6.364168315341008,0.00760808584415264,0.0005916889873866988
FFCCBBNQPIMUJI-UHFFFAOYSA-N,-13.002809067249846,-13.002809067249846,1,-13.080243127454944,-13.080243127454944,-13.002809067249846,-13.002809067249846,False,1,1,False,-11.840304364157388,2.0389244389701053,-13.001967924341796,0.9293493392507103,1.0
FFWSICBKRCICMR-UHFFFAOYSA-N,-3.0384036033428785,-3.0403992507710917,6,-3.0412794168021473,-3.0412794168021473,-3.0403992507710917,-3.0403992507710917,False,3,3,False,-3.321228817160201,0.5294888151993109,-3.06034999492609,0.0802022105350732,1.0
FGIWFCGDPUIBEZ-UHFFFAOYSA-N,-6.077756439747887,-6.077756439747887,2,-6.117421729301075,-6.117421729301075,-6.077756439747887,-6.077756439747887,False,2,2,False,-6.299883909010467,0.9638346123868675,-6.097066145424734,0.2709203189771315,1.0
FGLBSLMDCBOPQK-UHFFFAOYSA-N,-3.10128486754019,-3.138145315487572,27,-3.138145315487572,-3.138145315487572,-3.139072657743786,-3.139072657743786,False,5,5,False,-3.1593675170586817,0.10071462271910954,-3.1377597873847436,0.010124827137440168,0.8644184605890319
FHDSQIUCCGFXNL-UHFFFAOYSA-N,4.256569985785954,4.256569985785954,1,4.257561012089123,4.257561012089123,4.256569985785954,4.256569985785954,False,1,1,False,3.0586805583924486,1.4704237627620684,4.246309823960027,0.1306134895491183,1.0
FHIVAFMUCKRCQO-UHFFFAOYSA-N,-7.036458055327477,-7.23095325696534,10,-7.231406003264394,-7.231406003264394,-7.23095325696534,-7.23095325696534,True,3,3,False,-7.376669238662291,0.3804044210564972,-7.231848178984692,0.08156361607386427,0.09797317405313682
FHJCGIUZJXWNET-UHFFFAOYSA-N,3.4220348172064248,3.4220348172064248,1,3.420138298305148,3.420138298305148,3.4220348172064248,3.4220348172064248,False,1,1,False,2.726717974754713,1.0605269289471333,3.3355956721504985,0.2825401482072091,1.0
FHNFHKCVQCLJFQ-UHFFFAOYSA-N,1.3435474893532604,1.3260479240799856,7,1.327038950383155,1.327038950383155,1.3260479240799856,1.3260479240799856,False,1,1,False,1.0307394256130795,0.5853769341738406,1.3306419391152051,0.05251869092647078,0.7400527213975578
FHUDAMLDXFJHJE-UHFFFAOYSA-N,-4.6383676574338,-4.7923672001123805,6,-4.792819946411434,-4.792819946411434,-4.7923672001123805,-4.7923672001123805,True,2,2,False,-4.867755504127219,0.58364845622422,-4.782151652940052,0.07699120561664555,0.1578583016666499
FITIWKDOCAUBQD-UHFFFAOYSA-N,-3.9699389986611218,-3.9699389986611218,1,-3.9718355175623987,-3.9718355175623987,-3.9699389986611218,-3.9699389986611218,False,1,1,False,-4.22291323178318,1.0605269289471333,-4.027115593939752,0.2822089993564954,1.0
FJBFPHVGVWTDIP-UHFFFAOYSA-N,-1.9148926381261258,-1.9657057842420935,26,-1.9661585305411473,-1.9661585305411473,-2.1090152963671125,-2.1090152963671125,False,5,5,False,-2.0748022485461113,0.1132588108059832,-2.0925090751038837,0.01234203713225787,0.23192541480464138
FJKIXWOMBXYWOQ-UHFFFAOYSA-N,-0.8962604971182858,-0.8962604971182858,1,-0.8981570160195628,-0.8981570160195628,-0.8962604971182858,-0.8962604971182858,False,1,1,False,-1.3331665192970599,1.0605269289471333,-0.9655811136960184,0.28227341745777423,1.0
FKERUJTUOYLBKB-UHFFFAOYSA-N,-10.949907416305422,-10.949907416305422,2,-10.989572705858608,-10.989572705858608,-10.949907416305422,-10.949907416305422,False,2,2,False,-11.001521752094687,0.9638346123868675,-11.049498238532177,0.27030036315435646,1.0
FKLFBQCQQYDUAM-UHFFFAOYSA-N,-9.747396049562711,-9.747396049562711,2,-9.7870613391159,-9.7870613391159,-9.747396049562711,-9.747396049562711,True,2,2,False,-9.427897088996271,0.9638346123868675,-9.211536018988737,0.2761434111317701,0.7930632934018629
FKLQIONHGSFYJY-UHFFFAOYSA-N,-6.0223010079342805,-6.0223010079342805,1,-6.024197526835557,-6.024197526835557,-6.0223010079342805,-6.0223010079342805,False,1,1,False,-6.1524599837130065,1.0605269289471333,-6.071372234690943,0.2822236991248003,1.0
FKNQCJSGGFJEIZ-UHFFFAOYSA-N,-4.558862481135467,-4.926659467611381,27,-4.928202866067835,-4.928202866067835,-4.925,-4.925,True,5,5,False,-4.900416917658254,0.08814995958940564,-4.924334871906747,0.008442297303524257,0.0008829945491542629
FKRCODPIKNYEAC-UHFFFAOYSA-N,-2.7476005898153533,-2.749805023071968,19,-2.751701541973245,-2.751701541973245,-2.8,-2.8,False,5,5,False,-2.7896756711511244,0.11413250524571168,-2.790259360887509,0.011112706313695661,0.3094609644517075
FKTLISWEAOSVBS-UHFFFAOYSA-N,-0.7437684949730844,-0.7437684949730844,1,-0.7456650138743613,-0.7456650138743613,-0.7437684949730844,-0.7437684949730844,False,1,1,False,-1.1897997808244674,1.0605269289471333,-0.8136921644575568,0.28227931775263326,1.0
FKUPPRZPSYCDRS-UHFFFAOYSA-N,-1.3642468354732362,-1.3642468354732362,1,-1.3661433543745132,-1.3661433543745132,-1.3642468354732362,-1.3642468354732362,False,1,1,False,-1.7731481185667348,1.0605269289471333,-1.4317171765234467,0.28225690905401324,1.0
FLIACVVOZYBSBS-UHFFFAOYSA-N,-1.1820245715080924,-1.1820245715080924,1,-1.2594586317131904,-1.2594586317131904,-1.1820245715080924,-1.1820245715080924,False,1,1,False,-2.634109394465413,2.0389244389701053,-1.6839492193024674,0.9159992829801135,1.0
FLKPEMZONWLCSK-UHFFFAOYSA-N,-5.976764275375206,-5.976764275375206,2,-6.016429564928394,-6.016429564928394,-5.976764275375206,-5.976764275375206,False,2,2,False,-6.4273531112256785,0.9638346123868675,-6.305607349694987,0.27058593989997504,1.0
FLTJDUOFAQWHDF-UHFFFAOYSA-N,2.98809649425633,2.9789680322400836,4,2.9692043856050625,2.9692043856050625,2.9789680322400836,2.9789680322400836,False,2,2,False,2.5687228963047692,0.6032128259600282,2.9139420897026564,0.16095917199437368,1.0
FLVIGYVXZHLUHP-UHFFFAOYSA-N,-10.327176249973286,-10.327176249973286,1,-10.404610310178384,-10.404610310178384,-10.327176249973286,-10.327176249973286,False,1,1,False,-9.756483498289505,2.0389244389701053,-10.445365441108287,0.9216751859624438,1.0
FLXYIZWPNQYPIT-UHFFFAOYSA-N,1.1051306541666577,1.1287726889453165,6,1.1268761700440395,1.1268761700440395,1.1287726889453165,1.1287726889453165,False,1,1,False,0.8158871262937357,0.4441748617004943,1.049554900894388,0.11857810473527294,1.0
FLZDRQXGVYVYSL-UHFFFAOYSA-N,-5.145327898451681,-5.145327898451681,1,-5.147224417352958,-5.147224417352958,-5.145327898451681,-5.145327898451681,False,1,1,False,-5.327965763255658,1.0605269289471333,-5.197862878074821,0.28221176544485144,1.0
FMGZEUWROYGLAY-UHFFFAOYSA-N,-16.02078079000768,-16.02078079000768,1,-16.098214850212777,-16.098214850212777,-16.02078079000768,-16.02078079000768,False,1,1,False,-14.190743635149476,2.0389244389701053,-15.876412627011701,0.9421684180529379,1.0
FMKOJHQHASLBPH-UHFFFAOYSA-N,-0.6093829453704214,-0.6241804065472745,10,-0.6246723666035553,-0.6246723666035553,-0.46,-0.46,False,5,5,False,-0.4991379008608782,0.1392314709024211,-0.4720222829821323,0.012937264109196637,0.6486201143081146
FMLSQAUAAGVTJO-UHFFFAOYSA-N,-4.311020000095426,-4.311020000095426,1,-4.312916518996703,-4.312916518996703,-4.311020000095426,-4.311020000095426,False,1,1,False,-4.543583627887233,1.0605269289471333,-4.366849682425455,0.2822082419438887,1.0
FMMWHPNWAFZXNH-UHFFFAOYSA-N,-5.480030358919621,-6.425774349641854,12,-6.427670868543132,-6.427670868543132,-6.425774349641854,-6.425774349641854,True,2,2,False,-6.172296134329661,0.3255494967023966,-6.477454295805595,0.09105109067814443,0.0322674702699476
FMWLUWPQPKEARP-UHFFFAOYSA-N,-1.3201754424152652,-1.3756261715756586,17,-1.3775226904769355,-1.3775226904769355,-1.3756261715756586,-1.3756261715756586,False,3,3,False,-1.5775521971087765,0.28472549970635735,-1.3913900321393566,0.057139655800638955,0.8373392196811691
FOANIXZHAMJWOI-UHFFFAOYSA-N,-7.565970365848951,-7.565970365848951,2,-7.567866884750227,-7.567866884750227,-7.565970365848951,-7.565970365848951,True,1,1,False,-7.698038797425567,0.7613827475557001,-6.682532848681311,0.2809034122651678,0.10757174292334644
FOCAUTSVDIKZOP-UHFFFAOYSA-N,-8.751107905567359,-8.751107905567359,2,-8.753004424468635,-8.753004424468635,-8.751107905567359,-8.751107905567359,False,1,1,False,-8.846622769330988,0.7613827475557001,-8.798088751718415,0.19976762693127176,1.0
FOIBFBMSLDGNHL-UHFFFAOYSA-N,-0.35748591001409835,-4.856511727255952,3,-4.858408246157229,-4.858408246157229,-4.856511727255952,-4.856511727255952,True,2,2,False,-3.817864548501185,0.7231280539469104,-4.896425053265571,0.1996986962412635,0.030752404344863826
FONWDRSQXQZNBN-UHFFFAOYSA-N,-2.352328480993293,-2.352328480993293,1,-2.429762541198391,-2.429762541198391,-2.352328480993293,-2.352328480993293,False,1,1,False,-3.545558712266163,2.0389244389701053,-2.8054261728572634,0.9150838205065919,1.0
FOQABOMYTOFLPZ-UHFFFAOYSA-N,-9.902417095493048,-9.902417095493048,2,-9.942082385046236,-9.942082385046236,-9.902417095493048,-9.902417095493048,True,2,2,False,-13.434991767276848,0.9638346123868675,-15.617992604187158,0.28403252694260445,0.04296379569724676
FOUWCSDKDDHKQP-UHFFFAOYSA-N,-8.912939806917176,-8.912939806917176,2,-8.952605096470364,-8.952605096470364,-8.912939806917176,-8.912939806917176,True,2,2,False,-10.651634595764063,0.9638346123868675,-11.551155594684303,0.28365636358115554,0.18985896835246474
FOXFZRUHNHCZPX-UHFFFAOYSA-N,-11.311003074422514,-11.348558724721592,3,-11.350455243622868,-11.350455243622868,-11.348558724721592,-11.348558724721592,False,2,2,False,-11.373386672933284,0.7231280539469104,-11.314104037794142,0.19785573908822265,1.0
FOYHNROGBXVLLX-UHFFFAOYSA-N,-5.920254649407076,-5.9208312659538445,5,-5.9218196485370065,-5.9218196485370065,-5.9208312659538445,-5.9208312659538445,False,3,3,False,-6.160952822513206,0.6051215941283965,-5.935294543719556,0.0835958217641015,1.0
FPEYJPVHPGDXDD-UHFFFAOYSA-N,-0.1422486075266529,-0.1422486075266529,1,-0.2196826677317509,-0.2196826677317509,-0.1422486075266529,-0.1422486075266529,False,1,1,False,-1.8243170957680763,2.0389244389701053,-0.6878621054146778,0.9172222766222758,1.0
FPJNQQRSBJPGHM-UHFFFAOYSA-N,-3.774164148494664,-3.774164148494664,1,-3.851598208699762,-3.851598208699762,-3.774164148494664,-3.774164148494664,False,1,1,False,-4.652904538137121,2.0389244389701053,-4.168216396994892,0.9146154225420715,1.0
FPWNLURCHDRMHC-UHFFFAOYSA-N,-1.969555996729527,-2.2242649465468833,3,-2.2261614654481603,-2.2261614654481603,-2.2242649465468833,-2.2242649465468833,True,2,2,False,-2.568590148978576,0.7231280539469104,-2.346049652495166,0.19786718426705008,1.0
FQDIANVAWVHZIR-OWOJBTEDSA-N,-2.1369347898603763,-2.1369347898603763,1,-2.1388313087616533,-2.1388313087616533,-2.1369347898603763,-2.1369347898603763,False,1,1,False,-2.499597704900202,1.0605269289471333,-2.2013514302644235,0.28223492556624896,1.0
FQDIANVAWVHZIR-UHFFFAOYSA-N,-0.625674695333649,-0.625674695333649,1,-0.6275712142349259,-0.6275712142349259,-0.625674695333649,-0.625674695333649,False,1,1,False,-1.0787728243286083,1.0605269289471333,-0.6960654377249026,0.2822840631961994,1.0
FQGSQKFVAAJWFY-UHFFFAOYSA-N,-6.6001804409424505,-6.6001804409424505,1,-6.602076959843727,-6.602076959843727,-6.6001804409424505,-6.6001804409424505,False,1,1,False,-6.695758572329376,1.0605269289471333,-6.646968623956098,0.2822361766679322,1.0
FQKUGOMFVDPBIZ-UHFFFAOYSA-N,-8.598999313035144,-8.598999313035144,1,-8.676433373240242,-8.676433373240242,-8.598999313035144,-8.598999313035144,False,1,1,False,-8.410554737866802,2.0389244389701053,-8.791397420525612,0.9182875627969777,1.0
FQYUMYWMJTYZTK-UHFFFAOYSA-N,-6.10248416840395,-6.10248416840395,1,-6.104380687305227,-6.104380687305227,-6.10248416840395,-6.10248416840395,False,1,1,False,-6.22784490905496,1.0605269289471333,-6.151238648309659,0.2822252113366332,1.0
FRCCEHPWNOQAEU-UHFFFAOYSA-N,-2.04371580597972,-2.185356005907078,9,-2.187252524808355,-2.187252524808355,-2.185356005907078,-2.185356005907078,True,3,3,False,-2.466992415443441,0.39219629280132073,-2.2005231464014683,0.11567677148552805,0.2862728119384448
FRDAATYAJDYRNW-UHFFFAOYSA-N,-4.287059788821992,-4.285802037565286,6,-4.287698556466564,-4.287698556466564,-4.285802037565286,-4.285802037565286,False,3,3,False,-4.549326025566495,0.5294888151993109,-4.302872411410486,0.08022269626856912,1.0
FRQUNVLMWIYOLV-UHFFFAOYSA-N,-2.0749489933801217,-2.0749489933801217,1,-2.0768455122813987,-2.0768455122813987,-2.0749489933801217,-2.0749489933801217,False,1,1,False,-2.4413211963096844,1.0605269289471333,-2.1396105542336596,0.2822364469845485,1.0
FSAVDKDHPDSCTO-WQLSENKSSA-N,-8.270502796155368,-8.311810168059264,3,-8.31370668696054,-8.31370668696054,-8.311810168059264,-8.311810168059264,False,2,2,False,-8.536105899050257,0.7231280539469104,-8.431287945392219,0.1965624889504643,1.0
FSAVDKDHPDSCTO-XYOKQWHBSA-N,-8.171638707706359,-8.171638707706359,1,-8.249072767911457,-8.249072767911457,-8.171638707706359,-8.171638707706359,False,1,1,False,-8.077720224519599,2.0389244389701053,-8.382155967469869,0.9176256146365244,1.0
FSCWZHGZWWDELK-LBPRGKRZSA-N,-8.430296981938916,-8.430296981938916,2,-8.469962271492104,-8.469962271492104,-8.430296981938916,-8.430296981938916,False,2,2,False,-8.55473752276681,0.9638346123868675,-8.467055794753533,0.2706204704959065,1.0
FSPSELPMWGWDRY-UHFFFAOYSA-N,-5.207737762535425,-5.216666243905348,5,-5.218562762806625,-5.218562762806625,-5.216666243905348,-5.216666243905348,False,1,1,False,-5.428863838108086,0.48605923627515846,-5.267687358505114,0.13379597666629595,0.9375259038203618
FTBUKOLPOATXGV-UHFFFAOYSA-N,-1.7444384611327928,-1.7444384611327928,1,-1.8218725213378908,-1.8218725213378908,-1.7444384611327928,-1.7444384611327928,False,1,1,False,-3.0721253250843157,2.0389244389701053,-2.2228615716118987,0.9154990652640375,1.0
FTOVXSOBNPWTSH-UHFFFAOYSA-N,-5.136212840855361,-6.109616495049546,11,-6.111513013950823,-6.111513013950823,-6.109616495049546,-6.109616495049546,True,2,2,False,-5.871131650137259,0.34100479671977335,-6.21690690311729,0.09798109558703648,0.03273578307065182
FTZDEZOARSJHGU-UHFFFAOYSA-N,-3.5390836251087308,-3.5390836251087308,2,-3.5787489146619187,-3.5787489146619187,-3.5390836251087308,-3.5390836251087308,False,2,2,False,-3.9274149573662807,0.9638346123868675,-3.624602097199818,0.2706543719662124,1.0
FUNUTBJJKQIVSY-UHFFFAOYSA-N,-0.9715646697249908,-0.9715646697249908,1,-1.048998729930089,-1.048998729930089,-0.9715646697249908,-0.9715646697249908,False,1,1,False,-2.4702002317685188,2.0389244389701053,-1.4823049416573384,0.916215396914949,1.0
FUSUHKVFWTUUBE-UHFFFAOYSA-N,-3.3104697933459812,-3.8446609670149536,5,-3.8465574859162306,-3.8465574859162306,-3.8446609670149536,-3.8446609670149536,True,2,2,False,-3.345871200480352,0.54396672246196,-4.073634088620334,0.08650776026912839,0.044667708491830035
FUTDYIMYZIMPBJ-UHFFFAOYSA-N,-6.539372196567993,-6.539372196567993,1,-6.616806256773091,-6.616806256773091,-6.539372196567993,-6.539372196567993,False,1,1,False,-6.8064878668489275,2.0389244389701053,-6.818478169504793,0.9157115704966927,1.0
FUUHMSUPRUNWRQ-UHFFFAOYSA-N,-1.6501623252551922,-1.6501623252551922,1,-1.6520588441564692,-1.6520588441564692,-1.6501623252551922,-1.6501623252551922,False,1,1,False,-2.0419541587012326,1.0605269289471333,-1.716502545769558,0.2822480094297584,1.0
FUZZWVXGSFPDMH-UHFFFAOYSA-N,-6.178395538084543,-6.205,26,-6.205,-6.205,-6.21,-6.21,False,5,5,False,-6.2337742145002135,0.11914475329048087,-6.206468370131542,0.010263194655613336,0.5516994078252986
FVNIMHIOIXPIQT-UHFFFAOYSA-N,-1.666192290072443,-1.666192290072443,2,-1.66808880897372,-1.66808880897372,-1.666192290072443,-1.666192290072443,False,1,1,False,-1.9802294221137409,0.7613827475557001,-1.7271917584502774,0.19975565052952554,1.0
FVSKHRXBFJPNKK-UHFFFAOYSA-N,-3.4245035406324273,-3.847176076034526,22,-3.8461850497313566,-3.8461850497313566,-3.8478011472275333,-3.8478011472275333,True,5,5,False,-3.827965178522629,0.10315321591099848,-3.8471836662918832,0.010292314886758419,0.0015517748139539898
FVVXWRGARUACNW-UHFFFAOYSA-N,1.0177390329156073,1.0177390329156073,1,0.9403049727105093,0.9403049727105093,1.0177390329156073,1.0177390329156073,False,1,1,False,-0.9209022349192587,2.0389244389701053,0.4228972072518352,0.9190550677145419,1.0
FWAJPSIPOULHHH-UHFFFAOYSA-N,-2.6504208648874696,-2.6504208648874696,2,-2.6900861544406567,-2.6900861544406567,-2.6504208648874696,-2.6504208648874696,False,2,2,False,-3.010772780241856,0.9638346123868675,-2.638487586461201,0.27163441961047663,1.0
FWIROFMBWVMWLB-UHFFFAOYSA-N,-5.619386480043408,-5.619386480043408,1,-5.621282998944685,-5.621282998944685,-5.619386480043408,-5.619386480043408,False,1,1,False,-5.773656237061848,1.0605269289471333,-5.670049195701547,0.2822171685372202,1.0
FWZUNOYOVVKUNF-UHFFFAOYSA-N,-3.0812096349468856,-3.0812096349468856,2,-3.0831061538481626,-3.0831061538481626,-3.0812096349468856,-3.0812096349468856,False,1,1,False,-3.3516029444452657,0.7613827475557001,-3.139427296764593,0.19998876715254343,1.0
FXHGMKSSBGDXIY-UHFFFAOYSA-N,-2.6509076017213173,-2.6720238312076243,25,-2.6729327712243736,-2.6729327712243736,-2.67,-2.67,False,5,5,False,-2.7050590791310283,0.1151520460292027,-2.6709362749040095,0.011152175140394184,0.13743929639167254
FXHOOIRPVKKKFG-UHFFFAOYSA-N,-7.573947024054235,-7.183857734322155,19,-7.185754253223432,-7.185754253223432,-8.54,-8.54,True,4,4,False,-8.304917111921013,0.1409335853408615,-8.532640703341194,0.01308452383730243,0.12318976379840008
FXLOVSHXALFLKQ-UHFFFAOYSA-N,-4.35103506366704,-4.270092595031229,13,-4.271989113932506,-4.271989113932506,-4.27,-4.27,False,4,4,False,-4.4034312787461785,0.20730622856841588,-4.281928801685274,0.025706248571691872,0.6194133530361697
FXNDIJDIPNCZQJ-UHFFFAOYSA-N,2.0850729184426537,2.0850729184426537,1,2.083176399541377,2.083176399541377,2.0850729184426537,2.0850729184426537,False,1,1,False,1.4697611233037466,1.0605269289471333,2.003944631204971,0.28243539821034686,1.0
FXRXQYZZALWWGA-UHFFFAOYSA-N,-2.972089792460309,-2.972089792460309,2,-2.973986311361586,-2.973986311361586,-2.972089792460309,-2.972089792460309,False,1,1,False,-3.245848719389914,0.7613827475557001,-3.03066355555613,0.20163438913332138,1.0
FYFDQJRXFWGIBS-UHFFFAOYSA-N,-5.469197800308093,-5.469197800308093,1,-5.546631860513191,-5.546631860513191,-5.469197800308093,-5.469197800308093,False,1,1,False,-5.973020837051528,2.0389244389701053,-5.792896561968985,0.9149715671364019,1.0
FYGHSUNMUKGBRK-UHFFFAOYSA-N,-0.9602151326875173,-1.21208984178559,14,-1.2115943286340054,-1.2115943286340054,-1.22,-1.22,True,5,5,False,-1.235800191438285,0.17186255037902504,-1.2119347146131236,0.015766212367478976,0.552355206692016
FYQGBXGJFWXIPP-UEVLXMDPSA-N,-3.1107796258360905,-3.1107796258360905,1,-3.1882136860411885,-3.1882136860411885,-3.1107796258360905,-3.1107796258360905,False,1,1,False,-4.136251243453429,2.0389244389701053,-3.5323584547388442,0.9147466867675281,1.0
FYZBOYWSHKHDMT-UHFFFAOYSA-N,-8.335800710542888,-8.335800710542888,2,-8.375466000096075,-8.375466000096075,-8.335800710542888,-8.335800710542888,False,2,2,False,-8.516607482681104,0.9638346123868675,-8.444861118474304,0.2702874961476756,1.0
FZBSTAVCYOMFMD-UHFFFAOYSA-N,-3.5395595166750073,-3.5395595166750073,2,-3.579224806228195,-3.579224806228195,-3.5395595166750073,-3.5395595166750073,False,2,2,False,-3.928154053581045,0.9638346123868675,-3.6254746732842977,0.27065160749605627,1.0
FZERHIULMFGESH-UHFFFAOYSA-N,-8.839561306217707,-8.839561306217707,2,-8.879226595770895,-8.879226595770895,-8.839561306217707,-8.839561306217707,False,2,2,False,-9.10018053392398,0.9638346123868675,-9.091084657845581,0.2703945714737192,1.0
FZFUUSROAHKTTF-UHFFFAOYSA-N,-2.5092026406633487,-3.0277381484016406,4,-3.0296346673029175,-3.0296346673029175,-3.0277381484016406,-3.0277381484016406,True,2,2,False,-3.262079870410179,0.6032128259600282,-3.180366708290991,0.1766632098687656,0.607198340386451
FZSVSABTBYGOQH-UHFFFAOYSA-N,-8.755768447060333,-8.755768447060333,2,-8.795433736613521,-8.795433736613521,-8.755768447060333,-8.755768447060333,False,2,2,False,-8.88458489984503,0.9638346123868675,-8.819920797327754,0.27045437496557867,1.0
FZXISNSWEXTPMF-UHFFFAOYSA-N,-8.072306286825889,-7.91600827913728,4,-7.955673568690468,-7.955673568690468,-7.91600827913728,-7.91600827913728,True,3,3,False,-8.210309680888663,0.6562977178022762,-8.455409670843478,0.13553186959023905,0.6520740379812758
FZXRXKLUIMKDEL-UHFFFAOYSA-N,-1.5961687975036862,-1.5961687975036862,2,-1.5980653164049632,-1.5980653164049632,-1.5961687975036862,-1.5961687975036862,False,1,1,False,-1.9123656860275287,0.7613827475557001,-1.6573068275818,0.19975601725677947,1.0
GAPFWGOSHOCNBM-UHFFFAOYSA-N,-1.6675612242695,-1.6121666080216357,3,-1.6140631269229126,-1.6140631269229126,-1.6121666080216357,-1.6121666080216357,False,2,2,False,-2.001668655242746,0.7231280539469104,-1.692951780675616,0.1956979522010159,1.0
GATVIKZLVQHOMN-UHFFFAOYSA-N,-1.7756399558041003,-1.9170588320323962,18,-1.9189553509336732,-1.9189553509336732,-1.9170588320323962,-1.9170588320323962,True,3,3,False,-1.995286691275861,0.2755423496937776,-1.881789961829992,0.06160590952707692,0.5027292416525241
GBAWQJNHVWMTLU-UHFFFAOYSA-N,-6.978734886527158,-6.978734886527158,2,-7.018400176080345,-7.018400176080345,-6.978734886527158,-6.978734886527158,False,2,2,False,-7.188758209737789,0.9638346123868675,-7.040131210659037,0.27055572823721186,1.0
GBDZXPJXOMHESU-UHFFFAOYSA-N,-1.872831463175985,-2.0571993159920874,21,-2.0590958348933643,-2.0590958348933643,-1.34,-1.34,True,4,4,False,-1.7359932028056897,0.1827078370837927,-1.9534122888384544,0.06390284774053846,0.013148392044509238
GBIHOLCMZGAKNG-BJKOFHAPSA-N,-7.402930900942591,-7.402930900942591,2,-7.442596190495779,-7.442596190495779,-7.402930900942591,-7.402930900942591,False,2,2,False,-7.622696411749165,0.9638346123868675,-7.505472629303845,0.2703328546451269,1.0
GBNHEBQXJVDXSW-UHFFFAOYSA-N,-4.696345967846571,-4.696345967846571,1,-4.773780028051669,-4.773780028051669,-4.696345967846571,-4.696345967846571,False,1,1,False,-5.371112845675188,2.0389244389701053,-5.052143671255301,0.9146857663083034,1.0
GBROPGWFBFCKAG-UHFFFAOYSA-N,-11.049535998878076,-11.049535998878076,1,-11.126970059083174,-11.126970059083174,-11.049535998878076,-11.049535998878076,False,1,1,False,-10.31906753736668,2.0389244389701053,-11.13616086563793,0.9234433500710671,1.0
GCDBEYOJCZLKMC-UHFFFAOYSA-N,-13.419496107641631,-13.419496107641631,2,-13.45916139719482,-13.45916139719482,-13.419496107641631,-13.419496107641631,True,2,2,False,-12.73364057695749,0.9638346123868675,-12.56653288934649,0.2776598750064075,0.5899529861009267
GCDCKEORRIGZKI-UHFFFAOYSA-N,-3.2131839615770774,-3.2131839615770774,2,-3.2150804804783544,-3.2150804804783544,-3.2131839615770774,-3.2131839615770774,False,1,1,False,-3.479506745641594,0.7613827475557001,-3.2711228806934267,0.19975463636604196,1.0
GCFKTDRTZYDRBI-UHFFFAOYSA-N,3.4766046906253543,3.4766046906253543,1,3.4747081717240773,3.4747081717240773,3.4766046906253543,3.4766046906253543,False,1,1,False,2.778022336038426,1.0605269289471333,3.3899485157769824,0.2825448492644725,1.0
GCGFXFIPOBRMQT-UHFFFAOYSA-N,3.5584595007537487,3.5584595007537487,1,3.5565629818524718,3.5565629818524718,3.5584595007537487,3.5584595007537487,False,1,1,False,2.8549788779639957,1.0605269289471333,3.471477740332746,0.2825519636186484,1.0
GDOPTJXRTPNYNR-UHFFFAOYSA-N,1.5805989794929765,1.5961687975036862,19,1.5965583173996174,1.5965583173996174,1.5965583173996174,1.5965583173996174,False,5,5,False,1.549148459602084,0.11319286849413367,1.5936625529020438,0.011278846914407633,0.08532686960141096
GDXHBFHOEYVPED-UHFFFAOYSA-N,-4.981202652498471,-4.981202652498471,2,-4.983099171399748,-4.983099171399748,-4.981202652498471,-4.981202652498471,True,1,1,False,-5.192993883095718,0.7613827475557001,-5.030535327474678,0.24743767563863434,0.8059243228977997
GEAWFZNTIFJMHR-UHFFFAOYSA-N,0.915134303804112,0.915134303804112,2,0.9141860443534735,0.9141860443534735,1.23,1.23,True,2,2,False,1.0791366857807185,0.3830881422198863,1.2266131067839852,0.028258786039566258,0.5777420758938001
GEPDYQSQVLXLEU-AATRIKPKSA-N,-10.804615433756435,-10.804615433756435,2,-10.844280723309623,-10.844280723309623,-10.804615433756435,-10.804615433756435,True,2,2,False,-11.379057288811286,0.9638346123868675,-11.644627523014007,0.2781793715734406,0.8776065589857165
GEPDYQSQVLXLEU-WAYWQWQTSA-N,-11.710272435748198,-11.710272435748198,2,-11.749937725301384,-11.749937725301384,-11.710272435748198,-11.710272435748198,False,2,2,False,-11.690591223698325,0.9638346123868675,-11.760224061106872,0.27044493218193333,1.0
GETQZCLCWQTVFV-UHFFFAOYSA-N,-2.681395340281445,-3.2059800633621047,26,-3.2049890370589353,-3.2049890370589353,-3.215,-3.215,True,5,5,False,-2.887218090415045,0.10129477275006749,-3.2186928099992294,0.009543050144626166,0.00018858646322151182
GETTZEONDQJALK-UHFFFAOYSA-N,-0.39753621556141755,-0.2455644303851825,9,-0.2445734040820131,-0.2445734040820131,-0.25,-0.25,True,4,4,False,-0.3750481954209518,0.22166546682893173,-0.25336757461014286,0.026146030859360805,0.2054262898730539
GEYOCULIXLDCMW-UHFFFAOYSA-N,-8.05280038472502,-8.05280038472502,2,-8.054696903626297,-8.054696903626297,-8.05280038472502,-8.05280038472502,True,1,1,False,-8.169853365763624,0.7613827475557001,-7.50409299626581,0.27949239058799796,0.197003898691146
GFADZIUESKAXAK-UHFFFAOYSA-N,2.2884503578551514,2.2884503578551514,2,2.2894413841583208,2.2894413841583208,2.2884503578551514,2.2884503578551514,False,1,1,False,1.6748346077514564,1.071004194705422,2.2826804616803362,0.09236313882898056,1.0
GFFGJBXGBJISGV-UHFFFAOYSA-N,-9.146550528261267,-9.146550528261267,1,-9.223984588466365,-9.223984588466365,-9.146550528261267,-9.146550528261267,False,1,1,False,-8.836995406426434,2.0389244389701053,-9.315611165021256,0.9192359480548815,1.0
GGBJHURWWWLEQH-UHFFFAOYSA-N,7.735175477270367,7.735175477270367,1,7.657741417065269,7.657741417065269,7.735175477270367,7.735175477270367,False,1,1,False,4.31073274036702,2.0389244389701053,6.835345515342929,0.9408816029180466,1.0
GGDYAKVUZMZKRV-UHFFFAOYSA-N,-5.6388139540412645,-5.6388139540412645,1,-5.6407104729425415,-5.6407104729425415,-5.6388139540412645,-5.6388139540412645,False,1,1,False,-5.791921152891216,1.0605269289471333,-5.68939993717157,0.2822174425481842,1.0
GGSUCNLOZRCGPQ-UHFFFAOYSA-N,-2.8764474269376645,-2.877573349640662,4,-2.877569796545359,-2.877569796545359,-2.877573349640662,-2.877573349640662,False,3,3,False,-3.205066292107255,0.7264233182696221,-2.8897106448715326,0.08745794248033559,1.0
GHASVSINZRGABV-UHFFFAOYSA-N,-11.870664967539014,-11.870664967539014,2,-11.909381997641562,-11.909381997641562,-13.040152963671128,-13.040152963671128,True,2,2,False,-12.92340423503698,0.4027336709368692,-13.038854388036862,0.02828275441968894,0.6667899250192397
GHICCUXQJBDNRN-UHFFFAOYSA-N,-3.2193341607704404,-3.2193341607704404,1,-3.2967682209755385,-3.2967682209755385,-3.2193341607704404,-3.2193341607704404,False,1,1,False,-4.220795058105483,2.0389244389701053,-3.636406777662088,0.9147147806705159,1.0
GHMLBKRAJCXXBS-UHFFFAOYSA-N,-9.71523267324054,-9.71523267324054,2,-9.754897962793727,-9.754897962793727,-9.71523267324054,-9.71523267324054,False,2,2,False,-9.776151006992936,0.9638346123868675,-9.747278439157412,0.27058408640197895,1.0
GHTWMHLFFDEYRE-UHFFFAOYSA-N,-2.0249092404797184,-2.0249092404797184,1,-2.1023433006848165,-2.1023433006848165,-2.0249092404797184,-2.0249092404797184,False,1,1,False,-3.2905599542664485,2.0389244389701053,-2.491638997954128,0.9152913655393742,1.0
GHVNFZFCNZKVNT-UHFFFAOYSA-N,-6.788769795301925,-7.121515939936891,7,-7.120524913633721,-7.120524913633721,-7.121515939936891,-7.121515939936891,True,3,3,False,-6.839079511140003,0.5307783663781397,-7.393121063642208,0.08062307678799531,0.1836169564974503
GIEZWIDCIFCQPS-UHFFFAOYSA-N,3.121900513402313,3.121900513402313,1,3.120003994501036,3.120003994501036,3.121900513402313,3.121900513402313,False,1,1,False,2.4445439876942916,1.0605269289471333,3.0366546499127702,0.28251489023336146,1.0
GIIBBZMGSATJLN-UHFFFAOYSA-N,-15.882440606015647,-15.882440606015647,1,-15.959874666220745,-15.959874666220745,-15.882440606015647,-15.882440606015647,False,1,1,False,-14.083002333678957,2.0389244389701053,-15.744936735586972,0.9414689601730118,1.0
GIKLTQKNOXNBNY-OWOJBTEDSA-N,-2.796836790019853,-2.796836790019853,1,-2.79873330892113,-2.79873330892113,-2.796836790019853,-2.796836790019853,False,1,1,False,-3.120010553728297,1.0605269289471333,-2.858646443009074,0.28222134439963015,1.0
GILIYJDBJZWGBG-UHFFFAOYSA-N,-4.087697731908237,-4.16,9,-4.16,-4.16,-4.16,-4.16,False,5,5,False,-4.171978785899015,0.12320374604682523,-4.1718262602600795,0.011969466987367812,1.0
GIRAOZDBJVKBGG-QPJJXVBHSA-N,4.9597453149579325,4.9597453149579325,1,4.8823112547528345,4.8823112547528345,4.9597453149579325,4.9597453149579325,False,1,1,False,2.1491882838026943,2.0389244389701053,4.191378394810692,0.9293015413685051,1.0
GIUGGRUEPHPVNR-UHFFFAOYSA-N,-3.580730987300979,-3.168883233093182,3,-3.2463172932982802,-3.2463172932982802,-3.168883233093182,-3.168883233093182,True,2,2,False,-4.039447882471505,0.7231280539469104,-3.475621647527789,0.27400639071432814,0.30206230080876256
GJCOSYZMQJWQCA-UHFFFAOYSA-N,-4.210624016085614,-4.210624016085614,1,-4.288058076290712,-4.288058076290712,-4.210624016085614,-4.210624016085614,False,1,1,False,-4.992825686258524,2.0389244389701053,-4.586572871202396,0.914612067260535,1.0
GJRQTCIYDGXPES-UHFFFAOYSA-N,-2.030376292091426,-2.3601470253686987,15,-2.3591559990655293,-2.3591559990655293,-2.36,-2.36,True,5,5,False,-2.3478940351370845,0.1257423161607817,-2.361751722021157,0.012308902940941552,0.004204867341022063
GKAOGPIIYCISHV-UHFFFAOYSA-N,0.6262535813888793,0.6460758515777751,10,0.6470668778809445,0.6470668778809445,0.6460758515777751,0.6460758515777751,True,1,1,False,0.3533246444099209,0.49110637529608514,-1.3964830978977911,0.05901019595654962,0.006413119568487462
GKCBAIGFKIBETG-UHFFFAOYSA-N,-13.698199067602207,-13.698199067602207,1,-13.775633127807305,-13.775633127807305,-13.698199067602207,-13.698199067602207,False,1,1,False,-12.381883979750937,2.0389244389701053,-13.66531793413106,0.9318781023848474,1.0
GKMIDMKPBOUSBQ-UHFFFAOYSA-N,-11.066666666666668,-10.4,3,-10.4,-10.4,-10.4,-10.4,True,2,2,False,-10.820452063630864,0.19089122368373,-10.400880566629322,0.019996741177683894,0.0012498504838611057
GLCIPJOIEVLTPR-UHFFFAOYSA-N,4.556049570204751,4.556049570204751,1,4.55704059650792,4.55704059650792,4.556049570204751,4.556049570204751,False,1,1,False,3.3237087169350166,1.4704237627620684,4.545535745520179,0.1306163767051006,1.0
GLDOVTGHNKAZLK-UHFFFAOYSA-N,-2.267135845004735,-1.9966855552475342,4,-1.9985820741488112,-1.9985820741488112,-1.9966855552475342,-1.9966855552475342,True,2,2,False,-2.2091048170922183,0.6032128259600282,-1.9440403023587178,0.1804218988110883,0.5647379872580728
GLUUGHFHXGJENI-UHFFFAOYSA-N,-7.391429254302103,-7.4,8,-7.4,-7.4,-7.4,-7.4,False,2,2,False,-7.388069135187525,0.10788803751545477,-7.3916067540019705,0.010152037639769502,1.0
GLWWLNJJJCTFMZ-UHFFFAOYSA-N,-10.26545945557962,-10.26545945557962,1,-10.267355974480896,-10.267355974480896,-10.26545945557962,-10.26545945557962,False,1,1,False,-10.141703871284879,1.0605269289471333,-10.29774351547149,0.2824009846973288,1.0
GMAUQNJOSOMMHI-UHFFFAOYSA-N,-10.12921150968092,-10.12921150968092,1,-10.131108028582197,-10.131108028582197,-10.12921150968092,-10.12921150968092,False,1,1,False,-10.013609129578441,1.0605269289471333,-10.162035762134956,0.28239219823985673,1.0
GMBRUAIJEFRHFQ-UHFFFAOYSA-N,-7.757678333240241,-7.757678333240241,2,-7.797343622793429,-7.797343622793429,-7.757678333240241,-7.757678333240241,True,2,2,False,-8.74762489586036,0.9638346123868675,-9.040036211739222,0.28095017937350497,0.5806616120352904
GNKZMNRKLCTJAY-UHFFFAOYSA-N,-5.002929750452361,-4.706651582382665,11,-4.708548101283942,-4.708548101283942,-4.7,-4.7,True,3,3,False,-4.893420196521469,0.21001623315234705,-4.715279253825916,0.026609670457967714,0.34474525956200164
GNVDAZSPJWCIQZ-UHFFFAOYSA-N,-10.390781093817258,-10.390781093817258,1,-10.468215154022356,-10.468215154022356,-10.390781093817258,-10.390781093817258,False,1,1,False,-9.806019854667152,2.0389244389701053,-10.506205460726788,0.9218222995151981,1.0
GOCUAJYOYBLQRH-UHFFFAOYSA-N,-6.664020651683352,-6.664020651683352,1,-6.6659171705846285,-6.6659171705846285,-6.664020651683352,-6.664020651683352,False,1,1,False,-6.755778525301147,1.0605269289471333,-6.710556580092202,0.28223778009335115,1.0
GOOHAUXETOMSMM-UHFFFAOYSA-N,-3.058110588064325,-3.478829430456752,5,-3.477838404153583,-3.477838404153583,-3.478829430456752,-3.478829430456752,True,3,3,False,-3.6213216875911223,0.6051215941283965,-3.4825738437648335,0.08368180331587995,0.7457360750226021
GOQYKNQRPGWPLP-UHFFFAOYSA-N,-2.796706012720134,-2.796706012720134,1,-2.798602531621411,-2.798602531621411,-2.796706012720134,-2.796706012720134,False,1,1,False,-3.1198876022641997,1.0605269289471333,-2.8585161822837097,0.28222134661747883,1.0
GOWLARCWZRESHU-UHFFFAOYSA-N,-11.607948524882271,-11.607948524882271,2,-11.647613814435458,-11.647613814435458,-11.607948524882271,-11.607948524882271,False,2,2,False,-11.536077004904262,0.9638346123868675,-11.577754456709876,0.2708840108276469,1.0
GOXQRTZXKQZDDN-UHFFFAOYSA-N,-2.3916182997783837,-2.3916182997783837,1,-2.3935148186796606,-2.3935148186796606,-2.3916182997783837,-2.3916182997783837,False,1,1,False,-2.7390407159830352,1.0605269289471333,-2.4550287053823405,0.28222911742095674,1.0
GOYDNIKZWGIXJT-UHFFFAOYSA-N,-0.18144644377828803,-0.18144644377828803,2,-0.22111173333147552,-0.22111173333147552,-0.18144644377828803,-0.18144644377828803,True,2,2,False,-1.0655913989904702,0.9638346123868675,-0.739710918863868,0.2719883911366681,1.0
GPHQHTOMRSGBNZ-UHFFFAOYSA-N,-6.028750493441797,-6.029971012791704,7,-6.028979986488535,-6.028979986488535,-6.02,-6.02,False,3,3,False,-6.061371549409987,0.22745723600295786,-6.023182109587829,0.026174220062958713,1.0
GPSDUZXPYCFOSQ-UHFFFAOYSA-N,-6.912454215515981,-6.912454215515981,1,-6.989888275721079,-6.989888275721079,-6.912454215515981,-6.912454215515981,False,1,1,False,-7.097049445681431,2.0389244389701053,-7.175955498698118,0.9160645527372834,1.0
GPXLRLUVLMHHIK-UHFFFAOYSA-N,-13.545824926485484,-13.545824926485484,1,-13.54772144538676,-13.54772144538676,-13.545824926485484,-13.545824926485484,False,1,1,False,-13.225769212063035,1.0605269289471333,-13.56506664020008,0.2826752194601502,1.0
GQPLMRYTRLFLPF-UHFFFAOYSA-N,0.31134360455416743,0.31134360455416743,2,0.3123346308573368,0.3123346308573368,0.31134360455416743,0.31134360455416743,False,1,1,False,-0.1816110073985828,1.071004194705422,0.30641144856866137,0.09235359412629855,1.0
GRJRKPMIRMSBNK-UHFFFAOYSA-N,-0.395239208783687,-0.4942393904590786,13,-0.49613590936035556,-0.49613590936035556,-0.4942393904590786,-0.4942393904590786,True,2,2,False,-0.6122663061709919,0.3120215294274256,0.547948754457556,0.11839996912592447,0.019628205342037366
GRPRVIYRYGLIJU-UHFFFAOYSA-N,-7.906848094679675,-7.906848094679675,1,-7.984282154884773,-7.984282154884773,-7.906848094679675,-7.906848094679675,False,1,1,False,-7.871497531724035,2.0389244389701053,-8.12855395441641,0.9172494103326846,1.0
GRSQYISVQKPZCW-UHFFFAOYSA-N,-0.9536740796776474,-2.5767164982722983,6,-2.577169244571352,-2.577169244571352,-2.5767164982722983,-2.5767164982722983,True,3,3,False,-1.6445968407272924,0.5643098149161387,-2.585117679205307,0.08353582448232419,0.001279774040643359
GRWFGVWFFZKLTI-UHFFFAOYSA-N,1.197505914003395,1.0085466788159665,5,1.0066501599146895,1.0066501599146895,1.0085466788159665,1.0085466788159665,True,3,3,False,0.7136504413723197,0.5627608353377608,0.9741055340903366,0.16298077204658007,0.07143926987594648
GRYLNZFGIOXLOG-UHFFFAOYSA-N,-9.882935776915346,-9.882935776915346,2,-9.881944750612178,-9.881944750612178,-9.882935776915346,-9.882935776915346,True,1,1,False,-9.753742216675008,1.071004194705422,-9.214468303529248,0.13019325590374345,0.05219958786798671
GTCAXTIRRLKXRU-UHFFFAOYSA-N,-8.60991720283248,-8.60991720283248,1,-8.687351263037579,-8.687351263037579,-8.60991720283248,-8.60991720283248,False,1,1,False,-8.41905774561287,2.0389244389701053,-8.801851364720758,0.9183053667764,1.0
GTVWRXDRKAHEAD-UHFFFAOYSA-N,-7.187446112920553,-7.187446112920553,2,-7.22711140247374,-7.22711140247374,-7.187446112920553,-7.187446112920553,False,2,2,False,-7.58022642386523,0.9638346123868675,-7.514673459487641,0.2706881928695919,1.0
GUBGYTABKSRVRQ-UHFFFAOYSA-N,-16.017815095329077,-16.017815095329077,1,-16.095249155534177,-16.095249155534177,-16.017815095329077,-16.017815095329077,False,1,1,False,-14.188433909983463,2.0389244389701053,-15.873594421379696,0.9421532995774012,1.0
GUCFBWGWRCILHN-UHFFFAOYSA-N,-1.4143354946159423,-1.4143354946159423,1,-1.4162320135172193,-1.4162320135172193,-1.4143354946159423,-1.4143354946159423,False,1,1,False,-1.8202394256171692,1.0605269289471333,-1.4816078376907462,0.2822552849822232,1.0
GUEIZVNYDFNHJU-UHFFFAOYSA-N,0.9843580250172386,0.9843580250172386,1,0.9069239648121405,0.9069239648121405,0.9843580250172386,0.9843580250172386,False,1,1,False,-0.9468998383023433,2.0389244389701053,0.3909414981787067,0.9189952576322102,1.0
GUMULFRCHLJNDY-UHFFFAOYSA-N,3.2583251969496363,3.2583251969496363,1,3.2564286780483593,3.2564286780483593,3.2583251969496363,3.2583251969496363,False,1,1,False,2.572804890903574,1.0605269289471333,3.172537012166535,0.282526245766441,1.0
GUVLYNGULCJVDO-UHFFFAOYSA-N,-4.875002016682218,-4.592025277245355,26,-4.591034250942187,-4.591034250942187,-4.592025277245355,-4.592025277245355,True,3,3,False,-5.0714684649323445,0.2971375665730674,-4.65298774724962,0.035277259554871626,0.0020871504677148706
GUWAXPTVCYBOMV-UHFFFAOYSA-N,-6.708203205291751,-6.708203205291751,1,-6.710099724193028,-6.710099724193028,-6.708203205291751,-6.708203205291751,False,1,1,False,-6.797317153682425,1.0605269289471333,-6.754564548161153,0.2822389160145183,1.0
GVEPBJHOBDJJJI-UHFFFAOYSA-N,-4.772528602815695,-4.557165887078434,16,-4.559062405979711,-4.559062405979711,-4.557165887078434,-4.557165887078434,True,3,3,False,-5.219874480387121,0.2845259246860419,-4.570010209785297,0.09000938204464591,0.004182359177613741
GVGCUCJTUSOZKP-UHFFFAOYSA-N,2.3505137699584897,2.334372625700021,12,2.33536365200319,2.33536365200319,2.334372625700021,2.334372625700021,False,1,1,False,2.069609380862953,0.44879691650707787,2.3579147689184876,0.04493813572719263,0.3655491295539187
GVGLGOZIDCSQPN-UHFFFAOYSA-N,-14.453543374275334,-14.453543374275334,2,-14.493208663828522,-14.493208663828522,-14.453543374275334,-14.453543374275334,False,2,2,False,-14.306732367235716,0.9638346123868675,-14.505304833660139,0.2704556053548272,1.0
GVYLCNUFSHDAAW-UHFFFAOYSA-N,-2.215582589216643,-2.0366547780883035,8,-2.0385512969895805,-2.0385512969895805,-2.0366547780883035,-2.0366547780883035,True,2,2,False,-2.2188976826573477,0.4051574369535378,-2.086486965173891,0.11521276355397848,0.2145195672727326
GWESVXSMPKAFAS-UHFFFAOYSA-N,6.412738651334295,6.412738651334295,1,6.335304591129197,6.335304591129197,6.412738651334295,6.412738651334295,False,1,1,False,3.28080014502584,2.0389244389701053,5.576804012422818,0.9348519278893985,1.0
GWHJZXXIDMPWGX-UHFFFAOYSA-N,-0.7080556404805476,-0.8504946077861522,31,-0.8512757760412353,-0.8512757760412353,-0.86,-0.86,True,5,5,False,-0.8773040866763772,0.10132400953337073,-0.8588279587009284,0.009218325115056703,0.552670110951166
GWOWBISZHLPYEK-UHFFFAOYSA-N,-3.4916570646202407,-3.4916570646202407,1,-3.4935535835215177,-3.4935535835215177,-3.4916570646202407,-3.4916570646202407,False,1,1,False,-3.773252134878482,1.0605269289471333,-3.5507224484704003,0.282212210006661,1.0
GWQOOADXMVQEFT-UHFFFAOYSA-N,-1.0388118791154606,-1.0388118791154606,1,-1.1162459393205586,-1.1162459393205586,-1.0388118791154606,-1.0388118791154606,False,1,1,False,-2.522573314201363,2.0389244389701053,-1.5467339730036642,0.9161446216076424,1.0
GWQSENYKCGJTRI-UHFFFAOYSA-N,-1.2911236749936932,-1.2911236749936932,1,-1.3685577351987912,-1.3685577351987912,-1.2911236749936932,-1.2911236749936932,False,1,1,False,-2.719077326844931,2.0389244389701053,-1.7884832378784512,0.915893473063399,1.0
GWYFCOCPABKNJV-UHFFFAOYSA-N,-6.093827322706683,-6.097174550617954,14,-6.097192328262196,-6.097192328262196,-6.09,-6.09,False,3,3,False,-6.1524528865780255,0.21226834507037023,-6.094061522765731,0.02354560190752881,0.5417070003652891
GXDHCNNESPLIKD-UHFFFAOYSA-N,2.7327051617065625,2.9309059564360607,17,2.93,2.93,2.93,2.93,True,4,4,False,2.694719909228594,0.19541879743510016,2.921330049462952,0.024886741214472142,0.18159453863297034
GXEKYRXVRROBEV-UHFFFAOYSA-N,-18.765681307403437,-18.765681307403437,1,-18.767577826304713,-18.767577826304713,-18.765681307403437,-18.765681307403437,False,1,1,False,-18.133264517390476,1.0605269289471333,-18.763962678743354,0.2833650053884232,1.0
GXNNLIMMEXHBKV-UHFFFAOYSA-N,-2.7708873586274305,-2.7961389005182644,3,-2.7980354194195414,-2.7980354194195414,-2.7961389005182644,-2.7961389005182644,False,2,2,False,-3.2497848408097325,0.7231280539469104,-3.0172972771451305,0.20259585464920013,1.0
GXVMAQACUOSFJF-UHFFFAOYSA-N,-2.847895771398194,-2.847895771398194,1,-2.849792290299471,-2.849792290299471,-2.847895771398194,-2.847895771398194,False,1,1,False,-3.168014118026544,1.0605269289471333,-2.909503741681955,0.2822204928341377,1.0
GYCMBHHDWRMZGG-UHFFFAOYSA-N,-2.7228394145808226,-2.7228394145808226,1,-2.7247359334820995,-2.7247359334820995,-2.7228394145808226,-2.7228394145808226,False,1,1,False,-3.05044125026985,1.0605269289471333,-2.784941363432576,0.28222262931438397,1.0
GYFAGKUZYNFMBN-UHFFFAOYSA-N,-5.6219232303797435,-6.644686649351512,12,-6.646583168252789,-6.646583168252789,-6.644686649351512,-6.644686649351512,True,2,2,False,-6.347372336969941,0.3255494967023966,-6.67968407622976,0.09144799926807505,0.03122795494122899
GYHFUZHODSMOHU-UHFFFAOYSA-N,-1.8764951906478997,-2.075307518477824,22,-2.0761543064715826,-2.0761543064715826,-2.0769598470363286,-2.0769598470363286,True,4,4,False,-2.0632901645318156,0.12085381984836119,-2.074898832258122,0.012180803235738478,0.029136873399958095
GYLDXXLJMRTVSS-UHFFFAOYSA-N,-9.302806703498018,-9.313902943141102,6,-9.313407429989518,-9.313407429989518,-9.28,-9.28,False,3,3,False,-9.29085236838584,0.1616153071252191,-9.288858003389635,0.016431392017390925,1.0
GYSSRZJIHXQEHQ-UHFFFAOYSA-N,-10.740604893161546,-10.740604893161546,2,-10.780270182714732,-10.780270182714732,-10.740604893161546,-10.740604893161546,False,2,2,False,-10.829358410516804,0.9638346123868675,-10.87800073939876,0.27025345140387125,1.0
GYVGXEWAOAAJEU-UHFFFAOYSA-N,-3.684862616205272,-3.684862616205272,1,-3.686759135106549,-3.686759135106549,-3.684862616205272,-3.684862616205272,False,1,1,False,-3.9548960860095668,1.0605269289471333,-3.743164993925992,0.28221061104226663,1.0
GZEZIBFVJYNETN-OLQVQODUSA-N,1.6000053056154118,1.582526329148954,16,1.5828110131135231,1.5828110131135231,1.58,1.58,False,5,5,False,1.566052290437129,0.10836635229793438,1.583208715492791,0.01057715833152539,1.0
GZEZIBFVJYNETN-PHDIDXHHSA-N,1.7092921206529124,1.7092921206529124,1,1.6318580604478143,1.6318580604478143,1.7092921206529124,1.7092921206529124,False,1,1,False,-0.38231086140292514,2.0389244389701053,1.0847897103333717,0.9203906282509811,1.0
GZFGOTFRPZRKDS-UHFFFAOYSA-N,-7.192327362622958,-7.13,18,-7.13,-7.13,-7.13,-7.13,True,5,5,False,-7.140189569794498,0.11880935116903076,-7.120998141484727,0.012193270771412846,0.26823242527095054
GZJFAWOTMWATOS-UHFFFAOYSA-N,3.4766046906253543,3.4766046906253543,1,3.4747081717240773,3.4747081717240773,3.4766046906253543,3.4766046906253543,False,1,1,False,2.778022336038426,1.0605269289471333,3.3899485157769824,0.2825448492644725,1.0
GZPHSAQLYPIAIN-UHFFFAOYSA-N,-6.752712620759729,-6.753021835592519,7,-6.75203080928935,-6.75203080928935,-6.75,-6.75,False,3,3,False,-6.787994387133368,0.22745723600295786,-6.752140042652121,0.026156674660937074,1.0
GZUXJHMPEANEGY-UHFFFAOYSA-N,-0.6804502028118897,-0.8185481012839417,18,-0.8175570749807723,-0.8175570749807723,-0.82,-0.82,True,5,5,False,-0.8155340454326528,0.11443798237629915,-0.8147272738955018,0.010558911288597095,0.11318267389035093
HAORKNGNJCEJBX-UHFFFAOYSA-N,-7.455323000467142,-7.455323000467142,1,-7.457219519368419,-7.457219519368419,-7.455323000467142,-7.455323000467142,False,1,1,False,-7.499728603304655,1.0605269289471333,-7.498731421651026,0.2822613742737855,1.0
HAPOJKSPCGLOOD-UHFFFAOYSA-N,-0.1804443169808783,-0.1804443169808783,1,-0.2578783771859763,-0.2578783771859763,-0.1804443169808783,-0.1804443169808783,False,1,1,False,-1.8540644571524225,2.0389244389701053,-0.7244464047936112,0.9171704131233421,1.0
HAWJXYBZNNRMNO-UHFFFAOYSA-N,-8.896850405769838,-8.896850405769838,2,-8.936515695323026,-8.936515695323026,-8.896850405769838,-8.896850405769838,True,2,2,False,-9.628711347651873,0.9638346123868675,-9.844626266237348,0.27874699920992807,0.7975831458947147
HAXBIWFMXWRORI-UHFFFAOYSA-N,-5.321473919472493,-6.240222979745994,12,-6.24211949864727,-6.24211949864727,-6.240222979745994,-6.240222979745994,True,2,2,False,-6.045164070626132,0.3255494967023966,-6.328904648926551,0.09691877336381684,0.03224292239656382
HBGGXOJOCNVPFY-UHFFFAOYSA-N,-5.750799842682912,-5.750799842682912,1,-5.752696361584189,-5.752696361584189,-5.750799842682912,-5.750799842682912,False,1,1,False,-5.897205701481642,1.0605269289471333,-5.800943507116695,0.2822191027668621,1.0
HBPDKDSFLXWOAE-UHFFFAOYSA-N,-11.182631243828162,-11.33491625636686,3,-11.336812775268136,-11.336812775268136,-11.33491625636686,-11.33491625636686,False,2,2,False,-11.3938456716968,0.7231280539469104,-11.372256275840085,0.19542889348021036,1.0
HCAUQPZEWLULFJ-UHFFFAOYSA-N,-7.026561853894817,-7.026561853894817,1,-7.028458372796094,-7.028458372796094,-7.026561853894817,-7.026561853894817,False,1,1,False,-7.096624923747008,1.0605269289471333,-7.07166508497934,0.28224773522652075,1.0
HCDGVLDPFQMKDK-UHFFFAOYSA-N,0.4921520769119813,2.3111854684512427,3,2.3111854684512427,2.3111854684512427,-0.7244072657743785,-0.7244072657743785,True,2,2,False,-0.6862108865606792,0.17805529963300232,2.315635196047333,0.028227243658695885,0.0001354376991648303
HCEMRNNDNPDGEQ-UHFFFAOYSA-N,-22.4,-22.4,1,-22.4,-22.4,-22.4,-22.4,False,1,1,False,-22.241106608337756,0.40899538467915797,-22.39928587908101,0.02828551313400329,1.0
HCFAJYNVAYBARA-UHFFFAOYSA-N,-3.033537737784835,-2.927715105162524,20,-2.927715105162524,-2.927715105162524,-2.93,-2.93,False,5,5,False,-2.9531892109515385,0.09837109895742366,-2.9266091474794216,0.008924417617967228,0.18922247711036855
HCGFUIQPSOCUHI-UHFFFAOYSA-N,-5.921565995117911,-5.921565995117911,2,-5.922018741416965,-5.922018741416965,-5.921565995117911,-5.921565995117911,False,2,2,False,-6.118531971240919,0.8775947309896613,-5.853893975548208,0.12101185606556483,1.0
HCRWJJJUKUVORR-UHFFFAOYSA-N,-10.34398745709924,-10.324861004482848,3,-10.326757523384124,-10.326757523384124,-10.324861004482848,-10.324861004482848,False,3,3,False,-10.455014292201485,0.8204025530984671,-10.483030603262423,0.11820430508954594,1.0
HCTKORQPUZCIAO-UHFFFAOYSA-N,-2.093121582253379,-2.093121582253379,1,-2.170555642458477,-2.170555642458477,-2.093121582253379,-2.093121582253379,False,1,1,False,-3.3436846955163886,2.0389244389701053,-2.557009768117764,0.9152450302131246,1.0
HCTWZIFNBBCVGM-UHFFFAOYSA-N,-5.1396308846291525,-5.1396308846291525,1,-5.1415274035304295,-5.1415274035304295,-5.1396308846291525,-5.1396308846291525,False,1,1,False,-5.3226096640551805,1.0605269289471333,-5.192188363037,0.2822117155024228,1.0
HCWZEPKLWVAEOV-UHFFFAOYSA-N,-2.5634053716473573,-2.551202327929012,16,-2.553098846830289,-2.553098846830289,-2.551202327929012,-2.551202327929012,True,2,2,False,-2.8250779941882507,0.27973642148289285,-2.666337172821281,0.08249694016821509,0.5740581247938288
HDGQICNBXPAKLR-UHFFFAOYSA-N,4.076677761842916,4.076677761842916,1,3.999243701637818,3.999243701637818,4.076677761842916,4.076677761842916,False,1,1,False,1.4614427227264173,2.0389244389701053,3.3482651095249025,0.9264262044733446,1.0
HDZGCSFEDULWCS-UHFFFAOYSA-N,-5.31,-5.31,1,-5.31,-5.31,-5.31,-5.31,False,1,1,False,-5.307396143282394,0.2532417579784302,-5.309963853321052,0.02828371490635269,1.0
HEDRZPFGACZZDS-UHFFFAOYSA-N,-0.5810997623539164,-1.0777550000238565,82,-1.076763973720687,-1.076763973720687,-1.07,-1.07,True,5,5,False,-0.9396385646288379,0.08833643030022904,-1.0781813939970695,0.010267987857116741,0.002461766470878302
HEFNNWSXXWATRW-UHFFFAOYSA-N,-5.6379691218329,-5.6379691218329,1,-5.715403182037998,-5.715403182037998,-5.6379691218329,-5.6379691218329,False,1,1,False,-6.104462340938994,2.0389244389701053,-5.954648881042603,0.9150616147603841,1.0
HEMINMLPKZELPP-UHFFFAOYSA-N,-2.405561546402014,-2.405561546402014,1,-2.482995606607112,-2.482995606607112,-2.405561546402014,-2.405561546402014,False,1,1,False,-3.587017380188212,2.0389244389701053,-2.856444569026969,0.9150536209422718,1.0
HEMQRALQJLCVBR-UHFFFAOYSA-N,4.490150063956615,4.490150063956615,1,4.491141090259784,4.491141090259784,4.490150063956615,4.490150063956615,False,1,1,False,3.2653901346393224,1.4704237627620684,4.479692059854594,0.13061573292756948,1.0
HEZNVIYQEUHLNI-UHFFFAOYSA-N,-9.738838468241035,-9.738838468241035,2,-9.778503757794223,-9.778503757794223,-9.738838468241035,-9.738838468241035,False,2,2,False,-9.973275548273396,0.9638346123868675,-10.01222894850136,0.2705879068156439,1.0
HFBWPRKWDIRYNX-UHFFFAOYSA-N,-8.898125879273676,-8.898125879273676,1,-8.975559939478774,-8.975559939478774,-8.898125879273676,-8.898125879273676,False,1,1,False,-8.64351875902787,2.0389244389701053,-9.077792801846092,0.9187915818228882,1.0
HFCYZXMHUIHAQI-UHFFFAOYSA-N,-14.727515474583921,-14.727515474583921,2,-14.767180764137109,-14.767180764137109,-14.727515474583921,-14.727515474583921,False,2,2,False,-14.621090286210968,0.9638346123868675,-14.853019287724608,0.27043862817729986,1.0
HFEASCCDHUVYKU-UHFFFAOYSA-N,-2.387200554422027,-2.387200554422027,1,-2.389097073323304,-2.389097073323304,-2.387200554422027,-2.387200554422027,False,1,1,False,-2.7348873326302465,1.0605269289471333,-2.4506284131572533,0.282229212097758,1.0
HFEJHAAIJZXXRE-UHFFFAOYSA-N,-13.098806739016457,-13.098806739016457,1,-13.100703257917733,-13.100703257917733,-13.098806739016457,-13.098806739016457,False,1,1,False,-12.80550100996847,1.0605269289471333,-13.119830463834855,0.2826307224449127,1.0
HFFLGKNGCAIQMO-UHFFFAOYSA-N,-9.477567414650437,-9.447557890384893,6,-9.44770400424612,-9.44770400424612,-9.447557890384893,-9.447557890384893,False,2,2,False,-9.59577532848705,0.58364845622422,-9.487358539499926,0.060395682836476054,0.9607345372208479
HFHFGHLXUCOHLN-UHFFFAOYSA-N,-5.292930295506426,-5.293277721636157,8,-5.293504537315323,-5.293504537315323,-5.29,-5.29,False,3,3,False,-5.340072124941023,0.22269278918964888,-5.292703338124614,0.02605378145294159,1.0
HFPZCAJZSCWRBC-UHFFFAOYSA-N,-0.49123840098585225,-0.4736114796799818,19,-0.4764953661124631,-0.4764953661124631,-0.68,-0.68,False,4,4,False,-0.6977564286105824,0.18946428123063547,-0.6527181812562406,0.02632534549196235,0.7449551925065467
HFZWRUODUSTPEG-UHFFFAOYSA-N,-3.312842559615876,-3.348158852162427,4,-3.3878241417156145,-3.3878241417156145,-3.348158852162427,-3.348158852162427,True,2,2,False,-3.2152162996463094,0.6032128259600282,-1.6368233692485519,0.22475668227709172,0.031360305169285695
HGBOYTHUEUWSSQ-UHFFFAOYSA-N,-3.000250779576391,-3.03,29,-3.03,-3.03,-3.03,-3.03,False,4,4,False,-3.0488304828483055,0.09580405827412282,-3.026734509649863,0.008812366868052859,0.2462414721034162
HGCIXCUEYOPUTN-UHFFFAOYSA-N,0.26724445213332465,0.36820773961489073,18,0.3680688336520076,0.3680688336520076,0.3690344168260038,0.3690344168260038,False,5,5,False,0.3235351066919418,0.12976567139846304,0.3608774128646926,0.013661074733653618,0.169646801430157
HGCMMKIIGJXXMW-UHFFFAOYSA-N,-6.930619290290028,-6.878804547433984,3,-6.880701066335261,-6.880701066335261,-6.878804547433984,-6.878804547433984,False,2,2,False,-7.057437869711032,0.765232003170312,-6.955375052811355,0.09058203235709647,1.0
HGINCPLSRVDWNT-UHFFFAOYSA-N,-3.1823269994648387,-3.1408935610434003,7,-3.14265538355655,-3.14265538355655,-3.1408935610434003,-3.1408935610434003,False,3,3,False,-3.465588967231374,0.5014966267737644,-3.134457747769034,0.06940187727801819,0.9703897622966376
HGMYRFJAJNYBRX-UHFFFAOYSA-N,-2.6674664725105703,-2.6674664725105703,2,-2.707131762063758,-2.707131762063758,-2.6674664725105703,-2.6674664725105703,True,2,2,False,-3.453227325970266,0.9638346123868675,-3.251961946420878,0.27266491206858984,1.0
HGUFODBRKLSHSI-UHFFFAOYSA-N,-3.7515403982513362,-3.669254209332411,5,-3.671150728233688,-3.671150728233688,-3.669254209332411,-3.669254209332411,True,2,2,False,-4.057812550997544,0.5282086176564232,-3.854919893145276,0.1589397903872232,0.7086289395246341
HHLFWLYXYJOTON-UHFFFAOYSA-N,0.7199510531055315,2.807750600233808,5,2.8087416265369773,2.8087416265369773,2.807750600233808,2.807750600233808,True,1,1,False,0.38256339856816374,0.6901155102998446,3.0907338991297584,0.1002598255825732,0.0009885490746180496
HHOSMYBYIHNXNO-UHFFFAOYSA-N,3.0108457437522684,2.9331306962674577,13,2.9312341773661807,2.9312341773661807,2.7222753346080304,2.7222753346080304,True,5,5,False,2.773132909659181,0.1310893888411223,2.737273933345379,0.016154629325496415,0.12152636107699488
HIHSOGFAVTVMCY-UHFFFAOYSA-N,3.694884184301072,3.694884184301072,1,3.692987665399795,3.692987665399795,3.694884184301072,3.694884184301072,False,1,1,False,2.983239781173278,1.0605269289471333,3.607359670927201,0.28256398835569707,1.0
HIIRDDUVRXCDBN-UHFFFAOYSA-N,-10.630150303443797,-10.630150303443797,1,-10.632046822345075,-10.632046822345075,-10.630150303443797,-10.630150303443797,False,1,1,False,-10.484571278582127,1.0605269289471333,-10.660987936750303,0.2824255194678872,1.0
HJBYDWKNARZTMJ-UHFFFAOYSA-N,-3.688360158867089,-4.622821825838539,3,-4.624718344739816,-4.624718344739816,-4.622821825838539,-4.622821825838539,True,2,2,False,-4.642585399539982,0.7231280539469104,-4.636910516990351,0.19841795519309774,0.5271248074199921
HJCNTJIMUWQMSA-UHFFFAOYSA-N,-2.6933901898616033,-2.6933901898616033,1,-2.7708242500667013,-2.7708242500667013,-2.6933901898616033,-2.6933901898616033,False,1,1,False,-3.8111824185158696,2.0389244389701053,-3.1323057096586484,0.9149074533453887,1.0
HJJVPARKXDDIQD-UHFFFAOYSA-N,-10.79640263928325,-10.79640263928325,2,-10.836067928836439,-10.836067928836439,-10.79640263928325,-10.79640263928325,False,2,2,False,-10.825343161851304,0.9638346123868675,-10.854497704018357,0.2704257185093742,1.0
HJOVHMDZYOCNQW-UHFFFAOYSA-N,-4.91323933434134,-4.870361202639453,6,-4.8708139489385065,-4.8708139489385065,-4.870361202639453,-4.870361202639453,False,3,3,False,-5.152356107418921,0.5294888151993109,-4.895789954633885,0.08039340528906248,1.0
HJUFTIJOISQSKQ-UHFFFAOYSA-N,-10.42927107919047,-10.57984866730815,3,-10.581745186209428,-10.581745186209428,-10.57984866730815,-10.57984866730815,False,2,2,False,-10.675953092063382,0.7231280539469104,-10.638817605392267,0.19558947143867006,1.0
HJUGFYREWKUQJT-UHFFFAOYSA-N,-2.319669932621338,-2.316511132506582,3,-2.318407651407859,-2.318407651407859,-2.316511132506582,-2.316511132506582,False,2,2,False,-2.671401696628528,0.7231280539469104,-2.3901900054054304,0.19551023730154451,1.0
HJWLCRVIBGQPNF-UHFFFAOYSA-N,-0.75033575951028,-0.75033575951028,2,-0.7522322784115569,-0.7522322784115569,-0.75033575951028,-0.75033575951028,False,1,1,False,-1.0926209409761407,0.7613827475557001,-0.8131476572338406,0.19976125174146553,1.0
HKAMKLBXTLTVCN-UHFFFAOYSA-N,-10.705198237614198,-10.641125316691245,3,-10.698660683841016,-10.698660683841016,-10.641125316691245,-10.641125316691245,False,3,3,False,-10.842683189676547,0.8204025530984671,-10.687820695326753,0.11983879115151949,1.0
HKAPXAUCGXXUEA-UHFFFAOYSA-N,-2.6204709065971725,-2.6204709065971725,1,-2.6223674254984495,-2.6223674254984495,-2.6204709065971725,-2.6204709065971725,False,1,1,False,-2.9541985693065103,1.0605269289471333,-2.682977233224768,0.2822245059586988,1.0
HKDCIIMOALDWHF-UHFFFAOYSA-N,4.193190623161336,4.193190623161336,2,4.194181649464506,4.194181649464506,4.193190623161336,4.193190623161336,False,1,1,False,3.463330199920971,1.071004194705422,4.18661693158067,0.09235538564735357,1.0
HKIOYBQGHSTUDB-UHFFFAOYSA-N,-7.577431117041012,-7.577431117041012,2,-7.6170964065942,-7.6170964065942,-7.577431117041012,-7.577431117041012,False,2,2,False,-7.725169392914776,0.9638346123868675,-7.590853721174082,0.2708370192143033,1.0
HKMTVMBEALTRRR-UHFFFAOYSA-N,-4.36355346561897,-4.043178397613916,3,-4.045074916515193,-4.045074916515193,-4.043178397613916,-4.043178397613916,True,2,2,False,-4.443153733410529,0.7231280539469104,-4.141201983026362,0.19690153855883838,0.9211039371239156
HKOOXMFOFWEVGF-UHFFFAOYSA-N,-9.19929387922803,-9.19929387922803,1,-9.201190398129306,-9.201190398129306,-9.19929387922803,-9.19929387922803,False,1,1,False,-9.139338637679154,1.0605269289471333,-9.235802506816471,0.2823377323552349,1.0
HKPHPIREJKHECO-UHFFFAOYSA-N,-7.718819236232609,-7.74694707907225,3,-7.748843597973527,-7.748843597973527,-7.74694707907225,-7.74694707907225,False,2,2,False,-7.942934117145921,0.7231280539469104,-7.808186574073175,0.1953908775041053,1.0
HKTCLPBBJDIBGF-UHFFFAOYSA-N,-2.805046873435842,-2.805046873435842,1,-2.8069433923371188,-2.8069433923371188,-2.805046873435842,-2.805046873435842,False,1,1,False,-3.1277293380932467,1.0605269289471333,-2.8668240963918366,0.282221205540829,1.0
HLHPWCYPWKWQPO-UHFFFAOYSA-N,-7.662926553175229,-7.662926553175229,1,-7.664823072076506,-7.664823072076506,-7.662926553175229,-7.662926553175229,False,1,1,False,-7.694908965739277,1.0605269289471333,-7.705514172448174,0.28226870520864195,1.0
HLQDGCWIOSOMDP-UHFFFAOYSA-N,-3.2128663784988096,-3.2128663784988096,2,-3.252531668051997,-3.252531668051997,-3.2128663784988096,-3.2128663784988096,True,2,2,False,-2.812430046623767,0.9638346123868675,-2.035323557075725,0.28142784105300694,0.4274587412190342
HLTMUYBTNSVOFY-UHFFFAOYSA-N,3.654777199267368,3.654777199267368,1,3.57734313906227,3.57734313906227,3.654777199267368,3.654777199267368,False,1,1,False,1.1328605682769892,2.0389244389701053,2.9451986639860874,0.925176883656132,1.0
HLVFKOKELQSXIQ-UHFFFAOYSA-N,-0.028609930174007283,-0.0272849367094647,13,-0.029181455610741557,-0.029181455610741557,-0.03,-0.03,False,4,4,False,-0.04604463472496161,0.1207432280572501,-0.029700977896493917,0.011346110889986489,1.0
HLZKNKRTKFSKGZ-UHFFFAOYSA-N,-1.1164685978827495,-2.9801885399710377,4,-2.9820850588723147,-2.9820850588723147,-2.9801885399710377,-2.9801885399710377,True,2,2,False,-2.8360378124315253,0.6032128259600282,-3.100711126495807,0.1658060011741617,0.09123683624779426
HMIBKHHNXANVHR-UHFFFAOYSA-N,-8.455726858409228,-8.455726858409228,2,-8.495392147962416,-8.495392147962416,-8.455726858409228,-8.455726858409228,False,2,2,False,-8.603305669550611,0.9638346123868675,-8.526449004401314,0.2704341158458642,1.0
HMMGMWAXVFQUOA-UHFFFAOYSA-N,0.631113729564462,0.6360986658435656,5,0.6342021469422886,0.6342021469422886,0.6360986658435656,0.6360986658435656,False,1,1,False,0.3365936157095507,0.48605923627515846,0.5884174972565396,0.1370419741475703,0.7987323931611477
HMNKTRSOROOSPP-UHFFFAOYSA-N,-6.174819161904827,-6.261892974822154,8,-6.260901948518985,-6.260901948518985,-6.25,-6.25,False,3,3,False,-6.280601455703231,0.22508652993010442,-6.249147418645936,0.026068062538382425,0.19972352552223283
HMSVXZJWPVIVIV-UHFFFAOYSA-N,-4.092740506419708,-4.092740506419708,1,-4.094637025320985,-4.094637025320985,-4.092740506419708,-4.092740506419708,False,1,1,False,-4.338366182752381,1.0605269289471333,-4.1494321615830625,0.2822085797075774,1.0
HMSWAIKSFDFLKN-UHFFFAOYSA-N,-8.886759292977313,-8.886759292977313,1,-8.964193353182411,-8.964193353182411,-8.886759292977313,-8.886759292977313,False,1,1,False,-8.634666300071203,2.0389244389701053,-9.06691076959528,0.9187718116575931,1.0
HNBDRPTVWVGKBR-UHFFFAOYSA-N,-2.551126715440296,-2.57,19,-2.57,-2.57,-2.57,-2.57,False,5,5,False,-2.569544278082805,0.10154107415529386,-2.5717568692833632,0.009907902720707665,0.05610282567017072
HNKJADCVZUBCPG-UHFFFAOYSA-N,-2.721458744910447,-2.7284936709464724,17,-2.73,-2.73,-2.73,-2.73,False,5,5,False,-2.725872601719259,0.10478239039925646,-2.7223668399936582,0.010434656340935097,0.3935276240718237
HNRMPXKDFBEGFZ-UHFFFAOYSA-N,2.527822377771187,2.512790650646766,20,2.5123379043477123,2.5123379043477123,2.59,2.59,False,5,5,False,2.541336557287268,0.10912654256611065,2.583954548838053,0.010314122133979161,0.5280235123434017
HNVRRHSXBLFLIG-UHFFFAOYSA-N,-4.319877727912694,-4.319877727912694,2,-4.320330474211747,-4.320330474211747,-4.319877727912694,-4.319877727912694,False,2,2,False,-4.501690310693836,0.8775947309896613,-4.418736165492779,0.11999804108710706,1.0
HNYOPLTXPVRDBG-UHFFFAOYSA-N,-8.046275023707063,-8.046275023707063,1,-8.12370908391216,-8.12370908391216,-8.046275023707063,-8.046275023707063,False,1,1,False,-7.980085205673587,2.0389244389701053,-8.26209291209059,0.9174442856351595,1.0
HOAAQUNESXYFDT-UHFFFAOYSA-N,3.4766046906253543,3.4766046906253543,1,3.4747081717240773,3.4747081717240773,3.4766046906253543,3.4766046906253543,False,1,1,False,2.778022336038426,1.0605269289471333,3.3899485157769824,0.2825448492644725,1.0
HOBRTVXSIVSXIA-UHFFFAOYSA-N,-2.8184211443760834,-2.8184211443760834,2,-2.8203176632773603,-2.8203176632773603,-2.8184211443760834,-2.8184211443760834,False,1,1,False,-3.0969197214814908,0.7613827475557001,-2.8771407806918377,0.19975100194560855,1.0
HOLHYSJJBXSLMV-UHFFFAOYSA-N,-5.2044849247006235,-5.402417468474015,5,-5.4014264421708456,-5.4014264421708456,-5.402417468474015,-5.402417468474015,True,3,3,False,-5.585823925194002,0.6051215941283965,-5.409912857609304,0.08358210809933074,1.0
HONIICLYMWZJFZ-UHFFFAOYSA-N,-5.564220841300191,-5.56,8,-5.56,-5.56,-5.56,-5.56,False,2,2,False,-5.561003689617593,0.10788803751545477,-5.5630595461123304,0.010182962364581678,0.9320364373393119
HOOYQDGYTHKHOP-UHFFFAOYSA-N,-7.359068303271936,-7.359068303271936,1,-7.360964822173213,-7.360964822173213,-7.359068303271936,-7.359068303271936,False,1,1,False,-7.409233876988428,1.0605269289471333,-7.402857244027329,0.2822581363005537,1.0
HOPMUCXYRNOABF-UHFFFAOYSA-N,-5.155901924827438,-5.155901924827438,2,-5.157798443728715,-5.157798443728715,-5.155901924827438,-5.155901924827438,True,1,1,False,-5.362304851127553,0.7613827475557001,-4.957135103561856,0.2810056418972629,0.3950332203293757
HOQADATXFBOEGG-UHFFFAOYSA-N,-7.571120565870831,-7.571120565870831,2,-7.610785855424018,-7.610785855424018,-7.571120565870831,-7.571120565870831,False,2,2,False,-7.8001910868725535,0.9638346123868675,-7.697439429523572,0.2702504393615385,1.0
HORNXRXVQWOLPJ-UHFFFAOYSA-N,-5.790309549574623,-6.616597152045196,12,-6.617049898344249,-6.617049898344249,-6.62,-6.62,True,4,4,False,-6.325945311088256,0.2111332713614098,-6.615523282086067,0.025944468582966562,0.019047089644066033
HOXINJBQVZWYGZ-UHFFFAOYSA-N,-9.507946769383052,-9.507946769383052,1,-9.58538082958815,-9.58538082958815,-9.507946769383052,-9.507946769383052,False,1,1,False,-9.118455935402283,2.0389244389701053,-9.661520590777855,0.9199246577557885,1.0
HOYRZHJJAHRMLL-UHFFFAOYSA-N,-7.584328693200301,-7.584328693200301,2,-7.586225212101578,-7.586225212101578,-7.584328693200301,-7.584328693200301,False,1,1,False,-7.715830893144487,0.7613827475557001,-7.6336182035396325,0.19976232142490574,1.0
HPEUJPJOZXNMSJ-UHFFFAOYSA-N,-0.8604205531748713,-0.8604205531748713,1,-0.9378546133799693,-0.9378546133799693,-0.8604205531748713,-0.8604205531748713,False,1,1,False,-2.3836396141493443,2.0389244389701053,-1.3758215407125154,0.9163359251657125,1.0
HPKXJYOQYRMNRI-UHFFFAOYSA-N,-5.5363027166233705,-5.5363027166233705,1,-5.538199235524647,-5.538199235524647,-5.5363027166233705,-5.5363027166233705,False,1,1,False,-5.695544283556134,1.0605269289471333,-5.587293582588651,0.2822160434204108,1.0
HPNMFZURTQLUMO-UHFFFAOYSA-N,-3.6604943852469245,-4.07,25,-4.07,-4.07,-4.07,-4.07,True,5,5,False,-4.051257556851467,0.09285157469361867,-4.077711359604924,0.008269425911809162,0.0013154649641818656
HPQURZRDYMUHJI-UHFFFAOYSA-N,2.551080293148033,2.5511415823349517,8,2.5510663043190602,2.5510663043190602,2.55,2.55,False,4,4,False,2.479274313238861,0.22636288206411329,2.547898889820544,0.026145526036763456,1.0
HPRGYUWRGCTBAV-UHFFFAOYSA-N,-3.5323797052280055,-3.5323797052280055,2,-3.5720449947811925,-3.5720449947811925,-3.5323797052280055,-3.5323797052280055,False,2,2,False,-3.843026545864229,0.9638346123868675,-3.508492822061678,0.2716315678834962,1.0
HPTONIHIRXRLKH-UHFFFAOYSA-N,-3.437902025392555,-3.437902025392555,1,-3.4369109990893856,-3.4369109990893856,-3.437902025392555,-3.437902025392555,False,1,1,False,-3.7506375192907804,1.4704237627620684,-3.441652975016353,0.1305730417345914,1.0
HPXRVTGHNJAIIH-UHFFFAOYSA-N,-4.681094655340365,-5.37922527227097,23,-5.378234245967801,-5.378234245967801,-5.475621414913958,-5.475621414913958,True,5,5,False,-5.358706857636952,0.11232509689620722,-5.467457729092584,0.011302213782586487,0.0009195172872312685
HPYNBECUCCGGPA-UHFFFAOYSA-N,-4.540401842462617,-4.540401842462617,2,-4.580067132015804,-4.580067132015804,-4.540401842462617,-4.540401842462617,False,2,2,False,-4.87284634876131,0.9638346123868675,-4.613361340240618,0.27065539663417665,1.0
HPYNZHMRTTWQTB-UHFFFAOYSA-N,-4.871153112556905,-4.827479805097379,18,-4.826984291945795,-4.826984291945795,-4.825525812619503,-4.825525812619503,False,5,5,False,-4.846831041909194,0.11880935116903076,-4.824141602751183,0.011269968412042813,0.8974413412525973
HQABUPZFAYXKJW-UHFFFAOYSA-N,-3.997255946823,-4.29,32,-4.29,-4.29,-4.29,-4.29,True,5,5,False,-4.278591844294151,0.08390009827594601,-4.28834267410876,0.00786690608070095,0.001232848805161844
HQOTYVGQHJAXMM-UHFFFAOYSA-N,-0.1,-0.1,1,-0.1,-0.1,-0.1,-0.1,False,1,1,False,-0.1395774136531437,0.40899538467915797,-0.1001705117745084,0.028283813073909356,1.0
HQZHQNKZOYIKQC-UHFFFAOYSA-N,4.422538479549183,4.422538479549183,1,4.345104419344085,4.345104419344085,4.422538479549183,4.422538479549183,False,1,1,False,1.7308039652656497,2.0389244389701053,3.6785670411257647,0.9275096468085697,1.0
HRBKVYFZANMGRE-UHFFFAOYSA-N,-5.226641109254158,-5.216408507576945,4,-5.2415200519528895,-5.2415200519528895,-5.216408507576945,-5.216408507576945,False,2,2,False,-5.488223473518272,0.6032128259600282,-5.291693601696568,0.16095523439494952,1.0
HRPVXLWXLXDGHG-UHFFFAOYSA-N,-10.079809167731485,-10.079809167731485,1,-10.081705686632763,-10.081705686632763,-10.079809167731485,-10.079809167731485,False,1,1,False,-9.967163069860147,1.0605269289471333,-10.11282926463242,0.28238906332288144,1.0
HRQGCQVOJVTVLU-UHFFFAOYSA-N,-2.82468548270702,-2.82468548270702,2,-2.8265820016082968,-2.8265820016082968,-2.82468548270702,-2.82468548270702,False,1,1,False,-3.1029908468659895,0.7613827475557001,-2.8833934479812604,0.19975899569832653,1.0
HRVUKLBFRPWXPJ-UHFFFAOYSA-N,-2.3203826033562542,-3.8651399092107193,5,-3.867036428111996,-3.867036428111996,-3.8651399092107193,-3.8651399092107193,True,3,3,False,-3.1341746254152794,0.5627608353377608,-3.9051921185418905,0.16066955927374685,0.0017654721057903467
HRYZWHHZPQKTII-UHFFFAOYSA-N,-0.5873025972682869,-0.5993121699877328,36,-0.6002604294383713,-0.6002604294383713,-0.63,-0.63,True,5,5,False,-0.6995015694529934,0.10484080728392697,-0.6226010525709097,0.01051720369485249,0.003514387821867337
HSFWRNGVRCDJHI-UHFFFAOYSA-N,-0.007848386197875425,-0.01,12,-0.01,-0.01,-0.01,-0.01,False,5,5,False,-0.023221545259033236,0.11700117721661984,-0.00943175409590778,0.010623057898672005,1.0
HSMVPDGQOIQYSR-UHFFFAOYSA-N,-12.508407270219129,-12.508407270219129,2,-12.548072559772317,-12.548072559772317,-12.508407270219129,-12.508407270219129,True,2,2,False,-12.050497916520712,0.9638346123868675,-11.95831699409649,0.27572017052820924,0.786696684810171
HSNWZBCBUUSSQD-UHFFFAOYSA-N,-1.6805537261889185,-1.594046392321357,5,-1.595942911222634,-1.595942911222634,-1.594046392321357,-1.594046392321357,False,3,3,False,-2.002299645666408,0.6051215941283965,-1.8827121650332488,0.08566918546687645,1.0
HSOMNBKXPGCNBH-UHFFFAOYSA-N,3.613029374172678,3.613029374172678,1,3.6111328552714013,3.6111328552714013,3.613029374172678,3.613029374172678,False,1,1,False,2.906283239247709,1.0605269289471333,3.5258305292184513,0.28255674838405703,1.0
HSQFVBWFPBKHEB-UHFFFAOYSA-N,-4.56104743523788,-4.56104743523788,1,-4.638481495442978,-4.638481495442978,-4.56104743523788,-4.56104743523788,False,1,1,False,-5.265740425531877,2.0389244389701053,-4.922459329286768,0.9146570362918173,1.0
HSSBORCLYSCBJR-UHFFFAOYSA-N,-9.080221470456067,-9.080221470456067,2,-9.119886760009255,-9.119886760009255,-9.080221470456067,-9.080221470456067,True,2,2,False,-10.95786274691815,0.9638346123868675,-11.96588412491362,0.2837484569973126,0.16125080574954784
HTDQSWDEWGSAMN-UHFFFAOYSA-N,-2.532655862249568,-2.532655862249568,1,-2.534552381150845,-2.534552381150845,-2.532655862249568,-2.532655862249568,False,1,1,False,-2.8716384591378845,1.0605269289471333,-2.5955090905337945,0.28222620747304306,1.0
HTIRHQRTDBPHNZ-UHFFFAOYSA-N,-0.8319321020554677,-0.8319321020554677,1,-0.9093661622605658,-0.9093661622605658,-0.8319321020554677,-0.8319321020554677,False,1,1,False,-2.361452403521806,2.0389244389701053,-1.3485283230681318,0.9163675329766512,1.0
HTKIMWYSDZQQBP-UHFFFAOYSA-N,-8.11098023348482,-8.154011450979487,3,-8.153633689551967,-8.153633689551967,-8.154011450979487,-8.154011450979487,False,2,2,False,-8.224717339403004,0.765232003170312,-8.103393875501315,0.08989600052725161,1.0
HTSABYAWKQAHBT-UHFFFAOYSA-N,-5.216724770056735,-5.216724770056735,1,-5.218621288958012,-5.218621288958012,-5.216724770056735,-5.216724770056735,False,1,1,False,-5.39509017945564,1.0605269289471333,-5.268977785340095,0.28221242152361614,1.0
HUAZGNHGCJGYNP-UHFFFAOYSA-N,-2.263047939984605,-2.278292215240304,15,-2.2773011889371344,-2.2773011889371344,-2.28,-2.28,False,5,5,False,-2.310774476675778,0.12096969247835498,-2.2806554946418696,0.01217100760732728,0.09594716851547679
HUBANNPOLNYSAD-UHFFFAOYSA-N,-10.028566002148048,-10.017198567205206,3,-10.094632627410304,-10.094632627410304,-10.017198567205206,-10.017198567205206,True,2,2,False,-10.172071716226405,0.7231280539469104,-10.131760818023919,0.26599480591426017,0.6048079029195236
HUMNYLRZRPPJDN-UHFFFAOYSA-N,-3.9671697418051672,-4.024528164646047,41,-4.023537138342878,-4.023537138342878,-4.02,-4.02,True,5,5,False,-4.041191086379215,0.09080053161613787,-4.0192033999509675,0.008315668161696647,0.04937372265853044
HUPFGZXOMWLGNK-UHFFFAOYSA-N,-4.1858976191996815,-4.1858976191996815,1,-4.2633316794047795,-4.2633316794047795,-4.1858976191996815,-4.1858976191996815,False,1,1,False,-4.973568416936689,2.0389244389701053,-4.562872090996569,0.9146104978684951,1.0
HUTDUHSNJYTCAR-UHFFFAOYSA-N,-11.933023583586404,-11.933023583586404,2,-11.972688873139592,-11.972688873139592,-11.933023583586404,-11.933023583586404,True,2,2,False,-12.275173241018235,0.9638346123868675,-12.502351229793893,0.27459653844674486,1.0
HVCFCNAITDHQFX-UHFFFAOYSA-N,-4.610951047387662,-4.611154303899538,6,-4.610163277596369,-4.610163277596369,-4.61,-4.61,False,3,3,False,-4.644894819534128,0.23254118123630332,-4.611462118895891,0.02626125618062903,1.0
HVFJQRZGBBKTPL-UHFFFAOYSA-N,5.615110662810943,5.615110662810943,1,5.616101689114112,5.616101689114112,5.615110662810943,5.615110662810943,False,1,1,False,4.260937916388529,1.4704237627620684,5.603699518032624,0.1306273786769595,1.0
HVRUGFJYCAFAAN-UHFFFAOYSA-N,-0.8352839609483323,-1.19,7,-1.19,-1.19,-1.19,-1.19,True,5,5,False,-1.2145751030850125,0.1847907334159285,-1.1942461097313213,0.016291306213072176,0.3306370518848665
HVTICUPFWKNHNG-UHFFFAOYSA-N,-0.729489964777522,-0.7366932911555476,17,-0.7357022648523782,-0.7357022648523782,-0.72,-0.72,False,5,5,False,-0.7457817952358403,0.12317728194763677,-0.7191935662178672,0.010662270234240252,1.0
HVYWMOMLDIMFJA-UHFFFAOYSA-N,-16.117870435805273,-16.117870435805273,1,-16.195304496010372,-16.195304496010372,-16.117870435805273,-16.117870435805273,False,1,1,False,-14.26635843119562,2.0389244389701053,-15.96866564682865,0.9426663778049998,1.0
HVZJRWJGKQPSFL-UHFFFAOYSA-N,-1.815272666711563,-1.926661463980074,5,-1.928557982881351,-1.928557982881351,-1.926661463980074,-1.926661463980074,True,2,2,False,-2.035824618082112,0.5125758248905926,-2.0945326685112184,0.10858869985323306,0.3892069686460875
HWATZEJQIXKWQS-UHFFFAOYSA-N,-10.062642622621228,-10.062642622621228,1,-10.140076682826326,-10.140076682826326,-10.062642622621228,-10.062642622621228,False,1,1,False,-9.550460949589782,2.0389244389701053,-10.192302622093925,0.9210808090451545,1.0
HWGBHCRJGXAGEU-UHFFFAOYSA-N,-7.483136874840428,-7.483136874840428,1,-7.560570935045526,-7.560570935045526,-7.483136874840428,-7.483136874840428,False,1,1,False,-7.541505211663439,2.0389244389701053,-7.722691804445181,0.9167008072090154,1.0
HWIGZMADSFQMOI-UHFFFAOYSA-N,-5.385559841372892,-5.385559841372892,1,-5.387456360274169,-5.387456360274169,-5.385559841372892,-5.385559841372892,False,1,1,False,-5.553822002593073,1.0605269289471333,-5.437146067251633,0.28221419540862464,1.0
HWPZZUQOWRWFDB-UHFFFAOYSA-N,-18.4,-18.4,1,-18.4,-18.4,-18.4,-18.4,False,1,1,False,-18.27670675278895,0.40899538467915797,-18.399444589241753,0.028284800846667794,1.0
HWTBOKMYXXIASI-UHFFFAOYSA-N,-2.7648060167323276,-2.7648060167323276,1,-2.8422400769374256,-2.8422400769374256,-2.7648060167323276,-2.7648060167323276,False,1,1,False,-3.8668020794893434,2.0389244389701053,-3.200753857860378,0.9148756536581041,1.0
HWWYDZCSSYKIAD-UHFFFAOYSA-N,-4.4120924365465015,-4.84112810707457,20,-4.841042619813409,-4.841042619813409,-4.84,-4.84,True,5,5,False,-4.774441375380557,0.10110630678494674,-4.840771605273628,0.009270036921893755,0.005367643380437368
HXDOZKJGKXYMEW-UHFFFAOYSA-N,-5.457189559640056,-6.139110759629562,7,-6.138119733326393,-6.138119733326393,-6.13,-6.13,True,4,4,False,-6.122896225942161,0.2313721752456441,-6.131870576652062,0.026265496344617122,0.2321875573796572
HXGDTGSAIMULJN-UHFFFAOYSA-N,-3.203401686141599,-3.179845856736047,8,-3.1817423756373238,-3.1817423756373238,-3.15,-3.15,False,3,3,False,-3.2988688833420974,0.29906250151097746,-3.1557895140343297,0.027595468368243215,1.0
HXQDUXXBVMMIKL-UHFFFAOYSA-N,3.353822475432763,3.353822475432763,1,3.351925956531486,3.351925956531486,3.353822475432763,3.353822475432763,False,1,1,False,2.662587523150072,1.0605269289471333,3.267654587230024,0.28253431894140346,1.0
HXQPUEQDBSPXTE-UHFFFAOYSA-N,-3.110171327267507,-3.110482784878978,4,-3.1095458027653677,-3.1095458027653677,-3.110482784878978,-3.110482784878978,False,3,3,False,-3.4324553840818077,0.7264233182696221,-3.121923121915649,0.08746318272534391,1.0
HXVNBWAKAOHACI-UHFFFAOYSA-N,-2.668602719977466,-2.74,16,-2.74,-2.74,-2.74,-2.74,False,5,5,False,-2.74856919006439,0.11505636812949299,-2.738332475007521,0.010537191033323555,0.784041997115719
HYBBIBNJHNGZAN-UHFFFAOYSA-N,-5.252699535545376,-5.2672512387469945,3,-5.2691477576482715,-5.2691477576482715,-5.2672512387469945,-5.2672512387469945,False,2,2,False,-5.535093556624579,0.7231280539469104,-5.333453848221699,0.1954313825301131,1.0
HYFLWBNQFMXCPA-UHFFFAOYSA-N,-0.8002189991113904,-1.0368275949596597,16,-1.0358365686564903,-1.0358365686564903,-1.04,-1.04,True,5,5,False,-1.0660477458252857,0.16677193554846317,-1.0367723540509415,0.015692051725512843,0.5336534416653791
HYJSGOXICXYZGS-UHFFFAOYSA-N,-14.065270693045752,-13.901878504151052,3,-13.912560905572958,-13.912560905572958,-13.901878504151052,-13.901878504151052,True,2,2,False,-14.170664819156173,0.7231280539469104,-14.202996689280843,0.2125809132020383,1.0
HYTRYEXINDDXJK-UHFFFAOYSA-N,-3.000301117942256,-3.00134303804112,6,-3.003808185773666,-3.003808185773666,-3.00134303804112,-3.00134303804112,False,3,3,False,-3.283643775259238,0.5294888151993109,-3.0202943411783543,0.08021636232040591,1.0
HYVWIQDYBVKITD-UHFFFAOYSA-N,-8.637422317739585,-8.637422317739585,2,-8.677087607292773,-8.677087607292773,-8.637422317739585,-8.637422317739585,True,2,2,False,-7.206430318028841,0.9638346123868675,-6.148899773524953,0.28171670170781327,0.15888394194372588
HYYBABOKPJLUIN-UHFFFAOYSA-N,-0.5721444891659624,-0.5721444891659624,1,-0.6495785493710604,-0.6495785493710604,-0.5721444891659624,-0.5721444891659624,False,1,1,False,-2.1591261183388544,2.0389244389701053,-1.099651891119466,0.9166692534315778,1.0
HZAXFHJVJLSVMW-UHFFFAOYSA-N,-9.22898329464583,-10.955613667188254,3,-10.957510186089532,-10.957510186089532,-10.955613667188254,-10.955613667188254,True,2,2,False,-10.631740097511617,0.7231280539469104,-11.063244737580522,0.20225230270331612,0.17903652210697196
HZJKXKUJVSEEFU-UHFFFAOYSA-N,-9.218728534073618,-9.218364004075973,3,-9.222230180284622,-9.222230180284622,-9.218364004075973,-9.218364004075973,False,2,2,False,-9.381330929631723,0.7231280539469104,-9.27977634779597,0.19543776955353803,1.0
HZYHMHHBBBSGHB-UHFFFAOYSA-N,-3.0115628325271757,-3.0602275842855753,4,-3.0621241031868522,-3.0621241031868522,-3.0602275842855753,-3.0602275842855753,False,1,1,False,-3.264325123029788,0.542578892102387,-3.082194584415196,0.1514337603439019,0.9201161583031533
IAHOUQOWMXVMEH-UHFFFAOYSA-N,-8.529927885799845,-8.529927885799845,1,-8.607361946004943,-8.607361946004943,-8.529927885799845,-8.529927885799845,False,1,1,False,-8.356760928649477,2.0389244389701053,-8.725259870091552,0.9181759623071312,1.0
IAIHUHQCLTYTSF-UHFFFAOYSA-N,-0.7403375727586963,-0.7403375727586963,1,-0.8177716329637943,-0.8177716329637943,-0.7403375727586963,-0.7403375727586963,False,1,1,False,-2.2901172823065425,2.0389244389701053,-1.2607783436425912,0.9164711347140688,1.0
IAKOZHOLGAGEJT-UHFFFAOYSA-N,-5.970387903610011,-6.928398977788309,3,-6.9302954966895856,-6.9302954966895856,-6.928398977788309,-6.928398977788309,True,2,2,False,-6.873911385887932,0.7231280539469104,-6.933335620171259,0.19856304180891643,0.514319066081449
IALRSQMWHFKJJA-UHFFFAOYSA-N,3.531174564044284,3.531174564044284,1,3.5292780451430072,3.5292780451430072,3.531174564044284,3.531174564044284,False,1,1,False,2.8293266973221396,1.0605269289471333,3.4443013376248324,0.282549583796203,1.0
IANUJLZYFUDJIH-UHFFFAOYSA-N,-8.88091108643904,-8.88091108643904,1,-8.882807605340318,-8.882807605340318,-8.88091108643904,-8.88091108643904,False,1,1,False,-8.840008168239256,1.0605269289471333,-8.918680229001355,0.28232128619015573,1.0
IAQRGUVFOMOMEM-ARJAWSKDSA-N,1.621437816232262,1.339300818124764,4,1.3385987617779302,1.3385987617779302,1.339300818124764,1.339300818124764,True,3,3,False,1.0170166643301348,0.6562977178022762,1.31983405812992,0.10875040112662937,1.0
IAQRGUVFOMOMEM-ONEGZZNKSA-N,1.6191572570289379,1.3239625065136345,4,1.3235097602145807,1.3235097602145807,1.3239625065136345,1.3239625065136345,True,3,3,False,1.0057955027419982,0.6562977178022762,1.3039815296995065,0.10875985124723796,1.0
IAVREABSGIHHMO-UHFFFAOYSA-N,-9.40141165541936,-9.509400221624228,18,-9.51,-9.51,-9.51,-9.51,True,5,5,False,-9.51616695793807,0.10479234928420486,-9.508070010223541,0.009855074261432261,0.7697775656706256
IAYPIBMASNFSPL-UHFFFAOYSA-N,-3.30795888265031,-3.0286279747505844,6,-3.0293584982443127,-3.0293584982443127,-3.0286279747505844,-3.0286279747505844,True,3,3,False,-3.590073073203611,0.5294888151993109,-3.072523891095457,0.08327701845623166,0.3243307155756462
IAZDPXIOMUYVGZ-UHFFFAOYSA-N,-9.373103844433935,-9.968109841881017,8,-9.969058101331655,-9.969058101331655,-10.1,-10.1,True,3,3,False,-9.992070288120644,0.2275591596617137,-10.094708438028544,0.0263337698020414,0.006953592058253941
IBSQPLPBRSHTTG-UHFFFAOYSA-N,0.15897557988434127,-0.9925650527549283,26,-0.9944615716562053,-0.9944615716562053,-1.15,-1.15,True,5,5,False,-0.7026975054620731,0.13671473728326156,-1.1415960005218375,0.015614752469023715,0.027548836748899276
IBXNCJKFFQIKKY-UHFFFAOYSA-N,0.009556533047751342,0.01,23,0.01,0.01,0.01,0.01,False,5,5,False,-0.019229552285276515,0.09719881151977154,0.004984603067282835,0.009252394104978346,0.16015416183746517
IBYHHJPAARCAIE-UHFFFAOYSA-N,-1.9502936365111765,-1.9502868068833652,11,-1.95,-1.95,-1.95,-1.95,False,5,5,False,-1.9672363276059754,0.126963269612089,-1.950539221943725,0.012494927460567126,1.0
IBZHOAONZVJLOB-UHFFFAOYSA-N,-3.580298300195995,-3.580298300195995,1,-3.657732360401093,-3.657732360401093,-3.580298300195995,-3.580298300195995,False,1,1,False,-4.501919060139006,2.0389244389701053,-3.982392594102055,0.9146380343888149,1.0
ICMAFTSLXCXHRK-UHFFFAOYSA-N,-2.5069514037741403,-2.508285854458011,16,-2.5077903413064266,-2.5077903413064266,-2.52,-2.52,False,4,4,False,-2.531183244639438,0.11521253887593555,-2.519811206341621,0.010669305697325904,1.0
ICOAEPDGFWLUTI-UHFFFAOYSA-N,-1.4108760106757783,-1.462843374142162,4,-1.5025086636953495,-1.5025086636953495,-1.462843374142162,-1.462843374142162,True,2,2,False,-1.7064455672258265,0.6032128259600282,-1.4645033371344542,0.20091582160985,0.5178462115224919
ICSNLGPSRYBMBD-UHFFFAOYSA-N,-8.128553084050587,-8.128553084050587,2,-8.128057570899003,-8.128057570899003,-8.126195028680687,-8.126195028680687,False,2,2,False,-8.119766539349381,0.24998213696148577,-8.126396492000998,0.027643692169289812,1.0
IDDBICIFODFKQO-UHFFFAOYSA-N,2.216230598342251,2.216230598342251,1,2.214334079440974,2.214334079440974,2.216230598342251,2.216230598342251,False,1,1,False,1.5930702052773238,1.0605269289471333,2.1345818189917787,0.28244479020546326,1.0
IDOWTHOLJBTAFI-UHFFFAOYSA-N,-14.241010695987583,-14.275146498898806,3,-14.277043017800082,-14.277043017800082,-14.275146498898806,-14.275146498898806,False,2,2,False,-14.251822158179747,0.7231280539469104,-14.276873331638592,0.19608732163148593,1.0
IEJIGPNLZYLLBP-UHFFFAOYSA-N,-3.514106037861367,-3.521031746475168,6,-3.522928265376445,-3.522928265376445,-3.521031746475168,-3.521031746475168,False,1,1,False,-3.754861693988138,0.4441748617004943,-3.5725726367675015,0.12175508373920822,0.9637909801944641
IFLREYGFSNHWGE-UHFFFAOYSA-N,1.371022383422225,1.371022383422225,1,1.293588323217127,1.293588323217127,1.371022383422225,1.371022383422225,False,1,1,False,-0.6457601404599971,2.0389244389701053,0.7610608261078613,0.9197142245356841,1.0
IFYYFLINQYPWGJ-UHFFFAOYSA-N,-4.853100447551981,-4.853540629802085,4,-4.852549603498915,-4.852549603498915,-4.853540629802085,-4.853540629802085,False,1,1,False,-5.046107074638228,0.7691402364010834,-4.8559394951155035,0.0659604095704309,1.0
IGFHQQFPSIBGKE-UHFFFAOYSA-N,-3.8977533951429,-3.8977533951429,1,-3.899649914044177,-3.899649914044177,-3.8977533951429,-3.8977533951429,False,1,1,False,-4.155047282123545,1.0605269289471333,-3.955215051891192,0.28220932320295916,1.0
IGUYEXXAGBDLLX-UHFFFAOYSA-N,-5.275533375045634,-8.270359666684765,3,-8.272256185586041,-8.272256185586041,-8.270359666684765,-8.270359666684765,True,2,2,False,-8.139726340724165,0.7231280539469104,-8.520556750322534,0.2722150498157783,0.04754920451535288
IHIDFKLAWYPTKB-UHFFFAOYSA-N,-2.4500449742936876,-2.4500449742936876,2,-2.4897102638468755,-2.4897102638468755,-2.4500449742936876,-2.4500449742936876,True,2,2,False,-3.1319942805716834,0.9638346123868675,-2.8713649702411845,0.27094329070724477,1.0
IHPKGUQCSIINRJ-UHFFFAOYSA-N,0.09111806119838811,0.09111806119838811,2,0.08922154229711116,0.08922154229711116,0.09111806119838811,0.09111806119838811,False,1,1,False,-0.2771203436410897,0.7613827475557001,0.02616894959430404,0.20150923457987666,1.0
IHPXJGBVRWFEJB-UHFFFAOYSA-N,3.490247158980087,3.490247158980087,1,3.48835064007881,3.48835064007881,3.490247158980087,3.490247158980087,False,1,1,False,2.7908484263593545,1.0605269289471333,3.4035367232868188,0.28254602975871795,1.0
IIEWJVIFRVWJOD-UHFFFAOYSA-N,1.5780550148092969,1.4870290506658277,6,1.488020076968997,1.488020076968997,1.4870290506658277,1.4870290506658277,False,3,3,False,1.2176569732386227,0.5294888151993109,1.4892550683693124,0.0805132274742996,1.0
IIPZYDQGBIWLBU-UHFFFAOYSA-N,-4.504981970301787,-4.504981970301787,1,-4.582416030506885,-4.582416030506885,-4.504981970301787,-4.504981970301787,False,1,1,False,-5.222075844602073,2.0389244389701053,-4.8687200024828705,0.9146469875562906,1.0
IIYFAKIEWZDVMP-UHFFFAOYSA-N,3.7656712715316454,3.7656712715316454,2,3.7260059819784574,3.7260059819784574,3.7656712715316454,3.7656712715316454,True,2,2,False,2.4495321669031043,0.9638346123868675,2.8318549968634112,0.27529389765126056,0.8283769796867085
IIYGOARYARWJBO-UHFFFAOYSA-N,3.4493197539158897,3.4493197539158897,1,3.447423235014613,3.447423235014613,3.4493197539158897,3.4493197539158897,False,1,1,False,2.75237015539657,1.0605269289471333,3.3627720966762684,0.28254249455226066,1.0
IJDNQMDRQITEOD-UHFFFAOYSA-N,2.1554544699835168,2.081270285199037,38,2.081765798350622,2.081765798350622,2.08,2.08,False,5,5,False,2.074251984070367,0.07900500671339591,2.0866090839747407,0.007000279519719024,0.057009496613505385
IJFPVINAQGWBRJ-UHFFFAOYSA-N,-3.4775463521488836,-3.4775463521488836,2,-3.5172116417020707,-3.5172116417020707,-3.4775463521488836,-3.4775463521488836,True,2,2,False,-4.150577796740071,0.9638346123868675,-3.9542407521270517,0.27157802499053973,1.0
IJGRMHOSHXDMSA-UHFFFAOYSA-N,2.3478255294579142,2.4151964519950724,8,2.4161874782982418,2.4161874782982418,2.4151964519950724,2.4151964519950724,False,1,1,False,2.03170012020369,0.5481949952271242,2.3612156124097794,0.05077858732860389,0.6669346237297135
IJJVMEJXYNJXOJ-UHFFFAOYSA-N,-12.121065823270374,-12.121065823270374,2,-12.160731112823562,-12.160731112823562,-12.121065823270374,-12.121065823270374,False,2,2,False,-12.110354047838262,0.9638346123868675,-12.210248124782625,0.2703346498072337,1.0
IJMWOMHMDSDKGK-UHFFFAOYSA-N,-2.2550740640040443,-2.22,9,-2.22,-2.22,-2.222753346080306,-2.222753346080306,False,4,4,False,-2.2700603595240527,0.14006748318653559,-2.224433746637868,0.013837657664396779,0.04827090702193649
IKCLCGXPQILATA-UHFFFAOYSA-N,-7.2552662034589055,-7.2552662034589055,2,-7.2949314930120925,-7.2949314930120925,-7.2552662034589055,-7.2552662034589055,True,2,2,False,-7.671652101026875,0.9638346123868675,-7.619655116755076,0.270989087113734,1.0
IKECULIHBUCAKR-UHFFFAOYSA-N,-4.333465006920069,-4.602772156661546,10,-4.623805745951102,-4.623805745951102,-3.91,-3.91,True,5,5,False,-3.9813089178301557,0.1466530772820096,-3.9128941924601057,0.014225949619754265,0.17884296783346912
IKHGUXGNUITLKF-UHFFFAOYSA-N,-3.8490825158475994,-3.5,47,-3.5,-3.5,-3.5019120458891013,-3.5019120458891013,True,5,5,False,-4.257017058342916,0.0844274008517503,-3.4992764798786844,0.009020672201727056,0.00028328486558507174
IKVXBIIHQGXQRQ-UHFFFAOYSA-N,-8.160941177608505,-8.160941177608505,1,-8.162837696509783,-8.162837696509783,-8.160941177608505,-8.160941177608505,False,1,1,False,-8.163121930434086,1.0605269289471333,-8.201559242761927,0.2822882268672488,1.0
IKYICRRUVNIHPP-UHFFFAOYSA-N,-8.654123268103021,-8.636214615883755,3,-8.713648676088853,-8.713648676088853,-8.636214615883755,-8.636214615883755,False,3,3,False,-8.795696930770584,0.8204025530984671,-8.72128544291074,0.11783772444610238,1.0
IKZVAPMTXDXWMX-UHFFFAOYSA-N,-0.5724016666531316,-0.5193650007697285,5,-0.5212615196710054,-0.5212615196710054,-0.5193650007697285,-0.5193650007697285,True,1,1,False,-0.8517936589617446,0.48605923627515846,-0.5665689757741155,0.1577930521764502,0.38030632450724994
ILHIHKRJJMKBEE-UHFFFAOYSA-N,-5.527388144239753,-5.527388144239753,2,-5.5263971179365825,-5.5263971179365825,-5.527388144239753,-5.527388144239753,False,1,1,False,-5.664009939569788,1.071004194705422,-5.529537192118202,0.09994494600101332,1.0
ILUJQPXNXACGAN-UHFFFAOYSA-N,-8.266963647844037,-8.266963647844037,1,-8.344397708049135,-8.344397708049135,-8.266963647844037,-8.266963647844037,False,1,1,False,-8.151960642716698,2.0389244389701053,-8.47344609524386,0.9177673817030767,1.0
IMHBYKMAHXWHRP-UHFFFAOYSA-N,-10.752087249165692,-10.785711248310491,3,-10.832041446143041,-10.832041446143041,-10.785711248310491,-10.785711248310491,False,2,2,False,-10.860204690356435,0.7231280539469104,-10.795199171649747,0.19755967124852353,1.0
IMIDOCRTMDIQIJ-UHFFFAOYSA-N,-9.60798774185757,-9.60798774185757,2,-9.647653031410758,-9.647653031410758,-9.60798774185757,-9.60798774185757,True,2,2,False,-10.186203296835462,0.9638346123868675,-10.367503324231802,0.27670621053914995,0.9443814404757584
IMNFDUFMRHMDMM-UHFFFAOYSA-N,2.488954412887105,2.62,35,2.62,2.62,2.62,2.62,True,5,5,False,2.577551009394636,0.08598861515579384,2.620901333075047,0.00819735980955819,0.0038544582501296425
INISTDXBRIBGOC-UHFFFAOYSA-N,-11.52006721537344,-11.52006721537344,1,-11.597501275578537,-11.597501275578537,-11.52006721537344,-11.52006721537344,False,1,1,False,-10.685523936258233,2.0389244389701053,-11.585924050398063,0.9247123452572553,1.0
INQOMBQAUSQDDS-UHFFFAOYSA-N,-0.8956423998448754,-0.89,13,-0.89,-0.89,-0.89,-0.89,False,5,5,False,-0.9133577537751199,0.13760339974026137,-0.8918740110338044,0.012368769734619403,1.0
INYDMNPNDHRJQJ-UHFFFAOYSA-N,-7.133559516551021,-7.133559516551021,1,-7.210993576756119,-7.210993576756119,-7.133559516551021,-7.133559516551021,False,1,1,False,-7.269249396614829,2.0389244389701053,-7.387794805598551,0.9162971766760146,1.0
IOQPZZOEVPZRBK-UHFFFAOYSA-N,-3.3149618589702947,-3.656181519068273,10,-3.6551904927651035,-3.6551904927651035,-3.65,-3.65,True,4,4,False,-3.6335971449796176,0.21946956505281262,-3.6503883929687277,0.02561646919100181,0.17148745833771498
IOUNQDKNJZEDEP-UHFFFAOYSA-N,-7.287280129894206,-7.287280129894206,2,-7.326945419447393,-7.326945419447393,-7.287280129894206,-7.287280129894206,True,2,2,False,-7.035838757124842,0.9638346123868675,-6.675269286873096,0.27737080487785915,0.7342888255876184
IOVCWXUNBOPUCH-UHFFFAOYSA-N,-4.20017020920222,-4.20017020920222,1,-4.199179182899051,-4.199179182899051,-4.20017020920222,-4.20017020920222,False,1,1,False,-4.425216166989691,1.4704237627620684,-4.203276758549622,0.1305725613142489,1.0
IPBRZLMGGXHHMS-UHFFFAOYSA-N,-2.570944059966327,-2.570944059966327,2,-2.610609349519515,-2.610609349519515,-2.570944059966327,-2.570944059966327,False,2,2,False,-3.0074137607481197,0.9638346123868675,-2.660405714951288,0.2707156478533805,1.0
IPCSVZSSVZVIGE-UHFFFAOYSA-N,-5.133431163535112,-5.133431163535112,2,-5.1730964530882995,-5.1730964530882995,-5.133431163535112,-5.133431163535112,True,2,2,False,-4.887964031050245,0.9638346123868675,-4.365973802443014,0.2790783903977891,0.6298282729829207
IPKDONWGAZOWEP-UHFFFAOYSA-N,-6.39020914543345,-6.39020914543345,2,-6.429874434986637,-6.429874434986637,-6.39020914543345,-6.39020914543345,True,2,2,False,-6.448649735300675,0.9638346123868675,-6.1948102658297675,0.27314559759728607,1.0
IQGKIPDJXCAMSM-UHFFFAOYSA-N,-14.421493017582181,-14.421493017582181,2,-14.461158307135369,-14.461158307135369,-14.421493017582181,-14.421493017582181,True,2,2,False,-13.025167491133436,0.9638346123868675,-12.449876509871324,0.2804991224087975,0.2277823270505808
IQRUSQUYPCHEKN-UHFFFAOYSA-N,-1.5016955555910327,-1.5016955555910327,1,-1.5035920744923097,-1.5035920744923097,-1.5016955555910327,-1.5016955555910327,False,1,1,False,-1.9023717790427592,1.0605269289471333,-1.5686225848477149,0.28225251848027716,1.0
IQUPABOKLQSFBK-UHFFFAOYSA-N,-4.641193987470262,-4.583869367190073,57,-4.58576588609135,-4.58576588609135,-4.77565965583174,-4.77565965583174,True,4,4,False,-4.781276567497527,0.13166069076329637,-4.593348621934783,0.01802415767357646,0.03404173013532795
IQVNEKKDSLOHHK-FNCQTZNRSA-N,-5.51908522172212,-5.51908522172212,2,-5.558750511275307,-5.558750511275307,-5.51908522172212,-5.51908522172212,False,2,2,False,-5.810138803659644,0.9638346123868675,-5.598183698900084,0.2705426462361621,1.0
IRCMYGHHKLLGHV-UHFFFAOYSA-N,-8.429660498093442,-8.200972867592856,3,-8.278406927797954,-8.278406927797954,-8.200972867592856,-8.200972867592856,True,2,2,False,-8.691353630208358,0.7231280539469104,-8.489579864944835,0.26263404019082154,0.5510214613514268
IRIAEXORFWYRCZ-UHFFFAOYSA-N,-5.457709090012765,-5.457709090012765,2,-5.497374379565953,-5.497374379565953,-5.457709090012765,-5.457709090012765,True,2,2,False,-5.987733613578814,0.9638346123868675,-5.863347603277133,0.2711371930757965,1.0
IRLZOQDGEAEIPX-UHFFFAOYSA-N,-2.8569750916444976,-2.8569750916444976,2,-2.8966403811976846,-2.8966403811976846,-2.8569750916444976,-2.8569750916444976,False,2,2,False,-3.2790296394578524,0.9638346123868675,-2.945003242718494,0.2706986737083975,1.0
IROINLKCQGIITA-UHFFFAOYSA-N,-8.392530090332937,-8.632755495635774,5,-8.63465201453705,-8.63465201453705,-8.632755495635774,-8.632755495635774,True,3,3,False,-8.771197995217321,0.5627608353377608,-8.841378185823041,0.1117797018299437,0.8882567781570442
IRUDSQHLKGNCGF-UHFFFAOYSA-N,1.866793424766936,1.866793424766936,1,1.864896905865659,1.864896905865659,1.866793424766936,1.866793424766936,False,1,1,False,1.2645436781688948,1.0605269289471333,1.7865311407664701,0.28242019274722474,1.0
IRVDMKJLOCGUBJ-UHFFFAOYSA-N,-6.105265009518349,-6.105265009518349,1,-6.107161528419626,-6.107161528419626,-6.105265009518349,-6.105265009518349,False,1,1,False,-6.230459342042746,1.0605269289471333,-6.154008504107018,0.2822252650481582,1.0
ISAIDZMMFJPGSR-UHFFFAOYSA-N,-4.180548691945954,-4.180548691945954,1,-4.257982752151052,-4.257982752151052,-4.180548691945954,-4.180548691945954,False,1,1,False,-4.969402596369174,2.0389244389701053,-4.557745028488944,0.9146101861750329,1.0
ISAKRJDGNUQOIC-UHFFFAOYSA-N,-8.270311937084786,-8.270311937084786,2,-8.309028967187336,-8.309028967187336,-12.583652007648183,-12.583652007648183,True,2,2,False,-12.279787182960805,0.4027336709368692,-12.582871212055649,0.02828508287579072,0.07545014763935155
ISAVYTVYFVQUDY-UHFFFAOYSA-N,-5.5452802680845075,-5.550282691350542,5,-5.549291665047373,-5.549291665047373,-5.550282691350542,-5.550282691350542,True,1,1,False,-5.723909914516034,0.6901155102998446,-5.594822631571051,0.07442398160478181,0.2575489835740005
ISEUFVQQFVOBCY-UHFFFAOYSA-N,-9.714270261912649,-9.66323067581691,4,-9.701452192767874,-9.701452192767874,-9.66323067581691,-9.66323067581691,False,3,3,False,-9.899218271899242,0.6562977178022762,-9.708717918770175,0.11310846962114851,0.7913449681234433
ISPYQTSUDJAMAB-UHFFFAOYSA-N,-4.025287619793688,-4.555712708044798,12,-4.555593404177439,-4.555593404177439,-4.55,-4.55,True,4,4,False,-4.404472238569143,0.20915389239124899,-4.551544236131115,0.025911984037377763,0.03479934539074305
ISRUGXGCCGIOQO-UHFFFAOYSA-N,-9.981144254451637,-9.841267826416434,4,-9.88093311596962,-9.88093311596962,-9.841267826416434,-9.841267826416434,True,2,2,False,-10.187700433207505,0.6032128259600282,-10.008068919810343,0.18033403709028184,0.6607253179545027
ISSLCMSTXXUOEU-UHFFFAOYSA-N,-3.941471436871292,-3.941471436871292,1,-3.943367955772569,-3.943367955772569,-3.941471436871292,-3.941471436871292,False,1,1,False,-4.196149195449073,1.0605269289471333,-3.998760450524106,0.2822091202473219,1.0
ISTJMQSHILQAEC-UHFFFAOYSA-N,-3.8832733255385885,-3.888103481098723,14,-3.887112454795554,-3.887112454795554,-3.8881166347992355,-3.8881166347992355,False,4,4,False,-3.9003299141802996,0.12038458716890814,-3.8874233497246937,0.01131824076662203,1.0
ISWSIDIOOBJBQZ-UHFFFAOYSA-N,-5.987114413619946,-6.479444559009536,132,-6.478453532706368,-6.478453532706368,-6.6,-6.6,True,5,5,False,-6.410711809381137,0.06918418186315574,-6.5893618991529355,0.007129231535150681,0.0005760484662435246
ISWXYJQANHQYSR-UHFFFAOYSA-N,-5.882606789704027,-5.882606789704027,1,-5.881615763400857,-5.881615763400857,-5.882606789704027,-5.882606789704027,False,1,1,False,-5.914109206761998,1.4704237627620684,-5.884291044358245,0.13057374833751603,1.0
ITQTTZVARXURQS-UHFFFAOYSA-N,-4.803306479808135,-4.774277406554251,22,-4.773408724261186,-4.773408724261186,-4.77,-4.77,False,5,5,False,-4.789260114512275,0.09778373115300677,-4.773600402065252,0.008873354982820478,0.9773149901688869
ITVQAKZNYJEWKS-UHFFFAOYSA-N,-2.5344204614880335,-2.5510548869372167,4,-2.5529514058384937,-2.5529514058384937,-2.5510548869372167,-2.5510548869372167,False,2,2,False,-2.8373925169693246,0.6032128259600282,-2.589716495319547,0.1612727016188542,1.0
ITXDBGLYYSJNPK-UHFFFAOYSA-N,-1.2091022865021062,-1.2091022865021062,1,-1.2109988054033831,-1.2109988054033831,-1.2091022865021062,-1.2091022865021062,False,1,1,False,-1.6272875641449154,1.0605269289471333,-1.2771859505010261,0.28226211465541456,1.0
IUGYQRQAERSCNH-UHFFFAOYSA-N,-5.259154568166712,-5.37513253176455,7,-5.374141505461381,-5.374141505461381,-5.37513253176455,-5.37513253176455,False,3,3,False,-5.575317223731956,0.5307783663781397,-5.38284069980318,0.06197406556214322,1.0
IUTLEBGNGJJQJX-GYTVYBDHSA-N,-4.770503707323946,-4.622821825838539,13,-4.624718344739816,-4.624718344739816,-4.622821825838539,-4.622821825838539,True,3,3,False,-4.9165446225906635,0.3187103015086104,-4.481956659132328,0.10323181493382437,0.005109871919177162
IUTPYMGCWINGEY-UHFFFAOYSA-N,-2.963082861475515,-2.9658649018405363,4,-3.0055301913937242,-3.0055301913937242,-2.9658649018405363,-2.9658649018405363,False,2,2,False,-3.2605306473195204,0.6032128259600282,-3.0238389205990464,0.1731881173922772,0.9743771902877922
IVSZLXZYQVIEFR-UHFFFAOYSA-N,-0.6725185185547079,-0.7914072993231517,37,-0.7933038182244286,-0.7933038182244286,-0.8382600382409178,-0.8382600382409178,True,5,5,False,-0.8404221928859649,0.08599962345307674,-0.8295089918838888,0.008173674204231849,0.03748856462140482
IVUQHXKKRQEFBU-UHFFFAOYSA-N,-8.030127723763552,-8.030127723763552,1,-8.032024242664829,-8.032024242664829,-8.030127723763552,-8.030127723763552,False,1,1,False,-8.040136475706904,1.0605269289471333,-8.07126321155593,0.2822828343789885,1.0
IVUXTESCPZUGJC-UHFFFAOYSA-N,-10.600999339907114,-10.611865433566043,3,-10.620167028412009,-10.620167028412009,-10.611865433566043,-10.611865433566043,False,2,2,False,-10.734266319534429,0.7231280539469104,-10.671187423224678,0.19541419436543808,1.0
IVVRJIDVYSPKFZ-UHFFFAOYSA-N,-3.719412287084815,-3.719412287084815,1,-3.796846347289913,-3.796846347289913,-3.719412287084815,-3.719412287084815,False,1,1,False,-4.610263010303312,2.0389244389701053,-4.115735665347113,0.9146204917660036,1.0
IWAKWOFEHSYKSI-UHFFFAOYSA-N,4.453245816925635,4.453245816925635,2,4.454236843228804,4.454236843228804,4.453245816925635,4.453245816925635,False,1,1,False,3.7075144471067523,1.071004194705422,4.446533785954558,0.09247186349966767,1.0
IWDCLRJOBJJRNH-UHFFFAOYSA-N,-5.714800039104269,-6.130646107627079,56,-6.131594367077717,-6.131594367077717,-6.13263862332696,-6.13263862332696,True,5,5,False,-6.035411142513974,0.0801350746452038,-6.129553377888407,0.007461108715028997,0.028284596970838388
IWEDIXLBFLAXBO-UHFFFAOYSA-N,-9.79882812058164,-9.79882812058164,2,-9.800724639482917,-9.800724639482917,-9.79882812058164,-9.79882812058164,False,1,1,False,-9.862027822058145,0.7613827475557001,-9.840781769257012,0.20776558019474614,1.0
IWTFOFMTUOBLHG-UHFFFAOYSA-N,-4.038683786863678,-4.038683786863678,2,-4.038188273712093,-4.038188273712093,-4.039196940726577,-4.039196940726577,False,2,2,False,-4.0462102570000535,0.24998213696148577,-4.03929631220712,0.027643211673748027,1.0
IWWCSDGEIDYEJV-JFGNBEQYSA-N,-4.752383841589111,-4.752383841589111,1,-4.829817901794209,-4.829817901794209,-4.752383841589111,-4.752383841589111,False,1,1,False,-5.414755938191312,2.0389244389701053,-5.105855931783926,0.9146995217435773,1.0
IXAVTTRPEXFVSX-UHFFFAOYSA-N,4.06911333049581,4.06911333049581,2,4.029448040942622,4.029448040942622,4.06911333049581,4.06911333049581,True,2,2,False,2.931223457633177,0.9638346123868675,3.4308495257686906,0.2722843954914836,1.0
IXQGCWUGDFDQMF-UHFFFAOYSA-N,-4.360609927080139,-5.074998227960439,5,-5.0740072016572695,-5.0740072016572695,-5.074998227960439,-5.074998227960439,True,3,3,False,-5.088552703389072,0.6051215941283965,-5.0797889008493815,0.08379255338309728,0.37361689592200886
IXSZQYVWNJNRAL-UHFFFAOYSA-N,-7.333802353604721,-7.333802353604721,1,-7.335698872505998,-7.335698872505998,-7.333802353604721,-7.333802353604721,False,1,1,False,-7.385479865320641,1.0605269289471333,-7.377691172850736,0.2822573032586698,1.0
IYKFYARMMIESOX-UHFFFAOYSA-N,-4.459847036328871,-4.459847036328871,2,-4.459847036328871,-4.459847036328871,-4.459847036328871,-4.459847036328871,False,1,1,False,-4.459995778031251,0.1792219117326307,-4.459845823838146,0.01999980167130892,1.0
IYXGSMUGOJNHAZ-UHFFFAOYSA-N,-5.547482008142608,-5.547482008142608,1,-5.549378527043885,-5.549378527043885,-5.547482008142608,-5.547482008142608,False,1,1,False,-5.706054595841373,1.0605269289471333,-5.598428720471453,0.28221619040041956,1.0
IYYZUPMFVPLQIF-UHFFFAOYSA-N,-3.2585749903653025,-3.2585749903653025,1,-3.2604715092665795,-3.2604715092665795,-3.2585749903653025,-3.2585749903653025,False,1,1,False,-3.55411790939603,1.0605269289471333,-3.318560900003579,0.2822146838639386,1.0
IYZWUWBAFUBNCH-UHFFFAOYSA-N,-2.6016612272170963,-2.76508893477572,3,-2.766985453676997,-2.766985453676997,-2.76508893477572,-2.76508893477572,False,2,2,False,-3.060262143392105,0.7231280539469104,-2.8186202725563763,0.1953649437293783,1.0
IZISEKJPNSBPRX-UHFFFAOYSA-N,-2.4068983544122227,-2.4068983544122227,1,-2.4843324146173207,-2.4843324146173207,-2.4068983544122227,-2.4068983544122227,False,1,1,False,-3.5880585052661162,2.0389244389701053,-2.8577257670770106,0.915052875296578,1.0
IZUKQUVSCNEFMJ-UHFFFAOYSA-N,-5.715464428233749,-5.715464428233749,1,-5.792898488438847,-5.792898488438847,-5.715464428233749,-5.715464428233749,False,1,1,False,-6.164816786975908,2.0389244389701053,-6.028919809509881,0.9151062929621975,1.0
IZUPBVBPLAPZRR-UHFFFAOYSA-N,-5.434579225662496,-5.286888664213169,6,-5.288785183114446,-5.288785183114446,-5.286888664213169,-5.286888664213169,True,3,3,False,-5.843460228495242,0.5004085170150036,-6.676247347464468,0.23946578015799058,0.039597555179349576
IZZULMOBRTYHMH-UHFFFAOYSA-N,-2.802529936699462,-2.802529936699462,1,-2.87996399690456,-2.87996399690456,-2.802529936699462,-2.802529936699462,False,1,1,False,-3.896182004515775,2.0389244389701053,-3.2369104086166938,0.9148595720508907,1.0
JAHJITLFJSDRCG-UHFFFAOYSA-N,-3.2391658036734294,-4.566351986099691,3,-4.568248505000968,-4.568248505000968,-4.566351986099691,-4.566351986099691,True,2,2,False,-4.472269251111965,0.7231280539469104,-4.586524833856368,0.1990629508297288,0.3109014683554264
JARKCYVAAOWBJS-UHFFFAOYSA-N,-2.7891325328785523,-2.8103484810748665,26,-2.81,-2.81,-2.81,-2.81,False,5,5,False,-2.8438688065472437,0.11516526426967216,-2.8097444356783408,0.011077688493900811,0.2539464969699157
JAYCNKDKIKZTAF-UHFFFAOYSA-N,-2.590441088949256,-2.7284936709464724,9,-2.73,-2.73,-2.73,-2.73,False,4,4,False,-2.7442614364526707,0.17730481552273816,-2.728695814474116,0.016208261427156496,0.8174310092685235
JBDHZKLJNAIJNC-UHFFFAOYSA-N,-9.480450930453614,-9.480450930453614,1,-9.48234744935489,-9.48234744935489,-9.480450930453614,-9.480450930453614,False,1,1,False,-9.40367098865978,1.0605269289471333,-9.515846046054069,0.2823531885921398,1.0
JBIJLHTVPXGSAM-UHFFFAOYSA-N,-7.475275071062781,-7.476072658393335,7,-7.475081632090165,-7.475081632090165,-7.47,-7.47,False,3,3,False,-7.506586186374315,0.22745723600295786,-7.472556820343434,0.026162875161028273,1.0
JBMGJOKJUYGIJH-UHFFFAOYSA-N,-3.944023019953749,-3.944023019953749,1,-3.945919538855026,-3.945919538855026,-3.944023019953749,-3.944023019953749,False,1,1,False,-4.198548089419429,1.0605269289471333,-4.001301957395512,0.28220910904918567,1.0
JBSLOWBPDRZSMB-UHFFFAOYSA-N,-6.569777226350524,-6.569777226350524,1,-6.571673745251801,-6.571673745251801,-6.569777226350524,-6.569777226350524,False,1,1,False,-6.6671747144626785,1.0605269289471333,-6.616685539914505,0.2822354287948127,1.0
JCCCMAAJYSNBPR-UHFFFAOYSA-N,-0.8939229728472238,-0.8939229728472238,2,-0.9335882624004113,-0.9335882624004113,-0.8939229728472238,-0.8939229728472238,False,2,2,False,-1.4351413722280488,0.9638346123868675,-1.01980861221884,0.2706239170859719,1.0
JCMNMOBHVPONLD-UHFFFAOYSA-N,-1.5007936527670551,-1.254759951906724,14,-1.256656470808001,-1.256656470808001,-1.254759951906724,-1.254759951906724,True,2,2,False,-1.7167822076531412,0.3000509747749163,-1.271202890226059,0.0859068729545484,0.04532614997667887
JCYPECIVGRXBMO-UHFFFAOYSA-N,-6.66989938326712,-6.66989938326712,1,-6.747333443472218,-6.747333443472218,-6.66989938326712,-6.66989938326712,False,1,1,False,-6.908144294984508,2.0389244389701053,-6.943549951145104,0.9158294380710049,1.0
JDPQWHLMBJZURR-UHFFFAOYSA-N,-2.346504557013966,-2.346504557013966,1,-2.348401075915243,-2.348401075915243,-2.346504557013966,-2.346504557013966,False,1,1,False,-2.6966266216735675,1.0605269289471333,-2.4100931945812483,0.2822300943354643,1.0
JDSHMPZPIAZGSV-UHFFFAOYSA-N,-9.640415002776118,-9.640415002776118,2,-9.680080292329306,-9.680080292329306,-9.640415002776118,-9.640415002776118,True,2,2,False,-13.711091612547703,0.9638346123868675,-16.229764524472326,0.2840248646318941,0.032341548587584125
JDUYPUMQALQRCN-UHFFFAOYSA-N,-3.2585749903653025,-3.2585749903653025,1,-3.2604715092665795,-3.2604715092665795,-3.2585749903653025,-3.2585749903653025,False,1,1,False,-3.55411790939603,1.0605269289471333,-3.318560900003579,0.2822146838639386,1.0
JDWOFUWJURZFFF-UHFFFAOYSA-N,-1.6565625949019414,-1.6565625949019414,1,-1.7339966551070394,-1.7339966551070394,-1.6565625949019414,-1.6565625949019414,False,1,1,False,-3.0036863515167638,2.0389244389701053,-2.1386528136367793,0.915569841303154,1.0
JDWQITFHZOBBFE-UHFFFAOYSA-N,0.2946829845134755,0.2946829845134755,2,0.25501769496028803,0.25501769496028803,0.2946829845134755,0.2946829845134755,True,2,2,False,-4.445957329180245,0.9638346123868675,-6.632073345176133,0.2824113681022568,0.02943333200004425
JDZUWXRNKHXZFE-UHFFFAOYSA-N,-1.001724113874788,-1.001724113874788,1,-1.0791581740798861,-1.0791581740798861,-1.001724113874788,-1.001724113874788,False,1,1,False,-2.49368883551733,2.0389244389701053,-1.5112003099467708,0.9161834549488563,1.0
JECYUBVRTQDVAT-UHFFFAOYSA-N,-5.025770381234318,-5.039160003031559,5,-5.041056521932836,-5.041056521932836,-5.039160003031559,-5.039160003031559,False,1,1,False,-5.249183776662161,0.48605923627515846,-5.087169259774499,0.13629620122498384,0.8793941381372374
JEEQUUSFXYRPRK-UHFFFAOYSA-N,3.5038896273348197,3.5038896273348197,1,3.5019931084335427,3.5019931084335427,3.5038896273348197,3.5038896273348197,False,1,1,False,2.803674516680283,1.0605269289471333,3.4171249294330397,0.2825472123452996,1.0
JEKYMVBQWWZVHO-UHFFFAOYSA-N,4.581954674317994,4.581954674317994,1,4.582945700621163,4.582945700621163,4.581954674317994,4.581954674317994,False,1,1,False,3.3466337588984296,1.4704237627620684,4.571418906102263,0.13061663108270732,1.0
JFCQEDHGNNZCLN-UHFFFAOYSA-N,-12.378960627305016,-12.378960627305016,2,-12.418625916858204,-12.418625916858204,-12.378960627305016,-12.378960627305016,True,2,2,False,-12.837066478868634,0.9638346123868675,-13.152641617446424,0.277865109295196,0.9280072954253015
JFDZBHWFFUWGJE-UHFFFAOYSA-N,-3.6336228658127934,-4.10319148738722,18,-4.102695974235635,-4.102695974235635,-4.1,-4.1,True,5,5,False,-4.0423287336929485,0.12735493991051408,-4.117924694635402,0.013105989641051505,0.007250822327677063
JFIMDKGRGPNPRQ-UHFFFAOYSA-N,-3.872486066328261,-3.872486066328261,1,-3.949920126533359,-3.949920126533359,-3.872486066328261,-3.872486066328261,False,1,1,False,-4.729479045158731,2.0389244389701053,-4.26246004110956,0.9146089208741074,1.0
JFKUBRAOUZEZSL-UHFFFAOYSA-N,-5.441486782492823,-5.441486782492823,1,-5.518920842697921,-5.518920842697921,-5.441486782492823,-5.441486782492823,False,1,1,False,-5.9514391025306175,2.0389244389701053,-5.7663376264708015,0.9149577311731348,1.0
JFSPBVWPKOEZCB-UHFFFAOYSA-N,-10.487204886891195,-10.487204886891195,2,-10.526870176444383,-10.526870176444383,-10.487204886891195,-10.487204886891195,False,2,2,False,-10.503207958451041,0.9638346123868675,-10.506949618098487,0.27062119068776164,1.0
JGEGJYXHCFUMJF-UHFFFAOYSA-N,-1.6291225529351827,-1.6291225529351827,1,-1.7065566131402807,-1.7065566131402807,-1.6291225529351827,-1.6291225529351827,False,1,1,False,-2.982315656837954,2.0389244389701053,-2.112358212329156,0.9155925003140291,1.0
JGHZJRVDZXSNKQ-UHFFFAOYSA-N,-2.0383807485986325,-2.04,11,-2.04,-2.04,-2.04,-2.04,False,4,4,False,-2.0471443338887854,0.10982776550549407,-2.0369914378296277,0.010868293661391677,0.9313820182403234
JGPJRBWLBUGAQN-UHFFFAOYSA-N,-0.14306125153943655,-0.0192555448234407,5,-0.021152063724717656,-0.021152063724717656,-0.0192555448234407,-0.0192555448234407,True,1,1,False,-0.42785002897019336,0.48605923627515846,-0.12571997001409665,0.14687566034207925,0.4758205584967272
JGXAONSRHOSPTJ-UHFFFAOYSA-N,-3.007166962020446,-3.007166962020446,1,-3.084601022225544,-3.084601022225544,-3.007166962020446,-3.007166962020446,False,1,1,False,-4.055556228265597,2.0389244389701053,-3.4330477952243164,0.9147809514497304,1.0
JHBKHLUZVFWLAG-UHFFFAOYSA-N,-1.5596342254344182,-1.3384809493818859,14,-1.3753022967228103,-1.3753022967228103,-1.34,-1.34,True,4,4,False,-1.5283176725632384,0.2073833834395263,-1.3594429167463953,0.02584014796175631,0.3130581374329178
JHELOZJAKXYVBE-UHFFFAOYSA-N,-5.98404418717753,-5.98404418717753,2,-6.023709476730717,-6.023709476730717,-5.98404418717753,-5.98404418717753,False,2,2,False,-6.253436006524993,0.9638346123868675,-6.0632813509023125,0.2705118291566679,1.0
JHIVVAPYMSGYDF-UHFFFAOYSA-N,-4.384355312265663,-4.682133324695064,16,-4.68402984359634,-4.68402984359634,-4.91,-4.91,True,4,4,False,-4.812054966781381,0.2003072123499459,-4.885772144246303,0.026365725344740354,0.16973523285333453
JHJMZCXLJXRCHK-UHFFFAOYSA-N,-4.226046355050567,-4.226046355050567,2,-4.227942873951844,-4.227942873951844,-4.226046355050567,-4.226046355050567,False,1,1,False,-4.461129107520224,0.7613827475557001,-4.281981445660351,0.1997968590066196,1.0
JHJOOSLFWRRSGU-UHFFFAOYSA-N,-4.362735923552777,-4.130391646509716,6,-4.170056936062904,-4.170056936062904,-5.06,-5.06,True,4,4,False,-4.969916969842691,0.2032245612633115,-5.055514662475517,0.02000389515857414,0.2932950722711836
JIEJJGMNDWIGBJ-UHFFFAOYSA-N,-1.3638554098104398,-1.3642468354732362,5,-1.3653060747255197,-1.3653060747255197,-1.3642468354732362,-1.3642468354732362,False,3,3,False,-1.6934245646222468,0.6051215941283965,-1.3803771903250945,0.08361046356608923,1.0
JIGUQPWFLRLWPJ-UHFFFAOYSA-N,-2.5951528866882336,-2.5951528866882336,2,-2.6348181762414216,-2.6348181762414216,-2.5951528866882336,-2.5951528866882336,False,2,2,False,-2.994132883411219,0.9638346123868675,-2.633928033499262,0.2711323665617951,1.0
JJIUCEJQJXNMHV-UHFFFAOYSA-N,-8.83314151140539,-8.83314151140539,1,-8.835038030306666,-8.835038030306666,-8.83314151140539,-8.83314151140539,False,1,1,False,-8.795097169141252,1.0605269289471333,-8.871099741874989,0.282318915366102,1.0
JJUBFBTUBACDHW-UHFFFAOYSA-N,0.4628260917585758,0.6655680371158297,11,0.6636715182145527,0.6636715182145527,0.6655680371158297,0.6655680371158297,True,2,2,False,-0.13248412433837434,0.34100479671977335,0.39636508035253915,0.13155553250570104,0.021963659960113686
JJWKPURADFRFRB-UHFFFAOYSA-N,0.42382158565544226,0.3968312457886551,5,0.39782227209182447,0.39782227209182447,0.3968312457886551,0.3968312457886551,False,3,3,False,0.021539482903968222,0.6587582188186082,0.37689191290788193,0.07271022812123301,1.0
JJWLVOIRVHMVIS-UHFFFAOYSA-N,-3.7282944706627834,-3.7272770853855945,6,-3.7291736042868715,-3.7291736042868715,-3.7272770853855945,-3.7272770853855945,False,3,3,False,-3.999138030135528,0.5294888151993109,-3.743987539368486,0.08022937515742279,1.0
JJXNVYMIYBNZQX-UHFFFAOYSA-N,-7.234196499531621,-7.235431507721297,3,-7.312865567926395,-7.312865567926395,-7.235431507721297,-7.235431507721297,True,2,2,False,-7.451172579369746,0.7231280539469104,-7.315125953919281,0.22933096043123596,0.8587178567920791
JJYPMNFTHPTTDI-UHFFFAOYSA-N,-4.796047500128453,-5.3673238243793175,6,-5.405545341330282,-5.405545341330282,-5.67,-5.67,True,4,4,False,-5.491721848631033,0.2339494025290115,-5.655573581952716,0.028163887513229926,0.026740372930897982
JJYWRQLLQAKNAD-UHFFFAOYSA-N,-6.022469635059979,-6.022469635059979,1,-6.024366153961256,-6.024366153961256,-6.022469635059979,-6.022469635059979,False,1,1,False,-6.152618520034187,1.0605269289471333,-6.0715401957009565,0.2822237022309618,1.0
JLBJTVDPSNHSKJ-UHFFFAOYSA-N,-1.0258579606296772,-1.2126316337030556,3,-1.2145281526043326,-1.2145281526043326,-1.2126316337030556,-1.2126316337030556,True,1,1,False,-1.3265364121701206,0.624886973339966,-1.1227109380325992,0.17532157254671635,0.8731457636887202
JLCYYQOQSAMWTA-UHFFFAOYSA-N,3.4493197539158897,3.4493197539158897,1,3.447423235014613,3.447423235014613,3.4493197539158897,3.4493197539158897,False,1,1,False,2.75237015539657,1.0605269289471333,3.3627720966762684,0.28254249455226066,1.0
JLJXMZMKMRQOLN-UHFFFAOYSA-N,-9.803250978604384,-9.803250978604384,2,-9.802259952301215,-9.802259952301215,-9.803250978604384,-9.803250978604384,False,1,1,False,-9.67892051361243,1.071004194705422,-9.802085737564926,0.10113294988255797,1.0
JLLJHQLUZAKJFH-UHFFFAOYSA-N,-10.756527515511504,-10.756527515511504,2,-10.79619280506469,-10.79619280506469,-10.756527515511504,-10.756527515511504,False,2,2,False,-10.751187543706763,0.9638346123868675,-10.76399765843394,0.27068175152615215,1.0
JLPUXFOGCDVKGO-UHFFFAOYSA-N,-3.0307265346610333,-3.093574637260878,5,-3.095471156162155,-3.095471156162155,-3.093574637260878,-3.093574637260878,True,1,1,False,-3.2792175202019798,0.48605923627515846,-3.141361492524288,0.14412439192985582,0.5633393841369887
JLQUFIHWVLZVTJ-UHFFFAOYSA-N,0.09691855312257625,0.09691855312257625,2,0.05725326356938876,0.05725326356938876,0.09691855312257625,0.09691855312257625,True,2,2,False,-4.375804547411252,0.9638346123868675,-6.400421514254037,0.28239573337745866,0.03346874439126789
JLTDJTHDQAWBAV-UHFFFAOYSA-N,-3.448117821455172,-3.4515444937472872,15,-3.453441012648564,-3.453441012648564,-3.45,-3.45,False,5,5,False,-3.467640637473994,0.15096110071778515,-3.4782381756733884,0.023522821958126095,0.014777187157181718
JLYFCTQDENRSOL-UHFFFAOYSA-N,-7.467479392891944,-7.467479392891944,2,-7.507144682445132,-7.507144682445132,-7.467479392891944,-7.467479392891944,False,2,2,False,-7.662580636456842,0.9638346123868675,-7.539959351800986,0.2704675115144346,1.0
JLYXXMFPNIAWKQ-UHFFFAOYSA-N,-5.520592757469607,-5.542650280599531,74,-5.544414316539957,-5.544414316539957,-5.542650280599531,-5.542650280599531,True,3,3,False,-5.762208319468126,0.1382728236875507,-5.608269480254361,0.02803483871545111,0.16611476320837587
JMANVNJQNLATNU-UHFFFAOYSA-N,-2.525577853239425,-2.525577853239425,2,-2.527474372140702,-2.527474372140702,-2.525577853239425,-2.525577853239425,False,1,1,False,-2.8131086875659523,0.7613827475557001,-2.584876896561016,0.19975200644006907,1.0
JMDHCJDATBJFJS-UHFFFAOYSA-N,-5.202907793620339,-5.202907793620339,1,-5.280341853825437,-5.280341853825437,-5.202907793620339,-5.202907793620339,False,1,1,False,-5.765630395162399,2.0389244389701053,-5.537673459890759,0.9148496678863494,1.0
JMMWKPVZQRWMSS-UHFFFAOYSA-N,-2.3807909695686353,-2.6466388608180784,20,-2.645793499043977,-2.645793499043977,-2.65,-2.65,True,5,5,False,-2.6131255466092522,0.10647418768774433,-2.6470805624446956,0.009286809233736428,0.017952362764937925
JMMZCWZIJXAGKW-UHFFFAOYSA-N,2.0609726842073774,2.0609726842073774,2,2.02130739465419,2.02130739465419,2.0609726842073774,2.0609726842073774,True,2,2,False,1.1225992489004062,0.9638346123868675,1.5756964971033365,0.2710736474530391,1.0
JMRLYMQVSOJHOB-UHFFFAOYSA-N,-4.096558317399618,-4.096558317399618,2,-4.096558317399618,-4.096558317399618,-4.096558317399618,-4.096558317399618,False,1,1,False,-4.097327912521729,0.1792219117326307,-4.096564310064348,0.0199998017574111,1.0
JMTRCXPSDMMAGM-UHFFFAOYSA-N,4.859763089996084,4.859763089996084,1,4.860754116299254,4.860754116299254,4.859763089996084,4.859763089996084,False,1,1,False,3.592483748899189,1.4704237627620684,4.848991981288467,0.13061940548347611,1.0
JNTOKFNBDFMTIV-UHFFFAOYSA-N,-1.8165699698904338,-1.7527142570675558,3,-1.7546107759688327,-1.7546107759688327,-1.7527142570675558,-1.7527142570675558,False,2,2,False,-2.141032506051217,0.7231280539469104,-1.8345006897664653,0.19572607575719864,1.0
JODWPAQNABOHDG-UHFFFAOYSA-N,-0.9335117721011298,-0.9335117721011298,1,-1.010945832306228,-1.010945832306228,-0.9335117721011298,-0.9335117721011298,False,1,1,False,-2.440564094267392,2.0389244389701053,-1.4458473394182383,0.9162561638713088,1.0
JOOMJVFZQRQWKR-UHFFFAOYSA-N,-6.866725713101952,-6.866725713101952,1,-6.94415977330705,-6.94415977330705,-6.866725713101952,-6.866725713101952,False,1,1,False,-7.061435438079208,2.0389244389701053,-7.132141634968035,0.9160186233871019,1.0
JOYRKODLDBILNP-UHFFFAOYSA-N,-8.059428967933837,-8.185529723535318,4,-8.223751240486282,-8.223751240486282,-8.185529723535318,-8.185529723535318,True,3,3,False,-8.136236393576915,0.7264233182696221,-8.223824040948886,0.0898077824648514,0.7058509798282587
JPGQOUSTVILISH-UHFFFAOYSA-N,0.1740291058091771,0.1740291058091771,1,0.1750201321123465,0.1750201321123465,0.1740291058091771,0.1740291058091771,False,1,1,False,-0.5542144364193962,1.4704237627620684,0.16722409030187618,0.13058395415987264,1.0
JPICKYUTICNNNJ-UHFFFAOYSA-N,0.335022135835115,0.335022135835115,1,0.25758807563001695,0.25758807563001695,0.335022135835115,0.335022135835115,False,1,1,False,-1.452611857566579,2.0389244389701053,-0.23077498466145488,0.9179156030451338,1.0
JPMIIZHYYWMHDT-UHFFFAOYSA-N,-8.284500788365262,-8.284500788365262,1,-8.28639730726654,-8.28639730726654,-8.284500788365262,-8.284500788365262,False,1,1,False,-8.279287618810791,1.0605269289471333,-8.324630067497502,0.2822934936627102,1.0
JPOPEORRMSDUIP-UHFFFAOYSA-N,-3.3674681765747176,-3.3811735878742644,4,-3.3917148550228453,-3.3917148550228453,-3.3811735878742644,-3.3811735878742644,True,2,2,False,-3.8848071770416794,0.6032128259600282,-4.1687863432285726,0.19604361917024551,0.16491361268569965
JPOXNPPZZKNXOV-UHFFFAOYSA-N,-1.4739138670623955,-1.447893729731304,9,-1.5207515335431223,-1.5207515335431223,-1.447893729731304,-1.447893729731304,False,3,3,False,-1.725408965078419,0.4057343124820459,-1.6081223580375144,0.07533585078872025,0.8091024286305103
JQVDAXLFBXTEQA-UHFFFAOYSA-N,-3.2799066060895514,-3.278453734213151,20,-3.2858394387075105,-3.2858394387075105,-3.3269598470363286,-3.3269598470363286,False,5,5,False,-3.326550216997343,0.113516155970434,-3.3179234406324882,0.01100732964715221,0.4964226493188769
JRLPEMVDPFPYPJ-UHFFFAOYSA-N,-0.7444671084675195,-0.9509341008280966,13,-0.9528306197293736,-0.9528306197293736,-0.96,-0.96,True,5,5,False,-0.985845104573213,0.17291091720277169,-0.9566247595600678,0.015759636220502377,0.5986552991654417
JRUIYWSZTLWHME-UHFFFAOYSA-N,4.507408125028471,4.507408125028471,1,4.50839915133164,4.50839915133164,4.507408125028471,4.507408125028471,False,1,1,False,3.2806628690220876,1.4704237627620684,4.496935502539075,0.13061590106106155,1.0
JRZJOMJEPLMPRA-UHFFFAOYSA-N,2.0602985914899317,2.0600127215645867,10,2.061003747867756,2.061003747867756,2.06,2.06,False,4,4,False,1.984828603168148,0.2217597979886681,2.0577112723748607,0.025159211139622367,1.0
JSFUMBWFPQSADC-UHFFFAOYSA-N,-7.490041583072035,-7.490041583072035,2,-7.529706872625223,-7.529706872625223,-7.490041583072035,-7.490041583072035,True,2,2,False,-7.3313558561468115,0.9638346123868675,-7.0414862921902825,0.27580862789837324,0.856239929541857
JSLBZIVMVVHMDJ-UHFFFAOYSA-N,-5.288733405964942,-5.288733405964942,1,-5.290629924866219,-5.290629924866219,-5.288733405964942,-5.288733405964942,False,1,1,False,-5.462789751412142,1.0605269289471333,-5.340702036741729,0.2822131398528724,1.0
JSRLURSZEMLAFO-UHFFFAOYSA-N,-1.7031000946287882,-1.7701994013300588,4,-1.7706521476291126,-1.7706521476291126,-1.7701994013300588,-1.7701994013300588,False,3,3,False,-2.103984274318689,0.7264233182696221,-1.782775643870261,0.08743587620432172,1.0
JSZOAYXJRCEYSX-UHFFFAOYSA-N,-3.3133627210847028,-3.341300191204589,29,-3.341300191204589,-3.341300191204589,-3.34,-3.34,False,5,5,False,-3.367312859209131,0.10008453931346144,-3.3406174628230234,0.010076054167250078,0.8849904804637787
JTEWACHFMNTRBB-UHFFFAOYSA-N,-2.147691455672308,-2.147691455672308,1,-2.225125515877406,-2.225125515877406,-2.147691455672308,-2.147691455672308,False,1,1,False,-3.3861844885163404,2.0389244389701053,-2.609306996674224,0.9152091366221761,1.0
JTGMTYWYUZDRBK-UHFFFAOYSA-N,-0.2714025670527841,-0.2714025670527841,1,-0.3488366272578821,-0.3488366272578821,-0.2714025670527841,-0.2714025670527841,False,1,1,False,-1.9249040350641606,2.0389244389701053,-0.8115694718400789,0.917049055086921,1.0
JTPNRXUCIXHOKM-UHFFFAOYSA-N,-1.2788738247604476,-2.5081600060210665,9,-2.509223150967585,-2.509223150967585,-2.5081600060210665,-2.5081600060210665,True,3,3,False,-1.8682755142015988,0.4207785749977037,-2.509718753503917,0.07659488997077141,0.0011184642345661616
JTUSORDQZVOEAZ-UHFFFAOYSA-N,-2.874284188706792,-3.1993724076969174,4,-3.2012689265981944,-3.2012689265981944,-3.1993724076969174,-3.1993724076969174,True,2,2,False,-3.4680065003054255,0.6032128259600282,-3.3191186678777536,0.17078224329209632,0.9093647267017169
JTXMVXSTHSMVQF-UHFFFAOYSA-N,-7.454617241154864,-7.454617241154864,1,-7.456513760056141,-7.456513760056141,-7.454617241154864,-7.454617241154864,False,1,1,False,-7.499065077288049,1.0605269289471333,-7.4980284524826395,0.2822613501611791,1.0
JTZCTMAVMHRNTR-UHFFFAOYSA-N,-10.557457112817335,-10.557457112817335,1,-10.559353631718611,-10.559353631718611,-10.557457112817335,-10.557457112817335,False,1,1,False,-10.416228116300351,1.0605269289471333,-10.588583120401935,0.28242051082686426,1.0
JUHPMUOWCYBMEY-UHFFFAOYSA-N,-1.615635189837747,-1.615635189837747,1,-1.693069250042845,-1.693069250042845,-1.615635189837747,-1.615635189837747,False,1,1,False,-2.9718115067668016,2.0389244389701053,-2.099433920302782,0.9156037352128011,1.0
JUINSXZKUKVTMD-UHFFFAOYSA-N,-3.3531732199508304,-3.366595155516587,3,-3.3656041292134176,-3.3656041292134176,-3.366595155516587,-3.366595155516587,False,2,2,False,-3.608519905623311,0.765232003170312,-3.3557734298793656,0.08808277912167403,1.0
JUJWROOIHBZHMG-UHFFFAOYSA-N,-4.195917168725665,-4.693009114027932,45,-4.692018087724763,-4.692018087724763,-4.7,-4.7,True,5,5,False,-4.663527927009002,0.07816582139703619,-4.699898383188687,0.0071734081122132145,0.0009739192316406608
JVFGXWCLGNACOG-UHFFFAOYSA-N,-2.7752449999899955,-2.7752449999899955,1,-2.8526790601950935,-2.8526790601950935,-2.7752449999899955,-2.7752449999899955,False,1,1,False,-3.8749321080157975,2.0389244389701053,-3.210759101287201,0.9148711540333009,1.0
JVJUWCMBRUMDDQ-UHFFFAOYSA-N,-10.160563129945524,-10.160563129945524,1,-10.237997190150622,-10.237997190150622,-10.160563129945524,-10.160563129945524,False,1,1,False,-9.626722832401652,2.0389244389701053,-10.285982274336035,0.9212975539584354,1.0
JVQIKJMSUIMUDI-UHFFFAOYSA-N,-5.574566521040088,-5.574566521040088,1,-5.576463039941365,-5.576463039941365,-5.574566521040088,-5.574566521040088,False,1,1,False,-5.7315183462191355,1.0605269289471333,-5.6254062600256685,0.28221655217958225,1.0
JVSWJIKNEAIKJW-UHFFFAOYSA-N,2.967752531163745,2.967752531163745,2,2.9280872416105574,2.9280872416105574,2.967752531163745,2.967752531163745,False,2,2,False,2.301283737784342,0.9638346123868675,2.9186811079622244,0.2718964447574741,1.0
JVTAAEKCZFNVCJ-UHFFFAOYSA-N,-7.278903398230911,-7.278903398230911,1,-7.280799917132188,-7.280799917132188,-7.278903398230911,-7.278903398230911,False,1,1,False,-7.333866114653238,1.0605269289471333,-7.323009231757342,0.2822555174032963,1.0
JWAZRIHNYRIHIV-UHFFFAOYSA-N,-8.037308649054674,-8.117268671065755,8,-8.116277644762587,-8.116277644762587,-8.11,-8.11,False,4,4,False,-8.147450055492756,0.22636288206411329,-8.112522482287117,0.026152727978920955,1.0
JWBOIMRXGHLCPP-UHFFFAOYSA-N,-4.818805835036768,-4.818805835036768,2,-4.820702353938045,-4.820702353938045,-4.818805835036768,-4.818805835036768,False,1,1,False,-5.035605921467837,0.7613827475557001,-4.873526119260629,0.20119257428201037,1.0
JWUCHKBSVLQQCO-UHFFFAOYSA-N,-13.994404371817566,-13.994404371817566,2,-14.034069661370754,-14.034069661370754,-13.994404371817566,-13.994404371817566,True,2,2,False,-14.620935879773963,0.9638346123868675,-15.15737461096249,0.28267450091967333,0.6423150849062567
JWUJQDFVADABEY-UHFFFAOYSA-N,-3.298086530377126,-3.301256917234798,14,-3.300486315542062,-3.300486315542062,-3.3,-3.3,False,5,5,False,-3.314343429144925,0.11635107887812751,-3.3011690886558487,0.01053740925796283,1.0
JXCGFZXSOMJFOA-UHFFFAOYSA-N,-11.12722171101107,-11.126025043691378,3,-11.203459103896476,-11.203459103896476,-11.126025043691378,-11.126025043691378,False,2,2,False,-11.236711474025071,0.7231280539469104,-11.184706835196197,0.19766043966871857,1.0
JXHJNEJVUNHLKO-UHFFFAOYSA-N,-5.655256731118432,-5.686934357507663,3,-5.68883087640894,-5.68883087640894,-5.686934357507663,-5.686934357507663,False,2,2,False,-5.940452844404285,0.7231280539469104,-5.753248206061744,0.19539296201304548,1.0
JXPOLSKBTUYKJB-UHFFFAOYSA-N,4.136283596136753,4.136283596136753,1,4.058849535931655,4.058849535931655,4.136283596136753,4.136283596136753,False,1,1,False,1.5078645936299853,2.0389244389701053,3.405197397910945,0.9266090761469586,1.0
JXSJBGJIGXNWCI-UHFFFAOYSA-N,-8.949537537812967,-9.139048629345544,5,-9.140375370156228,-9.140375370156228,-9.139048629345544,-9.139048629345544,True,3,3,False,-9.270991684055943,0.5627608353377608,-9.153675535550933,0.10154085988083246,1.0
JXTHNDFMNIQAHM-UHFFFAOYSA-N,-6.7865733069656535,-6.60432554068716,4,-6.604778286986214,-6.604778286986214,-6.60432554068716,-6.60432554068716,True,3,3,False,-6.901494114608577,0.7264233182696221,-6.618008714377318,0.08757059850071754,0.9783342080419166
JXVIIQLNUPXOII-UHFFFAOYSA-N,-11.657886711503233,-11.673427131589946,3,-11.677874484136446,-11.677874484136446,-11.673427131589946,-11.673427131589946,False,2,2,False,-11.763612571572892,0.7231280539469104,-11.728470643020005,0.195409866055162,1.0
JXVXNMRPFCMTDW-XKZJXRQESA-N,-8.463129153143022,-8.463129153143022,1,-8.465025672044298,-8.465025672044298,-8.463129153143022,-8.463129153143022,False,1,1,False,-8.447226695592635,1.0605269289471333,-8.502551702521318,0.2823014056134774,1.0
JYGLAHSAISAEAL-UHFFFAOYSA-N,-11.188231453217917,-11.188231453217917,1,-11.190127972119193,-11.190127972119193,-11.188231453217917,-11.188231453217917,False,1,1,False,-11.009256331703568,1.0605269289471333,-11.216854119361068,0.2824659347224049,1.0
JYQUHIFYBATCCY-UHFFFAOYSA-N,-7.653618894732342,-7.653618894732342,2,-7.693284184285529,-7.693284184285529,-7.653618894732342,-7.653618894732342,False,2,2,False,-7.771768785454215,0.9638346123868675,-7.6303010100051765,0.27112643304631595,1.0
JYVLIDXNZAXMDK-UHFFFAOYSA-N,-4.3016826723743895,-4.390256830827042,22,-4.391883783920651,-4.391883783920651,-4.39,-4.39,True,5,5,False,-4.091757375296399,0.10573052615153547,-4.394246773508278,0.010171403559755415,0.0013642660967050427
JYYNAJVZFGKDEQ-UHFFFAOYSA-N,-4.318587454098508,-4.86,19,-4.86,-4.86,-4.8618833652007645,-4.8618833652007645,True,5,5,False,-4.82913112373809,0.11090995072391184,-4.865130474323504,0.011518606980651458,0.0009037396283760903
JZBKRUIGSVOOIC-UHFFFAOYSA-N,3.572101969108481,3.572101969108481,1,3.570205450207204,3.570205450207204,3.572101969108481,3.572101969108481,False,1,1,False,2.867804968284924,1.0605269289471333,3.4850659396241173,0.28255315666965913,1.0
JZFPYUNJRRFVQU-UHFFFAOYSA-N,-5.150706615076161,-5.150706615076161,1,-5.228140675281259,-5.228140675281259,-5.150706615076161,-5.150706615076161,False,1,1,False,-5.724975375396281,2.0389244389701053,-5.487640752473521,0.9148286627638766,1.0
JZHGRUMIRATHIU-UHFFFAOYSA-N,-1.095345062691403,-1.095345062691403,1,-1.09724158159268,-1.09724158159268,-1.095345062691403,-1.095345062691403,False,1,1,False,-1.5203376787344793,1.0605269289471333,-1.1638784798336228,0.28226609994127,1.0
JZQKKSLKJUAGIC-UHFFFAOYSA-N,-5.992173479158054,-5.992173479158054,1,-6.069607539363152,-6.069607539363152,-5.992173479158054,-5.992173479158054,False,1,1,False,-6.380321728598458,2.0389244389701053,-6.294107508976263,0.9152829679923917,1.0
KAATUXNTWXVJKI-UHFFFAOYSA-N,-5.032349870758884,-5.032349870758884,2,-5.072015160312072,-5.072015160312072,-5.032349870758884,-5.032349870758884,True,2,2,False,-6.1602322130640035,0.9638346123868675,-6.331941306043166,0.28015099817318395,0.5744316694355548
KAESVJOAVNADME-UHFFFAOYSA-N,-4.464073115276562,-4.274567118568028,11,-4.276463637469305,-4.276463637469305,-4.780114722753346,-4.780114722753346,True,5,5,False,-4.761759666412319,0.15385864842951147,-4.778177661394168,0.016459929911726734,0.3132194339712589
KAKZBPTYRLMSJV-UHFFFAOYSA-N,0.8249460580716529,0.6142447418738048,26,0.6149021022661256,0.6149021022661256,0.61,0.61,True,5,5,False,0.6203820986952707,0.09569144655063767,0.6085683853848491,0.008883374674937551,0.3558105569177459
KASGFDPQAMDPAZ-UHFFFAOYSA-N,-2.666105253152138,-2.666105253152138,1,-2.743539313357236,-2.743539313357236,-2.666105253152138,-2.666105253152138,False,1,1,False,-3.789932522015892,2.0389244389701053,-3.1061547623478565,0.9149200711379215,1.0
KBPCCVWUMVGXGF-UHFFFAOYSA-N,3.2583251969496363,3.2583251969496363,1,3.2564286780483593,3.2564286780483593,3.2583251969496363,3.2583251969496363,False,1,1,False,2.572804890903574,1.0605269289471333,3.172537012166535,0.282526245766441,1.0
KBPLFHHGFOOTCA-UHFFFAOYSA-N,-3.690543075160925,-4.092740506419708,26,-4.091749480116539,-4.091749480116539,-4.092084130019121,-4.092084130019121,True,5,5,False,-4.076684392419821,0.10249519148221686,-4.092224447169105,0.009787711896571231,0.024287388051521596
KCXMKQUNVWSEMD-UHFFFAOYSA-N,-2.329940909524683,-2.414716898787628,8,-2.417662900318266,-2.417662900318266,-2.414716898787628,-2.414716898787628,False,3,3,False,-2.6145075407767413,0.45586276628224537,-2.375247969874581,0.07422782352208634,0.37202657635822084
KCXZNSGUUQJJTR-UHFFFAOYSA-N,-4.261726458894959,-4.261726458894959,2,-4.301391748448147,-4.301391748448147,-4.261726458894959,-4.261726458894959,False,2,2,False,-4.495035355767743,0.9638346123868675,-4.176126685732614,0.2722101069762017,1.0
KDDIUDIEWSLRMQ-UHFFFAOYSA-N,-4.2503319782569315,-4.2503319782569315,1,-4.2522284971582085,-4.2522284971582085,-4.2503319782569315,-4.2503319782569315,False,1,1,False,-4.486527233893181,1.0605269289471333,-4.30640131345203,0.28220828342060617,1.0
KDDIUDIEWSLRMQ-ZBHICJROSA-N,-4.770282597979187,-4.770282597979187,1,-4.772179116880464,-4.772179116880464,-4.770282597979187,-4.770282597979187,False,1,1,False,-4.9753635234541465,1.0605269289471333,-4.824298672501679,0.2822092371856102,1.0
KDIAMAVWIJYWHN-UHFFFAOYSA-N,2.3002707254500794,2.1282250633382485,11,2.129216089641418,2.129216089641418,2.13,2.13,True,4,4,False,2.064754196142388,0.2173376567120123,2.1279070181800255,0.02506189422161434,0.8250165371410169
KDKYADYSIPSCCQ-UHFFFAOYSA-N,-0.17177917953127667,-0.16174404852305957,22,-0.1625239005736137,-0.1625239005736137,-0.16,-0.16,False,5,5,False,-0.18543202599216846,0.10068591013158107,-0.1685848850053487,0.009542875483999043,0.4254347983620072
KDRZICOOQNIJDN-UHFFFAOYSA-N,3.5038896273348197,3.5038896273348197,1,3.5019931084335427,3.5019931084335427,3.5038896273348197,3.5038896273348197,False,1,1,False,2.803674516680283,1.0605269289471333,3.4171249294330397,0.2825472123452996,1.0
KDSNLYIMUZNERS-UHFFFAOYSA-N,-4.4448045522392805,-4.446457210434884,6,-4.44645365733958,-4.44645365733958,-4.446457210434884,-4.446457210434884,False,3,3,False,-4.704686974898603,0.5294888151993109,-4.464662077915497,0.08019206846385481,1.0
KDWQYMVPYJGPHS-UHFFFAOYSA-N,-8.838221020910664,-8.838221020910664,1,-8.840117539811942,-8.840117539811942,-8.838221020910664,-8.838221020910664,False,1,1,False,-8.799872716058909,1.0605269289471333,-8.8761591454401,0.2823191662656338,1.0
KDWRBXBBKAGNRS-UHFFFAOYSA-N,-5.086780073688959,-5.086780073688959,1,-5.088676592590236,-5.088676592590236,-5.086780073688959,-5.086780073688959,False,1,1,False,-5.272921494947712,1.0605269289471333,-5.139546270684638,0.28221126915758576,1.0
KDYFGRWQOYBRFD-UHFFFAOYSA-N,-13.259440624238723,-14.78282064472673,3,-14.784717163628006,-14.784717163628006,-14.78282064472673,-14.78282064472673,True,2,2,False,-14.342695050518495,0.7231280539469104,-14.779476671861012,0.1997077177927404,0.24947317732626276
KENZYIHFBRWMOD-UHFFFAOYSA-N,-2.8064163493682837,-3.0424522623519996,4,-3.0443487812532766,-3.0443487812532766,-3.0424522623519996,-3.0424522623519996,True,2,2,False,-3.3387535805162134,0.6032128259600282,-3.166691726571699,0.1693237292509671,1.0
KEVMYFLMMDUPJE-UHFFFAOYSA-N,3.462962222270622,3.462962222270622,1,3.461065703369345,3.461065703369345,3.462962222270622,3.462962222270622,False,1,1,False,2.765196245717498,1.0605269289471333,3.376360306905983,0.28254367086238075,1.0
KEWNKZNZRIAIAK-UHFFFAOYSA-N,-4.40004997679288,-4.40004997679288,1,-4.477484036997978,-4.477484036997978,-4.40004997679288,-4.40004997679288,False,1,1,False,-5.140353316697985,2.0389244389701053,-4.768141226877492,0.9146311024526,1.0
KFNNIILCVOLYIR-UHFFFAOYSA-N,-2.463085465718419,-2.482812205885773,15,-2.4818211795826035,-2.4818211795826035,-2.48,-2.48,False,5,5,False,-2.5068473997482905,0.14352844899378456,-2.4802194307938334,0.013557327304951723,1.0
KFRVYYGHSPLXSZ-UHFFFAOYSA-N,-1.0565720086304426,-1.0753901367788428,5,-1.0772866556801197,-1.0772866556801197,-1.0753901367788428,-1.0753901367788428,True,1,1,False,-1.32987800668791,0.48605923627515846,-1.1404597880523664,0.1605858891203513,0.39048665822105605
KFSLWBXXFJQRDL-UHFFFAOYSA-N,-5.728694231390487,-5.552200428924039,5,-5.55120940262087,-5.55120940262087,-5.552200428924039,-5.552200428924039,False,2,2,False,-5.883791066575233,0.6291542349883132,-5.717735291962996,0.07900177853792668,0.4714817984420849
KFUSEUYYWQURPO-OWOJBTEDSA-N,-0.5043455804501017,-0.5746385860731682,48,-0.5765351049744452,-0.5765351049744452,-0.78,-0.78,True,5,5,False,-0.8603488640264735,0.0994990439911845,-0.7625535477726012,0.012360231479356177,0.0030135160790129975
KFUSEUYYWQURPO-UHFFFAOYSA-N,-0.9817329212590746,-1.0612369598471274,5,-1.0631215053659548,-1.0631215053659548,-1.0612369598471274,-1.0612369598471274,False,3,3,False,-1.310562935908467,0.5627608353377608,-1.0604964972278756,0.1020863207975486,1.0
KFUSEUYYWQURPO-UPHRSURJSA-N,-1.001215421774432,-1.0442736399820678,48,-1.0461701588833447,-1.0461701588833447,-1.171759082217973,-1.171759082217973,True,5,5,False,-1.2122603830829493,0.10210435712155207,-1.171750559093938,0.01136796126836712,0.002683824279011087
KFZMGEQAYNKOFK-UHFFFAOYSA-N,-4.332036933374803,-4.747578987446862,48,-4.7465879611436925,-4.7465879611436925,-4.758107074569789,-4.758107074569789,True,5,5,False,-4.66324578542172,0.07810900344120106,-4.759143074288021,0.007985022731941085,0.001104447695305539
KGKGSIUWJCAFPX-UHFFFAOYSA-N,-7.1169354693068465,-10.81,3,-10.81,-10.81,-10.81,-10.81,True,3,3,False,-10.732304170308842,0.2453204056433808,-10.812010846172443,0.028267470467086945,0.03761884658945359
KGVPNLBXJKTABS-UHFFFAOYSA-N,-3.5925737728445473,-3.5925737728445473,2,-3.6322390623977343,-3.6322390623977343,-3.5925737728445473,-3.5925737728445473,True,2,2,False,-7.6220746116995945,0.9638346123868675,-9.641662378836243,0.28284100000320433,0.038533238361562715
KHHBDUCOKYNSCK-UHFFFAOYSA-N,-7.872392172148518,-7.872392172148518,1,-7.874288691049795,-7.874288691049795,-7.872392172148518,-7.872392172148518,False,1,1,False,-7.891839966656614,1.0605269289471333,-7.914151493560368,0.2822765829846399,1.0
KHUFHLFHOQVFGB-UHFFFAOYSA-N,-5.988913335955259,-5.988913335955259,2,-6.028578625508446,-6.028578625508446,-5.988913335955259,-5.988913335955259,True,2,2,False,-8.91119210203073,0.9638346123868675,-10.3818549570577,0.2831333334485405,0.07254860918327784
KIBLCYBDSWFUPC-UHFFFAOYSA-N,-8.542516982463141,-8.542516982463141,1,-8.619951042668239,-8.619951042668239,-8.542516982463141,-8.542516982463141,False,1,1,False,-8.366565496054994,2.0389244389701053,-8.737314392421519,0.9181961696866277,1.0
KIEDNEWSYUYDSN-UHFFFAOYSA-N,-7.82977137026209,-7.82977137026209,2,-7.869436659815277,-7.869436659815277,-7.82977137026209,-7.82977137026209,False,2,2,False,-8.033516767469221,0.9638346123868675,-7.937798087645517,0.27030104758233364,1.0
KIQQIBFKHMWKDE-UHFFFAOYSA-N,-9.814455799619877,-9.814455799619877,1,-9.816352318521155,-9.816352318521155,-9.814455799619877,-9.814455799619877,False,1,1,False,-9.71768869485224,1.0605269289471333,-9.848527610535928,0.28237268873856963,1.0
KJCVRFUGPWSIIH-UHFFFAOYSA-N,-7.201830823343673,-7.680709683714319,8,-7.67971865741115,-7.67971865741115,-7.67,-7.67,True,4,4,False,-7.6789319404164225,0.22636288206411329,-7.672545894366447,0.02616214742890981,0.33750507180630207
KJDRSWPQXHESDQ-UHFFFAOYSA-N,-1.128409749428312,-2.3192196203045015,16,-2.318228594001332,-2.318228594001332,-2.32,-2.32,True,4,4,False,-1.7527465246229266,0.1986145998197649,-2.319149288297985,0.025042268940591833,0.02761282025381477
KJPRLNWUNMBNBZ-UHFFFAOYSA-N,-4.828436487377218,-4.828436487377218,1,-4.905870547582316,-4.905870547582316,-4.828436487377218,-4.828436487377218,False,1,1,False,-5.473986819639023,2.0389244389701053,-5.178751984375173,0.914719929963584,1.0
KJRCEJOSASVSRA-UHFFFAOYSA-N,-0.6023647270013941,-0.5899296084278007,4,-0.5918261273290777,-0.5918261273290777,-0.5899296084278007,-0.5899296084278007,False,1,1,False,-0.8928627909828126,0.542578892102387,-0.6598845071451891,0.14940601311062982,1.0
KKBGNYHHEIAGOH-UHFFFAOYSA-N,-14.43014388141037,-14.43014388141037,1,-14.507577941615468,-14.507577941615468,-14.43014388141037,-14.43014388141037,False,1,1,False,-12.951933003603816,2.0389244389701053,-14.362927402079757,0.9348022284683329,1.0
KKCMIUYVWAITDU-UHFFFAOYSA-N,-6.3767101554416055,-6.3767101554416055,2,-6.416375444994793,-6.416375444994793,-6.3767101554416055,-6.3767101554416055,True,2,2,False,-6.847086107254143,0.9638346123868675,-6.759061963117414,0.27103928544987893,1.0
KKEYFWRCBNTPAC-UHFFFAOYSA-N,-18.12304402389888,-18.12304402389888,1,-18.200478084103977,-18.200478084103977,-18.12304402389888,-18.12304402389888,False,1,1,False,-15.82801612038846,2.0389244389701053,-17.869962291502233,0.9543663380524997,1.0
KKKDZZRICRFGSD-UHFFFAOYSA-N,-5.07548082360183,-5.07548082360183,1,-5.152914883806928,-5.152914883806928,-5.07548082360183,-5.07548082360183,False,1,1,False,-5.666388459839909,2.0389244389701053,-5.415539379386284,0.9148000575938936,1.0
KKQWHYGECTYFIA-UHFFFAOYSA-N,-2.4411198912348993,-2.575533375659962,12,-2.577429894561239,-2.577429894561239,-2.575533375659962,-2.575533375659962,True,2,2,False,-2.680398642631153,0.3255494967023966,-2.5276748460759295,0.09375407478770842,0.5637827176553738
KLIDCXVFHGNTTM-UHFFFAOYSA-N,-6.858107289692769,-6.855259003876996,3,-6.857155522778273,-6.857155522778273,-6.855259003876996,-6.855259003876996,False,1,1,False,-7.037616056263402,0.624886973339966,-6.910302578206364,0.1642141415312496,1.0
KLIHWYNSISMOMR-UHFFFAOYSA-N,-4.6793666456732,-4.6793666456732,1,-4.681263164574477,-4.681263164574477,-4.6793666456732,-4.6793666456732,False,1,1,False,-4.889888066552295,1.0605269289471333,-4.733741747053441,0.28220885657159006,1.0
KLKFAASOGCDTDT-UHFFFAOYSA-N,-3.4976231469334653,-3.4976231469334653,1,-3.4995196658347423,-3.4995196658347423,-3.4976231469334653,-3.4976231469334653,False,1,1,False,-3.7788612012601512,1.0605269289471333,-3.5566649691658236,0.2822121545059151,1.0
KLSJWNVTNUYHDU-UHFFFAOYSA-N,-15.070145391643477,-15.070145391643477,2,-15.109810681196665,-15.109810681196665,-15.070145391643477,-15.070145391643477,False,2,2,False,-14.886701692195494,0.9638346123868675,-15.11107238516399,0.270494815439183,1.0
KLSLBUSXWBJMEC-UHFFFAOYSA-N,-5.11943626639466,-5.907188797599113,8,-5.906197771295943,-5.906197771295943,-5.9,-5.9,True,4,4,False,-5.88914963362356,0.22636288206411329,-5.9022709422822155,0.02615845439336289,0.13889793339745996
KMAQZIILEGKYQZ-UHFFFAOYSA-N,-3.876157830219242,-3.876157830219242,2,-3.878054349120519,-3.878054349120519,-3.876157830219242,-3.876157830219242,True,1,1,False,-4.122032303894901,0.7613827475557001,-3.9471913152316622,0.2684426462411178,0.674348283116976
KMGBZBJJOKUPIA-UHFFFAOYSA-N,-0.2501829177964715,-0.24778221519259125,14,-0.25,-0.25,-0.2581261950286806,-0.2581261950286806,False,5,5,False,-0.28476301169535767,0.1365271896317692,-0.2612714512330605,0.012742044491017884,0.9091073573896272
KMSWCQQQRKBBAH-UHFFFAOYSA-N,-4.760082064090257,-4.760082064090257,1,-4.837516124295355,-4.837516124295355,-4.760082064090257,-4.760082064090257,False,1,1,False,-5.420751423287173,2.0389244389701053,-5.113234655685476,0.9147014963659216,1.0
KNKRKFALVUDBJE-UHFFFAOYSA-N,-0.5742389697989908,-1.2687495569901095,45,-1.26775853068694,-1.26775853068694,-1.2623900573613767,-1.2623900573613767,True,5,5,False,-1.0599022341817208,0.11621111084152923,-1.26334895995763,0.01347336828739168,0.002213407918958317
KNUQGVIXAYDSOX-UHFFFAOYSA-N,-7.115818410253847,-7.029996558427461,3,-7.031893077328738,-7.031893077328738,-7.029996558427461,-7.029996558427461,False,2,2,False,-7.228371494244883,0.7652320031703121,-7.147821672770293,0.09527477729904131,1.0
KOKPBCHLPVDQTK-UHFFFAOYSA-N,-5.5974980061516675,-5.5974980061516675,1,-5.599394525052944,-5.599394525052944,-5.5974980061516675,-5.5974980061516675,False,1,1,False,-5.753077589868186,1.0605269289471333,-5.6482471739967,0.2822168647766156,1.0
KOSAMXZBGUIISK-UHFFFAOYSA-N,-4.793220383591805,-4.793220383591805,1,-4.795116902493082,-4.795116902493082,-4.793220383591805,-4.793220383591805,False,1,1,False,-4.996928690576375,1.0605269289471333,-4.847145876372561,0.2822093475311627,1.0
KOTNFWJIMRGVBR-UHFFFAOYSA-N,-3.962128524720602,-3.962128524720602,2,-4.001793814273789,-4.001793814273789,-3.962128524720602,-3.962128524720602,False,2,2,False,-4.329627571622195,0.9638346123868675,-4.04620692664947,0.2706280817233273,1.0
KPMKEVXVVHNIEY-UHFFFAOYSA-N,-3.1989979494103182,-3.1989979494103182,1,-3.2764320096154163,-3.2764320096154163,-3.1989979494103182,-3.1989979494103182,False,1,1,False,-4.2049569276672205,2.0389244389701053,-3.616914672814854,0.9147204469592268,1.0
KPSSIOMAKSHJJG-UHFFFAOYSA-N,-3.6349452390265755,-3.6349452390265755,2,-3.6368417579278525,-3.6368417579278525,-3.6349452390265755,-3.6349452390265755,False,1,1,False,-3.888259508096448,0.7613827475557001,-3.6920494191575233,0.19974915413404581,1.0
KQBFUDNJKCZEDQ-UHFFFAOYSA-N,-3.021960633696258,-3.021960633696258,2,-3.061625923249446,-3.061625923249446,-3.021960633696258,-3.021960633696258,True,2,2,False,-3.674998661387473,0.9638346123868675,-3.440269908567559,0.27097473354284296,1.0
KQDJTBPASNJQFQ-UHFFFAOYSA-N,-6.206102584502687,-6.207323101403224,6,-6.206332075100055,-6.206332075100055,-6.2,-6.2,False,3,3,False,-6.231290467252216,0.23254118123630332,-6.202260996841055,0.026271077883758234,1.0
KQNPFQTWMSNSAP-UHFFFAOYSA-N,-6.064774296299618,-6.059451136362827,7,-6.05848713436469,-6.05848713436469,-6.059451136362827,-6.059451136362827,False,2,2,False,-6.262762807412851,0.5149230973254725,-6.0659470035339815,0.06056532947809228,0.755733060461846
KRHYYFGTRYWZRS-UHFFFAOYSA-N,-3.234385976944676,-3.234385976944676,1,-3.2333949506415065,-3.2333949506415065,-3.234385976944676,-3.234385976944676,False,1,1,False,-3.570533477612351,1.4704237627620684,-3.2383089765825273,0.1305732774007907,1.0
KRIMXCDMVRMCTC-UHFFFAOYSA-N,-4.308446046990122,-4.308446046990122,2,-4.34811133654331,-4.34811133654331,-4.308446046990122,-4.308446046990122,False,2,2,False,-4.693263939607145,0.9638346123868675,-4.438983700268132,0.2703461542898971,1.0
KRIOVPPHQSLHCZ-UHFFFAOYSA-N,-4.032631164446004,-3.8448101612603107,10,-3.8766667434282662,-3.8766667434282662,-3.8448101612603107,-3.8448101612603107,True,3,3,False,-4.487586949895532,0.3804044210564972,-3.202793846908813,0.0854474321426787,0.09846014014279256
KRTSDMXIXPKRQR-AATRIKPKSA-N,-13.29784863892506,-13.29784863892506,2,-13.337513928478248,-13.337513928478248,-13.29784863892506,-13.29784863892506,True,2,2,False,-13.887105777394476,0.9638346123868675,-14.346747230529717,0.2814493491194149,0.7177825614813113
KRZWEBVPFGCYMY-UHFFFAOYSA-M,-8.864344547550122,-8.864344547550122,2,-8.866241066451398,-8.866241066451398,-8.864344547550122,-8.864344547550122,False,1,1,False,-8.956366818148053,0.7613827475557001,-8.910923912901213,0.20042188989306595,1.0
KSEBMYQBYZTDHS-HWKANZROSA-N,-6.83688154920371,-6.83688154920371,1,-6.914315609408808,-6.914315609408808,-6.83688154920371,-6.83688154920371,False,1,1,False,-7.038192379071269,2.0389244389701053,-7.103546728023472,0.9159890504498244,1.0
KSMVZQYAVGTKIV-UHFFFAOYSA-N,-1.7272142670897432,-1.5415989240847567,9,-1.5434954429860337,-1.5434954429860337,-1.5415989240847567,-1.5415989240847567,True,3,3,False,-2.0997418989429515,0.45668493307080654,-1.5256027634892049,0.0677893758371023,0.10352460989003456
KSNXJLQDQOIRIP-UHFFFAOYSA-N,-12.650576856435992,-12.650576856435992,2,-12.68929388653854,-12.68929388653854,-14.567399617590825,-14.567399617590825,True,2,2,False,-14.392054960050698,0.4027336709368692,-14.566147226989116,0.028285773435015985,0.3355634881230466
KTXUOWUHFLBZPW-UHFFFAOYSA-N,-2.808299953027291,-2.7574108376132003,4,-2.7593073565144772,-2.7593073565144772,-2.7574108376132003,-2.7574108376132003,False,3,3,False,-3.0923605132755156,0.6562977178022762,-2.7841729672182205,0.10892254466063808,1.0
KUAZQDVKQLNFPE-UHFFFAOYSA-N,-7.006915423564813,-7.006915423564813,2,-7.046580713118001,-7.046580713118001,-7.006915423564813,-7.006915423564813,True,2,2,False,-7.0345258340794015,0.9638346123868675,-6.808625148918858,0.2730684724204028,1.0
KUFFULVDNCHOFZ-UHFFFAOYSA-N,-4.254828918906066,-5.575676816579116,19,-5.574685790275947,-5.574685790275947,-6.01,-6.01,True,4,4,False,-5.23728782939717,0.18946428123063547,-5.986785644091763,0.027031793681428204,0.019815098337740606
KUMXLFIBWFCMOJ-UHFFFAOYSA-N,3.0400457032739197,3.0400457032739197,1,3.0381491843726427,3.0381491843726427,3.0400457032739197,3.0400457032739197,False,1,1,False,2.3675874457687236,1.0605269289471333,2.955125170120141,0.28250817712609083,1.0
KVBWBCRPWVKFQT-UHFFFAOYSA-N,-5.278118066683856,-5.278118066683856,1,-5.355552126888954,-5.355552126888954,-5.278118066683856,-5.278118066683856,False,1,1,False,-5.82420522475987,2.0389244389701053,-5.609758908172265,0.9148815968339792,1.0
KVFIJIWMDBAGDP-UHFFFAOYSA-N,-5.462763299835288,-5.456987341892945,15,-5.456500956022944,-5.456500956022944,-5.458250478011472,-5.458250478011472,False,4,4,False,-5.4772580024889335,0.1053759903937809,-5.46532462718491,0.010334715021898932,0.8339047059127388
KVGLBTYUCJYMND-UHFFFAOYSA-N,-4.921290799825447,-4.841101319514256,3,-4.842997838415533,-4.842997838415533,-4.841101319514256,-4.841101319514256,False,2,2,False,-5.146859472574652,0.7231280539469104,-4.916893439252803,0.1957370213750895,1.0
KVNRLNFWIYMESJ-UHFFFAOYSA-N,-3.214004900684958,-3.6412695253567704,22,-3.6407740122051857,-3.6407740122051857,-3.64,-3.64,True,5,5,False,-3.62606506653588,0.10606487758889922,-3.6419544791417406,0.010951724123816127,0.0017257379850697506
KVNYFPKFSJIPBJ-UHFFFAOYSA-N,-0.7728032301971343,-1.3233194304090392,6,-1.323772176708093,-1.323772176708093,-1.3233194304090392,-1.3233194304090392,True,3,3,False,-1.4582463856355514,0.5294888151993109,-1.3332064444378258,0.08035268847604987,0.4201735098296028
KVZJLSYJROEPSQ-OCAPTIKFSA-N,1.588141380952104,1.588141380952104,1,1.5862448620508272,1.5862448620508272,1.588141380952104,1.588141380952104,False,1,1,False,1.0025664326185677,1.0605269289471333,1.5089842241342741,0.28240155276743767,1.0
KVZJLSYJROEPSQ-UHFFFAOYSA-N,1.5820728363276895,1.583669567323211,4,1.5685035001312335,1.5685035001312335,1.583669567323211,1.583669567323211,False,3,3,False,1.1575969535464408,0.6562977178022762,1.5521053598929146,0.10899816173277213,1.0
KVZJLSYJROEPSQ-YUMQZZPRSA-N,1.8366138582772635,1.8366138582772635,1,1.8347173393759866,1.8347173393759866,1.8366138582772635,1.8366138582772635,False,1,1,False,1.2361700850933628,1.0605269289471333,1.7564712869809942,0.2824181321946424,1.0
KWGUFOITWDSNQY-UHFFFAOYSA-N,8.650772223468023,8.650772223468023,1,8.573338163262925,8.573338163262925,8.650772223468023,8.650772223468023,False,1,1,False,5.023812499341364,2.0389244389701053,7.705082497647729,0.9456675097078902,1.0
KWKAKUADMBZCLK-UHFFFAOYSA-N,1.8128627038773586,1.923588038017263,20,1.9245790643204324,1.9245790643204324,2.17,2.17,True,5,5,False,2.029490039043707,0.12216988919943778,2.1496906168268213,0.014075246399781837,0.0055898221416673605
KWOLFJPFCHCOCG-UHFFFAOYSA-N,-4.310437089314587,-4.584130019120458,37,-4.584130019120458,-4.584130019120458,-4.58,-4.58,True,5,5,False,-4.176566047057901,0.09109541409798728,-4.583272404241738,0.008729000210896386,5.928631697184627e-05
KXDAEFPNCMNJSK-UHFFFAOYSA-N,-10.981378156651619,-11.004735981134509,8,-11.004240467982923,-11.004240467982923,-11.0,-11.0,False,4,4,False,-10.967339838236299,0.15819819545458033,-10.986301289401643,0.018184785246494903,0.43676084850576885
KXGYBSNVFXBPNO-UHFFFAOYSA-N,-8.145483615440384,-8.145483615440384,1,-8.222917675645482,-8.222917675645482,-8.145483615440384,-8.145483615440384,False,1,1,False,-8.05735026693027,2.0389244389701053,-8.357107287677971,0.917587304502564,1.0
KXIPYLZZJZMMPD-UHFFFAOYSA-N,-3.6483313431573077,-3.6483313431573077,2,-3.6879966327104947,-3.6879966327104947,-3.6483313431573077,-3.6483313431573077,False,2,2,False,-4.031327994455771,0.9638346123868675,-3.733540484042444,0.2706470079541747,1.0
KXKVLQRXCPHEJC-UHFFFAOYSA-N,-3.2868775136426587,-3.257319141959556,38,-3.259215660860833,-3.259215660860833,-3.3125047801147227,-3.3125047801147227,False,5,5,False,-3.3730211118808224,0.07728232434242696,-3.304448910199237,0.007755079296264839,0.0029718518797427125
KXOJXWNARBQHNX-UHFFFAOYSA-N,-2.284116139219631,-2.284116139219631,1,-2.361550199424729,-2.361550199424729,-2.284116139219631,-2.284116139219631,False,1,1,False,-3.492433971016222,2.0389244389701053,-2.740052341064229,0.9151239650666414,1.0
KXRPCFINVWWFHQ-UHFFFAOYSA-N,-5.835624488208408,-5.835624488208408,2,-5.875289777761596,-5.875289777761596,-5.835624488208408,-5.835624488208408,False,2,2,False,-6.1108748596769376,0.9638346123868675,-5.913348250098385,0.27053000270942945,1.0
KXUHSQYYJYAXGZ-UHFFFAOYSA-N,0.4748823158494605,0.1637096202567883,10,0.1647006465599577,0.1647006465599577,0.16,0.16,True,4,4,False,0.11613734917879559,0.21946956505281262,0.16033178570482265,0.02553122955389917,0.4733666987960449
KYCZJIBOPKRSOV-UHFFFAOYSA-N,3.2583251969496363,3.2583251969496363,1,3.2564286780483593,3.2564286780483593,3.2583251969496363,3.2583251969496363,False,1,1,False,2.572804890903574,1.0605269289471333,3.172537012166535,0.282526245766441,1.0
KYWIYKKSMDLRDC-UHFFFAOYSA-N,-2.42571011104418,-2.1589387857156916,16,-2.1602042154974397,-2.1602042154974397,-2.1565009560229447,-2.1565009560229447,True,5,5,False,-2.2362667033331722,0.12972786167460454,-2.1591628791612814,0.01376560642449153,0.053809794464269464
KYWJZCSJMOILIZ-UHFFFAOYSA-N,-4.474729620352215,-4.474729620352215,1,-4.476626139253492,-4.476626139253492,-4.474729620352215,-4.474729620352215,False,1,1,False,-4.697496711738372,1.0605269289471333,-4.5299128245015705,0.2822083314513482,1.0
KZAUOCCYDRDERY-UHFFFAOYSA-N,-11.231923513092973,-10.939284674079625,3,-10.941181192980903,-10.941181192980903,-10.939284674079625,-10.939284674079625,True,2,2,False,-11.137403717824105,0.7231280539469104,-11.019802612101122,0.19657406771909172,0.9445237269473148
KZBUYRJDOAKODT-UHFFFAOYSA-N,-0.2497096882236635,-0.2497096882236635,1,-0.2487186619204941,-0.2487186619204941,-0.2497096882236635,-0.2497096882236635,False,1,1,False,-0.9292073178323963,1.4704237627620684,-0.25615631916062853,0.13058193508789623,1.0
KZLMCDNAVVJKPX-UHFFFAOYSA-N,-1.8260559877923663,-1.8260559877923663,1,-1.8279525066936433,-1.8279525066936433,-1.8260559877923663,-1.8260559877923663,False,1,1,False,-2.2073221803758503,1.0605269289471333,-1.8917010665143692,0.2822429810961353,1.0
KZNDFYDURHAESM-UHFFFAOYSA-N,-7.507088632307836,-7.507088632307836,1,-7.508985151209113,-7.508985151209113,-7.507088632307836,-7.507088632307836,False,1,1,False,-7.548396531442334,1.0605269289471333,-7.550292399685413,0.2822631578217333,1.0
KZNICNPSHKQLFF-UHFFFAOYSA-N,-11.455769308082184,-11.455769308082184,1,-11.533203368287282,-11.533203368287282,-11.455769308082184,-11.455769308082184,False,1,1,False,-10.635447812217592,2.0389244389701053,-11.524474413669886,0.9245333652218837,1.0
KZYAYVSWIPZDKL-UHFFFAOYSA-N,1.2799980218141855,1.2799980218141855,1,1.2025639616090875,1.2025639616090875,1.2799980218141855,1.2799980218141855,False,1,1,False,-0.7166512069756948,2.0389244389701053,0.6739384013402472,0.9195398002970349,1.0
LAAVYEUJEMRIGF-UHFFFAOYSA-N,2.0714304500879215,2.0714304500879215,1,2.0695339311866445,2.0695339311866445,2.0714304500879215,2.0714304500879215,False,1,1,False,1.4569350329828183,1.0605269289471333,1.9903562962988743,0.28243443231044046,1.0
LACXVZHAJMVESG-UHFFFAOYSA-N,-3.303788525235026,-3.5042538562279866,3,-3.5061503751292635,-3.5061503751292635,-3.5042538562279866,-3.5042538562279866,True,1,1,False,-3.557141131578678,0.624886973339966,-3.4043093240983766,0.17683856908796988,0.8343751927232752
LAHWLEDBADHJGA-UHFFFAOYSA-N,-2.849755003262759,-2.784114261459351,8,-2.7860107803606278,-2.7860107803606278,-2.784114261459351,-2.784114261459351,True,3,3,False,-3.22633967353125,0.42013522420534183,-2.8572138963222407,0.10077713722736113,0.657368528163639
LAIUFBWHERIJIH-UHFFFAOYSA-N,2.974205151493526,2.974058101331655,12,2.973211930591096,2.973211930591096,2.97,2.97,False,4,4,False,2.8758617098092323,0.20915389239124899,2.9666849013973486,0.02572945359956963,1.0
LAXBNTIAOJWAOP-UHFFFAOYSA-N,-1.809248504509805,-2.0759396754134145,3,-2.0778361943146915,-2.0778361943146915,-2.0759396754134145,-2.0759396754134145,True,2,2,False,-2.3709041439318748,0.7231280539469104,-2.1323957527926227,0.19572380989001975,1.0
LBKDGROORAKTLC-UHFFFAOYSA-N,0.23195436935486646,1.6228203186399446,12,1.6209237997386676,1.6209237997386676,1.6228203186399446,1.6228203186399446,True,3,3,False,0.3423456404745503,0.3413485300378162,1.6942259170241674,0.11451856697808271,0.006851377712967687
LBNXAWYDQUGHGX-UHFFFAOYSA-N,-0.2859125854514638,-0.2859125854514638,1,-0.28780910435274076,-0.28780910435274076,-0.2859125854514638,-0.2859125854514638,False,1,1,False,-0.7593423960757629,1.0605269289471333,-0.35764739377602933,0.2822985739149907,1.0
LCCNCVORNKJIRZ-UHFFFAOYSA-N,-7.0766585815914524,-7.0794479534263335,6,-7.117715885022065,-7.117715885022065,-7.0794479534263335,-7.0794479534263335,True,3,3,False,-7.321036458087084,0.5004085170150036,-7.354565011406476,0.10446449808541537,0.6634710569346721
LCGLNKUTAGEVQW-UHFFFAOYSA-N,-1.7630194030123356,-1.9,31,-1.9,-1.9,-1.9,-1.9,True,5,5,False,-1.9631637754880962,0.08239350257961922,-1.9069749703153145,0.007536922042275748,0.00676624340815411
LCTONWCANYUPML-UHFFFAOYSA-N,-8.818402742281148,-9.385514803486348,4,-9.384907342643238,-9.384907342643238,-9.385514803486348,-9.385514803486348,True,2,2,False,-9.03835607423379,0.6872881966258096,-9.375046411419573,0.08759244047571799,0.020619195731244072
LCXMEXLGMKFLQO-UHFFFAOYSA-N,-2.783499703765871,-3.0403765735745933,4,-3.0422730924758703,-3.0422730924758703,-3.0403765735745933,-3.0403765735745933,True,2,2,False,-3.0227271102106683,0.6032128259600282,-2.968498140302892,0.185397102820724,0.3922926546646496
LDCRTTXIJACKKU-ARJAWSKDSA-N,-6.189155089753578,-6.189155089753578,1,-6.191051608654855,-6.191051608654855,-6.189155089753578,-6.189155089753578,False,1,1,False,-6.3093293616131945,1.0605269289471333,-6.2375671825270205,0.2822269252842584,1.0
LDHQCZJRKDOVOX-IHWYPQMZSA-N,-7.592140221018901,-7.592140221018901,1,-7.594036739920178,-7.594036739920178,-7.592140221018901,-7.592140221018901,False,1,1,False,-7.628358553737819,1.0605269289471333,-7.635007722550333,0.2822661522693746,1.0
LDHQCZJRKDOVOX-UHFFFAOYSA-N,-6.489870333129498,-6.489870333129498,1,-6.491766852030775,-6.491766852030775,-6.489870333129498,-6.489870333129498,False,1,1,False,-6.592049524279471,1.0605269289471333,-6.537094369429049,0.28223351162501914,1.0
LDPJEMNNPDFBCQ-UHFFFAOYSA-N,-2.3455072468159286,-2.3455072468159286,1,-2.4229413070210266,-2.4229413070210266,-2.3455072468159286,-2.3455072468159286,False,1,1,False,-3.54024623814117,2.0389244389701053,-2.798888756217557,0.9150877617908774,1.0
LDQUQELDKCVZDV-UHFFFAOYSA-N,-7.28,-7.28,1,-7.28,-7.28,-7.28,-7.28,False,1,1,False,-7.270674246801485,0.2532417579784302,-7.279885711944589,0.028283756464670205,1.0
LDTAOIUHUHHCMU-UHFFFAOYSA-N,2.2116096229280844,2.2116096229280844,2,2.1719443333748973,2.1719443333748973,2.2116096229280844,2.2116096229280844,True,2,2,False,1.1585921850414551,0.9638346123868675,1.5701146267023107,0.27254899655780995,1.0
LDVVMCZRFWMZSG-UHFFFAOYSA-N,-7.446532951298218,-7.446532951298218,2,-7.486198240851405,-7.486198240851405,-7.446532951298218,-7.446532951298218,True,2,2,False,-8.533735116281813,0.9638346123868675,-8.867090398787546,0.28149702644591035,0.5098523950171419
LECYCYNAEJDSIL-UHFFFAOYSA-N,-0.8480401529636711,-0.8480401529636711,2,-0.8480401529636711,-0.8480401529636711,-0.8480401529636711,-0.8480401529636711,False,2,2,False,-0.8563102194012778,0.2155759085073937,-0.848110777147005,0.020009413994070826,1.0
LEKOWSSKXYFERR-UHFFFAOYSA-N,-3.0068886261769086,-3.0068886261769086,2,-3.0465539157300956,-3.0465539157300956,-3.0068886261769086,-3.0068886261769086,False,2,2,False,-3.421440915416645,0.9638346123868675,-3.094239148588597,0.2706894957134958,1.0
LELOWRISYMNNSU-UHFFFAOYSA-N,-3.194111465608841,-3.089610781107788,7,-3.091507300009065,-3.091507300009065,-3.2,-3.2,False,4,4,False,-3.2716432820393537,0.3402356542304538,-3.1871875529804456,0.026440821792556784,1.0
LEQAOMBKQFMDFZ-UHFFFAOYSA-N,1.5822685858789272,4.07805510985329,5,4.079046136156459,4.079046136156459,4.07805510985329,4.07805510985329,True,2,2,False,-0.608267766560052,0.6291542349883132,4.189597678824313,0.12292307565581075,0.002691128647598298
LEVCDMVRVMUUKB-UHFFFAOYSA-N,-6.446404783090317,-6.446404783090317,1,-6.523838843295415,-6.523838843295415,-6.446404783090317,-6.446404783090317,False,1,1,False,-6.734083523921284,2.0389244389701053,-6.7293938253831085,0.9156313013217635,1.0
LFHISGNCFUNFFM-UHFFFAOYSA-N,-1.451988902049223,-1.4712027594056432,6,-1.471655505704697,-1.471655505704697,-1.4712027594056432,-1.4712027594056432,False,3,3,False,-1.7697459545216674,0.5294888151993109,-1.491044391603844,0.0801931124101233,1.0
LFJQCDVYDGGFCH-SNVBAGLBSA-N,0.48476215768139524,0.48476215768139524,2,0.4828656387801183,0.4828656387801183,0.48476215768139524,0.48476215768139524,False,1,1,False,0.1043824648540335,0.7613827475557001,0.4195033880074143,0.19977876317250157,1.0
LFQSCWFLJHTTHZ-UHFFFAOYSA-N,-4.587659128540872,-5.0,63,-5.0,-5.0,-5.005,-5.005,True,5,5,False,-4.85496086857852,0.0697241203730179,-5.000035555854714,0.006829239734587767,0.0010394989402214847
LFULEKSKNZEWOE-UHFFFAOYSA-N,-8.04811736675386,-8.04811736675386,2,-8.087782656307049,-8.087782656307049,-8.04811736675386,-8.04811736675386,True,2,2,False,-8.424290599064026,0.9638346123868675,-8.408156140138772,0.2710509566544339,1.0
LFVLUOAHQIVABZ-UHFFFAOYSA-N,-5.003209106463271,-5.003209106463271,1,-5.005105625364548,-5.005105625364548,-5.003209106463271,-5.003209106463271,False,1,1,False,-5.1943514923666045,1.0605269289471333,-5.0563053383343055,0.2822106258849215,1.0
LFYXNXGVLGKVCJ-UHFFFAOYSA-N,-3.0936834153183055,-3.242474634283433,5,-3.24437115318471,-3.24437115318471,-3.242474634283433,-3.242474634283433,True,1,1,False,-3.341383036373386,0.48605923627515846,-3.224542694768705,0.14419427503605792,0.5282446991062988
LGAQJENWWYGFSN-PLNGDYQASA-N,1.5803015893175565,1.5803015893175565,1,1.5784050704162795,1.5784050704162795,1.5803015893175565,1.5803015893175565,False,1,1,False,0.9951957814294019,1.0605269289471333,1.50117551863773,0.2824010408335998,1.0
LGAQJENWWYGFSN-SNAWJCMRSA-N,2.0324025217576933,2.0324025217576933,2,1.9927372322045056,1.9927372322045056,2.0324025217576933,2.0324025217576933,True,2,2,False,1.0962155629581183,0.9638346123868675,1.548334257580705,0.2710662049836614,1.0
LGDSHSYDSCRFAB-UHFFFAOYSA-N,-3.2074243685664965,-3.2074243685664965,2,-3.247089658119684,-3.247089658119684,-3.2074243685664965,-3.2074243685664965,True,2,2,False,-3.929687716943717,0.9638346123868675,-3.73647950787782,0.27210840779863926,1.0
LGRFSURHDFAFJT-UHFFFAOYSA-N,-7.279564177316475,-7.279564177316475,2,-7.319229466869663,-7.319229466869663,-7.279564177316475,-7.279564177316475,True,2,2,False,-8.173884093891452,0.9638346123868675,-8.367439932937103,0.2794839411068955,0.7004298624249519
LGXVIGDEPROXKC-UHFFFAOYSA-N,1.1191539254911618,0.19689043140469165,42,0.18618497915122967,0.18618497915122967,0.25,0.25,True,4,4,False,0.7028956982061196,0.1457354946765302,0.21877916257617294,0.0261067643423958,0.0059541666070617415
LGYNIFWIKSEESD-UHFFFAOYSA-N,-2.057707933148552,-2.057707933148552,1,-2.059604452049829,-2.059604452049829,-2.057707933148552,-2.057707933148552,False,1,1,False,-2.4251118572070602,1.0605269289471333,-2.1224376189014085,0.28223687766384153,1.0
LHGVFZTZFXWLCP-UHFFFAOYSA-N,-5.560487629648009,-5.709595115492277,12,-5.711491634393555,-5.711491634393555,-5.57,-5.57,True,4,4,False,-5.6893204636356876,0.2111332713614098,-5.5903123051489425,0.026729174224748267,0.6240588288879952
LHHGDZSESBACKH-UHFFFAOYSA-N,-7.718594925260445,-7.718594925260445,1,-7.720491444161722,-7.720491444161722,-7.718594925260445,-7.718594925260445,False,1,1,False,-7.747246090504264,1.0605269289471333,-7.760962426444541,0.28227075167715426,1.0
LHJGJYXLEPZJPM-UHFFFAOYSA-N,-4.117638359314426,-5.04591962945169,3,-5.123353689656788,-5.123353689656788,-5.04591962945169,-5.04591962945169,True,2,2,False,-4.106919981647407,0.7231280539469104,-5.630772255798517,0.27194178492921345,0.03093319765740528
LHRCREOYAASXPZ-UHFFFAOYSA-N,1.283433635012209,1.283433635012209,1,1.205999574807111,1.205999574807111,1.283433635012209,1.283433635012209,False,1,1,False,-0.713975502587983,2.0389244389701053,0.6772268212144333,0.919546325664611,1.0
LHSHVDDMROIFLS-UHFFFAOYSA-N,-7.487948691957268,-7.487948691957268,2,-7.527613981510456,-7.527613981510456,-7.487948691957268,-7.487948691957268,True,2,2,False,-7.5151571453996056,0.9638346123868675,-7.322297312603624,0.27260846267873534,1.0
LIKMAJRDDDTEIG-UHFFFAOYSA-N,1.6386598784733526,1.6734207597554411,20,1.6710858444548164,1.6710858444548164,1.68,1.68,False,5,5,False,1.6266242507761235,0.11320542339668012,1.6695426115159198,0.01122791688176432,0.41604678202511586
LINPIYWFGCPVIE-UHFFFAOYSA-N,-3.835545460365229,-4.872747915476136,8,-4.9109694324271,-4.9109694324271,-4.872747915476136,-4.872747915476136,True,3,3,False,-3.774780749186949,0.4369071945354738,-5.395442767920051,0.08355228367366513,0.024811381845916306
LISFMEBWQUVKPJ-UHFFFAOYSA-N,-12.29800876409811,-12.29800876409811,1,-12.375442824303208,-12.375442824303208,-12.29800876409811,-12.29800876409811,False,1,1,False,-11.291395870998556,2.0389244389701053,-12.329125853432876,0.9270211742660839,1.0
LIYSVIAQQQEQBT-UHFFFAOYSA-N,-7.587613552990559,-7.587613552990559,1,-7.589510071891836,-7.589510071891836,-7.587613552990559,-7.587613552990559,False,1,1,False,-7.624102765747354,1.0605269289471333,-7.630498952011482,0.2822659908902857,1.0
LJIIBBYARMPSMT-UHFFFAOYSA-N,3.599386905817945,3.599386905817945,1,3.597490386916668,3.597490386916668,3.599386905817945,3.599386905817945,False,1,1,False,2.8934571489267795,1.0605269289471333,3.5122423340694233,0.2825555490521785,1.0
LJOZMWRYMKECFF-UHFFFAOYSA-N,-12.012365800135536,-12.012365800135536,1,-12.089799860340634,-12.089799860340634,-12.012365800135536,-12.012365800135536,False,1,1,False,-11.068933070927422,2.0389244389701053,-12.056300228915383,0.9261423002729706,1.0
LJQOBQLZTUSEJA-UHFFFAOYSA-N,-4.306248814624434,-4.306248814624434,2,-4.308145333525712,-4.308145333525712,-4.306248814624434,-4.306248814624434,False,1,1,False,-4.538857857548533,0.7613827475557001,-4.362024902343848,0.1997498437574591,1.0
LJSQFQKUNVCTIA-UHFFFAOYSA-N,-1.3735338657485021,-1.4352640852131735,25,-1.4371606041144505,-1.4371606041144505,-1.43,-1.43,True,5,5,False,-1.440605368926537,0.0947759321562303,-1.424094253341012,0.009013012110567003,0.01077634667256779
LJWIIRATRWPHBA-UHFFFAOYSA-N,-6.4146659433282345,-6.4146659433282345,2,-6.4543312328814215,-6.4543312328814215,-6.4146659433282345,-6.4146659433282345,False,2,2,False,-6.660896061613983,0.9638346123868675,-6.489720312191542,0.2705097721304066,1.0
LKHLFUVHHXCNJH-UHFFFAOYSA-N,-2.539084536293327,-2.6154626988720424,5,-2.6173592177733194,-2.6173592177733194,-2.6154626988720424,-2.6154626988720424,True,2,2,False,-2.9751105170856875,0.5282086176564232,-2.828348006569154,0.17739214237668072,0.32390032983309913
LKJPSUCKSLORMF-UHFFFAOYSA-N,-5.6246741744644035,-7.670547050762827,3,-7.672443569664104,-7.672443569664104,-7.670547050762827,-7.670547050762827,True,2,2,False,-7.323586956688746,0.7231280539469104,-7.7605536949583485,0.20088120186908395,0.13560826952171962
LKKOGZVQGQUVHF-UHFFFAOYSA-N,-6.462811527174749,-6.462811527174749,1,-6.464708046076026,-6.464708046076026,-6.462811527174749,-6.462811527174749,False,1,1,False,-6.566609942517004,1.0605269289471333,-6.510142473519256,0.28223287831306354,1.0
LKPLKUMXSAEKID-UHFFFAOYSA-N,-3.646779429012212,-3.7423065373350854,5,-3.7442030562363624,-3.7442030562363624,-3.7423065373350854,-3.7423065373350854,True,3,3,False,-4.134174080864271,0.5627608353377608,-5.139220887283383,0.11970392123598991,0.06812917749177172
LLEMOWNGBBNAJR-UHFFFAOYSA-N,-3.0404932840726797,-3.0404932840726797,2,-3.080158573625867,-3.080158573625867,-3.0404932840726797,-3.0404932840726797,True,2,2,False,-5.211457310087016,0.9638346123868675,-5.942772766660664,0.2823059932625652,0.16083826414538177
LLHKCFNBLRBOGN-UHFFFAOYSA-N,-5.255070503987117,-5.255070503987117,1,-5.256967022888394,-5.256967022888394,-5.255070503987117,-5.255070503987117,False,1,1,False,-5.431141268893774,1.0605269289471333,-5.307172080578109,0.28221279696634105,1.0
LLLFASISUZUJEQ-UHFFFAOYSA-N,-5.718510410839034,-5.718510410839034,2,-5.758175700392222,-5.758175700392222,-5.718510410839034,-5.718510410839034,False,2,2,False,-5.999805911711539,0.9638346123868675,-5.797018476171802,0.27053295214870343,1.0
LLQPHQFNMLZJMP-UHFFFAOYSA-N,-11.40909865402024,-11.40909865402024,1,-11.410995172921517,-11.410995172921517,-11.40909865402024,-11.40909865402024,False,1,1,False,-11.216906633156421,1.0605269289471333,-11.436844181302355,0.2824828903060963,1.0
LLWADFLAOKUBDR-UHFFFAOYSA-N,-9.489132182798985,-9.489132182798985,1,-9.491028701700262,-9.491028701700262,-9.489132182798985,-9.489132182798985,False,1,1,False,-9.41183274676581,1.0605269289471333,-9.524492910740888,0.28235367977036474,1.0
LMCLPMXCYFSRNG-UHFFFAOYSA-N,-8.51620762201029,-8.51620762201029,1,-8.518104140911568,-8.518104140911568,-8.51620762201029,-8.51620762201029,False,1,1,False,-8.497128899364432,1.0605269289471333,-8.555420147214198,0.282303824489064,1.0
LMHCYRULPLGEEZ-UHFFFAOYSA-N,0.27249676204607826,0.2728493670946472,7,0.2738403933978166,0.2738403933978166,0.27,0.27,False,3,3,False,0.21828381642712125,0.23000971377142396,0.26896513788108617,0.025742970604709235,1.0
LMNPKIOZMGYQIU-UHFFFAOYSA-N,-11.15900698664306,-11.15900698664306,2,-11.19772401674561,-11.19772401674561,-11.19263862332696,-11.19263862332696,False,2,2,False,-11.160860512315645,0.4027336709368692,-11.19265300768198,0.02827104772764553,1.0
LMNZTLDVJIUSHT-UHFFFAOYSA-N,-8.772380320674742,-8.824702079096106,3,-8.826598597997382,-8.826598597997382,-8.824702079096106,-8.824702079096106,False,2,2,False,-8.927462036316406,0.7231280539469104,-8.808913959978906,0.19703816189981946,1.0
LMQJBFRGXHMNOX-UHFFFAOYSA-N,-2.7087047340159534,-3.077230433959539,4,-3.079126952860816,-3.079126952860816,-3.077230433959539,-3.077230433959539,True,2,2,False,-3.3567033503028867,0.6032128259600282,-3.246375364991894,0.17776064765932287,0.7922842016120949
LNJNFVJKDJYTEU-UHFFFAOYSA-N,-5.931472695710877,-5.931472695710877,2,-5.971137985264065,-5.971137985264065,-5.931472695710877,-5.931472695710877,False,2,2,False,-6.232840949527856,0.9638346123868675,-6.051648342867728,0.27031559473700023,1.0
LNNXFUZKZLXPOF-UHFFFAOYSA-N,-1.4138642690496448,-1.4138642690496448,1,-1.4157607879509218,-1.4157607879509218,-1.4138642690496448,-1.4138642690496448,False,1,1,False,-1.819796398628379,1.0605269289471333,-1.4811384748238778,0.28225530013258154,1.0
LNWWQYYLZVZXKS-UHFFFAOYSA-N,-9.795356474864716,-9.804467373526286,6,-9.8039718603747,-9.8039718603747,-9.775334608030592,-9.775334608030592,False,3,3,False,-9.78504261996236,0.1616153071252191,-9.78286904659633,0.016283283385874276,1.0
LOCHFZBWPCLPAN-UHFFFAOYSA-N,-0.7197980945589418,-0.7197980945589418,1,-0.7216946134602188,-0.7216946134602188,-0.7197980945589418,-0.7197980945589418,False,1,1,False,-1.1672637915337933,1.0605269289471333,-0.7898165655985474,0.2822802685356687,1.0
LOCWBQIWHWIRGN-UHFFFAOYSA-N,-8.743463397348469,-8.743463397348469,1,-8.745359916249747,-8.745359916249747,-8.743463397348469,-8.743463397348469,False,1,1,False,-8.710785477092827,1.0605269289471333,-8.781776578170893,0.28231453273077406,1.0
LOMVENUNSWAXEN-UHFFFAOYSA-N,-5.589682797049342,-5.348127297894652,3,-5.350023816795929,-5.350023816795929,-5.348127297894652,-5.348127297894652,True,2,2,False,-5.688828523472499,0.7231280539469104,-5.439333498264282,0.19645925714927823,1.0
LPAGFVYQRIESJQ-UHFFFAOYSA-N,-5.4891718787364265,-5.4891718787364265,1,-5.566605938941525,-5.566605938941525,-5.4891718787364265,-5.4891718787364265,False,1,1,False,-5.988576933215652,2.0389244389701053,-5.812040155057497,0.914981706038567,1.0
LPEPZBJOKDYZAD-UHFFFAOYSA-N,-3.3078990922481006,-3.3078990922481006,1,-3.3853331524531987,-3.3853331524531987,-3.3078990922481006,-3.3078990922481006,False,1,1,False,-4.2897706854806765,2.0389244389701053,-3.7212959458291777,0.9146917744273038,1.0
LPIQUOYDBNQMRZ-UHFFFAOYSA-N,0.4969914355777099,0.5596706012720134,22,0.56,0.56,0.56,0.56,False,5,5,False,0.5403035693579817,0.09818505679729603,0.5598273242257878,0.008937059214259236,0.38920619662598505
LPNBBFKOUUSUDB-UHFFFAOYSA-N,-6.180462826122466,-6.180462826122466,1,-6.257896886327564,-6.257896886327564,-6.180462826122466,-6.180462826122466,False,1,1,False,-6.526964148100718,2.0389244389701053,-6.4745489445747015,0.9154185436882218,1.0
LPSROTXXMWXWOK-UHFFFAOYSA-N,-4.574150856494749,-4.574150856494749,1,-4.576047375396026,-4.576047375396026,-4.574150856494749,-4.574150856494749,False,1,1,False,-4.790968488357164,1.0605269289471333,-4.62894145160151,0.2822085292282098,1.0
LQEGJNOKOZHBBZ-UHFFFAOYSA-N,-3.2724787385444385,-3.2724787385444385,2,-3.2743752574457154,-3.2743752574457154,-3.2724787385444385,-3.2724787385444385,False,1,1,False,-3.5369726752573243,0.7613827475557001,-3.3303030965513116,0.19979796482602155,1.0
LQERIDTXQFOHKA-UHFFFAOYSA-N,0.455999962514628,0.455999962514628,1,0.37856590230952997,0.37856590230952997,0.455999962514628,0.455999962514628,False,1,1,False,-1.3583926067357726,2.0389244389701053,-0.11492832927222259,0.9181047558844799,1.0
LQLQRFGHAALLLE-UHFFFAOYSA-N,-12.328916044282407,-12.328916044282407,2,-12.367633074384955,-12.367633074384955,-14.254302103250478,-14.254302103250478,True,2,2,False,-14.081138951589296,0.4027336709368692,-14.253064102983384,0.0282856720027937,0.3331346405840611
LQNUZADURLCDLV-UHFFFAOYSA-N,-3.642354741671587,-4.106382974774441,37,-4.106016361423407,-4.106016361423407,-4.119034416826004,-4.119034416826004,True,5,5,False,-4.064414189496782,0.09273989834835804,-4.11525229564766,0.00903846580833448,0.0013462617705952452
LQZZUXJYWNFBMV-UHFFFAOYSA-N,-2.2321700083956646,-3.896424963600526,4,-3.898321482501803,-3.898321482501803,-3.896424963600526,-3.896424963600526,True,2,2,False,-3.789670619875361,0.6032128259600282,-4.037503598692189,0.17356392403246668,0.11164213427430676
LRHPLDYGYMQRHN-UHFFFAOYSA-N,-4.107874029470716,-4.674805805304381,59,-4.676702324205658,-4.676702324205658,-4.72,-4.72,True,5,5,False,-4.578179638813887,0.07604281408905976,-4.712241269724394,0.007679006440770008,0.0011364350958518918
LRNJHZNPJSPMGK-UHFFFAOYSA-N,-5.1,-5.1,2,-5.1,-5.1,-5.1,-5.1,False,2,2,False,-5.09863235649172,0.2155759085073937,-5.099986091266346,0.019999802151251484,1.0
LRQYSMQNJLZKPS-UHFFFAOYSA-N,-2.63,-2.63,1,-2.63,-2.63,-2.63,-2.63,False,1,1,False,-2.647060322287766,0.40899538467915797,-2.6300701569320903,0.02828372768800144,1.0
LRUUNMYPIBZBQH-UHFFFAOYSA-N,-7.647844012506706,-7.647844012506706,2,-7.687509302059894,-7.687509302059894,-7.647844012506706,-7.647844012506706,True,2,2,False,-7.358746689856944,0.9638346123868675,-7.002127467595292,0.2775500217081935,0.7115192123196482
LSDPWZHWYPCBBB-UHFFFAOYSA-N,-1.1230309537221785,-1.24,27,-1.24,-1.24,-1.24,-1.24,True,5,5,False,-1.2416961973057172,0.08663964651408437,-1.2327559794889489,0.007989286244421825,0.01428227149899405
LSFRFLVWCKLQTO-UHFFFAOYSA-N,-7.598898585119553,-7.598898585119553,2,-7.63856387467274,-7.63856387467274,-7.598898585119553,-7.598898585119553,False,2,2,False,-7.786351423140954,0.9638346123868675,-7.6692946880826645,0.27047210486390233,1.0
LSXKDWGTSHCFPP-UHFFFAOYSA-N,0.3499186022066045,0.341061708868309,12,0.3420527351714784,0.3420527351714784,0.34,0.34,False,4,4,False,0.26025845359082983,0.2131699324188043,0.3386267763054971,0.024958249839881767,1.0
LSXWFXONGKSEMY-UHFFFAOYSA-N,0.4029913893399198,0.4029913893399198,1,0.40109487043864284,0.40109487043864284,0.4029913893399198,0.4029913893399198,False,1,1,False,-0.11166307783452244,1.0605269289471333,0.3285299762771992,0.2823319086243706,1.0
LTEQMZWBSYACLV-UHFFFAOYSA-N,-0.42087619767412165,-0.040927405064197,11,-0.03993637876102762,-0.03993637876102762,-0.04,-0.04,True,3,3,False,-0.18648490086338518,0.21620721950034222,-0.04230562953625851,0.02507451736085062,0.005438263242358482
LTHNHFOGQMKPOV-UHFFFAOYSA-N,-3.2876449068040463,-3.2876449068040463,2,-3.2895414257053233,-3.2895414257053233,-3.2876449068040463,-3.2876449068040463,False,1,1,False,-3.5516710686457786,0.7613827475557001,-3.3454361913770603,0.1997497417142489,1.0
LULAYUGMBFYYEX-UHFFFAOYSA-N,-5.836772284597817,-5.836772284597817,1,-5.914206344802915,-5.914206344802915,-5.836772284597817,-5.836772284597817,False,1,1,False,-6.259293069615635,2.0389244389701053,-6.14517840224044,0.9151804458329331,1.0
LUNNFBBTEHRYMW-UHFFFAOYSA-N,-1.98398183541552,-1.98398183541552,1,-2.061415895620618,-2.061415895620618,-1.98398183541552,-1.98398183541552,False,1,1,False,-3.2586851095164824,2.0389244389701053,-2.452416955928753,0.9153199504955418,1.0
LVBXEMGDVWVTGY-UHFFFAOYSA-N,-3.4417987156163905,-3.4417987156163905,1,-3.4436952345176675,-3.4436952345176675,-3.4417987156163905,-3.4417987156163905,False,1,1,False,-3.7263773559933315,1.0605269289471333,-3.501061004222764,0.28221268908778174,1.0
LVBXEMGDVWVTGY-VOTSOKGWSA-N,-3.3662486640494698,-3.437902025392555,10,-3.439798544293832,-3.439798544293832,-3.4408413001912046,-3.4408413001912046,False,4,4,False,-3.4487909785277804,0.13323499456882198,-3.4376764059502225,0.013957802559839045,0.17705171664735117
LVDKZNITIUWNER-UHFFFAOYSA-N,-6.38375167264512,-6.38375167264512,2,-6.423416962198308,-6.423416962198308,-6.38375167264512,-6.38375167264512,True,2,2,False,-10.266933513836326,0.9638346123868675,-12.407590723900825,0.283313555939122,0.03878394800657429
LVGUZGTVOIAKKC-UHFFFAOYSA-N,0.5029608017428313,0.425156674963227,11,0.42326015606195005,0.42326015606195005,0.425156674963227,0.425156674963227,True,1,1,False,0.24289185142374636,0.3288302942032978,0.4005871476878518,0.09516755527531269,0.5846546933057591
LVKTWOXHRYGDMM-UHFFFAOYSA-N,-5.61951808790954,-5.61951808790954,2,-5.659183377462727,-5.659183377462727,-5.61951808790954,-5.61951808790954,True,2,2,False,-10.077273648898768,0.9638346123868675,-12.538082576867179,0.28324357872585004,0.029401456968979948
LVQDKIWDGQRHTE-UHFFFAOYSA-N,-16.05808468447918,-15.877858218492737,3,-15.879754737394013,-15.879754737394013,-15.877858218492737,-15.877858218492737,True,2,2,False,-15.906789633654766,0.7231280539469104,-15.943036350826217,0.19598632919992356,1.0
LVQIWDUSUJTZJF-UHFFFAOYSA-N,-5.409630228021792,-5.409630228021792,2,-5.4492955175749795,-5.4492955175749795,-5.409630228021792,-5.409630228021792,False,2,2,False,-5.7069567119826035,0.9638346123868675,-5.490328298386856,0.27054041097788745,1.0
LVROLHVSYNLFBE-UHFFFAOYSA-N,-2.7058767041074474,-2.791425931659346,3,-2.793322450560623,-2.793322450560623,-2.791425931659346,-2.791425931659346,False,1,1,False,-2.971651410899502,0.624886973339966,-2.767960125428549,0.1664846277328315,1.0
LVZWSLJZHVFIQJ-UHFFFAOYSA-N,0.8359461694843155,0.75033575951028,20,0.7506633929067247,0.7506633929067247,0.75,0.75,False,5,5,False,0.7359873591094227,0.10647418768774435,0.7505050057790675,0.009677276488695001,0.7632707276281576
LWLJUMBEZJHXHV-UHFFFAOYSA-N,-3.617109095894449,-3.617109095894449,1,-3.619005614795726,-3.619005614795726,-3.617109095894449,-3.617109095894449,False,1,1,False,-3.8911969995633804,1.0605269289471333,-3.6756790424689876,0.2822111251607438,1.0
LWLRMRFJCCMNML-UHFFFAOYSA-N,-1.1986632423498194,-1.1986632423498194,1,-1.2760973025549174,-1.2760973025549174,-1.1986632423498194,-1.1986632423498194,False,1,1,False,-2.6470678277961825,2.0389244389701053,-1.6998914646257526,0.9159828719274589,1.0
LXCFILQKKLGQFO-UHFFFAOYSA-N,-8.321171165503209,-8.321171165503209,1,-8.398605225708307,-8.398605225708307,-8.321171165503209,-8.321171165503209,False,1,1,False,-8.194178227900926,2.0389244389701053,-8.52535748522968,0.9178495011307327,1.0
LXVSANCQXSSLPA-UHFFFAOYSA-N,-6.773903652639617,-6.773903652639617,1,-6.775800171540894,-6.775800171540894,-6.773903652639617,-6.773903652639617,False,1,1,False,-6.85908602496713,1.0605269289471333,-6.820005375004864,0.2822406448232997,1.0
LYAGTVMJGHTIDH-UHFFFAOYSA-N,-6.544957477088878,-6.544957477088878,1,-6.546853995990155,-6.546853995990155,-6.544957477088878,-6.544957477088878,False,1,1,False,-6.6438402021519165,1.0605269289471333,-6.591963858155843,0.2822348257956783,1.0
LYCAIKOWRPUZTN-UHFFFAOYSA-N,-8.445407308114625,-7.665702109315526,17,-7.664711083012357,-7.664711083012357,-9.3,-9.3,True,5,5,False,-8.653123996704242,0.10174689356820306,-9.301455174910746,0.013956423786159322,0.0018425368237453398
LYGJENNIWJXYER-UHFFFAOYSA-N,-3.9775091501808313,-4.020513563925755,24,-4.020018050774171,-4.020018050774171,-3.985,-3.985,False,4,4,False,-4.0498057108131515,0.14901379121190966,-3.9997555424490976,0.01975010102456718,0.7721275537114475
LZDKZFUFMNSQCJ-UHFFFAOYSA-N,-3.531091129182373,-3.53044608568242,5,-3.5323426045836968,-3.5323426045836968,-3.531252390057361,-3.531252390057361,False,3,3,False,-3.5374523359562327,0.1510676255121239,-3.5313970966600543,0.01412734181517198,1.0
MAKRYGRRIKSDES-UHFFFAOYSA-N,3.3401800070780308,3.3401800070780308,1,3.338283488176754,3.338283488176754,3.3401800070780308,3.3401800070780308,False,1,1,False,2.6497614328291434,1.0605269289471333,3.254066366218762,0.28253315936054235,1.0
MBDOYVRWFFCFHM-SNAWJCMRSA-N,-3.6652083051858892,-3.680688336520076,13,-3.680688336520076,-3.680688336520076,-3.68,-3.68,False,4,4,False,-3.6975200374612807,0.12548803360633579,-3.6795373991260996,0.012389665879702293,0.8567875357544379
MBDOYVRWFFCFHM-UHFFFAOYSA-N,-2.5654870329613204,-2.5654870329613204,1,-2.5673835518625974,-2.5673835518625974,-2.5654870329613204,-2.5654870329613204,False,1,1,False,-2.9025049819650888,1.0605269289471333,-2.6282105645989953,0.2822255614235639,1.0
MBIKGWNDTKNWRZ-UHFFFAOYSA-N,-3.9335640522570943,-3.9335640522570943,1,-3.9354605711583712,-3.9354605711583712,-3.9335640522570943,-3.9335640522570943,False,1,1,False,-4.188714996107219,1.0605269289471333,-3.9908842922164136,0.2822091554038944,1.0
MCEYLFHKATVXLN-UHFFFAOYSA-N,3.790381462784199,3.790381462784199,1,3.788484943882922,3.788484943882922,3.790381462784199,3.790381462784199,False,1,1,False,3.0730224134197757,1.0605269289471333,3.7024769391640984,0.2825725303198098,1.0
MCJGNVYPOGVAJF-UHFFFAOYSA-N,-5.853735165086406,-5.853735165086406,1,-5.931169225291504,-5.931169225291504,-5.853735165086406,-5.853735165086406,False,1,1,False,-6.272504002027252,2.0389244389701053,-6.161435028730442,0.9151912252596348,1.0
MCNOFYBITGAAGM-UHFFFAOYSA-N,-11.493458345154156,-11.493458345154156,1,-11.495354864055432,-11.495354864055432,-11.493458345154156,-11.493458345154156,False,1,1,False,-11.296218161671266,1.0605269289471333,-11.520868767102593,0.2824895104739398,1.0
MCOQHIWZJUDQIC-UHFFFAOYSA-N,-8.62253998614703,-8.62253998614703,1,-8.624436505048308,-8.624436505048308,-8.62253998614703,-8.62253998614703,False,1,1,False,-8.597098235630662,1.0605269289471333,-8.661331736017992,0.2823087638274184,1.0
MCSAJNNLRCFZED-UHFFFAOYSA-N,-3.7113004373969187,-3.71,30,-3.7097603661840335,-3.7097603661840335,-3.71,-3.71,False,5,5,False,-3.7412259529067575,0.09987999950808685,-3.712626167287349,0.009971752948025608,0.06954829256516126
MCSINKKTEDDPNK-UHFFFAOYSA-N,-2.443957233794995,-2.4420018354970927,17,-2.4410108091939233,-2.4410108091939233,-2.4522944550669217,-2.4522944550669217,False,5,5,False,-2.471929182512979,0.11915405690287383,-2.4517030042073538,0.011299002158640208,1.0
MCTWTZJPVLRJOU-UHFFFAOYSA-N,-8.413686448273134,-8.413001912045889,3,-8.413001912045889,-8.413001912045889,-8.411500956022945,-8.411500956022945,False,2,2,False,-8.411316038422047,0.17686327229033608,-8.411729117712792,0.01995615514327854,1.0
MCWXGJITAZMZEV-UHFFFAOYSA-N,-11.392057297732057,-11.415148569002662,3,-11.418667585396534,-11.418667585396534,-11.415148569002662,-11.415148569002662,False,2,2,False,-11.509985833943325,0.7231280539469104,-11.469332227918922,0.19539937775447247,1.0
MDBGGTQNNUOQRC-UHFFFAOYSA-N,-7.272449889420602,-7.272449889420602,2,-7.312115178973789,-7.312115178973789,-7.272449889420602,-7.272449889420602,False,2,2,False,-7.499702458720738,0.9638346123868675,-7.376904156495904,0.27032955872727027,1.0
MDNWOSOZYLHTCG-UHFFFAOYSA-N,-14.090459525587944,-14.090459525587944,2,-14.13012481514113,-14.13012481514113,-14.090459525587944,-14.090459525587944,False,2,2,False,-13.956925421663827,0.9638346123868675,-14.137032703601633,0.27046146110310815,1.0
MDSPKCWGOVVFJD-UHFFFAOYSA-N,-3.7309482529251357,-3.7309482529251357,2,-3.7706135424783227,-3.7706135424783227,-3.7309482529251357,-3.7309482529251357,False,2,2,False,-4.1103206059467645,0.9638346123868675,-3.816493237963606,0.27063765168058806,1.0
MEBQXILRKZHVCX-UHFFFAOYSA-N,-9.12296768576499,-8.912130748401829,4,-8.951796037955017,-8.951796037955017,-8.912130748401829,-8.912130748401829,True,2,2,False,-9.358229468908512,0.6032128259600282,-9.131758975208632,0.18156577979856958,0.5750619756203651
MEFOUWRMVYJCQC-UHFFFAOYSA-N,-10.342378896627997,-10.342378896627997,1,-10.344275415529275,-10.344275415529275,-10.342378896627997,-10.342378896627997,False,1,1,False,-10.214020381220529,1.0605269289471333,-10.374357943228283,0.28240603630925515,1.0
MEFQWPUMEMWTJP-UHFFFAOYSA-N,-11.285298268687347,-9.328674111888924,3,-9.366686489478692,-9.366686489478692,-9.328674111888924,-9.328674111888924,True,2,2,False,-12.066932404465216,0.7231280539469104,-9.452769439162525,0.27027293202420516,0.014478323286181692
MELUCTCJOARQQG-UHFFFAOYSA-N,0.2842670956179817,0.2842670956179817,1,0.28237057671670474,0.28237057671670474,0.2842670956179817,0.2842670956179817,False,1,1,False,-0.22328279905878068,1.0605269289471333,0.2102757202207085,0.28232578963352245,1.0
METKIMKYRPQLGS-UHFFFAOYSA-N,-10.50490560512899,-10.50490560512899,1,-10.582339665334088,-10.582339665334088,-10.50490560512899,-10.50490560512899,False,1,1,False,-9.89490164608591,2.0389244389701053,-10.615362356233664,0.9220903739769182,1.0
MEUKEBNAABNAEX-UHFFFAOYSA-N,-5.272904020246772,-5.291193885432259,10,-5.29020285912909,-5.29020285912909,-5.291193885432259,-5.291193885432259,False,2,2,False,-5.458479535270862,0.46763726162431063,-5.286376464114031,0.04729851365167322,0.747938386768482
MFEIKQPHQINPRI-UHFFFAOYSA-N,-4.695688184381226,-4.598632812417912,15,-4.599408354446083,-4.599408354446083,-4.6,-4.6,True,5,5,False,-4.618614055401998,0.1205938534087852,-4.599827338859498,0.011293598656362615,0.7039441206951054
MFOUDYKPLGXPGO-UHFFFAOYSA-N,-7.391776631968071,-7.403946647120879,3,-7.407781889105218,-7.407781889105218,-7.403946647120879,-7.403946647120879,False,2,2,False,-7.613699691351747,0.7231280539469104,-7.467239293043727,0.19542037543374016,1.0
MFTPXFIGIJCNJM-UHFFFAOYSA-N,-2.243188734155434,-2.243188734155434,1,-2.320622794360532,-2.320622794360532,-2.243188734155434,-2.243188734155434,False,1,1,False,-3.460559126266258,2.0389244389701053,-2.7008284062192423,0.9151488326535383,1.0
MGLWZSOBALDPEK-UHFFFAOYSA-N,-10.278191133655023,-10.176945053196333,3,-10.25437911340143,-10.25437911340143,-10.176945053196333,-10.176945053196333,False,3,3,False,-10.472588439636848,0.8204025530984671,-10.168433772284159,0.12414918160576786,0.8303819463471395
MGNFYQILYYYUBS-UHFFFAOYSA-N,-7.250123699295171,-7.250123699295171,2,-7.2897889888483585,-7.2897889888483585,-7.250123699295171,-7.250123699295171,False,2,2,False,-7.566207284798388,0.9638346123868675,-7.475639067660685,0.270217728548524,1.0
MGNZXYYWBUKAII-UHFFFAOYSA-N,0.974691212699186,0.974691212699186,1,0.897257152494088,0.897257152494088,0.974691212699186,0.974691212699186,False,1,1,False,-0.9544284891264464,2.0389244389701053,0.3816873340796885,0.9189780165060122,1.0
MGSGWAXIEMEWCQ-UHFFFAOYSA-N,4.358508128005917,4.358508128005917,1,4.359499154309086,4.359499154309086,4.358508128005917,4.358508128005917,False,1,1,False,3.148891976877746,1.4704237627620684,4.348161627102373,0.1306144612141147,1.0
MGSRCZKZVOBKFT-UHFFFAOYSA-N,-6.121718236958511,-6.121718236958511,2,-6.161383526511699,-6.161383526511699,-6.121718236958511,-6.121718236958511,False,2,2,False,-6.561140116528395,0.9638346123868675,-6.444490655262358,0.2705598822530136,1.0
MGTZCLMLSSAXLD-UHFFFAOYSA-N,-10.335041528890777,-10.335041528890777,1,-10.336938047792053,-10.336938047792053,-10.335041528890777,-10.335041528890777,False,1,1,False,-10.20712208841395,1.0605269289471333,-10.367049672213424,0.28240555159466124,1.0
MHAJPDPJQMAIIY-UHFFFAOYSA-N,-8.747124455826905,-8.763821601972172,15,-8.762830575669003,-8.762830575669003,-8.58,-8.58,False,2,2,False,-8.674282409324775,0.21655797970991147,-8.664358320307944,0.030527072500331025,0.4471102921994931
MHDVGSVTJDSBDK-UHFFFAOYSA-N,-4.8583327487803025,-4.8583327487803025,1,-4.8602292676815795,-4.8602292676815795,-4.8583327487803025,-4.8583327487803025,False,1,1,False,-5.058144671086767,1.0605269289471333,-4.91200111039548,0.28220969219653846,1.0
MHNNAWXXUZQSNM-UHFFFAOYSA-N,1.622596857560417,1.6968796061506723,3,1.6194455459455743,1.6194455459455743,1.6968796061506723,1.6968796061506723,False,2,2,False,1.1335973183314503,0.7231280539469104,1.5070948816184475,0.1984921808959203,1.0
MHPSPNGWFAGBNH-UHFFFAOYSA-N,3.6403143108821423,3.6403143108821423,1,3.6384177919808653,3.6384177919808653,3.6403143108821423,3.6403143108821423,False,1,1,False,2.9319354198895646,1.0605269289471333,3.5530069153569817,0.28255915332997916,1.0
MHXFWEJMQVIWDH-UHFFFAOYSA-N,-1.017661778799293,-1.017661778799293,1,-1.095095839004391,-1.095095839004391,-1.017661778799293,-1.017661778799293,False,1,1,False,-2.5061013154766316,2.0389244389701053,-1.5264700845272663,0.9161667068444918,1.0
MHZGKXUYDGKKIU-UHFFFAOYSA-N,0.4906721314083566,0.4906721314083566,1,0.41323807120325856,0.41323807120325856,0.4906721314083566,0.4906721314083566,False,1,1,False,-1.331389428818711,2.0389244389701053,-0.08172793503685638,0.9181599739686417,1.0
MIJLZGZLQLAQCM-UHFFFAOYSA-N,-11.012272803554882,-11.012272803554882,2,-11.05193809310807,-11.05193809310807,-11.012272803554882,-11.012272803554882,True,2,2,False,-11.911171927402767,0.9638346123868675,-12.396716259526743,0.2826514082273568,0.5235253469459766
MIYIEPHJPVBSEV-UHFFFAOYSA-N,-4.726910689531355,-4.726910689531355,1,-4.728807208432632,-4.728807208432632,-4.726910689531355,-4.726910689531355,False,1,1,False,-4.934587030470752,1.0605269289471333,-4.781098039969872,0.282209044306471,1.0
MKIAKZAWONVRFF-UHFFFAOYSA-N,-2.1749763923817733,-2.1749763923817733,1,-2.2524104525868713,-2.2524104525868713,-2.1749763923817733,-2.1749763923817733,False,1,1,False,-3.407434385016317,2.0389244389701053,-2.6354558096982967,0.9151915810943051,1.0
MKQSWTQPLLCSOB-UHFFFAOYSA-N,-6.8131860394707475,-6.8131860394707475,1,-6.8150825583720245,-6.8150825583720245,-6.8131860394707475,-6.8131860394707475,False,1,1,False,-6.896017717122601,1.0605269289471333,-6.8591325297789805,0.2822417011428158,1.0
MLFHJEHSLIIPHL-UHFFFAOYSA-N,-2.214197962358357,-2.210079873466643,13,-2.21,-2.21,-2.2104015296367114,-2.2104015296367114,False,5,5,False,-2.2334189813035534,0.13206110756635206,-2.2120515237373697,0.013711079517648469,1.0
MLGCXEBRWGEOQX-UHFFFAOYSA-N,-8.692962507775691,-8.692962507775691,2,-8.732627797328878,-8.732627797328878,-8.692962507775691,-8.692962507775691,True,2,2,False,-9.426451605416174,0.9638346123868675,-9.62815683913234,0.2785432464799276,0.8073829691322634
MLKCGVHIFJBRCD-UHFFFAOYSA-N,-9.43685094233456,-9.43685094233456,1,-9.438747461235838,-9.438747461235838,-9.43685094233456,-9.43685094233456,False,1,1,False,-9.362680064505472,1.0605269289471333,-9.472418758190642,0.2823507343709679,1.0
MLRVZFYXUZQSRU-UHFFFAOYSA-N,1.685297246208981,0.0818548101283942,21,0.07995829122711724,0.07995829122711724,0.0,0.0,True,4,4,False,0.8171811948040337,0.1853667368242827,0.004938212674267349,0.024988754700221345,0.005440412197571875
MLUCVPSAIODCQM-NSCUHMNNSA-N,-4.227157602453237,-4.229165189967032,12,-4.228174163663863,-4.228174163663863,-4.225621414913958,-4.225621414913958,False,4,4,False,-4.240235900943404,0.1263221919718112,-4.2267507878710475,0.012403312593094792,1.0
MLUCVPSAIODCQM-UHFFFAOYSA-N,-4.29473925289972,-4.2301892265375045,5,-4.2320857454387815,-4.2320857454387815,-4.2301892265375045,-4.2301892265375045,False,3,3,False,-4.6021991830443785,0.6051215941283965,-4.264120154355055,0.08486404913477931,0.9619786435517422
MMASVVOQIKCFJZ-UHFFFAOYSA-N,3.462962222270622,3.462962222270622,1,3.461065703369345,3.461065703369345,3.462962222270622,3.462962222270622,False,1,1,False,2.765196245717498,1.0605269289471333,3.376360306905983,0.28254367086238075,1.0
MMXKVMNBHPAILY-UHFFFAOYSA-N,-1.293121865199372,-1.293121865199372,1,-1.37055592540447,-1.37055592540447,-1.293121865199372,-1.293121865199372,False,1,1,False,-2.720633545776647,2.0389244389701053,-1.7903978462266423,0.9158915746293179,1.0
MNDIARAMWBIKFW-UHFFFAOYSA-N,0.18375560797363003,0.1773520886115207,12,0.17834311491469007,0.17834311491469007,0.18,0.18,False,4,4,False,0.09923599134487934,0.2131699324188043,0.17687353340423814,0.02497495626612652,1.0
MNFMIVVPXOGUMX-UHFFFAOYSA-N,-4.540459530879775,-4.567884870730422,3,-4.570148471320886,-4.570148471320886,-4.567884870730422,-4.567884870730422,False,2,2,False,-4.823497938086948,0.7231280539469104,-4.598025539360723,0.1959099934649837,1.0
MNWFXJYAOYHMED-UHFFFAOYSA-N,-6.531351132026316,-6.630239620399928,8,-6.629248594096759,-6.629248594096759,-6.630239620399928,-6.630239620399928,False,3,3,False,-6.740307783786801,0.47752098590272235,-6.585626548926115,0.06644599777009537,0.4123794949242145
MOYAFQVGZZPNRA-UHFFFAOYSA-N,0.7558336846022834,0.043759470801052094,4,0.04186295189977514,0.04186295189977514,0.043759470801052094,0.043759470801052094,True,2,2,False,-0.21256972090583884,0.6032128259600282,-0.09600972635621738,0.16813843253608257,0.412697765828815
MPPOHAUSNPTFAJ-UHFFFAOYSA-N,-9.44160277270018,-9.44160277270018,1,-9.443499291601459,-9.443499291601459,-9.44160277270018,-9.44160277270018,False,1,1,False,-9.367147540908892,1.0605269289471333,-9.47715176691672,0.28235100082625647,1.0
MPPPKRYCTPRNTB-UHFFFAOYSA-N,-0.39773778124658044,-0.4012052455906318,16,-0.4065034094389758,-0.4065034094389758,-0.408699808795411,-0.408699808795411,False,5,5,False,-0.4353851624601297,0.1245057767889037,-0.40746359773600044,0.012369770776166763,0.1224020353263917
MPRGRXOERDECED-UHFFFAOYSA-N,-8.472637332619469,-8.472637332619469,1,-8.550071392824567,-8.550071392824567,-8.472637332619469,-8.472637332619469,False,1,1,False,-8.3121422315833,2.0389244389701053,-8.67040117047375,0.918084750963722,1.0
MPYQJQDSICRCJJ-UHFFFAOYSA-N,3.5857444374632133,3.5857444374632133,1,3.5838479185619363,3.5838479185619363,3.5857444374632133,3.5857444374632133,False,1,1,False,2.880631058605852,1.0605269289471333,3.4986541375371614,0.2825543518141075,1.0
MQHNKCZKNAJROC-UHFFFAOYSA-N,-6.5255300030910215,-6.5255300030910215,1,-6.5274265219922984,-6.5274265219922984,-6.5255300030910215,-6.5255300030910215,False,1,1,False,-6.62557528632255,1.0605269289471333,-6.572613144893002,0.28223435852445666,1.0
MQIUGAXCHLFZKX-UHFFFAOYSA-N,-4.573981323312015,-4.573981323312015,2,-4.613646612865203,-4.613646612865203,-4.573981323312015,-4.573981323312015,True,2,2,False,-5.425685341613184,0.9638346123868675,-5.392217388946874,0.27596283498284263,0.905676482867352
MRABAEUHTLLEML-UHFFFAOYSA-N,-5.496801502842271,-5.496801502842271,1,-5.498698021743548,-5.498698021743548,-5.496801502842271,-5.496801502842271,False,1,1,False,-5.6584068592595305,1.0605269289471333,-5.547948381380418,0.2822155350584802,1.0
MRHQOXCYYPFGEE-UHFFFAOYSA-N,-1.1108638607126486,-1.1108638607126486,1,-1.1882979209177467,-1.1882979209177467,-1.1108638607126486,-1.1108638607126486,False,1,1,False,-2.578688421517237,2.0389244389701053,-1.6157678543105423,0.9160705845080267,1.0
MRMOZBOQVYRSEM-UHFFFAOYSA-N,1.8590172323155671,1.8590172323155671,1,1.8571207134142902,1.8571207134142902,1.8590172323155671,1.8590172323155671,False,1,1,False,1.2572328203284526,1.0605269289471333,1.778785794489578,0.2824196608465622,1.0
MSXVEPNJUHWQHW-UHFFFAOYSA-N,-4.422086616789756,-4.431946611215303,20,-4.432811188984848,-4.432811188984848,-4.430583173996176,-4.430583173996176,False,5,5,False,-4.452404334969705,0.1096852006026224,-4.435452820825083,0.00988161919292648,1.0
MTCPZNVSDFCBBE-UHFFFAOYSA-N,-1.9587309150795864,-1.9587309150795864,1,-1.9606274339808634,-1.9606274339808634,-1.9587309150795864,-1.9587309150795864,False,1,1,False,-2.3320577162378906,1.0605269289471333,-2.023851702695464,0.2822394132944136,1.0
MTHSVFCYNBDYFN-UHFFFAOYSA-N,-10.225551007904848,-10.225551007904848,1,-10.302985068109946,-10.302985068109946,-10.225551007904848,-10.225551007904848,False,1,1,False,-9.677336315404883,2.0389244389701053,-10.348152222247357,0.9214435225314014,1.0
MTLMVEWEYZFYTH-UHFFFAOYSA-N,-2.10363898836709,-2.0896243891069997,4,-2.1292896786601876,-2.1292896786601876,-2.0896243891069997,-2.0896243891069997,False,2,2,False,-2.4425761958974066,0.6032128259600282,-2.197942499988599,0.1657799537632567,1.0
MTZQAGJQAFMTAQ-UHFFFAOYSA-N,-3.581166987472968,-3.64253905071354,10,-3.6415480244103713,-3.6415480244103713,-3.64,-3.64,False,4,4,False,-3.6868085987769934,0.2217597979886681,-3.635629916280253,0.025345500472305563,0.865225129198099
MUBZPKHOEPUJKR-UHFFFAOYSA-N,-11.53613506869417,-11.232434100472803,4,-11.232886846771857,-11.232886846771857,-11.232434100472803,-11.232434100472803,True,3,3,False,-11.447407026804298,0.7264233182696221,-11.246567868105629,0.08761752574335994,0.7931563827700409
MUJOIMFVNIBMKC-UHFFFAOYSA-N,-10.274879347245808,-10.274879347245808,2,-10.314544636798994,-10.314544636798994,-10.274879347245808,-10.274879347245808,False,2,2,False,-10.438128038860347,0.9638346123868675,-10.484836888264047,0.27033712141855587,1.0
MUMQYXACQUZOFP-UHFFFAOYSA-N,-6.625620728950793,-7.009680801095902,3,-7.011577319997179,-7.011577319997179,-7.009680801095902,-7.009680801095902,True,2,2,False,-6.708672614324743,0.7231280539469104,-6.7582882992359625,0.25574015298113323,0.4087572484891411
MUXOBHXGJLMRAB-UHFFFAOYSA-N,-6.714885404277503,-6.913709098622297,12,-6.912718072319127,-6.912718072319127,-6.913709098622297,-6.913709098622297,True,2,2,False,-7.029497687199587,0.45917838339641376,-6.927248918988175,0.04386775509034959,0.633876020543682
MVBGKYGTNGPFHT-UHFFFAOYSA-N,-4.203817136063467,-4.203817136063467,1,-4.281251196268565,-4.281251196268565,-4.203817136063467,-4.203817136063467,False,1,1,False,-4.987524391353626,2.0389244389701053,-4.58004833219539,0.9146116141434223,1.0
MVILCVSEDHFDSS-UHFFFAOYSA-N,-9.744536813030251,-9.744536813030251,1,-9.82197087323535,-9.82197087323535,-9.744536813030251,-9.744536813030251,False,1,1,False,-9.30271562396091,2.0389244389701053,-9.887933014484982,0.9204029795895222,1.0
MVLOWDRGPHBNNF-UHFFFAOYSA-N,3.312895070368566,3.312895070368566,1,3.310998551467289,3.310998551467289,3.312895070368566,3.312895070368566,False,1,1,False,2.6241092521872873,1.0605269289471333,3.2268899201886465,0.28253084646968546,1.0
MVPPADPHJFYWMZ-UHFFFAOYSA-N,-0.6706786937881873,-1.1186824050880535,84,-1.1178775968773211,-1.1178775968773211,-1.12,-1.12,True,5,5,False,-1.0077376811002323,0.09000119895207129,-1.1134225765361838,0.01145401684966067,0.0025474499661729258
MVUUAIHDSOOJLK-UHFFFAOYSA-N,-4.233251170678431,-4.233251170678431,1,-4.2351476895797076,-4.2351476895797076,-4.233251170678431,-4.233251170678431,False,1,1,False,-4.470468557775362,1.0605269289471333,-4.28938795686714,0.28220830237662203,1.0
MVWHGTYKUMDIHL-UHFFFAOYSA-N,-3.243062536024728,-3.345794029928313,8,-3.34769054882959,-3.34769054882959,-3.345794029928313,-3.345794029928313,True,2,2,False,-3.680280509817448,0.4051574369535378,-3.561254659331414,0.13237233231953488,0.3095850212628653
MVXIJRBBCDLNLX-UHFFFAOYSA-N,-2.515402154077932,-2.656686618177517,4,-2.658583137078794,-2.658583137078794,-2.656686618177517,-2.656686618177517,True,2,2,False,-2.9573307779119684,0.6032128259600282,-2.7447405416110033,0.16293959345293998,1.0
MWBPRDONLNQCFV-UHFFFAOYSA-N,-4.385513355659596,-4.385513355659596,2,-4.4251786452127835,-4.4251786452127835,-4.385513355659596,-4.385513355659596,False,2,2,False,-4.636702506044014,0.9638346123868675,-4.333836164387558,0.27180605366540234,1.0
MWKFXSUHUHTGQN-UHFFFAOYSA-N,-3.0603795683253856,-3.6425390507135407,13,-3.6415480244103713,-3.6415480244103713,-3.64,-3.64,True,4,4,False,-3.63253702077275,0.21325382393660824,-3.6444921960688292,0.025142301330895664,0.02997599896962254
MWKULKMSBBSGTP-UHFFFAOYSA-N,-2.597881689247365,-2.597881689247365,2,-2.637546978800553,-2.637546978800553,-2.597881689247365,-2.597881689247365,False,2,2,False,-3.032810702965095,0.9638346123868675,-2.686954025288807,0.2707158688859138,1.0
MWOOGOJBHIARFG-UHFFFAOYSA-N,-6.937519160557287,-6.14425598540622,6,-6.143264959103051,-6.143264959103051,-6.14425598540622,-6.14425598540622,True,3,3,False,-7.530228828948381,0.6070485976857052,-6.145429598638077,0.06529850497676275,0.03871794197693262
MWPLVEDNUUSJAV-UHFFFAOYSA-N,-3.585705425657731,-3.751489947903373,52,-3.75338646680465,-3.75338646680465,-4.23,-4.23,True,5,5,False,-3.956815094112623,0.08298293030400469,-4.210900912133533,0.009604626227352094,0.0014144007602271452
MWVTWFVJZLCBMC-UHFFFAOYSA-N,-9.532199750213016,-9.532199750213016,1,-9.534096269114293,-9.534096269114293,-9.532199750213016,-9.532199750213016,False,1,1,False,-9.452323110766795,1.0605269289471333,-9.5673898761506,0.28235612884961936,1.0
MWWATHDPGQKSAR-UHFFFAOYSA-N,-1.865483860086244,-0.31,30,-0.31,-0.31,-0.31,-0.31,True,5,5,False,-0.559112696335986,0.09905528248059378,-0.3126317824538007,0.010229314725397187,4.7387570277956685e-05
MXDRLBNLTLOWGV-UHFFFAOYSA-N,-1.492852974645155,-1.492852974645155,1,-1.5702870348502531,-1.5702870348502531,-1.492852974645155,-1.492852974645155,False,1,1,False,-2.876186972516907,2.0389244389701053,-1.9817795672901712,0.9157089708406576,1.0
MXLMTQWGSQIYOW-UHFFFAOYSA-N,-4.285950829953788,-4.294429633658318,6,-4.296386505437525,-4.296386505437525,-4.294429633658318,-4.294429633658318,False,3,3,False,-4.554425822865141,0.5294888151993109,-4.314417658513766,0.08018917922408991,1.0
MXNBDFWNYRNIBH-UHFFFAOYSA-N,-6.304325402837512,-6.304325402837512,1,-6.38175946304261,-6.38175946304261,-6.304325402837512,-6.304325402837512,False,1,1,False,-6.623430083259075,2.0389244389701053,-6.593244978252408,0.9155145315763819,1.0
MXWJVTOOROXGIU-UHFFFAOYSA-N,-8.597498588183033,-9.573051493187958,4,-9.574948012089234,-9.574948012089234,-9.573051493187958,-9.573051493187958,True,3,3,False,-9.43134106802609,0.6562977178022762,-9.65539933478819,0.10967943658790447,0.30044711671418284
MYMOFIZGZYHOMD-UHFFFAOYSA-N,1.4446938795762136,2.0580345560756435,12,2.059025582378813,2.059025582378813,2.0580345560756435,2.0580345560756435,True,2,2,False,0.8923420864389503,0.4306748911605338,2.0601298464755406,0.04579692435104825,0.006282938291860923
MZHCENGPTKEIGP-UHFFFAOYSA-N,-10.757865046128103,-10.757865046128103,2,-10.79753033568129,-10.79753033568129,-10.757865046128103,-10.757865046128103,False,2,2,False,-10.880520413328025,0.9638346123868675,-10.943073266227346,0.27030022689759703,1.0
MZZBPDKVEFVLFF-UHFFFAOYSA-N,-12.514666899745782,-13.434873456743665,5,-13.436769975644943,-13.436769975644943,-13.434873456743665,-13.434873456743665,True,3,3,False,-13.30276942368384,0.5627608353377608,-13.344739671223554,0.10816168371289446,0.25599600516039306
NALZTFARIYUCBY-UHFFFAOYSA-N,-2.9626840566355974,-3.096676430070057,13,-3.0958492902210764,-3.0958492902210764,-3.08,-3.08,True,4,4,False,-3.0919169358579954,0.13731515500865343,-3.0848928218287415,0.012474178281444565,0.08543920151161963
NAMYKGVDVNBCFQ-UHFFFAOYSA-N,-0.4779920560179783,-0.4774863924156325,14,-0.47725341919389885,-0.47725341919389885,-0.48,-0.48,False,5,5,False,-0.5031360012874659,0.1257251117768309,-0.4836382429003339,0.012421769391611243,1.0
NAQMVNRVTILPCV-UHFFFAOYSA-N,-8.17085601011326,-8.17085601011326,1,-8.248290070318358,-8.248290070318358,-8.17085601011326,-8.17085601011326,False,1,1,False,-8.077110648509903,2.0389244389701053,-8.38140638358663,0.9176244645270897,1.0
NBBJYMSMWIIQGU-UHFFFAOYSA-N,-3.2100874007051137,-3.437902025392555,35,-3.439798544293832,-3.439798544293832,-3.44,-3.44,True,5,5,False,-3.4384777037391108,0.09029814674319979,-3.438676382851726,0.008243457237840488,0.002069078241742641
NBFMTHWVRBOVPE-UHFFFAOYSA-N,-2.070795251335957,-3.3913282241614096,5,-3.4687622843665076,-3.4687622843665076,-3.3913282241614096,-3.3913282241614096,True,3,3,False,-2.8695132098535083,0.5627608353377608,-3.557482314477455,0.1619842328228326,0.0020951564702883273
NBQCNZYJJMBDKY-UHFFFAOYSA-N,-11.278345352776778,-11.278345352776778,2,-11.318010642329966,-11.318010642329966,-11.278345352776778,-11.278345352776778,False,2,2,False,-11.318993209856291,0.9638346123868675,-11.384038674232412,0.2702936122698802,1.0
NBRKLOOSMBRFMH-UHFFFAOYSA-N,1.1439767435234507,1.091397468378589,10,1.091194247340879,1.091194247340879,1.09,1.09,True,3,3,False,0.9689356530424209,0.2183057131112757,1.0859100417173142,0.02574979602412946,0.008744627858601682
NBUKAOOFKZFCGD-UHFFFAOYSA-N,-5.019758214378733,-4.898787308084055,8,-4.899704282257844,-4.899704282257844,-4.8890535372848944,-4.8890535372848944,False,4,4,False,-4.927190214854998,0.20244291658419142,-4.896962945588921,0.019619357097690145,0.2512616490128172
NBVXSUQYWXRMNV-UHFFFAOYSA-N,0.06805621851448887,-0.1110973994800519,28,-0.11299391838132886,-0.11299391838132886,-0.22,-0.22,True,5,5,False,-0.21095741583609273,0.11452235492151022,-0.20963883441980244,0.012520589075720082,0.3526108807666258
NCBZRJODKRCREW-UHFFFAOYSA-N,-7.269967652232576,-7.298720569781812,6,-7.297729543478643,-7.297729543478643,-7.29,-7.29,False,3,3,False,-7.310969607492291,0.23254118123630332,-7.291027436496652,0.026262363682245014,1.0
NCYHCGGUQGDEQW-UHFFFAOYSA-N,-2.4090056970260125,-2.4090056970260125,1,-2.4864397572311105,-2.4864397572311105,-2.4090056970260125,-2.4090056970260125,False,1,1,False,-3.589699733644612,2.0389244389701053,-2.8597454467655212,0.915051701128481,1.0
NDJKXXJCMXVBJW-UHFFFAOYSA-N,2.140320213572458,2.140320213572458,1,2.06288615336736,2.06288615336736,2.140320213572458,2.140320213572458,False,1,1,False,-0.04662005659540156,2.0389244389701053,1.4971920701076087,0.9213177256595216,1.0
NDKYEUQMPZIGFN-UHFFFAOYSA-N,-1.6946147004003047,-1.6946147004003047,1,-1.7720487606054027,-1.7720487606054027,-1.6946147004003047,-1.6946147004003047,False,1,1,False,-3.033321872099295,2.0389244389701053,-2.1751167745910602,0.9155388592588404,1.0
NDVASEGYNIMXJL-UHFFFAOYSA-N,0.5665590890038906,0.5665590890038906,1,0.5646625701026137,0.5646625701026137,0.5665590890038906,0.5665590890038906,False,1,1,False,0.042116578084474915,1.0605269289471333,0.491449998361635,0.2823405943026692,1.0
NDVWOBYBJYUSMF-UHFFFAOYSA-N,-4.786982731264991,-4.786982731264991,1,-4.788879250166268,-4.788879250166268,-4.786982731264991,-4.786982731264991,False,1,1,False,-4.991064305184086,1.0605269289471333,-4.840932856671848,0.28220931695290874,1.0
NEHMKBQYUWJMIP-UHFFFAOYSA-N,-0.3680945038404114,-0.5539237032771487,41,-0.5529326769739793,-0.5529326769739793,-0.56,-0.56,True,5,5,False,-0.5807100022468621,0.10415995289624125,-0.5599968153353436,0.010428459295396948,0.003461308875532541
NEHNMFOYXAPHSD-UHFFFAOYSA-N,-2.627622031947772,-2.627622031947772,1,-2.70505609215287,-2.70505609215287,-2.627622031947772,-2.627622031947772,False,1,1,False,-3.7599612423942395,2.0389244389701053,-3.0692711041697005,0.914938308027778,1.0
NEKOXWSIMFDGMA-UHFFFAOYSA-N,-3.290712454615846,-3.1967432599813845,3,-3.1986397788826615,-3.1986397788826615,-3.1967432599813845,-3.1967432599813845,False,2,2,False,-3.551920001257152,0.7231280539469104,-3.2766538675161714,0.1958301072144015,1.0
NEKULYKCZPJMMJ-UHFFFAOYSA-N,-8.035743736167868,-8.035743736167868,1,-8.037640255069146,-8.037640255069146,-8.035743736167868,-8.035743736167868,False,1,1,False,-8.045416420689603,1.0605269289471333,-8.076857011463849,0.282283062009877,1.0
NEZWFWIACBUQMN-UHFFFAOYSA-N,-10.242863519200148,-10.469828894705714,6,-10.468837868402543,-10.468837868402543,-10.469828894705714,-10.469828894705714,True,1,1,False,-10.326868976575776,0.6313209121508505,-10.54762753786811,0.07526084353727386,0.06279760211776157
NFACJZMKEDPNKN-UHFFFAOYSA-N,-11.389211865018725,-12.326674701315504,4,-12.366339990868692,-12.366339990868692,-12.326674701315504,-12.326674701315504,True,2,2,False,-11.297180404245763,0.6032128259600282,-12.386499663664855,0.19762122942789656,0.03166775218301601
NFBOHOGPQUYFRF-UHFFFAOYSA-N,-2.8797683112185344,-3.144202987921847,3,-3.146099506823124,-3.146099506823124,-3.144202987921847,-3.144202987921847,True,2,2,False,-3.4154932516028986,0.7231280539469104,-3.205854168973551,0.19584335500190073,1.0
NFGXHKASABOEEW-LDRANXPESA-N,-4.9496863886339995,-4.9496863886339995,2,-4.989351678187187,-4.989351678187187,-4.9496863886339995,-4.9496863886339995,False,2,2,False,-5.2044215090045585,0.9638346123868675,-4.940541365954452,0.2712923715646588,1.0
NFRKUDYZEVQXTE-UHFFFAOYSA-N,0.6118456911779822,0.0693116634799235,13,0.06920336807683108,0.06920336807683108,0.07,0.07,True,5,5,False,0.08044025879659612,0.13760339974026137,0.05886208054440095,0.013840120315953774,0.005400954389643879
NGAZZOYFWWSOGK-UHFFFAOYSA-N,-3.1723134499229895,-3.315119810199964,5,-3.3141287838967948,-3.3141287838967948,-3.315119810199964,-3.315119810199964,False,3,3,False,-3.5420440830363304,0.6051215941283965,-3.3198496034809963,0.08353448348930749,1.0
NGDNVOAEIVQRFH-UHFFFAOYSA-N,-3.6836472621942926,-3.6836472621942926,1,-3.6855437810955696,-3.6855437810955696,-3.6836472621942926,-3.6836472621942926,False,1,1,False,-3.9537534599164434,1.0605269289471333,-3.7419544395056503,0.28221061982104567,1.0
NGXUJKBJBFLCAR-UHFFFAOYSA-N,-4.7208316090818565,-4.7208316090818565,1,-4.7227281279831335,-4.7227281279831335,-4.7208316090818565,-4.7208316090818565,False,1,1,False,-4.928871727866703,1.0605269289471333,-4.775042965789208,0.28220901892033884,1.0
NHDODQWIKUYWMW-UHFFFAOYSA-N,-1.6766306776960342,-1.6780236076320807,5,-1.6770325813289113,-1.6770325813289113,-1.6780236076320807,-1.6780236076320807,False,3,3,False,-1.9998282570346564,0.6051215941283965,-1.6937008325608511,0.08360370143407392,1.0
NHOWDZOIZKMVAI-UHFFFAOYSA-N,-8.556410745350995,-8.556410745350995,2,-8.596076034904183,-8.596076034904183,-8.556410745350995,-8.556410745350995,False,2,2,False,-8.636280879801207,0.9638346123868675,-8.538744403117626,0.27099854917716504,1.0
NHTMVDHEPJAVLT-UHFFFAOYSA-N,2.875015292684593,2.88,19,2.8552745909982282,2.8552745909982282,2.851338432122371,2.851338432122371,False,5,5,False,2.840905627364914,0.10359579788471225,2.863964099816234,0.010298176721143679,0.9436479664002128
NIHNNTQXNPWCJQ-UHFFFAOYSA-N,-3.791506216983097,-3.3560472152641605,24,-3.355056188960991,-3.355056188960991,-3.44,-3.44,True,5,5,False,-3.5747581643150066,0.11816091575551647,-3.4287614491912306,0.01324619035364435,0.004148818617793049
NIQCNGHVCWTJSM-UHFFFAOYSA-N,-7.306769487927513,-7.306769487927513,2,-7.3464347774807,-7.3464347774807,-7.306769487927513,-7.306769487927513,False,2,2,False,-7.51838364429576,0.9638346123868675,-7.391752471972138,0.2704125054777021,1.0
NIXOWILDQLNWCW-UHFFFAOYSA-N,-6.574053774955409,-6.574053774955409,2,-6.613719064508597,-6.613719064508597,-6.574053774955409,-6.574053774955409,False,2,2,False,-6.813723054139186,0.9638346123868675,-6.650359661821178,0.27049354869841685,1.0
NJBCRXCAPCODGX-UHFFFAOYSA-N,-2.236646777739909,-2.237364810176107,5,-2.2376461133121244,-2.2376461133121244,-2.237364810176107,-2.237364810176107,False,3,3,False,-2.5490323432737574,0.6051215941283965,-2.253049183644582,0.08360533170940929,1.0
NJFDMENHTAYHMA-UHFFFAOYSA-N,-5.8181044520542615,-5.8181044520542615,1,-5.8200009709555385,-5.8200009709555385,-5.8181044520542615,-5.8181044520542615,False,1,1,False,-5.960482740237776,1.0605269289471333,-5.867982270904796,0.2822201667805029,1.0
NJTWJZMVWTXLTD-UHFFFAOYSA-N,-6.7997900332362216,-6.7997900332362216,1,-6.87722409344132,-6.87722409344132,-6.7997900332362216,-6.7997900332362216,False,1,1,False,-7.009304979267884,2.0389244389701053,-7.068007502613763,0.9159527385182391,1.0
NKDDWNXOKDWJAK-UHFFFAOYSA-N,-2.9308213403506578,-2.9326003824091775,7,-2.9326003824091775,-2.9326003824091775,-2.93,-2.93,False,4,4,False,-2.94798019812626,0.1684857726999013,-2.9285879970115127,0.014146305949241985,1.0
NKKMVIVFRUYPLQ-UHFFFAOYSA-N,-3.1914294586892575,-3.1914294586892575,1,-3.1933259775905345,-3.1933259775905345,-3.1914294586892575,-3.1914294586892575,False,1,1,False,-3.490990428977506,1.0605269289471333,-3.251680559976993,0.28221550708731724,1.0
NKMJCVVUYDKHAV-UHFFFAOYSA-N,3.544817032399017,3.544817032399017,1,3.54292051349774,3.54292051349774,3.544817032399017,3.544817032399017,False,1,1,False,2.8421527876430677,1.0605269289471333,3.4578895396655,0.28255077266089107,1.0
NKNFWVNSBIXGLL-UHFFFAOYSA-N,-9.997002331109009,-9.997002331109009,1,-9.998898850010285,-9.998898850010285,-9.997002331109009,-9.997002331109009,False,1,1,False,-9.889311471594077,1.0605269289471333,-10.030350667947358,0.28238386948663013,1.0
NKTDTMONXHODTI-UHFFFAOYSA-N,0.0250601968780668,0.0250601968780668,1,0.023163677976789844,0.023163677976789844,0.0250601968780668,0.0250601968780668,False,1,1,False,-0.4669785151564172,1.0605269289471333,-0.04790516818829669,0.28231297189513144,1.0
NKTOLZVEWDHZMU-UHFFFAOYSA-N,-4.800240951731584,-5.914961564817865,12,-5.914920119825338,-5.914920119825338,-5.91,-5.91,True,4,4,False,-5.6464078106099205,0.20915389239124899,-5.9058737535339105,0.026141484901897452,0.042166029291766494
NLHHRLWOUZZQLW-UHFFFAOYSA-N,-3.1382334343427285,-3.1164735639266796,4,-3.1183700828279566,-3.1183700828279566,-3.1164735639266796,-3.1164735639266796,False,2,2,False,-3.4125479795890783,0.6032128259600282,-3.1711421062897633,0.16128491930994554,1.0
NLYNUTMZTCLNOO-UHFFFAOYSA-N,-7.100309569502817,-9.040464663677682,3,-9.042361182578958,-9.042361182578958,-9.040464663677682,-9.040464663677682,True,2,2,False,-8.69379059786547,0.7231280539469104,-9.136658757861559,0.20132571924563025,0.1480561532793063
NMFQPFSIPWZZMR-UHFFFAOYSA-N,-3.766979226573989,-3.765321265906131,4,-3.7643302396029616,-3.7643302396029616,-3.76,-3.76,False,2,2,False,-3.803048252004769,0.3725229513157978,-3.761529638347036,0.026492223442406912,1.0
NMJJFJNHVMGPGM-UHFFFAOYSA-N,-2.290881918620446,-2.2919346835950365,5,-2.290943657291867,-2.290943657291867,-2.2919346835950365,-2.2919346835950365,False,3,3,False,-2.6020267855211476,0.6051215941283965,-2.30745458828159,0.08360276323231956,1.0
NMRPBPVERJPACX-UHFFFAOYSA-N,-2.994172732617972,-2.994172732617972,1,-3.07160679282307,-3.07160679282307,-2.994172732617972,-2.994172732617972,False,1,1,False,-4.045436137724806,2.0389244389701053,-3.4205931568364125,0.914785511463881,1.0
NMWKWBPNKPGATC-UHFFFAOYSA-N,-9.320039261447052,-9.320039261447052,1,-9.32193578034833,-9.32193578034833,-9.320039261447052,-9.320039261447052,False,1,1,False,-9.252858503579297,1.0605269289471333,-9.35606972624019,0.2823442629063542,1.0
NMWSKOLWZZWHPL-UHFFFAOYSA-N,-1.595765738074206,-2.068245266066914,3,-2.070141784968191,-2.070141784968191,-2.068245266066914,-2.068245266066914,True,2,2,False,-2.3298638753910605,0.7231280539469104,-2.143600457381273,0.19756683137108716,0.9302212114956072
NNBZCPXTIHJBJL-UHFFFAOYSA-N,1.610863249679312,1.7462359494057424,6,1.7457832031066887,1.7457832031066887,1.7462359494057424,1.7462359494057424,True,3,3,False,1.2025425063901438,0.5294888151993109,1.7022060230638854,0.08284698909334458,0.4585190011351801
NNKVPIKMPCQWCG-UHFFFAOYSA-N,-10.163852671542019,-10.161663977859876,3,-10.163560496761153,-10.163560496761153,-10.161663977859876,-10.161663977859876,True,2,2,False,-9.266311724303524,0.7231280539469104,-10.150110903355719,0.27456861705191,0.05400451444560264
NNPPMTNAJDCUHE-UHFFFAOYSA-N,2.327019309758164,2.3183556405353727,33,2.3183556405353727,2.3183556405353727,2.32,2.32,False,5,5,False,2.295258848934509,0.08071302245500493,2.3124161976804154,0.00712238739392887,0.9899402524856671
NOOLISFMXDJSKH-KXUCPTDWSA-N,-4.219836888108083,-4.219836888108083,1,-4.297270948313181,-4.297270948313181,-4.219836888108083,-4.219836888108083,False,1,1,False,-5.000000801928742,2.0389244389701053,-4.595403603253532,0.9146127060480936,1.0
NOOLISFMXDJSKH-UHFFFAOYSA-N,-4.03046272195243,-4.03046272195243,1,-4.107896782157528,-4.107896782157528,-4.03046272195243,-4.03046272195243,False,1,1,False,-4.852513509822215,2.0389244389701053,-4.413884249748654,0.9146054721585373,1.0
NOQGZXFMHARMLW-UHFFFAOYSA-N,-10.622511065212262,-10.622511065212262,2,-10.662176354765448,-10.662176354765448,-10.622511065212262,-10.622511065212262,False,2,2,False,-10.640972161159965,0.9638346123868675,-10.654586665156268,0.27054913233271183,1.0
NOWKCMXCCJGMRR-UHFFFAOYSA-N,-5.234324421623985,-5.415869980879541,5,-5.415869980879541,-5.415869980879541,-5.415869980879541,-5.415869980879541,True,3,3,False,-5.401728926839589,0.1510676255121239,-5.41466395550092,0.014159127784507007,0.44590311785423675
NPDACUSDTOMAMK-UHFFFAOYSA-N,-0.6517105685709311,-1.0231851266049272,14,-1.0221941003017578,-1.0221941003017578,-1.92,-1.92,True,4,4,False,-1.5076187615393655,0.22357613926349088,-1.0847805299695925,0.06822239852918233,0.002515508930543647
NPFVOOAXDOBMCE-UHFFFAOYSA-N,-2.601706557321219,-2.601706557321219,1,-2.6007155310180496,-2.6007155310180496,-2.601706557321219,-2.601706557321219,False,1,1,False,-3.010636007953443,1.4704237627620684,-2.6061644311625685,0.1305742991339113,1.0
NPNPZTNLOVBDOC-UHFFFAOYSA-N,-0.07051744997306268,-0.10497131931166345,14,-0.10497131931166345,-0.10497131931166345,-0.1099426386233269,-0.1099426386233269,False,3,3,False,-0.12285801364975216,0.11453958488934075,-0.10559191472875279,0.010679383107541988,0.8487925642303342
NPOJQCVWMSKXDN-UHFFFAOYSA-N,-5.524772151119922,-5.524772151119922,2,-5.56443744067311,-5.56443744067311,-5.524772151119922,-5.524772151119922,False,2,2,False,-5.8153783142034605,0.9638346123868675,-5.603618517127744,0.2705437820968083,1.0
NPWMZOGDXOFZIN-UHFFFAOYSA-N,-8.29503864435176,-8.091806976913123,4,-8.131472266466309,-8.131472266466309,-8.091806976913123,-8.091806976913123,True,3,3,False,-8.386834877687228,0.6562977178022762,-8.781195730259855,0.14346831219342082,0.533305856541877
NQBXSWAWVZHKBZ-UHFFFAOYSA-N,-5.209176204179455,-4.981355931367685,3,-4.983252450268962,-4.983252450268962,-4.981355931367685,-4.981355931367685,True,1,1,False,-5.422942844324343,0.624886973339966,-5.169832674677583,0.18355283274167364,0.6338012177026545
NQFUSWIGRKFAHK-UHFFFAOYSA-N,-2.5181225471187925,-2.5181225471187925,2,-2.55778783667198,-2.55778783667198,-2.5181225471187925,-2.5181225471187925,False,2,2,False,-2.8938405727585863,0.9638346123868675,-2.5191495610341725,0.2715159763832541,1.0
NQLVQOSNDJXLKG-UHFFFAOYSA-N,-6.503202265352771,-6.503202265352771,2,-6.542867554905959,-6.542867554905959,-6.503202265352771,-6.503202265352771,True,2,2,False,-7.984408957408525,0.9638346123868675,-8.514879424152817,0.28256963748679154,0.3040490322668969
NQPDZGIKBAWPEJ-UHFFFAOYSA-N,-6.262266317952399,-6.166395696339027,27,-6.168292215240304,-6.168292215240304,-6.16,-6.16,False,5,5,False,-6.217220017601855,0.1184440913336507,-6.17314439473835,0.010611850930530315,0.5879171036732642
NQQVFXUMIDALNH-UHFFFAOYSA-N,-11.201386446956482,-11.96,5,-11.96,-11.96,-11.96,-11.96,True,4,4,False,-12.017669829054947,0.18742891096298503,-11.960074421654397,0.016328874188856334,0.034941237066199886
NQRYJNQNLNOLGT-UHFFFAOYSA-N,-4.5444793257823966,-5.102914340283295,22,-5.103367086582349,-5.103367086582349,-5.109942638623327,-5.109942638623327,True,5,5,False,-5.071921055192291,0.09511886074905282,-5.106341063866557,0.008483006282684892,0.0008345129203309556
NQXUSSVLFOBRSE-UHFFFAOYSA-N,-4.389682283667967,-4.389682283667967,2,-4.391578802569244,-4.391578802569244,-4.389682283667967,-4.389682283667967,False,1,1,False,-4.619717962010871,0.7613827475557001,-4.445293303773335,0.1997496076364284,1.0
NRAVUGAGYOBXIG-UHFFFAOYSA-N,-2.161333924027041,-2.161333924027041,1,-2.238767984232139,-2.238767984232139,-2.161333924027041,-2.161333924027041,False,1,1,False,-3.3968094367663295,2.0389244389701053,-2.6223813868283075,0.9152003262633549,1.0
NRFQZTCQAYEXEE-UHFFFAOYSA-N,-3.826366813978068,-3.826366813978068,2,-3.866032103531256,-3.866032103531256,-3.826366813978068,-3.826366813978068,True,2,2,False,-3.7958782117994505,0.9638346123868675,-3.308999304378003,0.2774533317794546,0.7976211712946244
NRGGMCIBEHEAIL-UHFFFAOYSA-N,-4.425014856066878,-4.33,16,-4.33,-4.33,-4.33,-4.33,True,5,5,False,-4.355456008280944,0.1198674703119228,-4.330341122296089,0.011287227042625057,0.7715587024399178
NRJPVIOTANUINF-UHFFFAOYSA-N,-9.113609756452975,-9.113609756452975,2,-9.153275046006163,-9.153275046006163,-9.113609756452975,-9.113609756452975,True,2,2,False,-11.129778593661397,0.9638346123868675,-12.234972589805032,0.28378020610991134,0.1393940907462404
NRJUFUBKIFIKFI-UHFFFAOYSA-N,3.517532095689552,3.517532095689552,1,3.515635576788275,3.515635576788275,3.517532095689552,3.517532095689552,False,1,1,False,2.816500607001211,1.0605269289471333,3.430713134213195,0.2825483970244003,1.0
NRLWLQUJUTWEJD-UHFFFAOYSA-N,4.552889643394006,4.552889643394006,1,4.553880669697175,4.553880669697175,4.552889643394006,4.552889643394006,False,1,1,False,3.3209123006604107,1.4704237627620684,4.542378495382636,0.13061634572643938,1.0
NRTLIYOWLVMQBO-UHFFFAOYSA-N,-11.66627062222775,-11.66627062222775,1,-11.743704682432847,-11.743704682432847,-11.66627062222775,-11.66627062222775,False,1,1,False,-10.79938922745095,2.0389244389701053,-11.725638323709676,0.9251259636513144,1.0
NRXQIUSYPAHGNM-UHFFFAOYSA-N,-8.948752481588894,-8.948752481588894,2,-8.988417771142082,-8.988417771142082,-8.948752481588894,-8.948752481588894,True,2,2,False,-9.813966308118045,0.9638346123868675,-10.116833340414217,0.2806699758064865,0.6462177609034141
NSKIRYMHNFTRLR-UHFFFAOYSA-N,-5.43884899750157,-5.4761655483904255,5,-5.478062067291702,-5.478062067291702,-5.4761655483904255,-5.4761655483904255,True,1,1,False,-5.657070017713683,0.48605923627515846,-5.509371415232734,0.1443280605911998,0.7600602469954741
NSTREUWFTAOOKS-UHFFFAOYSA-N,-6.374305956532247,-6.374305956532247,1,-6.451740016737345,-6.451740016737345,-6.374305956532247,-6.374305956532247,False,1,1,False,-6.677931933084085,2.0389244389701053,-6.660305042573833,0.9155711550026812,1.0
NSWAMPCUPHPTTC-UHFFFAOYSA-N,-16.431130124228456,-16.431130124228456,2,-16.470795413781644,-16.470795413781644,-16.431130124228456,-16.431130124228456,True,2,2,False,-17.073655228587967,0.9638346123868675,-17.809639453988353,0.28500789892637923,0.5202999765884333
NTAHCMPOMKHKEU-AATRIKPKSA-N,-5.907824637223624,-5.907824637223624,2,-5.947489926776811,-5.947489926776811,-5.907824637223624,-5.907824637223624,False,2,2,False,-6.179219738619113,0.9638346123868675,-5.984886125415929,0.2705292790272756,1.0
NTBYINQTYWZXLH-UHFFFAOYSA-N,-4.749869311392763,-4.749869311392763,1,-4.7517658302940395,-4.7517658302940395,-4.749869311392763,-4.749869311392763,False,1,1,False,-4.956171786981205,1.0605269289471333,-4.803965998189029,0.2822091438362679,1.0
NTHGIYFSMNNHSC-UHFFFAOYSA-N,-1.3670768535506792,-1.4266713471698336,3,-1.4285678660711105,-1.4285678660711105,-1.4266713471698336,-1.4266713471698336,False,1,1,False,-1.660666207312851,0.624886973339966,-1.4280004187804092,0.16458928789701158,1.0
NTIZESTWPVYFNL-UHFFFAOYSA-N,-2.831253783381531,-3.0559129114600494,22,-3.056365657759103,-3.056365657759103,-3.06,-3.06,True,5,5,False,-3.0554756953814874,0.11711569481326835,-3.0553783518204587,0.011290613791651066,0.058318823458947164
NTOPKICPEQUPPH-UHFFFAOYSA-N,-3.430862257435785,-3.430862257435785,1,-3.432758776337062,-3.432758776337062,-3.430862257435785,-3.430862257435785,False,1,1,False,-3.7160953456731947,1.0605269289471333,-3.4901677374881306,0.28221279782066194,1.0
NTPLXRHDUXRPNE-UHFFFAOYSA-N,-4.405213822862843,-4.406517278578553,5,-4.405526252275384,-4.405526252275384,-4.4,-4.4,False,3,3,False,-4.4267548149076354,0.23798200806546063,-4.401692685216005,0.026377636717041065,1.0
NTSLROIKFLNUIJ-UHFFFAOYSA-N,-4.242533107861872,-4.242533107861872,1,-4.244429626763149,-4.244429626763149,-4.242533107861872,-4.242533107861872,False,1,1,False,-4.479195055178356,1.0605269289471333,-4.298633240283467,0.2822082916788235,1.0
NUEHEMIAMZEMIW-UHFFFAOYSA-N,4.565631744654459,4.565631744654459,1,4.566622770957628,4.566622770957628,4.565631744654459,4.565631744654459,False,1,1,False,3.332188580609759,1.4704237627620684,4.555109803192268,0.13061647071209842,1.0
NUFNQYOELLVIPL-UHFFFAOYSA-N,-14.91179854853974,-14.91179854853974,1,-14.989232608744839,-14.989232608744839,-14.91179854853974,-14.91179854853974,False,1,1,False,-13.3270525039426,2.0389244389701053,-14.82160995483339,0.9368811650408704,1.0
NUJGJRNETVAIRJ-UHFFFAOYSA-N,-2.3177408568160014,-2.2919346835950365,25,-2.290943657291867,-2.290943657291867,-2.29,-2.29,False,5,5,False,-2.3247278166468037,0.10533981632340648,-2.292192472016456,0.010399366290010287,0.1718396379752371
NUKZAGXMHTUAFE-UHFFFAOYSA-N,-2.480137303206668,-2.4882464135677624,18,-2.49,-2.49,-2.49,-2.49,False,5,5,False,-2.5071167591609416,0.10784921519742685,-2.4899785085382824,0.0104892359373952,1.0
NUMQCACRALPSHD-UHFFFAOYSA-N,-1.3516875495472596,-1.6334525765278551,13,-1.635349095429132,-1.635349095429132,-1.6334525765278551,-1.6334525765278551,True,3,3,False,-1.5531387531978733,0.3258485393040108,-1.5949255032880123,0.07361419267632076,0.32605220779682725
NURQLCJSMXZBPC-UHFFFAOYSA-N,-4.6212991535421635,-5.219885277246654,16,-5.219885277246654,-5.219885277246654,-5.219885277246654,-5.219885277246654,True,5,5,False,-5.1220224394568525,0.1161503718837375,-5.218400591659075,0.012295221207518746,0.004614107160376463
NUVBSKCKDOMJSU-UHFFFAOYSA-N,-7.712153072462899,-7.712153072462899,1,-7.789587132667997,-7.789587132667997,-7.712153072462899,-7.712153072462899,False,1,1,False,-7.719866281293757,2.0389244389701053,-7.942068562633156,0.9169892043577527,1.0
NVGOPFQZYCNLDU-UHFFFAOYSA-N,-10.718783577982663,-10.718783577982663,2,-10.75844886753585,-10.75844886753585,-10.718783577982663,-10.718783577982663,False,2,2,False,-10.749318423313046,0.9638346123868675,-10.774034582325275,0.27043867622415835,1.0
NVJUHMXYKCUMQA-UHFFFAOYSA-N,-1.81592207179592,-1.814448291179404,11,-1.8140535372848947,-1.8140535372848947,-1.81,-1.81,False,5,5,False,-1.8332773206346458,0.13811691753603922,-1.8121678577312383,0.012501081890428903,1.0
NWBJYWHLCVSVIJ-UHFFFAOYSA-N,-15.338218153513704,-15.338218153513704,1,-15.34011467241498,-15.34011467241498,-15.338218153513704,-15.338218153513704,False,1,1,False,-14.910903956209927,1.0605269289471333,-15.350296327829724,0.2828764972152177,1.0
NWINIEGDLHHNLH-UHFFFAOYSA-N,-17.38598876267198,-17.38598876267198,1,-17.463422822877078,-17.463422822877078,-17.38598876267198,-17.38598876267198,False,1,1,False,-15.253987007452976,2.0389244389701053,-17.172039971018503,0.949735352841969,1.0
NWPNXBQSRGKSJB-UHFFFAOYSA-N,-4.466911075976809,-4.466911075976809,1,-4.468807594878086,-4.468807594878086,-4.466911075976809,-4.466911075976809,False,1,1,False,-4.690146036352539,1.0605269289471333,-4.522125155069138,0.28220832049468364,1.0
NWSIFTLPLKCTSX-UHFFFAOYSA-N,-4.483223386585566,-4.488372088706947,5,-4.487788146188457,-4.487788146188457,-4.488372088706947,-4.488372088706947,False,3,3,False,-4.75445964058055,0.6051215941283965,-4.5030405686994435,0.08359519483988213,1.0
NWVVVBRKAWDGAB-UHFFFAOYSA-N,-8.25960315147843,-8.360539564620424,3,-8.3624360835217,-8.3624360835217,-8.365200764818356,-8.365200764818356,False,3,3,False,-8.371156662536425,0.2453204056433808,-8.365612275617394,0.028132003114546812,1.0
NXQDBZGWYSEGFL-UHFFFAOYSA-N,6.266806398131663,6.266806398131663,1,6.189372337926565,6.189372337926565,6.266806398131663,6.266806398131663,False,1,1,False,3.1671460321508556,2.0389244389701053,5.4377731150719,0.9342457777572188,1.0
NXXHAWKBICGUCK-UHFFFAOYSA-N,4.513274359808266,4.513274359808266,1,4.514265386111435,4.514265386111435,4.513274359808266,4.513274359808266,False,1,1,False,3.285854265972516,1.4704237627620684,4.502796768317064,0.1306159582864136,1.0
NXXYKOUNUYWIHA-UHFFFAOYSA-N,-4.164606584955018,-4.864536835548133,17,-4.86643335444941,-4.86643335444941,-5.26,-5.26,True,4,4,False,-4.878928326498045,0.19384614933757602,-5.236615114707088,0.027037990319020735,0.029460729177193886
NYHNVHGFPZAZGA-UHFFFAOYSA-N,-6.773903652639617,-6.773903652639617,1,-6.775800171540894,-6.775800171540894,-6.773903652639617,-6.773903652639617,False,1,1,False,-6.85908602496713,1.0605269289471333,-6.820005375004864,0.2822406448232997,1.0
NYPJDWWKZLNGGM-RPWUZVMVSA-N,-5.981521778872922,-6.509574733924917,3,-6.511471252826194,-6.511471252826194,-6.509574733924917,-6.509574733924917,True,2,2,False,-6.785616187508931,0.7231280539469104,-6.755541525179569,0.21673430335609642,0.6468460528649641
NYPJDWWKZLNGGM-UHFFFAOYSA-N,-5.877064525777048,-5.877064525777048,2,-5.9167298153302355,-5.9167298153302355,-5.877064525777048,-5.877064525777048,True,2,2,False,-7.418058815200982,0.9638346123868675,-7.940282257095071,0.2824498602144922,0.2919659447815056
NYQDCVLCJXRDSK-UHFFFAOYSA-N,-4.245399901837238,-4.252850085791303,4,-4.291567115893852,-4.291567115893852,-5.7,-5.7,True,4,4,False,-5.580957310515028,0.21062608247047596,-5.698837841078591,0.019998980802540308,0.05796809827308473
NZGWDASTMWDZIW-UHFFFAOYSA-N,-4.5778167835836765,-4.5778167835836765,1,-4.6552508437887745,-4.6552508437887745,-4.5778167835836765,-4.5778167835836765,False,1,1,False,-5.278800632360087,2.0389244389701053,-4.938532892104193,0.9146602532087393,1.0
NZZFYRREKKOMAT-UHFFFAOYSA-N,-2.5211830985996215,-2.5102141772707545,9,-2.509223150967585,-2.509223150967585,-2.49,-2.49,False,5,5,False,-2.5150465461337523,0.16755610920164446,-2.4946349440062314,0.013930337075543886,1.0
OAEQTHQGPZKTQP-UHFFFAOYSA-N,-3.4369752029025955,-3.4369752029025955,1,-3.4388717218038725,-3.4388717218038725,-3.4369752029025955,-3.4369752029025955,False,1,1,False,-3.721842486780326,1.0605269289471333,-3.49625654103586,0.282212736882597,1.0
OAKJQQAXSVQMHS-UHFFFAOYSA-N,-8.540000000000001,-9.3,4,-9.3,-9.3,-9.3,-9.3,True,2,2,False,-8.19504416318036,0.15252950237187504,-9.299496688950173,0.01632916288947681,0.0005409768238953357
OAYSFAKCFYRCRU-UHFFFAOYSA-N,-1.8608036559660655,-2.0104369773821076,5,-2.0123334962833845,-2.0123334962833845,-2.0104369773821076,-2.0104369773821076,False,1,1,False,-2.1240005069777124,0.48605923627515846,-1.9370568568130342,0.13598877319750005,0.9802228806633534
OAYXUHPQHDHDDZ-UHFFFAOYSA-N,-8.920315376327476,-8.920315376327476,2,-8.959980665880664,-8.959980665880664,-8.920315376327476,-8.920315376327476,False,2,2,False,-8.940693426426856,0.9638346123868675,-8.842141488574194,0.2714946619785061,1.0
OBETXYAYXDNJHR-UHFFFAOYSA-N,-3.7212143712601353,-5.266698313067449,3,-5.268594831968726,-5.268594831968726,-5.266698313067449,-5.266698313067449,True,2,2,False,-5.1184954049964855,0.7231280539469104,-5.332615919715227,0.199909474381617,0.22837449284948808
OBKHYUIZSOIEPG-UHFFFAOYSA-N,2.892106638543036,2.4692867722065577,3,2.4673902533052807,2.4673902533052807,2.4692867722065577,2.4692867722065577,True,2,2,False,2.104856739457949,0.7231280539469104,2.433511583697405,0.1961496740944357,1.0
OBNCKNCVKJNDBV-UHFFFAOYSA-N,-2.6334769947889294,-2.496571708916022,20,-2.495580682612853,-2.495580682612853,-2.497609942638623,-2.497609942638623,True,5,5,False,-2.560044584826935,0.11848201322504735,-2.5020038098005584,0.012266007252158567,0.04228636467604686
OBTWBSRJZRCYQV-UHFFFAOYSA-N,-9.524101727541028,-9.524101727541028,1,-9.601535787746126,-9.601535787746126,-9.524101727541028,-9.524101727541028,False,1,1,False,-9.131037646420118,2.0389244389701053,-9.67698160583119,0.9199566239795635,1.0
OBZIQQJJIKNWNO-UHFFFAOYSA-N,-2.8273026502601066,-2.8273026502601066,2,-2.866967939813294,-2.866967939813294,-2.8273026502601066,-2.8273026502601066,False,2,2,False,-3.320330951463444,0.9638346123868675,-3.011493531337414,0.27022318144383006,1.0
OCHOKXCPKDPNQU-UHFFFAOYSA-N,-3.578929622513011,-3.226287135039066,3,-3.228183653940343,-3.228183653940343,-3.226287135039066,-3.226287135039066,True,1,1,False,-3.8265659505910397,0.624886973339966,-3.1673677586381226,0.2192750307336195,0.13440687678655563
OCJBOOLMMGQPQU-UHFFFAOYSA-N,-1.1319432867913404,-1.3233194304090392,49,-1.3223284041058698,-1.3223284041058698,-1.01,-1.01,True,5,5,False,-1.158805390998092,0.10211357170083246,-1.0264007310474974,0.01151165546451096,0.002550241249716068
OCKPCBLVNKHBMX-UHFFFAOYSA-N,-0.16646430873616225,-0.3724393860841935,23,-0.37144835978102414,-0.37144835978102414,-0.39837476099426383,-0.39837476099426383,True,5,5,False,-0.416108553823278,0.12418302709617064,-0.3944187726824692,0.013535322437374122,0.1469128476280909
ODCWYMIRDDJXKW-UHFFFAOYSA-N,-10.042594370717854,-10.079425676447386,4,-10.119090966000574,-10.119090966000574,-10.079425676447386,-10.079425676447386,False,3,3,False,-10.221791988302675,0.6562977178022762,-9.979883411217546,0.11328275711723167,1.0
ODGLTLJZCVNPBU-UHFFFAOYSA-N,3.8337917844490903,3.8337917844490903,2,3.794126494895903,3.794126494895903,3.8337917844490903,3.8337917844490903,True,2,2,False,2.7342401993541054,0.9638346123868675,3.2357348983083285,0.27191664543742194,1.0
ODLMAHJVESYWTB-UHFFFAOYSA-N,-0.3998866168457145,-0.5231336385356427,34,-0.5250301574369196,-0.5250301574369196,-0.53,-0.53,True,5,5,False,-0.5303477510103598,0.09592660475232723,-0.5270425982603465,0.010277684458276756,0.0863563907811273
ODUCDPQEXGNKDN-UHFFFAOYSA-N,1.8105786675521107,1.8105786675521107,1,1.81156969385528,1.81156969385528,1.8105786675521107,1.8105786675521107,False,1,1,False,0.8940703191312198,1.4704237627620684,1.802389154869889,0.13059359848278818,1.0
ODVTZUKCEYGBAT-UHFFFAOYSA-N,-4.860098725862994,-4.860098725862994,1,-4.861995244764271,-4.861995244764271,-4.860098725862994,-4.860098725862994,False,1,1,False,-5.0598049704533,1.0605269289471333,-4.913760113541751,0.2822097021920896,1.0
OEBRKCOSUFCWJD-UHFFFAOYSA-N,-6.703618963503284,-6.864894339786825,21,-6.863903313483656,-6.863903313483656,-6.61,-6.61,True,5,5,False,-6.635192708556405,0.18024887638614986,-6.886362280069619,0.03955881531664023,0.03562685316499195
OEYKUHBCPJRXGZ-UHFFFAOYSA-N,-1.7414607408681486,-1.8214756342424367,5,-1.8233721531437137,-1.8233721531437137,-1.8214756342424367,-1.8214756342424367,False,1,1,False,-2.0061577256802976,0.48605923627515846,-1.799828773809234,0.1317510163794296,1.0
OEYOMNZEMCPTKN-UHFFFAOYSA-N,-0.6278925878045658,-0.6278925878045658,2,-0.6675578773577533,-0.6675578773577533,-0.6278925878045658,-0.6278925878045658,True,2,2,False,-3.0517398546237016,0.9638346123868675,-3.7648157283846393,0.2819537385864136,0.1395591910377055
OFBQJSOFQDEBGM-UHFFFAOYSA-N,2.3219792370755883,2.33,30,2.328733879322985,2.328733879322985,2.33,2.33,False,5,5,False,2.3043339328740147,0.08570094846093168,2.3250832632486085,0.007839265594423701,1.0
OFDYMSKSGFSLLM-UHFFFAOYSA-N,-5.791564425198796,-5.791961172639288,3,-5.7979706232468,-5.7979706232468,-5.791961172639288,-5.791961172639288,False,2,2,False,-6.050759974546947,0.7231280539469104,-5.860722292862603,0.1954546047956681,1.0
OFOBLEOULBTSOW-UHFFFAOYSA-N,-11.012452821039815,-10.857767815174023,3,-10.859664334075301,-10.859664334075301,-10.857767815174023,-10.857767815174023,True,2,2,False,-11.0196098511528,0.7231280539469104,-10.93145195975806,0.1959305039844826,1.0
OGLDWXZKYODSOB-UHFFFAOYSA-N,0.4756910153257927,0.4756910153257927,2,0.47379449642451577,0.47379449642451577,0.4756910153257927,0.4756910153257927,False,1,1,False,0.09559110657928593,0.7613827475557001,0.4104514225913385,0.19977443588703847,1.0
OGRAOKJKVGDSFR-UHFFFAOYSA-N,0.5856887574187639,0.5856887574187639,1,0.5082546972136659,0.5082546972136659,0.5856887574187639,0.5856887574187639,False,1,1,False,-1.257389130045882,2.0389244389701053,0.00925263660807877,0.9183136012881927,1.0
OGYFATSSENRIKG-UHFFFAOYSA-N,-13.171908846512686,-13.171908846512686,2,-13.211574136065874,-13.211574136065874,-13.171908846512686,-13.171908846512686,False,2,2,False,-12.978016600832914,0.9638346123868675,-13.071996293111175,0.27131514458601713,1.0
OHLUUHNLEMFGTQ-UHFFFAOYSA-N,-9.432403733405742,-10.0,27,-10.0,-10.0,-10.0,-10.0,True,3,3,False,-9.686923991515165,0.07601980859148418,-10.035087136268272,0.008731786322659514,0.0006680293000976795
OHMHBGPWCHTMQE-UHFFFAOYSA-N,0.04989806677649774,0.032520025067206,6,0.030623506165929043,0.030623506165929043,0.032520025067206,0.032520025067206,False,1,1,False,-0.22826874306462566,0.4441748617004943,-0.01276289136184345,0.12208343339300422,0.916793991084384
OHXAOPZTJOUYKM-UHFFFAOYSA-N,-0.6125919876409364,-0.6125919876409364,1,-0.6144885065422133,-0.6144885065422133,-0.6125919876409364,-0.6125919876409364,False,1,1,False,-1.0664729980694676,1.0605269289471333,-0.6830344763815249,0.2822845983678301,1.0
OHZNMGSGEFVFTI-UHFFFAOYSA-N,3.763096526074734,3.763096526074734,1,3.761200007173457,3.761200007173457,3.763096526074734,3.763096526074734,False,1,1,False,3.047370232777919,1.0605269289471333,3.6753005838619814,0.2825700792793027,1.0
OIAQMFOKAXHPNH-UHFFFAOYSA-N,-3.5504675922135815,-3.5504675922135815,1,-3.5523641111148585,-3.5523641111148585,-3.5504675922135815,-3.5504675922135815,False,1,1,False,-3.8285433856345796,1.0605269289471333,-3.609300719112094,0.28221167995156965,1.0
OIFBSDVPJOWBCH-UHFFFAOYSA-N,-3.272910741089578,-3.250999743559615,7,-3.252896262460892,-3.252896262460892,-3.250999743559615,-3.250999743559615,False,1,1,False,-3.5146503133607947,0.4115346917445161,-3.3294622962143547,0.11585060961576782,0.7772486338354181
OISVCGZHLKNMSJ-UHFFFAOYSA-N,-4.61233873278379,-4.598072323981359,18,-4.59708129767819,-4.59708129767819,-4.6,-4.6,False,5,5,False,-4.611609795122621,0.10784921519742685,-4.598592008810714,0.010470198525275212,0.9389007327539558
OIXUJRCCNNHWFI-UHFFFAOYSA-N,-5.0914673352675255,-5.0914673352675255,1,-5.090476308964356,-5.090476308964356,-5.0914673352675255,-5.0914673352675255,False,1,1,False,-5.213980571394098,1.4704237627620684,-5.093820411640475,0.13057280485939812,1.0
OJDKRASKNKPYDH-UHFFFAOYSA-N,3.490247158980087,3.490247158980087,1,3.48835064007881,3.48835064007881,3.490247158980087,3.490247158980087,False,1,1,False,2.7908484263593545,1.0605269289471333,3.4035367232868188,0.28254602975871795,1.0
OJGMBLNIHDZDGS-UHFFFAOYSA-N,-4.434541135570906,-4.338304936804891,6,-4.376982753150212,-4.376982753150212,-4.62,-4.62,False,4,4,False,-4.632055864495718,0.2339494025290115,-4.604568855497465,0.028070057731032064,0.6895752278161781
OKBJVIVEFXPEOU-UHFFFAOYSA-N,-3.4495309127950873,-3.7447396736573357,4,-3.7466361925586127,-3.7466361925586127,-3.7447396736573357,-3.7447396736573357,True,2,2,False,-3.955382717118742,0.6032128259600282,-3.7814552325191424,0.16113877123179302,1.0
OKCRKWVABWILDR-UHFFFAOYSA-N,3.353822475432763,3.353822475432763,1,3.351925956531486,3.351925956531486,3.353822475432763,3.353822475432763,False,1,1,False,2.662587523150072,1.0605269289471333,3.267654587230024,0.28253431894140346,1.0
OKDGRDCXVWSXDC-UHFFFAOYSA-N,-4.37191502345724,-4.39287481022382,11,-4.391883783920651,-4.391883783920651,-4.3926577437858505,-4.3926577437858505,False,4,4,False,-4.4247957000067295,0.16597440033557195,-4.392403954199388,0.018968810501183073,1.0
OKKJLVBELUTLKV-UHFFFAOYSA-N,-5.086088064197022,-5.102283164669903,42,-5.101292138366734,-5.101292138366734,-5.11,-5.11,False,5,5,False,-5.119333601386767,0.07348377066185646,-5.109493553539268,0.006750462599096192,0.009854525474496214
OKUGPJPKMAEJOE-UHFFFAOYSA-N,-3.4851110650115187,-3.9543408764566528,5,-3.9562373953579297,-3.9562373953579297,-3.9543408764566528,-3.9543408764566528,True,2,2,False,-3.6691274073282774,0.5282086176564232,-3.6511909575330956,0.18581408567117508,0.44652294157434697
OKVWYBALHQFVFP-UHFFFAOYSA-N,3.6506578734635102,3.6506578734635102,2,3.6109925839103227,3.6109925839103227,3.6506578734635102,3.6506578734635102,True,2,2,False,2.580080795790596,0.9638346123868675,3.082349541470984,0.271655466740674,1.0
OLZQTUCTGLHFTQ-UHFFFAOYSA-N,-7.5749860212915,-7.5749860212915,1,-7.576882540192777,-7.576882540192777,-7.5749860212915,-7.5749860212915,False,1,1,False,-7.61223087732576,1.0605269289471333,-7.61792134658211,0.28226554190198244,1.0
OMDFJTSKBNDDRM-UHFFFAOYSA-N,-7.240704592108963,-7.2876422820075195,4,-7.286651255704349,-7.286651255704349,-7.2876422820075195,-7.2876422820075195,False,2,2,False,-7.41873985480187,0.6872881966258095,-7.212666646213109,0.08269208792587801,0.7849052899601101
OMFRMAHOUUJSGP-UNOMPAQXSA-N,-5.959103618372724,-5.959103618372724,2,-5.998768907925911,-5.998768907925911,-5.959103618372724,-5.959103618372724,False,2,2,False,-6.244754941853333,0.9638346123868675,-6.059300233304946,0.2704021066044121,1.0
OMVULLGMZOYNDL-UHFFFAOYSA-N,-5.795512821458877,-5.795512821458877,1,-5.797409340360154,-5.797409340360154,-5.795512821458877,-5.795512821458877,False,1,1,False,-5.939243013893611,1.0605269289471333,-5.845479875363509,0.2822198040886064,1.0
ONHBDDJJTDTLIR-UHFFFAOYSA-N,-13.719021557221732,-13.719021557221732,1,-13.72091807612301,-13.72091807612301,-13.719021557221732,-13.719021557221732,False,1,1,False,-13.388601594835835,1.0605269289471333,-13.737572372658752,0.28269306894911955,1.0
ONKUXPIBXRRIDU-UHFFFAOYSA-N,-4.871229066448101,-4.871229066448101,1,-4.948663126653199,-4.948663126653199,-4.871229066448101,-4.871229066448101,False,1,1,False,-5.507314288414419,2.0389244389701053,-5.219768249350163,0.9147322941577316,1.0
ONNCPBRWFSKDMQ-UHFFFAOYSA-N,-2.5861826733964097,-2.560239735018469,5,-2.562136253919746,-2.562136253919746,-2.560239735018469,-2.560239735018469,False,3,3,False,-2.9143401684302295,0.5627608353377608,-2.645665506482809,0.10271696834859632,1.0
ONRKZUKDJKPIEX-UHFFFAOYSA-N,-6.27,-6.27,2,-6.27,-6.27,-6.27,-6.27,False,2,2,False,-6.265739404236357,0.2155759085073937,-6.269962886482438,0.01999980511106392,1.0
ONUFESLQCSAYKA-UHFFFAOYSA-N,-11.335532754692151,-11.346192714722052,3,-11.350455243622868,-11.350455243622868,-11.346192714722052,-11.346192714722052,False,2,2,False,-11.435205816213577,0.7231280539469104,-11.38735316767487,0.1955245882960939,1.0
ONXPZLFXDMAPRO-UHFFFAOYSA-N,-0.6511176456622246,-0.566741560107815,3,-0.5686380790090919,-0.5686380790090919,-0.566741560107815,-0.566741560107815,True,2,2,False,-1.762453472211763,0.7231280539469104,-0.7141299177589964,0.2678307371836689,0.09758029341038899
OOHIAOSLOGDBCE-UHFFFAOYSA-N,-9.924362309923673,-9.924362309923673,1,-9.926258828824949,-9.926258828824949,-9.924362309923673,-9.924362309923673,False,1,1,False,-9.821018297044468,1.0605269289471333,-9.957998556576719,0.28237937605172025,1.0
OOXWYYGXTJLWHA-UHFFFAOYSA-N,0.7480879541108986,0.7480879541108986,1,0.7480879541108986,0.7480879541108986,0.7480879541108986,0.7480879541108986,False,1,1,False,0.7300208260062826,0.2532417579784302,0.7478838016244653,0.02828385763283299,1.0
OPASCBHCTNRLRM-UHFFFAOYSA-N,-8.005095814414032,-8.005095814414032,2,-8.04476110396722,-8.04476110396722,-8.005095814414032,-8.005095814414032,False,2,2,False,-8.150498562079486,0.9638346123868675,-8.043333863199932,0.2706360515836405,1.0
OPKYDBFRKPQCBS-UHFFFAOYSA-N,-2.688399572879123,-2.8914213544522713,4,-2.8933178733535483,-2.8933178733535483,-2.8914213544522713,-2.8914213544522713,True,2,2,False,-3.270828928560806,0.6032128259600282,-3.0804580682605978,0.1756051746657013,0.8771674027393438
OPTASPLRGRRNAP-UHFFFAOYSA-N,-9.706597349117349,-9.706597349117349,1,-9.784031409322447,-9.784031409322447,-9.706597349117349,-9.706597349117349,False,1,1,False,-9.273167830246068,2.0389244389701053,-9.851627793749845,0.9203248017577605,1.0
OPXOAENGHZNGBT-UHFFFAOYSA-M,-5.297919401949469,-5.297919401949469,1,-5.299815920850746,-5.299815920850746,-5.297919401949469,-5.297919401949469,False,1,1,False,-5.471426048827071,1.0605269289471333,-5.349851754052616,0.2822132355790013,1.0
OQMBBFQZGJFLBU-UHFFFAOYSA-N,-6.041599505987826,-6.041599505987826,2,-6.0812647955410135,-6.0812647955410135,-6.041599505987826,-6.041599505987826,False,2,2,False,-6.343876080261382,0.9638346123868675,-6.170159209354393,0.2702806091551463,1.0
OQOGEOLRYAOSKO-UHFFFAOYSA-N,-1.7480672930687804,-1.7480672930687804,1,-1.7499638119700573,-1.7499638119700573,-1.7480672930687804,-1.7480672930687804,False,1,1,False,-2.134000401902453,1.0605269289471333,-1.814020578404049,0.2822451686117094,1.0
OQZCSNDVOWYALR-PVSHWOEXSA-N,-3.57779339776498,-3.57779339776498,2,-3.617458687318167,-3.617458687318167,-3.57779339776498,-3.57779339776498,True,2,2,False,-6.5776657472827385,0.9638346123868675,-7.911198489800566,0.2826868607512779,0.07468134146367325
OSAGMAAQMRQLLW-UHFFFAOYSA-N,2.216230598342251,2.216230598342251,1,2.214334079440974,2.214334079440974,2.216230598342251,2.216230598342251,False,1,1,False,1.5930702052773238,1.0605269289471333,2.1345818189917787,0.28244479020546326,1.0
OSDWBNJEKMUWAV-UHFFFAOYSA-N,-0.454295378790664,-0.5714918354493795,16,-0.5709963222977948,-0.5709963222977948,-0.57,-0.57,True,5,5,False,-0.6139093472195926,0.12409611940139072,-0.5761254891519202,0.012555955557689348,0.003475518009623922
OSKIMJMPFNLVOU-UHFFFAOYSA-N,3.5857444374632133,3.5857444374632133,1,3.5838479185619363,3.5838479185619363,3.5857444374632133,3.5857444374632133,False,1,1,False,2.880631058605852,1.0605269289471333,3.4986541375371614,0.2825543518141075,1.0
OSOUNOBYRMOXQQ-UHFFFAOYSA-N,-0.24659848367298465,-0.2455644303851825,6,-0.248638620368068,-0.248638620368068,-0.2455644303851825,-0.2455644303851825,False,3,3,False,-0.5706506489472283,0.5294888151993109,-0.2658992918358039,0.08023392400815901,1.0
OSSQSXOTMIGBCF-UHFFFAOYSA-N,1.0477598834522075,1.05,11,1.0485735444131146,1.0485735444131146,1.05,1.05,False,5,5,False,1.0263370597387294,0.13811691753603922,1.048136895235453,0.012524059182143447,1.0
OSUHJPCHFDQAIT-UHFFFAOYSA-N,-7.507311658572565,-7.507311658572565,2,-7.546976948125753,-7.546976948125753,-7.507311658572565,-7.507311658572565,True,2,2,False,-8.40676612199859,0.9638346123868675,-8.620966696562087,0.2797638944380282,0.6829864170199511
OSWPMRLSEDHDFF-UHFFFAOYSA-N,-3.269940520683559,-3.269940520683559,1,-3.271837039584836,-3.271837039584836,-3.269940520683559,-3.269940520683559,False,1,1,False,-3.5648033157768073,1.0605269289471333,-3.329881542550024,0.2822145494135654,1.0
OTFNCXLUCRUNCH-UHFFFAOYSA-N,-2.0624744473797163,-2.0007761339915904,9,-2.0026726528928673,-2.0026726528928673,-2.0007761339915904,-2.0007761339915904,True,2,2,False,-2.278936194398275,0.37398509702776167,-2.1737823187215333,0.10247889238442971,0.411890401172233
OTKXWJHPGBRXCR-UHFFFAOYSA-N,-7.118188285396545,-7.24256903949203,3,-7.244465558393307,-7.244465558393307,-7.24256903949203,-7.24256903949203,False,2,2,False,-7.286787632286397,0.7231280539469104,-7.120938244600407,0.2048829112404333,1.0
OTLNPYWUJOZPPA-UHFFFAOYSA-N,-6.126954575360717,-6.126954575360717,1,-6.204388635565815,-6.204388635565815,-6.126954575360717,-6.126954575360717,False,1,1,False,-6.485291161914624,2.0389244389701053,-6.423271635747126,0.9153787481372379,1.0
OTMOUPHCTWPNSL-UHFFFAOYSA-N,-7.512455724412712,-7.512455724412712,1,-7.58988978461781,-7.58988978461781,-7.512455724412712,-7.512455724412712,False,1,1,False,-7.564339148408226,2.0389244389701053,-7.750777614630767,0.9167366653680664,1.0
OTMSDBZUPAUEDD-UHFFFAOYSA-N,1.837463132232519,1.83,45,1.83,1.83,1.83,1.83,True,5,5,False,1.743034698282322,0.07600289413443029,1.82816650652988,0.0077952144040314844,0.010980317402386967
OTQFXRBLGNEOGH-UHFFFAOYSA-N,-3.644451026661881,-3.8338720140855465,4,-3.8735373036387335,-3.8735373036387335,-3.8338720140855465,-3.8338720140855465,True,2,2,False,-3.8091481300083654,0.6032128259600282,-3.649800427650049,0.238391302934567,0.18489245060176235
OTTZHAVKAVGASB-HWKANZROSA-N,1.6993101235362287,1.6780236076320802,11,1.6789529908786154,1.6789529908786154,1.6634799235181643,1.6634799235181643,False,5,5,False,1.6474818137687965,0.13251484094958138,1.6668965764976071,0.0140117371227356,1.0
OTTZHAVKAVGASB-HYXAFXHYSA-N,1.9486482348953291,1.9486482348953291,1,1.9467517159940522,1.9467517159940522,1.9486482348953291,1.9486482348953291,False,1,1,False,1.3415002200944632,1.0605269289471333,1.8680612324491441,0.28242583257521325,1.0
OTTZHAVKAVGASB-UHFFFAOYSA-N,1.6791038871236457,1.6791038871236457,2,1.6786511408245919,1.6786511408245919,1.6791038871236457,1.6791038871236457,False,2,2,False,1.2087916490364212,0.8775947309896613,1.6619581506846628,0.11867929996034107,1.0
OTUAOAXZQMCAFS-UHFFFAOYSA-N,-10.167731618026043,-10.167731618026043,2,-10.20739690757923,-10.20739690757923,-10.167731618026043,-10.167731618026043,False,2,2,False,-10.187969670790487,0.9638346123868675,-10.17239679075754,0.2707278282530912,1.0
OUGPMNMLWKSBRI-UHFFFAOYSA-N,-1.4733865823110952,-1.4733865823110952,1,-1.4752831012123722,-1.4752831012123722,-1.4733865823110952,-1.4733865823110952,False,1,1,False,-1.8757568411341607,1.0605269289471333,-1.5404255080745985,0.28225340576810354,1.0
OUNSASXJZHBGAI-UHFFFAOYSA-N,-4.107655426073536,-4.107655426073536,1,-4.185089486278634,-4.185089486278634,-4.107655426073536,-4.107655426073536,False,1,1,False,-4.91263228490289,2.0389244389701053,-4.487875217495969,0.9146069242400537,1.0
OUYCCCASQSFEME-UHFFFAOYSA-N,-6.125468291274831,-6.125468291274831,1,-6.127364810176108,-6.127364810176108,-6.125468291274831,-6.125468291274831,False,1,1,False,-6.249453640570689,1.0605269289471333,-6.174131975296162,0.28222565782039777,1.0
OVBFMEVBMNZIBR-UHFFFAOYSA-N,-5.526786434078526,-5.526786434078526,2,-5.528682952979803,-5.528682952979803,-5.526786434078526,-5.526786434078526,False,1,1,False,-5.721750053458268,0.7613827475557001,-5.5797466351991165,0.20498771378016103,1.0
OVSKIKFHRZPJSS-UHFFFAOYSA-N,-5.437753955560094,-4.9848300646894055,5,-4.986726583590682,-4.986726583590682,-4.9848300646894055,-4.9848300646894055,True,2,2,False,-6.682252769565701,0.5282086176564232,-4.918255406747574,0.2584713076962621,0.01372530802339504
OVWYEQOVUDKZNU-UHFFFAOYSA-N,-5.648622109409221,-4.491474264191976,5,-4.493370783093253,-4.493370783093253,-4.491474264191976,-4.491474264191976,True,1,1,False,-5.864206293280016,0.48605923627515846,-4.4081051862906735,0.15172122690783965,0.011333597583056493
OWDLFBLNMPCXSD-UHFFFAOYSA-N,-9.91416775882999,-9.91416775882999,2,-9.953833048383178,-9.953833048383178,-9.91416775882999,-9.91416775882999,True,2,2,False,-10.318189452472335,0.9638346123868675,-10.436637023795281,0.2733551032259238,1.0
OWFKEHICSVOVAC-UHFFFAOYSA-N,3.7494540577200017,3.7494540577200017,1,3.7475575388187248,3.7475575388187248,3.7494540577200017,3.7494540577200017,False,1,1,False,3.0345441424569906,1.0605269289471333,3.6617124040906215,0.2825688569032268,1.0
OWNRRUFOJXFKCU-UHFFFAOYSA-N,-4.210338366969982,-4.210338366969982,2,-4.250003656523169,-4.250003656523169,-4.210338366969982,-4.210338366969982,True,2,2,False,-8.20528178123732,0.9638346123868675,-10.250236815915747,0.2829372214561519,0.0386346254996719
OWWIWYDDISJUMY-UHFFFAOYSA-N,1.8044905680728864,1.8044905680728864,2,1.764825278519699,1.764825278519699,1.8044905680728864,1.8044905680728864,False,2,2,False,1.0168862411264175,0.9638346123868675,1.5131523245621348,0.2702355117557882,1.0
OWYWGLHRNBIFJP-UHFFFAOYSA-N,-8.757885433740261,-8.757885433740261,1,-8.83531949394536,-8.83531949394536,-8.757885433740261,-8.757885433740261,False,1,1,False,-8.534297506861215,2.0389244389701053,-8.943526408033433,0.9185510789367066,1.0
OWZPCEFYPSAJFR-UHFFFAOYSA-N,-5.990205957328467,-6.428699724375475,3,-6.430596243276752,-6.430596243276752,-6.428699724375475,-6.428699724375475,True,2,2,False,-6.056939459288294,0.7231280539469104,-6.237176317930275,0.26049014301529294,0.28029475712426466
OWZREIFADZCYQD-NSHGMRRFSA-N,-6.613955200690587,-6.613955200690587,2,-6.6536204902437746,-6.6536204902437746,-6.613955200690587,-6.613955200690587,False,2,2,False,-6.891924630091785,0.9638346123868675,-6.745942462423872,0.27025341435084477,1.0
OXHNLMTVIGZXSG-UHFFFAOYSA-N,-2.8821738736238958,-2.890984703632887,4,-2.8963826279389515,-2.8963826279389515,-2.890984703632887,-2.890984703632887,False,3,3,False,-2.9050139223601614,0.17634731836561407,-2.891479651388587,0.019949034203916128,1.0
OXMIDRBAFOEOQT-UHFFFAOYSA-N,-2.920943886727846,-2.92,10,-2.92,-2.92,-2.920325047801147,-2.920325047801147,False,4,4,False,-2.9293182223336016,0.12261768923194112,-2.922011010015732,0.011422873612894114,1.0
OXNIZHLAWKMVMX-UHFFFAOYSA-N,-12.493913626949425,-12.493913626949425,1,-12.495810145850701,-12.495810145850701,-12.493913626949425,-12.493913626949425,False,1,1,False,-12.23680526604997,1.0605269289471333,-12.517346122098052,0.28257410804221356,1.0
OXQGTIUCKGYOAA-UHFFFAOYSA-N,-5.705946232166113,-5.7025517722781265,7,-5.704448291179403,-5.704448291179403,-5.7025517722781265,-5.7025517722781265,False,3,3,False,-5.944157373183853,0.5014966267737644,-5.717130925525517,0.06835515901832404,1.0
OXTNCQMOKLOUAM-UHFFFAOYSA-N,-17.66809036051656,-17.66809036051656,1,-17.669986879417834,-17.669986879417834,-17.66809036051656,-17.66809036051656,False,1,1,False,-17.101354436739943,1.0605269289471333,-17.67080582558468,0.2831935563593087,1.0
OYIKARCXOQLFHF-UHFFFAOYSA-N,-10.883910319053944,-10.883910319053944,1,-10.885806837955222,-10.885806837955222,-10.883910319053944,-10.883910319053944,False,1,1,False,-10.723146058118036,1.0605269289471333,-10.913741040446673,0.2824434654775938,1.0
OZCMOJQQLBXBKI-UHFFFAOYSA-N,-1.2938395089991102,-1.2938395089991102,1,-1.295736027900387,-1.295736027900387,-1.2938395089991102,-1.2938395089991102,False,1,1,False,-1.7069540321938705,1.0605269289471333,-1.36158817838988,0.28225923861581254,1.0
OZDGMOYKSFPLSE-UHFFFAOYSA-N,-4.720783165038423,-4.720294050737397,5,-4.722190569638674,-4.722190569638674,-4.720294050737397,-4.720294050737397,False,3,3,False,-4.985435860732237,0.6051215941283965,-4.7356370183891405,0.08360697253009239,1.0
PAAZPARNPHGIKF-UHFFFAOYSA-N,-2.077198673020305,-2.1282250633382485,25,-2.127234037035079,-2.127234037035079,-2.1004302103250474,-2.1004302103250474,False,5,5,False,-2.2056265346252646,0.13158464626363292,-2.1132786089905315,0.015693993625901275,0.09810045860791423
PAFZNILMFXTMIY-UHFFFAOYSA-N,-4.808661100011843,-4.597511835544807,13,-4.596520809241637,-4.596520809241637,-4.59,-4.59,True,3,3,False,-4.768003629627364,0.20447616103736607,-4.600514283773487,0.025806311359154004,0.19853749130094847
PAKGDPSCXSUALC-UHFFFAOYSA-N,0.6798986779052202,0.6798986779052202,1,0.6780021590039432,0.6780021590039432,0.6798986779052202,0.6798986779052202,False,1,1,False,0.1486738202481381,1.0605269289471333,0.6043407263726672,0.2823467865379837,1.0
PAMIQIKDUOTOBW-UHFFFAOYSA-N,-3.365004496807328,-3.888103481098723,16,-3.887759412511241,-3.887759412511241,-3.89,-3.89,True,5,5,False,-3.853476449048735,0.12060903584358042,-3.8882621037364444,0.01127247217631504,0.0014246534066768648
PAYFWJAKKLILIT-UHFFFAOYSA-N,-4.429870654650677,-4.429870654650677,2,-4.431767173551954,-4.431767173551954,-4.429870654650677,-4.429870654650677,False,1,1,False,-4.658666790497644,0.7613827475557001,-4.485402117090236,0.19975888417065166,1.0
PAYRUJLWNCNPSJ-UHFFFAOYSA-N,-5.432859353747816,-5.528311522459916,28,-5.530208041361193,-5.530208041361193,-5.49,-5.49,True,5,5,False,-5.666972796317086,0.09958354487316046,-5.494886333284816,0.00985055365201946,0.0034783438704115892
PBKONEOXTCPAFI-UHFFFAOYSA-N,-1.1905014970564536,-1.291834736919136,39,-1.301013947580173,-1.301013947580173,-1.12,-1.12,True,4,4,False,-1.3807388195347237,0.15050066412775026,-1.3068270954733396,0.04034437399061339,0.0022089902677757695
PCCSBWNGDMYFCW-UHFFFAOYSA-N,-7.67691376826134,-7.67691376826134,1,-7.678810287162617,-7.678810287162617,-7.67691376826134,-7.67691376826134,False,1,1,False,-7.708059172825553,1.0605269289471333,-7.719446081642388,0.28226921619288275,1.0
PECXRRMHOQBOIE-UHFFFAOYSA-N,-2.0385517088344502,-2.0385517088344502,1,-2.1159857690395483,-2.1159857690395483,-2.0385517088344502,-2.0385517088344502,False,1,1,False,-3.3011849025164364,2.0389244389701053,-2.504713082630186,0.9152819678838542,1.0
PEDCQBHIVMGVHV-UHFFFAOYSA-N,-9.34279365361824,-9.216061185468453,7,-9.216061185468453,-9.216061185468453,-9.218030592734227,-9.218030592734227,True,5,5,False,-9.20919730145384,0.1500495313514332,-9.216346187074434,0.01413690522295001,0.1405694481375056
PETRWTHZSKVLRE-UHFFFAOYSA-N,-5.830542375906909,-5.811691519115986,7,-5.813588038017263,-5.813588038017263,-5.811691519115986,-5.811691519115986,False,3,3,False,-6.058699785534984,0.4765813104286051,-5.834433348532985,0.07723610256355093,1.0
PFCHFHIRKBAQGU-UHFFFAOYSA-N,-2.533199402830393,-3.124125253233711,12,-3.1231342269305418,-3.1231342269305418,-3.124125253233711,-3.124125253233711,True,3,3,False,-2.68487225045754,0.3413485300378162,-3.0479278202206452,0.07661153036064439,0.2160308207464219
PFDCOZXELJAUTR-UHFFFAOYSA-N,-6.87801739606374,-6.87801739606374,2,-6.917682685616928,-6.917682685616928,-6.87801739606374,-6.87801739606374,False,2,2,False,-7.0442725010601075,0.9638346123868675,-6.871388678857521,0.2710586729919656,1.0
PFEOZHBOMNWTJB-UHFFFAOYSA-N,2.4965357440489444,2.51,22,2.51,2.51,2.51,2.51,False,5,5,False,2.4803346083558075,0.10498219741921644,2.509047051683083,0.009292506616074033,1.0
PFIADAMVCJPXSF-UHFFFAOYSA-N,-3.245861605203008,-3.245861605203008,1,-3.323295665408106,-3.323295665408106,-3.245861605203008,-3.245861605203008,False,1,1,False,-4.241455008854256,2.0389244389701053,-3.661833179046609,0.9147076046808306,1.0
PFJJMJDEVDLPNE-UHFFFAOYSA-N,-1.343693246131516,-1.343693246131516,2,-1.3833585356847036,-1.3833585356847036,-1.343693246131516,-1.343693246131516,True,2,2,False,-5.47726720199529,0.9638346123868675,-7.390083909596292,0.28252572256382325,0.03862555463101557
PFNHSEQQEPMLNI-UHFFFAOYSA-N,-3.9274033647041406,-3.93,3,-3.93,-3.93,-3.93,-3.93,False,2,2,False,-3.9842178464991456,0.3615527942617878,-3.9308437575829833,0.028026536275540002,1.0
PGIBJVOPLXHHGS-UHFFFAOYSA-N,-6.715315896628453,-6.715315896628453,1,-6.792749956833551,-6.792749956833551,-6.715315896628453,-6.715315896628453,False,1,1,False,-6.943515321078307,2.0389244389701053,-6.987067269841596,0.9158718680906888,1.0
PGMYKACGEOXYJE-UHFFFAOYSA-N,-2.1732630917493063,-2.455644303851825,27,-2.457540822753102,-2.457540822753102,-2.4522944550669217,-2.4522944550669217,True,5,5,False,-2.46502653306608,0.10137478771893006,-2.4641444012145413,0.01024308117575674,0.003899318199295047
PGMZYNZXIYOOHJ-UHFFFAOYSA-N,-5.570761593359007,-5.570761593359007,1,-5.648195653564105,-5.648195653564105,-5.570761593359007,-5.570761593359007,False,1,1,False,-6.052120162567951,2.0389244389701053,-5.8902369340372545,0.9150245657314989,1.0
PGPNJCAMHOJTEF-UHFFFAOYSA-N,-3.144456389300179,-3.32094373417929,3,-3.322896020963177,-3.322896020963177,-3.32094373417929,-3.32094373417929,True,2,2,False,-3.4157805543361057,0.7231280539469104,-3.155486517817232,0.21144118293009417,1.0
PHNUZKMIPFFYSO-UHFFFAOYSA-N,-7.932788136418383,-7.932788136418383,2,-7.972453425971569,-7.972453425971569,-7.932788136418383,-7.932788136418383,True,2,2,False,-8.58396852945704,0.9638346123868675,-8.684185163519228,0.276075649085016,0.9538763540532615
PHSJJYZIFPWCLZ-UHFFFAOYSA-N,-2.529680569604813,-2.529680569604813,1,-2.607114629809911,-2.607114629809911,-2.529680569604813,-2.529680569604813,False,1,1,False,-3.6836830395160094,2.0389244389701053,-2.9754014871634022,0.9149870485878906,1.0
PHSUVQBHRAWOQD-UHFFFAOYSA-N,-3.3400681381858246,-3.3400681381858246,1,-3.4175021983909226,-3.4175021983909226,-3.3400681381858246,-3.3400681381858246,False,1,1,False,-4.3148243956636465,2.0389244389701053,-3.752129993296316,0.914684090545996,1.0
PHTQWCKDNZKARW-UHFFFAOYSA-N,-4.413054334209989,-4.420159746933285,19,-4.420925134324015,-4.420925134324015,-4.42,-4.42,True,5,5,False,-4.082142454712167,0.1135034974112342,-4.42715507351939,0.011393800647139718,0.001358263818022596
PHVNLLCAQHGNKU-UHFFFAOYSA-N,-12.083964281950216,-12.083964281950216,2,-12.123629571503404,-12.123629571503404,-12.083964281950216,-12.083964281950216,False,2,2,False,-12.189125480731157,0.9638346123868675,-12.330391142646691,0.27066908178669236,1.0
PIICEJLVQHRZGT-UHFFFAOYSA-N,-8.010537353222404,-9.72,9,-9.72,-9.72,-7.6,-7.6,True,5,5,False,-8.409270944775672,0.12825700089825062,-7.599824812044575,0.016342609763615228,0.0010805546257792599
PIIZYNQECPTVEO-UHFFFAOYSA-N,-8.285497761645894,-8.285497761645894,2,-8.287394280547172,-8.287394280547172,-8.285497761645894,-8.285497761645894,False,1,1,False,-8.395373584707372,0.7613827475557001,-8.333399563677832,0.19976667094625533,1.0
PIORTDHJOLELKR-UHFFFAOYSA-N,-2.5436892841934418,-2.5436892841934418,2,-2.5833545737466297,-2.5833545737466297,-2.5436892841934418,-2.5436892841934418,False,2,2,False,-2.9815242656298935,0.9638346123868675,-2.6332760460392794,0.270717380379257,1.0
PITWUHDDNUVBPT-UHFFFAOYSA-N,-0.1159105556037118,-0.1159105556037118,1,-0.19334461580880982,-0.19334461580880982,-0.1159105556037118,-0.1159105556037118,False,1,1,False,-1.8038046465975655,2.0389244389701053,-0.6626355306928983,0.9172583506806902,1.0
PIVBPZFQXKMHBD-UHFFFAOYSA-N,-3.563923792764928,-3.563923792764928,1,-3.565820311666205,-3.565820311666205,-3.563923792764928,-3.563923792764928,False,1,1,False,-3.8411943545912512,1.0605269289471333,-3.622703778244967,0.28221156400426567,1.0
PIWKPBJCKXDKJR-UHFFFAOYSA-N,0.11583751555303494,0.09774863924156325,12,0.09824415239314795,0.09824415239314795,0.11,0.11,False,4,4,False,0.08614727014990975,0.13784810674043918,0.10641913667044395,0.012390366319670961,0.9078079388654111
PJANXHGTPQOBST-VAWYXSNFSA-N,-1.0724707465223202,-1.0724707465223202,2,-1.1121360360755077,-1.1121360360755077,-1.0724707465223202,-1.0724707465223202,True,2,2,False,-2.1947462082388407,0.9638346123868675,-2.0589616428927893,0.27680737395954985,0.781240166355691
PJGJQVRXEUVAFT-UHFFFAOYSA-N,-1.933165625363554,-1.933165625363554,1,-1.935062144264831,-1.935062144264831,-1.933165625363554,-1.933165625363554,False,1,1,False,-2.3080222773090706,1.0605269289471333,-1.9983874361807104,0.28224008573027115,1.0
PJGSXYOJTGTZAV-UHFFFAOYSA-N,-2.95848150267955,-2.895,14,-2.895,-2.895,-2.89,-2.89,False,5,5,False,-2.9877232239998976,0.13598758385947962,-2.9019820959197493,0.013881518042639823,0.10577209218963585
PJHBSPRZHUOIAS-UHFFFAOYSA-N,-3.4632957854671234,-4.405354924391971,3,-4.407251443293248,-4.407251443293248,-4.405354924391971,-4.405354924391971,True,2,2,False,-4.430735208174333,0.7231280539469104,-4.422613152574513,0.1984433882435001,0.5193972130050764
PJIFKODHGMUPFH-UHFFFAOYSA-N,3.653956779236875,3.653956779236875,1,3.652060260335598,3.652060260335598,3.653956779236875,3.653956779236875,False,1,1,False,2.944761510210493,1.0605269289471333,3.5665951063415755,0.28256035894439463,1.0
PJPYRVPMKKRTCF-UHFFFAOYSA-N,-0.40815487571701714,-0.40815487571701714,2,-0.40815487571701714,-0.40815487571701714,-0.40815487571701714,-0.40815487571701714,False,2,2,False,-0.41756386819513663,0.2155759085073937,-0.40823422343348875,0.020008326492642028,1.0
PJVWKTKQMONHTI-UHFFFAOYSA-N,-5.536883298032679,-5.536883298032679,2,-5.576548587585866,-5.576548587585866,-5.536883298032679,-5.536883298032679,True,2,2,False,-8.199980786079054,0.9638346123868675,-9.461340642100009,0.28300676894906945,0.09044091473793417
PKAHQJNJPDVTDP-UHFFFAOYSA-N,-4.104787231080831,-4.106382974774441,4,-4.105391948471271,-4.105391948471271,-4.1,-4.1,False,2,2,False,-4.117152901351474,0.24382352465348642,-4.1011596389003016,0.026487813235666954,1.0
PKEGIXYNAGGYPN-UHFFFAOYSA-N,-2.747960063280531,-2.747960063280531,1,-2.825394123485629,-2.825394123485629,-2.747960063280531,-2.747960063280531,False,1,1,False,-3.853682211515821,2.0389244389701053,-3.184607881062443,0.9148829948639007,1.0
PKOSPVZTRLMBSK-UHFFFAOYSA-N,-1.0290090505842526,-1.0290090505842526,1,-1.1064431107893506,-1.1064431107893506,-1.0290090505842526,-1.0290090505842526,False,1,1,False,-2.5149387320173067,2.0389244389701053,-1.5373418775109855,0.916154837961546,1.0
PKUFNWPSFCOSLU-UHFFFAOYSA-N,-10.86057755499834,-10.86057755499834,2,-10.89929458510089,-10.89929458510089,-11.711281070745695,-11.711281070745695,True,2,2,False,-11.625372880208815,0.4027336709368692,-11.710127006485248,0.028279139056519353,0.8947735257224235
PKXHXOTZMFCXSH-UHFFFAOYSA-N,1.5666591209628242,1.5666591209628242,1,1.5647626020615473,1.5647626020615473,1.5666591209628242,1.5666591209628242,False,1,1,False,0.9823696911084737,1.0605269289471333,1.4875871442378614,0.282400151618123,1.0
PKZJLOCLABXVMC-UHFFFAOYSA-N,-6.384707051515933,-6.438862143326546,5,-6.440758662227823,-6.440758662227823,-6.438862143326546,-6.438862143326546,False,1,1,False,-6.591038688632787,0.48605923627515846,-6.451310129593335,0.13575419161636604,0.8439456189459555
PLAZTCDQAHEYBI-UHFFFAOYSA-N,-3.6945573482180984,-3.5879691772946107,19,-3.5898656961958877,-3.5898656961958877,-3.59,-3.59,True,5,5,False,-3.628875930875818,0.10706595419997819,-3.59488573447451,0.010730895263660929,0.3829352626491721
PLDWAJLZAAHOGG-UHFFFAOYSA-N,-1.706593441758015,-1.706593441758015,1,-1.708489960659292,-1.708489960659292,-1.706593441758015,-1.706593441758015,False,1,1,False,-2.095008384546291,1.0605269289471333,-1.7727106351498692,0.28224635915310736,1.0
PLIKAWJENQZMHA-UHFFFAOYSA-N,-10.10584999621474,-10.10584999621474,1,-10.107746515116016,-10.107746515116016,-10.10584999621474,-10.10584999621474,False,1,1,False,-9.991645590872716,1.0605269289471333,-10.138766861749387,0.2823907124113078,1.0
PLUBXMRUUVWRLT-UHFFFAOYSA-N,-6.787472601535328,-6.787472601535328,1,-6.789369120436605,-6.789369120436605,-6.787472601535328,-6.787472601535328,False,1,1,False,-6.871842995302054,1.0605269289471333,-6.83352070393121,0.2822410077804824,1.0
PLZDDPSCZHRBOY-UHFFFAOYSA-N,3.517532095689552,3.517532095689552,1,3.515635576788275,3.515635576788275,3.517532095689552,3.517532095689552,False,1,1,False,2.816500607001211,1.0605269289471333,3.430713134213195,0.2825483970244003,1.0
PMAAYIYCDXGUAP-UHFFFAOYSA-N,-10.343302489757503,-10.343302489757503,1,-10.345199008658781,-10.345199008658781,-10.343302489757503,-10.343302489757503,False,1,1,False,-10.21488870567552,1.0605269289471333,-10.37527787377881,0.28240609736527955,1.0
PMCVMORKVPSKHZ-UHFFFAOYSA-N,-13.940133624712754,-13.940133624712754,2,-13.979798914265942,-13.979798914265942,-13.940133624712754,-13.940133624712754,True,2,2,False,-14.603843989703792,0.9638346123868675,-15.160343412012308,0.2830312517139729,0.6080607529495816
PMGCQNGBLMMXEW-UHFFFAOYSA-N,-4.697530566495157,-4.697530566495157,1,-4.774964626700255,-4.774964626700255,-4.697530566495157,-4.697530566495157,False,1,1,False,-5.372035427938967,2.0389244389701053,-5.053279110327535,0.9146860458370264,1.0
PMHURSZHKKJGBM-UHFFFAOYSA-N,-8.601011481656293,-8.601011481656293,2,-8.640676771209481,-8.640676771209481,-8.601011481656293,-8.601011481656293,True,2,2,False,-9.544891316176718,0.9638346123868675,-9.872363346560437,0.2811873456254342,0.5857543173715705
PMJHHCWVYXUKFD-UHFFFAOYSA-N,1.1177904378901216,1.1177904378901216,2,1.0790734077875725,1.0790734077875725,0.68,0.68,True,2,2,False,0.6338831453174546,0.4027336709368692,0.6802252838639585,0.028271613662168144,1.0
PNPCRKVUWYDDST-UHFFFAOYSA-N,-5.796273291299948,-5.825333987470717,10,-5.824342961167548,-5.824342961167548,-5.82,-5.82,False,4,4,False,-5.871833242020624,0.22175979798866807,-5.818538407887548,0.02524232761143424,1.0
PNVJTZOFSHSLTO-UHFFFAOYSA-N,-5.630718363477434,-6.155044368331751,6,-6.194709657884939,-6.194709657884939,-6.92,-6.92,True,4,4,False,-6.688965555257103,0.2032245612633115,-6.9168705545744364,0.019995461511266202,0.020610583098328705
POAOYUHQDCAZBD-UHFFFAOYSA-N,-6.068765413085119,-6.191889507653559,19,-6.193786026554836,-6.193786026554836,-6.266730401529636,-6.266730401529636,True,5,5,False,-6.265795096990357,0.12620765688799604,-6.259858148873921,0.01386088632272827,0.1484557928842864
POLCUAVZOMRGSN-UHFFFAOYSA-N,-1.1627203140213267,-1.1596098101522507,22,-1.1586187838490813,-1.1586187838490813,-1.154397705544933,-1.154397705544933,False,5,5,False,-1.1834983878307255,0.10573052615153547,-1.1562242800580216,0.009275087652139278,0.6532482515046523
POOXVKSDWCXIBU-UHFFFAOYSA-N,-2.065836645543913,-2.065836645543913,1,-2.143270705749011,-2.143270705749011,-2.065836645543913,-2.065836645543913,False,1,1,False,-3.3224347990164107,2.0389244389701053,-2.5308613565086118,0.915263368485277,1.0
POULHZVOKOAJMA-UHFFFAOYSA-N,-5.298693661414239,-5.298693661414239,2,-5.338358950967427,-5.338358950967427,-5.298693661414239,-5.298693661414239,True,2,2,False,-5.218444827093389,0.9638346123868675,-4.811852425069391,0.27674236082581344,0.8230767899127243
PPBRXRYQALVLMV-UHFFFAOYSA-N,-1.1701448733423754,-1.241464620280645,16,-1.2419173665796988,-1.2419173665796988,-1.24,-1.24,False,4,4,False,-1.3060827169914089,0.19696418281999492,-1.2409510023134018,0.025038677252278388,0.7784438620067636
PPKPKFIWDXDAGC-UHFFFAOYSA-N,-0.925713070707524,-0.925713070707524,1,-0.9276095896088009,-0.9276095896088009,-0.925713070707524,-0.925713070707524,False,1,1,False,-1.3608566234055524,1.0605269289471333,-0.9949172212154219,0.28227230738781667,1.0
PPLBPDUKNRCHGG-UHFFFAOYSA-N,5.892446036649454,5.892446036649454,1,5.893437062952623,5.893437062952623,5.892446036649454,5.892446036649454,False,1,1,False,4.50636928216854,1.4704237627620684,5.880799834356075,0.1306304639616325,1.0
PPXUHEORWJQRHJ-UHFFFAOYSA-N,-2.09641458333387,-2.09641458333387,1,-2.098311102235147,-2.098311102235147,-2.09641458333387,-2.09641458333387,False,1,1,False,-2.4615022653347247,1.0605269289471333,-2.1609913276987416,0.2822359153415459,1.0
PQHNRODYYLFLRE-UHFFFAOYSA-N,4.552889643394006,4.552889643394006,1,4.553880669697175,4.553880669697175,4.552889643394006,4.552889643394006,False,1,1,False,3.3209123006604107,1.4704237627620684,4.542378495382636,0.13061634572643938,1.0
PQHZWWBJPCNNGI-UHFFFAOYSA-N,-1.3427858227430989,-1.3427858227430989,1,-1.420219882948197,-1.420219882948197,-1.3427858227430989,-1.3427858227430989,False,1,1,False,-2.7593125417670366,2.0389244389701053,-1.8379847534482787,0.9158448462242054,1.0
PQKBPHSEKWERTG-UHFFFAOYSA-N,-8.349987697764565,-8.349987697764565,2,-8.389652987317753,-8.389652987317753,-8.349987697764565,-8.349987697764565,False,2,2,False,-8.555335826712865,0.9638346123868675,-8.493889170603245,0.27021012211678963,1.0
PQNFLJBBNBOBRQ-UHFFFAOYSA-N,-1.6924524880362886,-1.4597441139563627,10,-1.4608203164288198,-1.4608203164288198,-1.48,-1.48,True,5,5,False,-1.6056910867300376,0.19508065611347794,-1.4818177210836065,0.020092698737381336,0.20711266589870325
PQROLKNPFDDLPB-UHFFFAOYSA-N,-7.782489623499497,-7.782489623499497,1,-7.784386142400774,-7.784386142400774,-7.782489623499497,-7.782489623499497,False,1,1,False,-7.807317270391462,1.0605269289471333,-7.824604466997134,0.2822731426358712,1.0
PQTBTIFWAXVEPB-UHFFFAOYSA-N,-11.414538231060178,-11.414538231060178,2,-11.454203520613365,-11.454203520613365,-11.414538231060178,-11.414538231060178,False,2,2,False,-11.410681462309752,0.9638346123868675,-11.467251610111202,0.27043773865646076,1.0
PRLVTUNWOQKEAI-UHFFFAOYSA-N,-2.0678262143134614,-2.0678262143134614,2,-2.107491503866649,-2.107491503866649,-2.0678262143134614,-2.0678262143134614,True,2,2,False,-4.378880708487051,0.9638346123868675,-5.128900119838591,0.2821763172577852,0.14585478222381973
PRPINYUDVPFIRX-UHFFFAOYSA-N,-10.432885251970264,-10.432885251970264,1,-10.510319312175362,-10.510319312175362,-10.432885251970264,-10.432885251970264,False,1,1,False,-9.838811171447432,2.0389244389701053,-10.546477925545894,0.9219205847922647,1.0
PSABUFWDVWCFDP-UHFFFAOYSA-N,3.244682728594904,3.244682728594904,1,3.242786209693627,3.242786209693627,3.244682728594904,3.244682728594904,False,1,1,False,2.5599788005826456,1.0605269289471333,3.1589487818498783,0.2825251008142746,1.0
PSGPXWYGJGGEEG-UHFFFAOYSA-N,-8.781932139631781,-8.781932139631781,1,-8.85936619983688,-8.85936619983688,-8.781932139631781,-8.781932139631781,False,1,1,False,-8.553025423176408,2.0389244389701053,-8.966549424867535,0.9185917893024632,1.0
PSQYTAPXSHCGMF-UHFFFAOYSA-N,-3.5777456865620394,-3.5777456865620394,1,-3.6551797467671374,-3.6551797467671374,-3.5777456865620394,-3.5777456865620394,False,1,1,False,-4.499931048361534,2.0389244389701053,-3.979945878073374,0.9146384188107438,1.0
PSQZJKGXDGNDFP-UHFFFAOYSA-N,-3.898352475730798,-3.991546861387353,8,-3.9905558350841837,-3.9905558350841837,-4.15,-4.15,False,3,3,False,-4.139305270082515,0.18414841997710202,-4.143387835143417,0.01619006871799305,0.2001693298592773
PSVQKOKKLWHNRP-UHFFFAOYSA-N,3.3401800070780308,3.3401800070780308,1,3.338283488176754,3.338283488176754,3.3401800070780308,3.3401800070780308,False,1,1,False,2.6497614328291434,1.0605269289471333,3.254066366218762,0.28253315936054235,1.0
PSXCGTLGGVDWFU-UHFFFAOYSA-N,-4.41086377328172,-4.41086377328172,2,-4.411316519580774,-4.411316519580774,-4.41086377328172,-4.41086377328172,True,2,2,False,-4.483936537996997,0.8775947309896613,-4.7941780555038775,0.12864336784975727,0.49706352268945686
PTCGDEVVHUXTMP-UHFFFAOYSA-N,-8.625590337667155,-8.625590337667155,2,-8.665255627220343,-8.665255627220343,-8.625590337667155,-8.625590337667155,True,2,2,False,-9.225792625482274,0.9638346123868675,-9.348694079557943,0.2758989451829009,0.9756083043415402
PTFJIKYUEPWBMS-UHFFFAOYSA-N,-3.072261209782541,-3.1085078384632467,3,-3.1104043573645237,-3.1104043573645237,-3.1085078384632467,-3.1085078384632467,False,2,2,False,-3.4313252879012404,0.7231280539469104,-3.17772106457792,0.19540523988069403,1.0
PTTPXKJBFFKCEK-UHFFFAOYSA-N,-3.164907676422249,-3.165052658297908,6,-3.167199170177274,-3.167199170177274,-3.165052658297908,-3.165052658297908,False,3,3,False,-3.4449323035652273,0.5294888151993109,-3.18388234077822,0.08021466236507284,1.0
PUIYMUZLKQOUOZ-UHFFFAOYSA-N,-10.867747798686274,-10.885728796824855,3,-10.887625315726133,-10.887625315726133,-10.885728796824855,-10.885728796824855,True,2,2,False,-11.162828688044158,0.7231280539469104,-11.137748017942869,0.2092803326080156,1.0
PUYXTUJWRLOUCW-UHFFFAOYSA-N,-7.311228771063715,-7.311228771063715,1,-7.313125289964992,-7.313125289964992,-7.311228771063715,-7.311228771063715,False,1,1,False,-7.364257107018442,1.0605269289471333,-7.355206824149095,0.2822565649284949,1.0
PVOAHINGSUIXLS-UHFFFAOYSA-N,-7.777101884730947,-7.774856596558317,7,-7.774856596558317,-7.774856596558317,-7.774856596558317,-7.774856596558317,False,2,2,False,-7.7727060607808065,0.11181246802848219,-7.776717081002175,0.010812538747102168,1.0
PVWOIHVRPOBWPI-UHFFFAOYSA-N,-0.5664271042101445,-0.5783941853465722,14,-0.5827820267686424,-0.5827820267686424,-0.5855640535372849,-0.5855640535372849,False,5,5,False,-0.5951973204650901,0.1365271896317692,-0.5793028130918761,0.01297984858195792,0.7775121856381655
PVYBHVJTMRRXLG-UHFFFAOYSA-N,-3.521537914411782,-3.521537914411782,1,-3.523434433313059,-3.523434433313059,-3.521537914411782,-3.521537914411782,False,1,1,False,-3.8013448867417807,1.0605269289471333,-3.58048529125534,0.28221193595236527,1.0
PWATWSYOIIXYMA-UHFFFAOYSA-N,-0.20565943749800314,-0.2319219620304501,14,-0.2309309357272807,-0.2309309357272807,-0.23,-0.23,False,4,4,False,-0.32146413653492556,0.20550668196873978,-0.22729145714320273,0.025039030270521654,0.589809388825155
PWNAWOCHVWERAR-UHFFFAOYSA-N,-5.606779943335109,-5.606779943335109,1,-5.608676462236386,-5.608676462236386,-5.606779943335109,-5.606779943335109,False,1,1,False,-5.76180408727118,1.0605269289471333,-5.657492450685657,0.2822169929461984,1.0
PWRBCZZQRRPXAB-UHFFFAOYSA-N,-4.011102968950646,-4.010885696291314,8,-4.01049771096853,-4.01049771096853,-4.012648183556405,-4.012648183556405,False,3,3,False,-4.037310565175545,0.1693495591732642,-4.013468365473909,0.01921537776491637,1.0
PWTNRNHDJZLBCD-UHFFFAOYSA-N,-5.467766444012344,-5.467766444012344,2,-5.469662962913621,-5.469662962913621,-5.467766444012344,-5.467766444012344,True,1,1,False,-5.664550435405379,0.7613827475557001,-5.503484024681484,0.25933449735584774,0.7175775320371868
PWYIUEFFPNVCMW-UHFFFAOYSA-N,-8.77059576687875,-8.77059576687875,2,-8.810261056431937,-8.810261056431937,-8.77059576687875,-8.77059576687875,True,2,2,False,-8.489674139974094,0.9638346123868675,-8.223161064575953,0.27646254515340035,0.78298351972438
PXAGFNRKXSYIHU-UHFFFAOYSA-N,-2.700262971499313,-2.8495858287686286,4,-2.8514823476699056,-2.8514823476699056,-2.8495858287686286,-2.8495858287686286,True,1,1,False,-2.9579012167906935,0.542578892102387,-2.8034716151956625,0.150240972297734,0.7699834377966565
PXBRQCKWGAHEHS-UHFFFAOYSA-N,-0.29206288651004475,-1.0751150824878488,54,-1.0741240561846794,-1.0741240561846794,1.69,1.69,True,5,5,False,0.8741539151569268,0.12881041044989672,-1.1561507121182892,0.025120978147588173,0.0006160004339925146
PXHNHTBJHHSVPT-UHFFFAOYSA-N,3.667599247591608,3.667599247591608,1,3.665702728690331,3.665702728690331,3.667599247591608,3.667599247591608,False,1,1,False,2.9575876005314217,1.0605269289471333,3.5801832959331152,0.2825615666533616,1.0
PXMNMQRDXWABCY-UHFFFAOYSA-N,-10.725917204439188,-10.725917204439188,2,-10.765582493992376,-10.765582493992376,-10.725917204439188,-10.725917204439188,False,2,2,False,-10.94468716612258,0.9638346123868675,-11.041364219518519,0.2710152351761142,1.0
PXOZAFXVEWKXED-UHFFFAOYSA-N,-8.127090634415978,-8.127090634415978,2,-8.166755923969164,-8.166755923969164,-8.127090634415978,-8.127090634415978,True,2,2,False,-10.964442805819985,0.9638346123868675,-12.545840258068948,0.2835841402915386,0.07157956813149315
PXWUKZGIHQRDHL-UHFFFAOYSA-N,-10.233641705855858,-10.16860387107851,3,-10.246037931283608,-10.246037931283608,-10.16860387107851,-10.16860387107851,False,3,3,False,-10.381450882940507,0.8204025530984671,-10.210145619931266,0.1197685937796638,1.0
PYGSKMBEVAICCR-UHFFFAOYSA-N,1.003740672048546,1.0095426582501947,14,1.01,1.01,1.008604206500956,1.008604206500956,False,5,5,False,0.9826638339838876,0.12488578717124382,1.0069723589923452,0.012435931717160807,1.0
PYGXAGIECVVIOZ-UHFFFAOYSA-N,-7.66649250584079,-7.66649250584079,2,-7.7061577953939775,-7.7061577953939775,-7.66649250584079,-7.66649250584079,False,2,2,False,-7.919318073344266,0.9638346123868675,-7.831754182418708,0.2701840596294918,1.0
PYLCWALYHRYEST-UHFFFAOYSA-N,-8.514546746085983,-8.514546746085983,2,-8.554212035639171,-8.554212035639171,-8.514546746085983,-8.514546746085983,False,2,2,False,-8.658043069865398,0.9638346123868675,-8.58341839775248,0.2704407125200174,1.0
PYLWMHQQBFSUBP-UHFFFAOYSA-N,-0.8535624409789071,-0.8049056329292092,25,-0.8045924730957523,-0.8045924730957523,-0.8,-0.8,False,5,5,False,-0.8595494824172902,0.12132762329004634,-0.7967709143693369,0.011348965631610473,0.6770434798920087
PYMYPHUHKUWMLA-VPENINKCSA-N,-13.753964742357244,-13.753964742357244,1,-13.831398802562342,-13.831398802562342,-13.753964742357244,-13.753964742357244,False,1,1,False,-12.42531507982693,2.0389244389701053,-13.718490585975976,0.9320912258796169,1.0
PYOLJOJPIPCRDP-UHFFFAOYSA-N,4.449535305415242,4.449535305415242,1,4.3721012452101435,4.3721012452101435,4.449535305415242,4.449535305415242,False,1,1,False,1.7518294769459695,2.0389244389701053,3.7043446753061127,0.9275965038025022,1.0
PYZHTHZEHQHHEN-UHFFFAOYSA-N,-3.3348301266774047,-4.344351785443342,3,-4.346248304344619,-4.346248304344619,-4.344351785443342,-4.344351785443342,True,2,2,False,-4.346688215175847,0.7231280539469104,-4.3552115956371305,0.19855728970166456,0.477047529823151
PZBPKYOVPCNPJY-UHFFFAOYSA-N,-9.647946302616688,-9.520467965187455,3,-9.522364484088733,-9.522364484088733,-9.520467965187455,-9.520467965187455,True,2,2,False,-9.652729204372523,0.7231280539469104,-9.516523414485215,0.1979971281860342,1.0
QABLOFMHHSOFRJ-UHFFFAOYSA-N,-4.111572580695426,-4.111572580695426,1,-4.113469099596703,-4.113469099596703,-4.111572580695426,-4.111572580695426,False,1,1,False,-4.3560713281344485,1.0605269289471333,-4.168189868813284,0.28220852997565943,1.0
QACXEXNKLFWKLK-UHFFFAOYSA-N,3.5857444374632133,3.5857444374632133,1,3.5838479185619363,3.5838479185619363,3.5857444374632133,3.5857444374632133,False,1,1,False,2.880631058605852,1.0605269289471333,3.4986541375371614,0.2825543518141075,1.0
QAHFOPIILNICLA-UHFFFAOYSA-N,-11.991207552793613,-11.991207552793613,2,-12.030872842346799,-12.030872842346799,-11.991207552793613,-11.991207552793613,False,2,2,False,-11.993943926711609,0.9638346123868675,-12.09060516480767,0.27031577914821525,1.0
QALGVLROELGEEM-UHFFFAOYSA-N,3.5038896273348197,3.5038896273348197,1,3.5019931084335427,3.5019931084335427,3.5038896273348197,3.5038896273348197,False,1,1,False,2.803674516680283,1.0605269289471333,3.4171249294330397,0.2825472123452996,1.0
QAPPZLVGIXQUJW-UHFFFAOYSA-N,-1.6565625949019436,-1.6565625949019436,1,-1.7339966551070416,-1.7339966551070416,-1.6565625949019436,-1.6565625949019436,False,1,1,False,-3.003686351516766,2.0389244389701053,-2.1386528136367815,0.915569841303154,1.0
QARVLSVVCXYDNA-UHFFFAOYSA-N,-1.3540925663845362,-1.377764712169566,31,-1.379661231070843,-1.379661231070843,-1.46,-1.46,False,5,5,False,-1.487516757394566,0.11361119488503345,-1.4623771521601365,0.012466889458963057,0.6663980036017239
QAYICIQNSGETAS-UHFFFAOYSA-N,-7.635843611277593,-7.635843611277593,2,-7.675508900830781,-7.675508900830781,-7.635843611277593,-7.635843611277593,True,2,2,False,-9.54313456922092,0.9638346123868675,-10.457347211562626,0.28334620522868187,0.16837273516388243
QBPFLULOKWLNNW-UHFFFAOYSA-N,-1.7123518632077357,-1.7123518632077357,1,-1.7897859234128337,-1.7897859234128337,-1.7123518632077357,-1.7123518632077357,False,1,1,False,-3.0471358265854125,2.0389244389701053,-2.1921137680294063,0.9155245922866501,1.0
QBSJMKIUCUGGNG-UHFFFAOYSA-N,-8.343726682482668,-8.343726682482668,2,-8.383391972035854,-8.383391972035854,-8.343726682482668,-8.343726682482668,False,2,2,False,-8.521975861963737,0.9638346123868675,-8.44975835683041,0.2702968378804996,1.0
QBYJBZPUGVGKQQ-AQGYCGNHSA-N,-3.1972806443490485,-3.7380363291966674,11,-3.7399328480979444,-3.7399328480979444,-3.7380363291966674,-3.7380363291966674,True,3,3,False,-3.5508256407896166,0.349791359998232,-3.6710020378314825,0.11734861957889653,0.05599207390274659
QCDWFXQBSFUVSP-UHFFFAOYSA-N,-7.796139093329184,-7.796139093329184,1,-7.798035612230461,-7.798035612230461,-7.796139093329184,-7.796139093329184,False,1,1,False,-7.820149943212551,1.0605269289471333,-7.838199961294766,0.28227365923338626,1.0
QCFYJCYNJLBDRT-UHFFFAOYSA-N,-3.5473598521528857,-3.402274193910653,3,-3.479708254115751,-3.479708254115751,-3.402274193910653,-3.402274193910653,True,2,2,False,-3.916534265135145,0.7231280539469104,-3.7089996237169887,0.24493799938311195,0.7336826647367714
QCKHVNQHBOGZER-UHFFFAOYSA-N,-2.079468785612186,-2.079468785612186,2,-2.1191340751653733,-2.1191340751653733,-2.079468785612186,-2.079468785612186,True,2,2,False,-3.140166812870246,0.9638346123868675,-3.0429244905947765,0.2768469046151235,0.7967764675357756
QCRFMSUKWRQZEM-UHFFFAOYSA-N,-5.485172468173097,-5.4842722786024085,10,-5.484231448329352,-5.484231448329352,-5.485181644359464,-5.485181644359464,False,4,4,False,-5.4927425349210575,0.12804166134596218,-5.4862148846617025,0.012427072554270977,1.0
QDQGECFQVPRMEO-UHFFFAOYSA-N,-1.833914683513465,-1.833914683513465,1,-1.911348743718563,-1.911348743718563,-1.833914683513465,-1.833914683513465,False,1,1,False,-3.1418106787666127,2.0389244389701053,-2.3086056173538934,0.9154297979781851,1.0
QEGNUYASOUJEHD-UHFFFAOYSA-N,1.7460915948345312,1.7460915948345312,2,1.7441950759332543,1.7441950759332543,1.7460915948345312,1.7460915948345312,False,1,1,False,1.3268083236710648,0.7613827475557001,1.6759586798299813,0.20575159945269766,1.0
QELSKZZBTMNZEB-UHFFFAOYSA-N,-7.416483132752315,-7.416483132752315,1,-7.493917192957413,-7.493917192957413,-7.416483132752315,-7.416483132752315,False,1,1,False,-7.4895943300004015,2.0389244389701053,-7.658840194508099,0.9166204448845073,1.0
QELUAJBXJAWSRC-UHFFFAOYSA-N,-4.607600917328856,-4.607600917328856,2,-4.60805366362791,-4.60805366362791,-4.607600917328856,-4.607600917328856,False,2,2,False,-4.915097486873576,0.8775947309896613,-4.393973821793619,0.126551718854697,0.7040695880759948
QENGPZGAWFQWCZ-UHFFFAOYSA-N,-0.7242857177366812,-0.7230508228008152,6,-0.7267429906983254,-0.7267429906983254,-0.7230508228008152,-0.7230508228008152,False,3,3,False,-1.0412969970064696,0.5294888151993109,-0.7433288065061324,0.08023407587635874,1.0
QFOHBWFCKVYLES-UHFFFAOYSA-N,-7.003046560011308,-7.003046560011308,1,-7.080480620216406,-7.080480620216406,-7.003046560011308,-7.003046560011308,False,1,1,False,-7.167604051129649,2.0389244389701053,-7.2627530414235615,0.9161577485856537,1.0
QFQLZVAAQOJUFS-UHFFFAOYSA-N,-2.956035589631505,-2.956035589631505,2,-2.9957008791846924,-2.9957008791846924,-2.956035589631505,-2.956035589631505,True,2,2,False,-3.5931610816661514,0.9638346123868675,-3.347725701208065,0.2707592564396225,1.0
QGBRLVONZXHAKJ-UHFFFAOYSA-N,-0.521668922075463,-0.521668922075463,1,-0.599102982280561,-0.599102982280561,-0.521668922075463,-0.521668922075463,False,1,1,False,-2.119815029298335,2.0389244389701053,-1.0512988725177002,0.9167307049740483,1.0
QGBSISYHAICWAH-UHFFFAOYSA-N,-18.538583282184604,-18.538583282184604,1,-18.616017342389704,-18.616017342389704,-18.538583282184604,-18.538583282184604,False,1,1,False,-16.151644000646122,2.0389244389701053,-18.26288427246844,0.9571636897041383,1.0
QGJOPFRUJISHPQ-UHFFFAOYSA-N,-0.3281084159227654,-0.3112822729416293,14,-0.31317879184290626,-0.31317879184290626,-0.3112822729416293,-0.3112822729416293,False,3,3,False,-0.5973867693284233,0.30598461144814515,-0.3294521216133992,0.07352544078853719,0.7119907690640718
QGLBZNZGBLRJGS-UHFFFAOYSA-N,-8.0884508727434,-8.0884508727434,1,-8.090347391644677,-8.090347391644677,-8.0884508727434,-8.0884508727434,False,1,1,False,-8.094969513040429,1.0605269289471333,-8.129355675092842,0.2822852153077001,1.0
QGLZXHRNAYXIBU-UHFFFAOYSA-N,-9.862417480562423,-9.861959128598622,3,-9.865660157934162,-9.865660157934162,-9.861959128598622,-9.861959128598622,False,2,2,False,-10.00684599046989,0.7231280539469104,-9.921901214075596,0.19543698479218102,1.0
QGQSRQPXXMTJCM-UHFFFAOYSA-N,-4.960427676165321,-4.960427676165321,2,-5.000092965718508,-5.000092965718508,-4.960427676165321,-4.960427676165321,True,2,2,False,-7.186507382637644,0.9638346123868675,-8.107023043371587,0.28277713167977137,0.13802080835632458
QGRPVMLBTFGQDQ-UHFFFAOYSA-N,-3.296764361750804,-3.296764361750804,1,-3.298660880652081,-3.298660880652081,-3.296764361750804,-3.296764361750804,False,1,1,False,-3.590021993169844,1.0605269289471333,-3.356599444281506,0.28221423771507537,1.0
QGTYWWGEWOBMAK-UHFFFAOYSA-N,-2.6549670471278484,-2.6549670471278484,2,-2.6946323366810354,-2.6946323366810354,-2.6549670471278484,-2.6549670471278484,False,2,2,False,-3.0995347167407568,0.9638346123868675,-2.76111623757737,0.27059320788531216,1.0
QGZKDVFQNNGYKY-UHFFFAOYSA-N,-4.239038688319171,-4.29,21,-4.29,-4.29,-4.295,-4.295,False,4,4,False,-4.303578441723328,0.10890556170489908,-4.296173212506564,0.008854288062778808,0.12172930319749606
QHGVXILFMXYDRS-UHFFFAOYSA-N,-10.949498148803274,-10.949498148803274,2,-10.98916343835646,-10.98916343835646,-10.949498148803274,-10.949498148803274,False,2,2,False,-10.955664452754133,0.9638346123868675,-10.985794559107854,0.27051828082225954,1.0
QHJMFSMPSZREIF-UHFFFAOYSA-N,-2.4719877165902084,-2.47,12,-2.4705916455539176,-2.4705916455539176,-2.4737093690248564,-2.4737093690248564,False,4,4,False,-2.483478320627666,0.11682383074584239,-2.4740283400248706,0.01059200738137022,1.0
QHLDBFLIDFTHQI-UHFFFAOYSA-N,3.4493197539158897,3.4493197539158897,1,3.447423235014613,3.447423235014613,3.4493197539158897,3.4493197539158897,False,1,1,False,2.75237015539657,1.0605269289471333,3.3627720966762684,0.28254249455226066,1.0
QHOQHJPRIBSPCY-UHFFFAOYSA-N,-6.404598206191307,-6.1975473670713,3,-6.199443885972577,-6.199443885972577,-6.1975473670713,-6.1975473670713,True,2,2,False,-6.502652530739784,0.7231280539469104,-6.282144281164069,0.19627935694947116,1.0
QHPQWRBYOIRBIT-UHFFFAOYSA-N,-5.350807369140715,-5.920415632976923,18,-5.919840239650675,-5.919840239650675,-5.92,-5.92,True,5,5,False,-5.832835986228934,0.11845323175985159,-5.91958078037163,0.011333131306904573,0.017980639199853137
QHTJSSMHBLGUHV-UHFFFAOYSA-N,-0.17790949649458251,-0.1768642447418738,3,-0.1768642447418738,-0.1768642447418738,-0.1768642447418738,-0.1768642447418738,False,2,2,False,-0.18363982450605712,0.16427102413360464,-0.17796482509582043,0.016334288557805637,1.0
QHTQREMOGMZHJV-UHFFFAOYSA-N,-6.473764349167884,-6.767069107853105,4,-6.768965626754383,-6.768965626754383,-6.767069107853105,-6.767069107853105,True,2,2,False,-6.6349678618038554,0.6032128259600282,-6.695977086434124,0.1876212770929675,0.32222592144501766
QHXDTLYEHWXDSO-UHFFFAOYSA-N,-7.98768498100421,-7.98768498100421,1,-8.065119041209307,-8.065119041209307,-7.98768498100421,-7.98768498100421,False,1,1,False,-7.934454447698145,2.0389244389701053,-8.205978033687224,0.9173615249986364,1.0
QHZSDTDMQZPUKC-UHFFFAOYSA-N,-2.7234485619946054,-2.7234485619946054,1,-2.7253450808958823,-2.7253450808958823,-2.7234485619946054,-2.7234485619946054,False,1,1,False,-3.0510139457341006,1.0605269289471333,-2.785548104629946,0.2822226184916177,1.0
QIGBRXMKCJKVMJ-UHFFFAOYSA-N,-10.368356886135166,-10.088496584147027,6,-10.089444843597665,-10.089444843597665,-10.08604206500956,-10.08604206500956,True,4,4,False,-10.172915232496019,0.23126504414383914,-10.090075901427113,0.027981262513604062,0.028169541287697917
QILSFLSDHQAZET-UHFFFAOYSA-N,-8.397815349766192,-8.397815349766192,1,-8.39971186866747,-8.39971186866747,-8.397815349766192,-8.397815349766192,False,1,1,False,-8.385821331143028,1.0605269289471333,-8.437496322134734,0.2822984718381589,1.0
QILUYCYPNYWMIL-UHFFFAOYSA-N,-2.8309017540990675,-2.8309017540990675,2,-2.8705670436522555,-2.8705670436522555,-2.8309017540990675,-2.8309017540990675,False,2,2,False,-3.386489156651541,0.9638346123868675,-3.101443049884046,0.27018577898936674,1.0
QIMMUPPBPVKWKM-UHFFFAOYSA-N,-1.3857562729339432,-2.2850443644216387,15,-2.2869408833229157,-2.2869408833229157,-2.2850443644216387,-2.2850443644216387,True,3,3,False,-1.4702416133127454,0.30623287385162296,-2.3468437354812632,0.06311980852615343,0.03465395932062135
QIORDSKCCHRSSD-UHFFFAOYSA-N,-5.223846795532138,-5.223846795532138,2,-5.225743314433414,-5.225743314433414,-5.223846795532138,-5.223846795532138,False,1,1,False,-5.428154076933993,0.7613827475557001,-5.277807491154537,0.19974992374641634,1.0
QIQXTHQIDYTFRH-UHFFFAOYSA-N,-8.02527834236251,-8.02527834236251,2,-8.064943631915698,-8.064943631915698,-8.02527834236251,-8.02527834236251,True,2,2,False,-7.228923744618065,0.9638346123868675,-6.559989359341907,0.2808353139118607,0.3356435287640164
QJPJQTDYNZXKQF-UHFFFAOYSA-N,-1.93752799903533,-1.93752799903533,1,-1.939424517936607,-1.939424517936607,-1.93752799903533,-1.93752799903533,False,1,1,False,-2.3121236024705416,1.0605269289471333,-2.0027325714963298,0.2822399704798507,1.0
QJZUKDFHGGYHMC-UHFFFAOYSA-N,-7.107101945420228,-7.107726012815561,7,-7.106734986512391,-7.106734986512391,-7.1,-7.1,False,3,3,False,-7.138048249334983,0.22745723600295786,-7.102834237495646,0.026167643486560754,1.0
QKFJKGMPGYROCL-UHFFFAOYSA-N,-1.2493716649614963,-1.2493716649614963,1,-1.2512681838627733,-1.2512681838627733,-1.2493716649614963,-1.2493716649614963,False,1,1,False,-1.6651471854288171,1.0605269289471333,-1.3172961280713749,0.28226073802984886,1.0
QKMNFFSBZRGHDJ-UHFFFAOYSA-N,-2.3519930767149284,-2.3519930767149284,1,-2.3538895956162054,-2.3538895956162054,-2.3519930767149284,-2.3519930767149284,False,1,1,False,-2.7017867032352245,1.0605269289471333,-2.4155600304552634,0.28222997429025387,1.0
QKSKPIVNLNLAAV-UHFFFAOYSA-N,-3.9085396951863003,-3.9030044032737576,5,-3.9049009221750346,-3.9049009221750346,-3.9098470363288715,-3.9098470363288715,False,3,3,False,-3.9193523949051348,0.1510676255121239,-3.910058855521628,0.014296933436445497,1.0
QLCTXEMDCZGPCG-UHFFFAOYSA-N,-3.3209995020619,-3.3209995020619,1,-3.322896020963177,-3.322896020963177,-3.3209995020619,-3.3209995020619,False,1,1,False,-3.612806880075054,1.0605269289471333,-3.380738869789546,0.282213962884597,1.0
QLNJFJADRCOGBJ-UHFFFAOYSA-N,-9.414004673889952,-9.416826003824092,9,-9.416826003824092,-9.416826003824092,-9.416826003824092,-9.416826003824092,False,2,2,False,-9.411501844026642,0.11735744529484847,-9.414039376195653,0.00947777606220204,1.0
QLSBRXLSQINWHM-UHFFFAOYSA-N,-1.5747077847735471,-1.5747077847735471,1,-1.6521418449786451,-1.6521418449786451,-1.5747077847735471,-1.5747077847735471,False,1,1,False,-2.939936662016835,2.0389244389701053,-2.0602154103108195,0.9156382211341936,1.0
QMKYBPDZANOJGF-UHFFFAOYSA-N,-23.09332599760267,-23.09332599760267,1,-23.17076005780777,-23.17076005780777,-23.09332599760267,-23.09332599760267,False,1,1,False,-19.698942362275858,2.0389244389701053,-22.53202742732111,0.9996733198934964,1.0
QMMFVYPAHWMCMS-UHFFFAOYSA-N,-1.335141101610745,-1.54,35,-1.54,-1.54,-1.54,-1.54,True,5,5,False,-1.5458645732497664,0.09867023571820485,-1.5421066307960587,0.010167268829362053,0.009290489470544208
QMMOXUPEWRXHJS-HWKANZROSA-N,1.3885335715969072,1.335389611970967,10,1.3344413525203285,1.3344413525203285,1.33802103250478,1.33802103250478,False,4,4,False,1.3702485896957362,0.12203991315252674,1.3325758037779087,0.012911447438315998,0.013853651731971992
QMMOXUPEWRXHJS-HYXAFXHYSA-N,1.312828230003751,1.31,9,1.310667988357476,1.310667988357476,1.31,1.31,False,4,4,False,1.2363888768355826,0.22166546682893173,1.307425198759123,0.02604096152482329,1.0
QMMOXUPEWRXHJS-UHFFFAOYSA-N,1.3427220848660604,1.3506043671185035,6,1.3443539241086133,1.3443539241086133,1.34,1.34,False,4,4,False,1.221086309347004,0.33989526857000685,1.33764771288069,0.026814084922801164,1.0
QMTNOLKHSWIQBE-UHFFFAOYSA-N,-3.349739347227395,-3.349739347227395,2,-3.3894046367805823,-3.3894046367805823,-3.349739347227395,-3.349739347227395,True,2,2,False,-5.563057083976002,0.9638346123868675,-6.347722212991088,0.2824016457440801,0.15138718456450237
QMVPMAAFGQKVCJ-UHFFFAOYSA-N,-4.0872471050394985,-4.0872471050394985,1,-4.1646811652445965,-4.1646811652445965,-4.0872471050394985,-4.0872471050394985,False,1,1,False,-4.896737994425715,2.0389244389701053,-4.4683133795456795,0.9146063400604246,1.0
QNRMTGGDHLBXQZ-UHFFFAOYSA-N,1.144117062226219,1.144117062226219,2,1.1058955452752546,1.1058955452752546,1.144117062226219,1.144117062226219,True,2,2,False,0.10472597677367516,1.240496292418691,0.6227198565502725,0.12947142754071453,1.0
QNVRIHYSUZMSGM-UHFFFAOYSA-N,-4.154408444837888,-4.092740506419708,5,-4.094637025320985,-4.094637025320985,-4.092740506419708,-4.092740506419708,False,3,3,False,-4.390419325001068,0.6051215941283965,-4.110119184165219,0.0836451618169967,1.0
QORAVNMWUNPXAO-UHFFFAOYSA-N,-2.756391218849713,-2.880817306157706,4,-2.8827138250589828,-2.8827138250589828,-2.880817306157706,-2.880817306157706,False,2,2,False,-3.1668186387593087,0.6032128259600282,-2.9504514759670477,0.1608989523313526,1.0
QOSTVEDABRQTSU-UHFFFAOYSA-N,-11.06689386173215,-11.06689386173215,1,-11.068790380633427,-11.068790380633427,-11.06689386173215,-11.06689386173215,False,1,1,False,-10.89517969489169,1.0605269289471333,-11.095998267686873,0.2824568519145855,1.0
QPEBRZQSEUOWPA-UHFFFAOYSA-N,-2.1613339240270424,-2.1613339240270424,1,-2.2387679842321404,-2.2387679842321404,-2.1613339240270424,-2.1613339240270424,False,1,1,False,-3.3968094367663304,2.0389244389701053,-2.6223813868283083,0.9152003262633549,1.0
QPFMBZIOSGYJDE-UHFFFAOYSA-N,-1.570668653772827,-2.3369926584768455,41,-2.3388891773781224,-2.3388891773781224,-2.36,-2.36,True,5,5,False,-2.129801271136941,0.12385641186810172,-2.3830863689790402,0.01766044752297653,0.0012419705221993825
QPJVMBTYPHYUOC-UHFFFAOYSA-N,-4.051000901936193,-3.92903088616292,19,-3.928208930198794,-3.928208930198794,-4.28,-4.28,False,5,5,False,-4.144523613230399,0.1078600744630115,-4.266883375801968,0.012580671337771462,0.038061673086554185
QPQKUYVSJWQSDY-UHFFFAOYSA-N,-3.0412414969597883,-3.0412414969597883,1,-3.1186755571648863,-3.1186755571648863,-3.0412414969597883,-3.0412414969597883,False,1,1,False,-4.082093960365033,2.0389244389701053,-3.465707445951886,0.9147692720542447,1.0
QPRQEDXDYOZYLA-UHFFFAOYSA-N,-4.421256766930969,-4.42,15,-4.42,-4.42,-4.42,-4.42,False,5,5,False,-4.456144510746398,0.15940545734298708,-4.420633325995647,0.013605786189228275,1.0
QPUYECUOLPXSFR-UHFFFAOYSA-N,-2.451271225209133,-2.44,27,-2.4410108091939233,-2.4410108091939233,-2.37,-2.37,False,5,5,False,-2.4425146733327625,0.11002822833031528,-2.4103656692473954,0.012055438981818288,0.36740518248768755
QQADVTSTCZBBOE-UHFFFAOYSA-N,-10.006721656969782,-10.006721656969782,1,-10.08415571717488,-10.08415571717488,-10.006721656969782,-10.006721656969782,False,1,1,False,-9.506908906756575,2.0389244389701053,-10.138800855344545,0.9209587453128213,1.0
QQCWGAMGBCGAQJ-UHFFFAOYSA-N,4.152001052401797,4.152001052401797,2,4.112335762848609,4.112335762848609,4.152001052401797,4.152001052401797,True,2,2,False,3.017611629632526,0.9638346123868675,3.5246527272286095,0.2721673041717596,1.0
QQHZPQUHCAKSOL-UHFFFAOYSA-N,-1.772127883074875,-1.722815017795124,4,-1.7624803073483115,-1.7624803073483115,-1.722815017795124,-1.722815017795124,False,3,3,False,-2.060710693484056,0.6562977178022761,-1.9221367063771861,0.11376276561361633,1.0
QQODLKZGRKWIFG-UHFFFAOYSA-N,-7.905000593975839,-6.948435148212962,3,-6.950331667114239,-6.950331667114239,-6.948435148212962,-6.948435148212962,True,2,2,False,-8.898096724158485,0.7231280539469104,-7.008498143618949,0.26980745696213604,0.027054936790928824
QQOMQLYQAXGHSU-UHFFFAOYSA-N,-5.174664825149967,-5.174664825149967,1,-5.176561344051244,-5.176561344051244,-5.174664825149967,-5.174664825149967,False,1,1,False,-5.355547140891043,1.0605269289471333,-5.227083946289659,0.2822120282607514,1.0
QQONPFPTGQHPMA-UHFFFAOYSA-N,1.3238917425981198,1.27,24,1.27,1.27,1.27,1.27,False,5,5,False,1.2624480738054018,0.09495063642199175,1.2776008913232182,0.008648301436150807,0.6798165975119596
QQQYTWIFVNKMRW-UHFFFAOYSA-N,-9.403932172363824,-9.403932172363824,2,-9.443597461917012,-9.443597461917012,-9.403932172363824,-9.403932172363824,False,2,2,False,-9.364924114819942,0.9638346123868675,-9.272668363015407,0.27196345481464845,1.0
QQURWFRNETXFTN-UHFFFAOYSA-N,-4.1372058269650145,-4.1372058269650145,2,-4.139102345866291,-4.139102345866291,-4.1372058269650145,-4.1372058269650145,False,1,1,False,-4.375028715629065,0.7613827475557001,-4.193316342311017,0.19974871739353908,1.0
QQVIHTHCMHWDBS-UHFFFAOYSA-N,-13.260779369741174,-13.260779369741174,1,-13.338213429946272,-13.338213429946272,-13.260779369741174,-13.260779369741174,False,1,1,False,-12.041215302173484,2.0389244389701053,-13.248114282636939,0.930259953336378,1.0
QQZOPKMRPOGIEB-UHFFFAOYSA-N,-3.0393363133711357,-3.287834873490499,38,-3.28684384718733,-3.28684384718733,-3.29,-3.29,True,5,5,False,-3.2681033504882926,0.09430467780475722,-3.2902402091024623,0.009621329603344494,0.23103887791577857
QRMHDGWGLNLHMN-UHFFFAOYSA-N,-5.265895833828858,-5.265895833828858,1,-5.267792352730135,-5.267792352730135,-5.265895833828858,-5.265895833828858,False,1,1,False,-5.441318800898518,1.0605269289471333,-5.317954657755819,0.2822129058761335,1.0
QRMPKOFEUHIBNM-UHFFFAOYSA-N,2.107563978337392,2.114582594983516,9,2.1143226520635126,2.1143226520635126,2.11,2.11,False,4,4,False,2.0341252951296522,0.22166546682893176,2.1079659970205396,0.026034414096361178,1.0
QRUDEWIWKLJBPS-UHFFFAOYSA-N,-6.66774698391989,-6.66774698391989,1,-6.669643502821167,-6.669643502821167,-6.66774698391989,-6.66774698391989,False,1,1,False,-6.759281870340246,1.0605269289471333,-6.714268188042887,0.2822378750680221,1.0
QSGNQELHULIMSJ-UHFFFAOYSA-N,-8.013592188991586,-8.013592188991586,1,-8.015488707892864,-8.015488707892864,-8.013592188991586,-8.013592188991586,False,1,1,False,-8.024590442762175,1.0605269289471333,-8.054793077637855,0.28228216617199536,1.0
QSHDDOUJBYECFT-UHFFFAOYSA-N,-11.484335318696992,-18.749669752342367,7,-18.751566271243643,-18.751566271243643,-18.749669752342367,-18.749669752342367,True,2,2,False,-13.029748490202328,0.4361871210788301,-19.362316865541974,0.15956781646474816,0.0013838495949986135
QSJXEFYPDANLFS-UHFFFAOYSA-N,-4.7010290384361735,-4.434375845225665,28,-4.4333848189224945,-4.4333848189224945,-4.434375845225665,-4.434375845225665,True,2,2,False,-4.833955336905186,0.25883447241540586,-4.450167907983405,0.0371966731603125,0.022073848964539802
QSNSCYSYFYORTR-UHFFFAOYSA-N,-5.941808875634999,-5.9,11,-5.901028572389261,-5.901028572389261,-5.9,-5.9,False,4,4,False,-5.972518290040291,0.2173376567120123,-5.907187081855838,0.025570739845064094,0.2147012849969355
QSQLTHHMFHEFIY-UHFFFAOYSA-N,-0.214596125699282,-0.214596125699282,1,-0.29203018590438,-0.29203018590438,-0.214596125699282,-0.214596125699282,False,1,1,False,-1.8806623711692556,2.0389244389701053,-0.7571578707852676,0.9171244926744331,1.0
QTBFPMKWQKYFLR-UHFFFAOYSA-N,0.056935309348866925,-0.27890412083348165,6,-0.31856941038666914,-0.31856941038666914,-0.27890412083348165,-0.27890412083348165,True,3,3,False,-0.6707330036627775,0.5004085170150036,-0.44407336832069105,0.19241996006625803,0.004167614035460339
QTBSBXVTEAMEQO-UHFFFAOYSA-N,-6.452473406752992,-6.7,44,-6.7,-6.7,-6.7,-6.7,True,5,5,False,-6.69929468075453,0.07966237961555102,-6.704384081033163,0.0069632829101356295,0.000536476163113742
QTXHFDHVLBDJIO-UHFFFAOYSA-N,-8.68002498872625,-8.68002498872625,1,-8.757459048931349,-8.757459048931349,-8.68002498872625,-8.68002498872625,False,1,1,False,-8.473658685682793,2.0389244389701053,-8.86897868504948,0.9184207591441925,1.0
QTYCMDBMOLSEAM-UHFFFAOYSA-N,-9.534555557979166,-9.534555557979166,1,-9.536452076880444,-9.536452076880444,-9.534555557979166,-9.534555557979166,False,1,1,False,-9.454537944798417,1.0605269289471333,-9.56973635168357,0.2823562634080026,1.0
QUGUFLJIAFISSW-UHFFFAOYSA-N,-0.6860389263147381,-0.6860389263147381,1,-0.687935445216015,-0.687935445216015,-0.6860389263147381,-0.6860389263147381,False,1,1,False,-1.135524803412236,1.0605269289471333,-0.7561909161874246,0.28228161833057164,1.0
QUKGYYKBILRGFE-UHFFFAOYSA-N,-4.60369233241111,-4.5565844304806085,6,-4.555593404177439,-4.555593404177439,-4.5565844304806085,-4.5565844304806085,False,3,3,False,-4.828098272542423,0.5294888151993109,-4.575703090696995,0.0802281558200601,1.0
QUKOJKFJIHSBKV-UHFFFAOYSA-N,3.435677285561158,3.435677285561158,1,3.433780766659881,3.433780766659881,3.435677285561158,3.435677285561158,False,1,1,False,2.7395440650756417,1.0605269289471333,3.3491838850902913,0.2825413203339306,1.0
QUKRJOOWAUJXJN-UHFFFAOYSA-N,4.556049570204751,4.556049570204751,1,4.55704059650792,4.55704059650792,4.556049570204751,4.556049570204751,False,1,1,False,3.3237087169350166,1.4704237627620684,4.545535745520179,0.1306163767051006,1.0
QUMBMXSBTOTSPG-UHFFFAOYSA-N,-2.0,-2.0,1,-2.0,-2.0,-2.0,-2.0,False,1,1,False,-2.0226673450388284,0.40899538467915797,-2.0000951463197243,0.028283742291798787,1.0
QUSNBJAOOMFDIB-UHFFFAOYSA-N,-4.163620038007103,-4.500084531032236,34,-4.50102353075851,-4.50102353075851,-4.5,-4.5,True,5,5,False,-4.4938948251720205,0.07816742060562674,-4.504748015002387,0.007348069632974344,0.0011215371873377102
QVLAWKAXOMEXPM-UHFFFAOYSA-N,-0.9895438048887092,-1.282392025344842,28,-1.2814009990416726,-1.2814009990416726,-1.15,-1.15,True,5,5,False,-1.238255571121772,0.13568069868949315,-1.2199066355809753,0.02097546837481212,0.002204732215775079
QVWUJLANSDKRAH-UHFFFAOYSA-N,-2.8301492573895652,-2.8301492573895652,2,-2.8698145469427527,-2.8698145469427527,-2.8301492573895652,-2.8301492573895652,False,2,2,False,-3.278465226239469,0.9638346123868675,-2.9528360654957106,0.2704788867707304,1.0
QWBBPBRQALCEIZ-UHFFFAOYSA-N,-5.024477208200217,-6.1631978481695135,12,-6.162702335017929,-6.162702335017929,-6.16,-6.16,True,4,4,False,-5.88838367015068,0.20915389239124896,-6.155332339248739,0.026153470175249664,0.04066946995927277
QWTDNUCVQCZILF-UHFFFAOYSA-N,2.3837881098238425,2.3858218100864805,18,2.383098946319016,2.383098946319016,2.38,2.38,False,5,5,False,2.3505820009493243,0.11775049546331039,2.38046608303018,0.011309603044422896,1.0
QWUWMCYKGHVNAV-UHFFFAOYSA-N,-2.896365323176785,-2.896365323176785,2,-2.935082353279334,-2.935082353279334,-2.8154875717017207,-2.8154875717017207,False,2,2,False,-2.8340351775704455,0.25173405562532325,-2.81601837501456,0.028272576657665263,1.0
QWVGKYWNOKOFNN-UHFFFAOYSA-N,-5.405359700037123,-5.869486882966616,71,-5.868495856663446,-5.868495856663446,-5.87,-5.87,True,5,5,False,-5.724277658637104,0.08735736554296943,-5.871050712382985,0.008539792553598012,0.022810920295036525
QXAITBQSYVNQDR-UHFFFAOYSA-N,-5.278434314210225,-5.278434314210225,2,-5.318099603763413,-5.318099603763413,-5.278434314210225,-5.278434314210225,True,2,2,False,-5.190542021501964,0.9638346123868675,-4.777939362513102,0.27688411890785797,0.812648568205211
QXJKBPAVAHBARF-UHFFFAOYSA-N,-4.544941194236628,-4.544941194236628,2,-4.584606483789816,-4.584606483789816,-4.544941194236628,-4.544941194236628,False,2,2,False,-4.877581842939767,0.9638346123868675,-4.618469480833817,0.2706511451077675,1.0
QXLPXWSKPNOQLE-UHFFFAOYSA-N,-4.821115511300522,-4.842770916139859,4,-4.842085239626819,-4.842085239626819,-4.842770916139859,-4.842770916139859,False,3,3,False,-5.078940473805549,0.7264233182696221,-4.845788062283376,0.08742477307751413,1.0
QXNDZONIWRINJR-UHFFFAOYSA-N,-4.404875717017208,-4.404875717017208,2,-4.404875717017208,-4.404875717017208,-4.404875717017208,-4.404875717017208,False,1,1,False,-4.405118403644941,0.1792219117326307,-4.404875594780261,0.019999801667671048,1.0
QXSZNDIIPUOQMB-UHFFFAOYSA-N,-3.593034333781444,-4.420159746933285,9,-4.419168720630116,-4.419168720630116,-4.420159746933285,-4.420159746933285,True,3,3,False,-3.6444516649403367,0.4057343124820459,-4.40135155127451,0.07978151416484726,0.07892919380370818
QXTXMOPIHLUPAB-UHFFFAOYSA-N,-5.266698313067449,-5.266698313067449,1,-5.268594831968726,-5.268594831968726,-5.266698313067449,-5.266698313067449,False,1,1,False,-5.442073259030816,1.0605269289471333,-5.3187539677452005,0.2822129140007638,1.0
QYDYPVFESGNLHU-KHPPLWFESA-N,-2.048289215293728,-2.048289215293728,1,-2.1257232754988262,-2.1257232754988262,-2.048289215293728,-2.048289215293728,False,1,1,False,-3.3087686109424745,2.0389244389701053,-2.5140449185025453,0.9152753001174904,1.0
QYKIQEUNHZKYBP-UHFFFAOYSA-N,-0.4319862402074858,-0.4319862402074858,2,-0.4338827591087628,-0.4338827591087628,-0.4319862402074858,-0.4319862402074858,False,1,1,False,-0.7840903754673773,0.7613827475557001,-0.4990126779179801,0.21225801229367766,1.0
QYMMJNLHFKGANY-UHFFFAOYSA-N,-7.189615593491206,-8.20837198288374,4,-8.248037272436926,-8.248037272436926,-4.09,-4.09,True,3,3,False,-4.565596312834795,0.23937325160035913,-4.092609385245088,0.028299186942870796,0.027511610593896663
QYPNKSZPJQQLRK-UHFFFAOYSA-N,-8.578632133706888,-8.578632133706888,1,-8.580528652608166,-8.580528652608166,-8.578632133706888,-8.578632133706888,False,1,1,False,-8.555817870043455,1.0605269289471333,-8.617597639812603,0.28230670908899436,1.0
QYSGYZVSCZSLHT-UHFFFAOYSA-N,4.277510047157012,4.28,4,4.28,4.28,4.28,4.28,False,3,3,False,4.256229852932165,0.18804872510470882,4.279669651576198,0.016303168904473492,1.0
QYZLKGVUSQXAMU-UHFFFAOYSA-N,0.8238518659531192,0.9368716065797754,17,0.9324928911073697,0.9324928911073697,0.94,0.94,True,5,5,False,0.9040590880068189,0.11442501295371783,0.9366288576024007,0.010578348482396652,0.0287713306598033
QZSIVSBQFNFAQG-UHFFFAOYSA-N,-11.65429141418025,-11.65429141418025,1,-11.656187933081526,-11.656187933081526,-11.65429141418025,-11.65429141418025,False,1,1,False,-11.447426829800973,1.0605269289471333,-11.681062820573345,0.2825023527024568,1.0
QZYHIOPPLUPUJF-UHFFFAOYSA-N,-3.61911225955902,-3.4515444937472872,17,-3.4512428298279154,-3.4512428298279154,-3.4512428298279154,-3.4512428298279154,True,5,5,False,-3.5130939548277387,0.12370686168875632,-3.4593602500066654,0.012714796917622142,0.25076421588154296
QZYNWJQFTJXIRN-UHFFFAOYSA-N,-1.5686801341411971,-1.6236569848919284,19,-1.6255535037932054,-1.6255535037932054,-1.62,-1.62,False,4,4,False,-1.7225367271538667,0.18803001921495113,-1.6271537842958703,0.02484984872517635,0.5454216227923835
RAHZWNYVWXNFOC-UHFFFAOYSA-N,-2.0653154747573588,-2.0653154747573588,2,-2.0643244484541894,-2.0643244484541894,-2.0653154747573588,-2.0653154747573588,False,1,1,False,-2.4132246110281748,1.071004194705422,-2.0693097880155245,0.09336866900577259,1.0
RANCECPPZPIPNO-UHFFFAOYSA-N,-4.505097773272349,-4.505097773272349,1,-4.582531833477447,-4.582531833477447,-4.505097773272349,-4.505097773272349,False,1,1,False,-5.22216603360141,2.0389244389701053,-4.868831000980578,0.91464700719108,1.0
RAOIDOHSFRTOEL-UHFFFAOYSA-N,-2.1974024654893167,-2.1974024654893167,1,-2.2748365256944147,-2.2748365256944147,-2.1974024654893167,-2.1974024654893167,False,1,1,False,-3.424900129485899,2.0389244389701053,-2.6569481757833677,0.9151773470371392,1.0
RAPBNVDSDCTNRC-UHFFFAOYSA-N,-7.257367489658556,-7.257367489658556,2,-7.297032779211744,-7.297032779211744,-7.257367489658556,-7.257367489658556,False,2,2,False,-7.551747531283628,0.9638346123868675,-7.453486473731239,0.2701769581029805,1.0
RAXXELZNTBOGNW-UHFFFAOYSA-N,-9.63118911300942,-9.631636172680269,3,-9.631931166347991,-9.631931166347991,-9.630965583173996,-9.630965583173996,False,2,2,False,-9.628597214560664,0.17686327229033608,-9.63114086950089,0.019952742099461462,1.0
RBACIKXCRWGCBB-UHFFFAOYSA-N,-2.9103202830947916,-2.9103202830947916,1,-2.9122168019960686,-2.9122168019960686,-2.9103202830947916,-2.9103202830947916,False,1,1,False,-3.2267030887055683,1.0605269289471333,-2.9716816817541094,0.282219490585181,1.0
RBNIGDFIUWJJEV-UHFFFAOYSA-N,-7.912800286172059,-7.912800286172059,2,-7.952465575725246,-7.952465575725246,-7.912800286172059,-7.912800286172059,True,2,2,False,-7.411167091321284,0.9638346123868675,-6.935848520412685,0.27944485854569434,0.5189044449720487
RBSXHDIPCIWOMG-UHFFFAOYSA-N,-12.319991356351991,-12.319991356351991,1,-12.321887875253267,-12.321887875253267,-12.319991356351991,-12.319991356351991,False,1,1,False,-12.073290666382249,1.0605269289471333,-12.344115908232014,0.2825585936633304,1.0
RCTKUIOMKBEGTG-UHFFFAOYSA-N,-1.6243970160683676,-1.6243970160683676,1,-1.6234059897651982,-1.6234059897651982,-1.6243970160683676,-1.6243970160683676,False,1,1,False,-2.145753853976243,1.4704237627620684,-1.6296811820089758,0.13057673742239845,1.0
RDHPKYGYEGBMSE-UHFFFAOYSA-N,-0.7135923211409672,-0.701319102416686,17,-0.7032531810762148,-0.7032531810762148,-0.7,-0.7,False,5,5,False,-0.7356650486857357,0.11915405690287383,-0.7129044445817707,0.011724575515921935,1.0
RDKSFIZNZGWNLA-UHFFFAOYSA-N,-2.570607974669012,-2.570607974669012,1,-2.64804203487411,-2.64804203487411,-2.570607974669012,-2.570607974669012,False,1,1,False,-3.7155578842659756,2.0389244389701053,-3.014627206347408,0.9149662745655998,1.0
RDOWQLZANAYVLL-UHFFFAOYSA-N,-7.440740018537646,-7.440740018537646,2,-7.480405308090832,-7.480405308090832,-7.440740018537646,-7.440740018537646,True,2,2,False,-8.227801239561852,0.9638346123868675,-8.368043789595623,0.27803996797187747,0.815428702186461
RDOXTESZEPMUJZ-UHFFFAOYSA-N,-2.1197576244089587,-2.455644303851825,24,-2.4546532775486556,-2.4546532775486556,-1.04,-1.04,True,5,5,False,-1.7549912014590443,0.10202052387367813,-2.449416097852993,0.015544098525502457,0.002375514686756653
RDYMFSUJUZBWLH-MDBBVBRHSA-N,-4.374250360202735,-4.609913671451302,21,-4.611810190352579,-4.611810190352579,-4.609913671451302,-4.609913671451302,True,2,2,False,-4.622606836329166,0.24283088095306146,-4.496197336411382,0.09120414648144574,0.10318681642822929
RDYMFSUJUZBWLH-UHFFFAOYSA-N,-3.838943647875164,-3.4563763117414563,3,-3.4582728306427333,-3.4582728306427333,-3.4563763117414563,-3.4563763117414563,True,1,1,False,-4.081177974810363,0.624886973339966,-3.6558419423363575,0.1918088020673355,0.34742064229277264
RECUKUPTGUEGMW-UHFFFAOYSA-N,-5.145690847496195,-5.145690847496195,1,-5.223124907701293,-5.223124907701293,-5.145690847496195,-5.145690847496195,False,1,1,False,-5.721069024317766,2.0389244389701053,-5.482833327567527,0.9148266943313139,1.0
REEQLXCGVXDJSQ-UHFFFAOYSA-N,-10.093210264096664,-10.093210264096664,2,-10.13287555364985,-10.13287555364985,-10.093210264096664,-10.093210264096664,False,2,2,False,-10.16195211401564,0.9638346123868675,-10.160893418643864,0.27040058099924996,1.0
REHONNLQRWTIFF-UHFFFAOYSA-N,-3.2663738607603614,-3.2663738607603614,1,-3.2682703796616384,-3.2682703796616384,-3.2663738607603614,-3.2663738607603614,False,1,1,False,-3.561450088110855,1.0605269289471333,-3.3263289690139426,0.28221459145338024,1.0
REIUXOLGHVXAEO-UHFFFAOYSA-N,-2.497466925049709,-2.497466925049709,2,-2.5371322146028965,-2.5371322146028965,-2.497466925049709,-2.497466925049709,True,2,2,False,-3.73413100254154,0.9638346123868675,-3.780424835634288,0.2793233755875268,0.5866375665459268
RELMFMZEBKVZJC-UHFFFAOYSA-N,-1.581804504470681,-1.6698710934313539,32,-1.6717676123326308,-1.6717676123326308,-1.24,-1.24,True,4,4,False,-1.614864952832931,0.1606967622389923,-1.4809704538036597,0.044947089320798425,0.08055841857561909
RFCAUADVODFSLZ-UHFFFAOYSA-N,3.096985300489305,2.86,7,2.86,2.86,2.86,2.86,True,5,5,False,2.8405424595363455,0.15946282528585284,2.8599945758037335,0.016182178635966035,0.8192318434987872
RFFFKMOABOFIDF-UHFFFAOYSA-N,-3.4029578728350236,-3.5197568355209494,10,-3.5193829046088903,-3.5193829046088903,-3.52,-3.52,True,4,4,False,-3.5820298894412663,0.21946956505281262,-3.523481281065818,0.025568273208205518,1.0
RFFLAFLAYFXFSW-UHFFFAOYSA-N,-1.2790700764475802,-1.4932557959023747,52,-1.4938430976654953,-1.4938430976654953,-1.3623613766730402,-1.3623613766730402,True,5,5,False,-1.4375390649691884,0.10102334446698433,-1.3829573892830014,0.011401623901344584,0.001836566494335108
RFFOTVCVTJUTAD-UHFFFAOYSA-N,-3.088566429535748,-3.088566429535748,1,-3.090462948437025,-3.090462948437025,-3.088566429535748,-3.088566429535748,False,1,1,False,-3.394282819452465,1.0605269289471333,-3.1492237982953823,0.28221686414024183,1.0
RFKMCNOHBTXSMU-UHFFFAOYSA-N,-1.092215817536488,-1.1186824050880535,8,-1.1176913787848841,-1.1176913787848841,-1.12,-1.12,False,3,3,False,-1.167012574871168,0.2275591596617137,-1.115884991569035,0.025461079997055908,0.8249413017940217
RFZHJHSNHYIRNE-UHFFFAOYSA-N,-4.583869367190073,-4.583869367190073,1,-4.58576588609135,-4.58576588609135,-4.583869367190073,-4.583869367190073,False,1,1,False,-4.800105434305797,1.0605269289471333,-4.638621584329556,0.28220855437596776,1.0
RGCKGOZRHPZPFP-UHFFFAOYSA-N,-5.124305926057794,-5.124305926057794,1,-5.201739986262892,-5.201739986262892,-5.124305926057794,-5.124305926057794,False,1,1,False,-5.704414143565614,2.0389244389701053,-5.462336653299802,0.9148183998901775,1.0
RGCLLPNLLBQHPF-CMDGGOBGSA-N,-13.063514227243981,-13.063514227243981,2,-13.10317951679717,-13.10317951679717,-13.063514227243981,-13.063514227243981,False,2,2,False,-12.983577566306463,0.9638346123868675,-13.117787085913937,0.27042830845736004,1.0
RGCLLPNLLBQHPF-HJWRWDBZSA-N,-8.974468401291357,-8.974468401291357,2,-9.014133690844545,-9.014133690844545,-8.974468401291357,-8.974468401291357,True,2,2,False,-6.841751597223826,0.9638346123868675,-5.336173216670877,0.28203240175367383,0.08443934070298748
RGHHSNMVTDWUBI-UHFFFAOYSA-N,-9.915839393258839,-10.475621414913958,17,-10.475621414913958,-10.475621414913958,-10.477810707456978,-10.477810707456978,True,5,5,False,-10.165648111348265,0.10502865027508337,-10.478327977725797,0.01069533218085462,0.001837569768129632
RGNPBRKPHBKNKX-UHFFFAOYSA-N,-4.596823163956616,-4.596823163956616,2,-4.636488453509804,-4.636488453509804,-4.596823163956616,-4.596823163956616,False,2,2,False,-4.9522102219147905,0.9638346123868675,-4.7053095847178446,0.2704362444036662,1.0
RGSFGYAAUTVSQA-UHFFFAOYSA-N,1.1277430217125672,1.2,27,1.2,1.2,1.2,1.2,True,5,5,False,1.1639964981149737,0.09152824783278922,1.1997440323559214,0.008060588661999614,0.07851480669814598
RGXWDWUGBIJHDO-UHFFFAOYSA-N,-2.1970038147565263,-2.1970038147565263,1,-2.2744378749616243,-2.2744378749616243,-2.1970038147565263,-2.1970038147565263,False,1,1,False,-3.424589654629327,2.0389244389701053,-2.656566122069098,0.9151775985275755,1.0
RHIROFAGUQOFLU-UHFFFAOYSA-N,1.2223415009507703,1.2223415009507703,2,1.1826762113975828,1.1826762113975828,1.2223415009507703,1.2223415009507703,True,2,2,False,-3.5178675923599614,0.9638346123868675,-5.631290723253123,0.28231122097330313,0.03008456812883645
RHLVCLIPMVJYKS-UHFFFAOYSA-N,-3.041236182387904,-3.041236182387904,1,-3.043132701289181,-3.043132701289181,-3.041236182387904,-3.041236182387904,False,1,1,False,-3.349784858449717,1.0605269289471333,-3.102080490576997,0.28221752755470425,1.0
RHMPLDJJXGPMEX-UHFFFAOYSA-N,-6.193410439966544,-6.1936806330484915,8,-6.194133379347545,-6.194133379347545,-6.19,-6.19,False,3,3,False,-6.237831079533572,0.22269278918964894,-6.192743072832716,0.026054502492897747,1.0
RHMRCCBCYFAZIK-UHFFFAOYSA-N,3.5857444374632133,3.5857444374632133,1,3.5838479185619363,3.5838479185619363,3.5857444374632133,3.5857444374632133,False,1,1,False,2.880631058605852,1.0605269289471333,3.4986541375371614,0.2825543518141075,1.0
RHMZKSWPMYAOAZ-UHFFFAOYSA-N,-5.32,-5.32,1,-5.32,-5.32,-5.32,-5.32,False,1,1,False,-5.31736202198046,0.2532417579784302,-5.31996345666576,0.028283715008286223,1.0
RHPUJHQBPORFGV-UHFFFAOYSA-N,-7.278903398230911,-7.278903398230911,1,-7.280799917132188,-7.280799917132188,-7.278903398230911,-7.278903398230911,False,1,1,False,-7.333866114653238,1.0605269289471333,-7.323009231757342,0.2822555174032963,1.0
RHQDFWAXVIIEBN-UHFFFAOYSA-N,-4.28210475165,-4.306883365200765,17,-4.306883365200765,-4.306883365200765,-4.306883365200765,-4.306883365200765,False,5,5,False,-4.328840547786814,0.1249363938827144,-4.307738400317911,0.012234759027006758,0.37223014903119184
RHTVQEPJVKUMPI-UHFFFAOYSA-N,-7.213284722981561,-7.213284722981561,2,-7.252950012534748,-7.252950012534748,-7.213284722981561,-7.213284722981561,True,2,2,False,-9.238178027443464,0.9638346123868675,-10.199406525961606,0.2832698319486101,0.1517495657211228
RHUYHJGZWVXEHW-UHFFFAOYSA-N,-4.48,-4.48,1,-4.48,-4.48,-4.48,-4.48,False,1,1,False,-4.480228211342879,0.2532417579784302,-4.47999677568946,0.02828371032391539,1.0
RIBGNAJQTOXRDK-UHFFFAOYSA-N,-2.9435923743081958,-2.944185778636772,3,-2.946082297538049,-2.946082297538049,-2.944185778636772,-2.944185778636772,False,1,1,False,-3.2044283462750642,0.624886973339966,-3.00114280997867,0.1631502697467871,1.0
RIFKADJTWUGDOV-UHFFFAOYSA-N,-3.9013721148449374,-3.901745949453455,6,-3.9007549231502856,-3.9007549231502856,-3.9,-3.9,False,3,3,False,-3.9370108118055365,0.23254118123630332,-3.901564581059281,0.026262202321802146,1.0
RIMXLXBUOQMDHV-UHFFFAOYSA-N,-2.6954032429359627,-2.704251027357614,4,-2.743916316910801,-2.743916316910801,-2.704251027357614,-2.704251027357614,False,2,2,False,-3.007852175230489,0.6032128259600282,-2.776380585054648,0.1708882212727161,0.9853655858157623
RIOXQFHNBCKOKP-UHFFFAOYSA-N,-12.36951145143606,-13.217576889319927,3,-13.219473408221205,-13.219473408221205,-13.217576889319927,-13.217576889319927,True,2,2,False,-13.02257583606512,0.7231280539469104,-13.212149317548738,0.19863622978279782,0.6028039308906933
RIQPKERROQFFJK-UHFFFAOYSA-N,-8.121656788842035,-8.121656788842035,1,-8.120665762538867,-8.120665762538867,-8.121656788842035,-8.121656788842035,False,1,1,False,-7.895584168762915,1.4704237627620684,-8.121447888372572,0.130580127030795,1.0
RITONZMLZWYPHW-UHFFFAOYSA-N,1.7985810829932742,1.7985810829932742,1,1.7966845640919973,1.7966845640919973,1.7985810829932742,1.7985810829932742,False,1,1,False,1.2004132265642538,1.0605269289471333,1.7185893681238553,0.28241554989835344,1.0
RIZMRRKBZQXFOY-UHFFFAOYSA-N,-6.168181576407261,-6.015591105454862,3,-6.017487624356139,-6.017487624356139,-6.015591105454862,-6.015591105454862,True,2,2,False,-6.496385586303144,0.7231280539469104,-6.335152365685127,0.2117815043740221,1.0
RJCQBQGAPKAMLL-UHFFFAOYSA-N,1.7901518685529163,1.79,8,1.79,1.79,1.79,1.79,False,3,3,False,1.7793132719327942,0.1229806222128063,1.7910266755719786,0.011550443034357077,1.0
RJKCKKDSSSRYCB-UHFFFAOYSA-N,-6.785189420010088,-6.785189420010088,1,-6.787085938911365,-6.787085938911365,-6.785189420010088,-6.785189420010088,False,1,1,False,-6.869696441489331,1.0605269289471333,-6.831246544808332,0.2822409465658253,1.0
RJKGJBPXVHTNJL-UHFFFAOYSA-N,-5.65212878117773,-5.65212878117773,1,-5.654025300079007,-5.654025300079007,-5.65212878117773,-5.65212878117773,False,1,1,False,-5.804439208350044,1.0605269289471333,-5.702662174589495,0.2822176327361544,1.0
RJMUSRYZPJIFPJ-UHFFFAOYSA-N,-13.117438425680804,-13.117438425680804,1,-13.119334944582082,-13.119334944582082,-13.117438425680804,-13.117438425680804,False,1,1,False,-12.82301775912078,1.0605269289471333,-13.138387909821004,0.28263253188065796,1.0
RJTJVVYSTUQWNI-UHFFFAOYSA-N,-2.0999201015515347,-2.0190853165003895,3,-2.0965014649918117,-2.0965014649918117,-2.0190853165003895,-2.0190853165003895,False,2,2,False,-2.487580644978587,0.7231280539469104,-2.210653780604421,0.1988061157293238,1.0
RJUFJBKOKNCXHH-UHFFFAOYSA-N,-2.934978120192551,-2.9326003824091775,28,-2.9321396699642883,-2.9321396699642883,-2.93,-2.93,False,5,5,False,-2.944439012049153,0.08801011627512635,-2.9290024948320856,0.007686578097442949,0.8801584323211585
RKAMCQVGHFRILV-UHFFFAOYSA-N,3.929941214674328,3.929941214674328,1,3.9309322409774974,3.9309322409774974,3.929941214674328,3.929941214674328,False,1,1,False,2.769626391636022,1.4704237627620684,3.919957673725256,0.13061045313445263,1.0
RKLLTEAEZIJBAU-UHFFFAOYSA-N,-2.345410674803304,-2.396403685985495,4,-2.398300204886772,-2.398300204886772,-2.396403685985495,-2.396403685985495,True,2,2,False,-2.8760743328841127,0.6032128259600282,-2.759981635087036,0.19147701010765691,0.562650040084505
RKSOPLXZQNSWAS-UHFFFAOYSA-N,0.4582234375781016,0.5710546251099217,10,0.5705626650536406,0.5705626650536406,0.84,0.84,True,4,4,False,0.6388731243881736,0.2217597979886681,0.8273767903350023,0.02612161157771984,0.1474604546422395
RLBIQVVOMOPOHC-UHFFFAOYSA-N,-7.104175777902194,-7.3519261963652704,11,-7.353212015686288,-7.353212015686288,-7.62,-7.62,True,5,5,False,-7.511858673141761,0.18909751751550075,-7.612659620783915,0.019750984088853386,0.03574370980311713
RLLPVAHGXHCWKJ-UHFFFAOYSA-N,-5.308444875105204,-5.308444875105204,2,-5.348110164658392,-5.348110164658392,-5.308444875105204,-5.308444875105204,False,2,2,False,-5.794836272209482,0.9638346123868675,-5.643567068728368,0.2705695713441954,1.0
RLPGDEORIPLBNF-UHFFFAOYSA-N,2.5647633145080153,2.564784050689684,12,2.562887531788407,2.562887531788407,2.56,2.56,False,4,4,False,2.4672700939253356,0.2111332713614098,2.5557729123090662,0.025367459323529067,1.0
RLSSMJSEOOYNOY-UHFFFAOYSA-N,-5.4639879154287385,-6.008392092110507,40,-6.007401065807338,-6.007401065807338,-5.49,-5.49,True,5,5,False,-5.487778520601405,0.12077431375673081,-5.518662897838293,0.01321514939250383,0.039803362840498825
RMBFBMJGBANMMK-UHFFFAOYSA-N,-6.720368485453984,-7.35911436718007,3,-7.361010886081347,-7.361010886081347,-7.35911436718007,-7.35911436718007,True,2,2,False,-7.506483783281152,0.7231280539469104,-7.524582833048139,0.2057704400970575,0.6352523086576988
RMGHERXMTMUMMV-UHFFFAOYSA-N,-1.988236173885997,-2.0052581261950286,15,-2.0052581261950286,-2.0052581261950286,-2.01,-2.01,False,5,5,False,-2.014389995598162,0.09978099256370633,-2.0066200941621974,0.008912220973727304,1.0
RMISVOPUIFJTEO-UHFFFAOYSA-N,1.1096656893723698,-0.7197980945589418,7,-0.7216946134602188,-0.7216946134602188,-0.7197980945589418,-0.7197980945589418,True,3,3,False,0.4154433460115078,0.5307783663781397,-0.7240572599227578,0.08347937159869391,0.002749362153300084
RMLPZKRPSQVRAB-UHFFFAOYSA-N,-3.3710879654476495,-3.3710879654476495,1,-3.3729844843489265,-3.3729844843489265,-3.3710879654476495,-3.3710879654476495,False,1,1,False,-3.659898003082811,1.0605269289471333,-3.43062951441901,0.2822134152904875,1.0
RMOGWMIKYWRTKW-UHFFFAOYSA-N,-10.446172997137346,-10.446172997137346,2,-10.485838286690534,-10.485838286690534,-10.446172997137346,-10.446172997137346,True,2,2,False,-11.039102080896685,0.9638346123868675,-11.288918084673577,0.2780853615165488,0.8760652053861072
RMOUBSOVHSONPZ-UHFFFAOYSA-N,-2.023039692450199,-2.0195984703632885,15,-2.0195984703632885,-2.0195984703632885,-2.02,-2.02,False,5,5,False,-2.0421370508702266,0.12532037303604446,-2.0204745432978544,0.0122734406779864,1.0
RMPWIIKNWPVWNG-UHFFFAOYSA-N,-4.167979271207877,-4.482630329502827,4,-4.484526848404103,-4.484526848404103,-4.482630329502827,-4.482630329502827,True,2,2,False,-4.719864844129512,0.6032128259600282,-4.581602284317767,0.16740487257979347,0.9491243492644448
RMQHJMMCLSJULX-UHFFFAOYSA-N,3.653956779236875,3.653956779236875,1,3.652060260335598,3.652060260335598,3.653956779236875,3.653956779236875,False,1,1,False,2.944761510210493,1.0605269289471333,3.5665951063415755,0.28256035894439463,1.0
RMVRSNDYEFQCLF-UHFFFAOYSA-N,-2.1779339507890625,-2.55,23,-2.55,-2.55,-2.55,-2.55,True,5,5,False,-2.5423693544243346,0.09140235316247515,-2.5530677720965493,0.008549913117175918,0.0033636499897466217
RNFNDJAIBTYOQL-UHFFFAOYSA-N,-9.44740933565216,-9.44740933565216,1,-9.446418309348992,-9.446418309348992,-9.44740933565216,-9.44740933565216,False,1,1,False,-9.068825265801632,1.4704237627620684,-9.446079145238352,0.1305864889209153,1.0
RNHWYOLIEJIAMV-UHFFFAOYSA-N,6.907072647962796,6.907072647962796,2,6.868851131011832,6.868851131011832,6.907072647962796,6.907072647962796,True,2,2,False,4.718655506069861,1.240496292418691,4.403344977344963,0.1304043805645005,0.21153498549338737
RNVCVTLRINQCPJ-UHFFFAOYSA-N,-5.532115216159169,-5.538842152021338,11,-5.537851125718168,-5.537851125718168,-5.545,-5.545,False,4,4,False,-5.577776061184264,0.16597440033557193,-5.545217020181173,0.019421445614525027,1.0
ROASJEHPZNKHOF-UHFFFAOYSA-N,-6.079512652345625,-6.079512652345625,1,-6.156946712550723,-6.156946712550723,-6.079512652345625,-6.079512652345625,False,1,1,False,-6.448342717996084,2.0389244389701053,-6.377807247262441,0.9153443064068092,1.0
ROBSGBGTWRRYSK-UHFFFAOYSA-N,-8.852295822312767,-8.852295822312767,1,-8.854192341214045,-8.854192341214045,-8.852295822312767,-8.852295822312767,False,1,1,False,-8.813105268214317,1.0605269289471333,-8.890178234776977,0.28231986297276246,1.0
ROJGHBVDYYCBLQ-UHFFFAOYSA-N,-4.064494642246555,-4.064494642246555,1,-4.066391161147832,-4.066391161147832,-4.064494642246555,-4.064494642246555,False,1,1,False,-4.311810577442741,1.0605269289471333,-4.121297839258997,0.28220866158966307,1.0
ROSDSFDQCJNGOL-UHFFFAOYSA-N,-3.6299835276180628,-4.29,29,-4.29,-4.29,-4.29,-4.29,True,5,5,False,-4.216462223215656,0.08964992173729694,-4.29170654612375,0.007755518025363278,0.0011897407726501573
ROTONRWJLXYJBD-UHFFFAOYSA-N,-8.463597632226314,-8.463597632226314,1,-8.46549415112759,-8.46549415112759,-8.463597632226314,-8.463597632226314,False,1,1,False,-8.447667140450523,1.0605269289471333,-8.503018327944696,0.2823014268267988,1.0
ROWKJAVDOGWPAT-UHFFFAOYSA-N,-4.294004750884012,-4.293525806599741,5,-4.2954223255010175,-4.2954223255010175,-4.293525806599741,-4.293525806599741,False,1,1,False,-4.526616399557416,0.48605923627515846,-4.349747099183697,0.12641464589052837,1.0
RPNFRXWGMTYOPA-UHFFFAOYSA-N,-1.260931012614704,-1.260931012614704,1,-1.338365072819802,-1.338365072819802,-1.260931012614704,-1.260931012614704,False,1,1,False,-2.695562852267107,2.0389244389701053,-1.7595536249515236,0.9159223313098891,1.0
RPUMZMSNLZHIGZ-UHFFFAOYSA-N,-3.306228502427581,-3.772450108753215,6,-3.774346627654492,-3.774346627654492,-3.772450108753215,-3.772450108753215,True,2,2,False,-3.789421828178435,0.4756471605486157,-4.0266832601701195,0.15473549734012174,0.11877879731227811
RQDJADAKIFFEKQ-UHFFFAOYSA-N,-7.3585020946701025,-7.3585020946701025,2,-7.39816738422329,-7.39816738422329,-7.3585020946701025,-7.3585020946701025,False,2,2,False,-7.538569873949405,0.9638346123868675,-7.402891365734587,0.27063732371021787,1.0
RQFUZUMFPRMVDX-UHFFFAOYSA-N,-7.0698395632922715,-7.0698395632922715,1,-7.071736082193548,-7.071736082193548,-7.0698395632922715,-7.0698395632922715,False,1,1,False,-7.13731285463908,1.0605269289471333,-7.11477174782032,0.282249020146639,1.0
RQSRPDGSUDRYLH-UHFFFAOYSA-N,-2.5436892841934418,-2.5436892841934418,2,-2.5833545737466292,-2.5833545737466292,-2.5436892841934418,-2.5436892841934418,False,2,2,False,-2.9815242656298935,0.9638346123868675,-2.6332760460392794,0.270717380379257,1.0
RQVGAIADHNPSME-UHFFFAOYSA-N,-1.915050225139544,-3.4552751025678567,3,-3.4571716214691337,-3.4571716214691337,-3.4552751025678567,-3.4552751025678567,True,2,2,False,-4.602310976501732,0.7231280539469104,-3.573580709125215,0.278853096999795,0.03540775203340943
RQVYBGPQFYCBGX-UHFFFAOYSA-N,-9.515731973633047,-9.555666965355098,4,-9.557563484256374,-9.557563484256374,-9.555666965355098,-9.555666965355098,False,3,3,False,-9.718006503850765,0.6562977178022762,-9.662497482294087,0.10900202169820992,1.0
RRAFCDWBNXTKKO-UHFFFAOYSA-N,-5.806880092021016,-5.806880092021016,1,-5.884314152226114,-5.884314152226114,-5.806880092021016,-5.806880092021016,False,1,1,False,-6.23601260519022,2.0389244389701053,-6.11653065827287,0.915161695362417,1.0
RRBMVWQICIXSEO-UHFFFAOYSA-N,-5.623014921167785,-5.623014921167785,1,-5.700448981372883,-5.700448981372883,-5.623014921167785,-5.623014921167785,False,1,1,False,-6.092815796922517,2.0389244389701053,-5.940316778128254,0.9150532346828326,1.0
RRGOKSYVAZDNKR-UHFFFAOYSA-M,-2.5646641915802264,-2.5646641915802264,1,-2.563673165277057,-2.563673165277057,-2.5646641915802264,-2.5646641915802264,False,1,1,False,-2.9778549087027275,1.4704237627620684,-2.5691533822889476,0.13057437251264242,1.0
RRHGJUQNOFWUDK-UHFFFAOYSA-N,0.6456813746575574,0.68,15,0.68,0.68,0.6805831739961758,0.6805831739961758,False,5,5,False,0.6453794888486913,0.12970896920212766,0.6783390307583552,0.013786809960168874,0.3493817193935341
RRNIZKPFKNDSRS-UHFFFAOYSA-N,-8.570221000655968,-8.570221000655968,2,-8.609886290209156,-8.609886290209156,-8.570221000655968,-8.570221000655968,False,2,2,False,-8.829243959812594,0.9638346123868675,-8.802211353393307,0.27030095600871157,1.0
RROQIUMZODEXOR-UHFFFAOYSA-N,-9.225284875687922,-9.225284875687922,2,-9.26495016524111,-9.26495016524111,-9.225284875687922,-9.225284875687922,False,2,2,False,-9.369070245760755,0.9638346123868675,-9.340728125911443,0.27026185020855265,1.0
RRVIAQKBTUQODI-UHFFFAOYSA-N,-9.364563874629624,-10.058937065367797,3,-10.136371125572895,-10.136371125572895,-10.058937065367797,-10.058937065367797,True,2,2,False,-9.287195198781108,0.7231280539469104,-10.127867399200403,0.26977040618906994,0.08939908351646943
RSBUDFTVQYJNHK-UHFFFAOYSA-N,-2.884384746827856,-2.884384746827856,1,-2.961818807032954,-2.961818807032954,-2.884384746827856,-2.884384746827856,False,1,1,False,-3.9599316940157037,2.0389244389701053,-3.315364833921582,0.9148263785299637,1.0
RSJKGSCJYJTIGS-UHFFFAOYSA-N,3.930063809413479,3.73753810383566,6,3.735641584934383,3.735641584934383,3.73753810383566,3.73753810383566,True,2,2,False,3.1179211337869286,0.4756471605486157,3.5179441877025215,0.15915276700554662,0.3637542449233609
RSMUVYRMZCOLBH-UHFFFAOYSA-N,-18.33087158957118,-18.33087158957118,1,-18.40830564977628,-18.40830564977628,-18.33087158957118,-18.33087158957118,False,1,1,False,-15.989875182309847,2.0389244389701053,-18.066530732235417,0.9557479118492616,1.0
RSVPPPHXAASNOL-UHFFFAOYSA-N,-6.151152231166674,-6.068923471440169,3,-6.070819990341446,-6.070819990341446,-6.068923471440169,-6.068923471440169,False,2,2,False,-6.341058966626317,0.7231280539469104,-6.142502963692456,0.19572378313152294,1.0
RTDCJKARQCRONF-UHFFFAOYSA-N,-6.375280102114604,-6.375280102114604,1,-6.377176621015881,-6.377176621015881,-6.375280102114604,-6.375280102114604,False,1,1,False,-6.48431647959308,1.0605269289471333,-6.422956877688087,0.28223088472439317,1.0
RTZKZFJDLAIYFH-UHFFFAOYSA-N,-1.5517863805631236,-1.6347992351816445,29,-1.6347992351816445,-1.6347992351816445,-1.6373996175908223,-1.6373996175908223,True,5,5,False,-1.6704543361778679,0.08758291404889702,-1.6405239134833987,0.008778089537494666,0.008555520100248033
RTZZCYNQPHTPPL-UHFFFAOYSA-N,-9.49015995152232,-9.631582658441047,17,-9.630591632137879,-9.630591632137879,-9.632160611854685,-9.632160611854685,True,5,5,False,-9.642291477554114,0.12974676240471059,-9.631300294845973,0.013591745805712091,0.03494096304214927
RUFPHBVGCFYCNW-UHFFFAOYSA-N,-7.285675266206183,-7.285078101427081,7,-7.284087075123912,-7.284087075123912,-7.28,-7.28,False,3,3,False,-7.3172961988548675,0.22745723600295786,-7.282491656409818,0.026161954691059162,1.0
RULKYXXCCZZKDZ-UHFFFAOYSA-N,-4.693747792092764,-4.693747792092764,1,-4.771181852297862,-4.771181852297862,-4.693747792092764,-4.693747792092764,False,1,1,False,-5.369089349471219,2.0389244389701053,-5.04965331669993,0.9146851549205616,1.0
RUMACXVDVNRZJZ-UHFFFAOYSA-N,-2.278361335045948,-2.278361335045948,1,-2.280257853947225,-2.280257853947225,-2.278361335045948,-2.278361335045948,False,1,1,False,-2.6325611536809164,1.0605269289471333,-2.3422191948281714,0.2822316123202485,1.0
RUOJZAUFBMNUDX-UHFFFAOYSA-N,-7.557927468521728,-7.557927468521728,1,-7.556936442218559,-7.556936442218559,-7.557927468521728,-7.557927468521728,False,1,1,False,-7.396704941416267,1.4704237627620684,-7.558195266833301,0.13057800466927594,1.0
RURQAJURNPMSSK-QHCPKHFHSA-N,-6.753726886854622,-6.753726886854622,2,-6.79339217640781,-6.79339217640781,-6.753726886854622,-6.753726886854622,False,2,2,False,-6.969225402062038,0.9638346123868675,-6.808066975224867,0.27061337725423756,1.0
RUTNOQHQISEBGT-UHFFFAOYSA-N,3.3674649437874953,3.3674649437874953,1,3.3655684248862183,3.3655684248862183,3.3674649437874953,3.3674649437874953,False,1,1,False,2.6754136134709996,1.0605269289471333,3.2812428069021604,0.28253548061279177,1.0
RUVINXPYWBROJD-UHFFFAOYSA-N,-3.2630302145431296,-3.2630302145431296,1,-3.3404642747482276,-3.3404642747482276,-3.2630302145431296,-3.2630302145431296,False,1,1,False,-4.254826165819394,2.0389244389701053,-3.6782892186326017,0.9147030903142767,1.0
RUYUCCQRWINUHE-UHFFFAOYSA-N,-3.045083168618972,-3.045083168618972,2,-3.045535914918026,-3.045535914918026,-3.045083168618972,-3.045083168618972,False,2,2,False,-3.3209021059460846,0.8775947309896613,-3.060716539948086,0.11862312727766046,1.0
RVDDYBGRQLZMSB-UHFFFAOYSA-N,-3.383953054358356,-3.383953054358356,1,-3.385849573259633,-3.385849573259633,-3.383953054358356,-3.383953054358356,False,1,1,False,-3.671993233070884,1.0605269289471333,-3.4434437944741023,0.2822132790841703,1.0
RVKCCVTVZORVGD-UHFFFAOYSA-N,-7.800778409613764,-7.800778409613764,2,-7.840443699166951,-7.840443699166951,-7.800778409613764,-7.800778409613764,True,2,2,False,-6.652923504006616,0.9638346123868675,-5.723186680033781,0.2816133620063474,0.2090075031075198
RVWLHPJFOKUPNM-UHFFFAOYSA-N,-3.0435322479656577,-3.446522083895806,4,-3.448418602797083,-3.448418602797083,-3.446522083895806,-3.446522083895806,True,2,2,False,-3.6874977297176996,0.6032128259600282,-3.5596215848116026,0.17082551541260355,0.7963852590289323
RWCCWEUUXYIKHB-UHFFFAOYSA-N,-4.581153803777494,-4.581153803777494,1,-4.658587863982592,-4.658587863982592,-4.581153803777494,-4.581153803777494,False,1,1,False,-5.281399551114858,2.0389244389701053,-4.941731452538363,0.9146609049690726,1.0
RWGFKTVRMDUZSP-UHFFFAOYSA-N,-0.32132124284243113,-0.3011472275334608,30,-0.30203082270538884,-0.30203082270538884,-0.3,-0.3,True,5,5,False,-0.36498080122795185,0.10758923724165294,-0.30529765775616546,0.01042326478182764,0.1892172748866112
RWLALWYNXFYRGW-UHFFFAOYSA-N,-8.529041731171013,-8.529041731171013,1,-8.530938250072289,-8.530938250072289,-8.529041731171013,-8.529041731171013,False,1,1,False,-8.509195003459661,1.0605269289471333,-8.568203471949674,0.2823044140314407,1.0
RWNKSTSCBHKHTB-UHFFFAOYSA-N,-0.39486607520065675,-0.38755093002321017,16,-0.3894474489244871,-0.3894474489244871,-0.38755093002321017,-0.38755093002321017,True,2,2,False,-0.6343457102076235,0.27733828225190793,-0.4848712702470615,0.07195186097560337,0.6753992186876611
RWNUSVWFHDHRCJ-UHFFFAOYSA-N,-4.504332496135389,-4.504332496135389,2,-4.506229015036666,-4.506229015036666,-4.504332496135389,-4.504332496135389,True,1,1,False,-4.730831982116015,0.7613827475557001,-4.558527267568154,0.2458847880725763,0.8222184949728878
RWRBSYOTDDOXKC-UHFFFAOYSA-N,-1.359254393167486,-1.359254393167486,2,-1.3989196827206736,-1.3989196827206736,-1.359254393167486,-1.359254393167486,False,2,2,False,-1.7874345405990277,0.9638346123868675,-1.3578178974208672,0.2717212583485511,1.0
RWRDLPDLKQPQOW-UHFFFAOYSA-N,-5.4441464052855535,-5.48,16,-5.48,-5.48,-5.48,-5.48,False,5,5,False,-5.49021568659298,0.10219001355568272,-5.481626611774722,0.00939846372255958,1.0
RWRIWBAIICGTTQ-UHFFFAOYSA-N,-1.5027859396159673,-1.5027859396159673,2,-1.5046824585172442,-1.5046824585172442,-1.5027859396159673,-1.5027859396159673,True,1,1,False,-1.821863064832996,0.7613827475557001,-2.423633545067147,0.28097675085405427,0.12148117436968882
RWSOTUBLDIXVET-UHFFFAOYSA-N,-0.6276468190443393,-0.623628205256635,12,-0.6596248870004047,-0.6596248870004047,-0.7,-0.7,False,5,5,False,-0.711758656089307,0.13870546828745156,-0.6963828645772734,0.012444096478360183,0.7297854720462011
RWWNQEOPUOCKGR-UHFFFAOYSA-N,2.48292924056129,2.48292924056129,1,2.4839202668644593,2.4839202668644593,2.48292924056129,2.48292924056129,False,1,1,False,1.489075266147833,1.4704237627620684,2.4741707347661572,0.13059841151035523,1.0
RXDMAYSSBPYBFW-UHFFFAOYSA-N,-9.011915354700372,-9.011915354700372,1,-9.01381187360165,-9.01381187360165,-9.011915354700372,-9.011915354700372,False,1,1,False,-8.963173018870126,1.0605269289471333,-9.049165889201815,0.2823279174747199,1.0
RXGUIWHIADMCFC-UHFFFAOYSA-N,-1.6208335308946573,-1.6916660759868127,10,-1.6906750496836433,-1.6906750496836433,-1.69,-1.69,True,4,4,False,-1.7701715173413846,0.21946956505281262,-1.695388627576008,0.02563937225687372,0.930145331936979
RXPQRKFMDQNODS-UHFFFAOYSA-N,-6.102129484193457,-6.100740013589832,4,-6.101688273040471,-6.101688273040471,-6.1,-6.1,False,3,3,False,-6.113494707749072,0.20765981369395808,-6.100555441310347,0.019902120003918753,1.0
RXPQVFMDOJTCKE-UHFFFAOYSA-N,-2.0931215822533797,-2.0931215822533797,1,-2.1705556424584778,-2.1705556424584778,-2.0931215822533797,-2.0931215822533797,False,1,1,False,-3.3436846955163886,2.0389244389701053,-2.557009768117765,0.9152450302131246,1.0
RXRLRYZUMSYVLS-UHFFFAOYSA-N,-1.697489999966141,-1.697489999966141,1,-1.774924060171239,-1.774924060171239,-1.697489999966141,-1.697489999966141,False,1,1,False,-3.035561196266731,2.0389244389701053,-2.177872083590724,0.9155365389582455,1.0
RXYPXQSKLGGKOL-UHFFFAOYSA-N,-7.584709095875444,-7.58,7,-7.58,-7.58,-7.58,-7.58,False,2,2,False,-7.579520759347622,0.11920641800068076,-7.58448508220444,0.010814775381011965,1.0
RYAUSSKQMZRMAI-ALOPSCKCSA-N,-5.627598555871024,-5.707824859666795,3,-5.718294010212914,-5.718294010212914,-5.707824859666795,-5.707824859666795,False,2,2,False,-5.8624836256052495,0.7231280539469104,-5.661763249640704,0.19941362676661284,1.0
RYHBNJHYFVUHQT-UHFFFAOYSA-N,-4.468419538200547,-5.0549713193116625,25,-5.0549713193116625,-5.0549713193116625,-5.0549713193116625,-5.0549713193116625,True,4,4,False,-5.013363957465322,0.10038278651565108,-5.0592497584233875,0.009536306398449873,0.0008751614030385495
RYKZRKKEYSRDNF-UHFFFAOYSA-N,2.049070945211834,2.049070945211834,2,2.0094056556586466,2.0094056556586466,2.049070945211834,2.049070945211834,True,2,2,False,1.1102369759438506,0.9638346123868675,1.5623450334079505,0.2710860739077927,1.0
RYLHNOVXKPXDIP-UHFFFAOYSA-N,-13.04216027812141,-13.04216027812141,1,-13.119594338326507,-13.119594338326507,-13.04216027812141,-13.04216027812141,False,1,1,False,-11.870951646468269,2.0389244389701053,-13.039520054766363,0.9294861845296422,1.0
RYPKRALMXUUNKS-HWKANZROSA-N,2.0632045863643342,2.0632045863643342,2,2.0235392968111467,2.0235392968111467,2.0632045863643342,2.0632045863643342,True,2,2,False,1.123376107163624,0.9638346123868675,1.5760049336570987,0.27108878998601854,1.0
RYPKRALMXUUNKS-HYXAFXHYSA-N,2.0742991989715645,2.0742991989715645,2,2.034633909418377,2.034633909418377,2.0742991989715645,2.0742991989715645,True,2,2,False,1.1354574436094702,0.9638346123868675,1.589244876860094,0.2710708970579033,1.0
RYYVLZVUVIJVGH-UHFFFAOYSA-N,-10.213077977208853,-10.213077977208853,1,-10.29051203741395,-10.29051203741395,-10.213077977208853,-10.213077977208853,False,1,1,False,-9.667622141824301,2.0389244389701053,-10.336220242732908,0.921415375550489,1.0
RZILCCPWPBTYDO-UHFFFAOYSA-N,-9.464525262477032,-9.506825496832723,3,-9.508722015734001,-9.508722015734001,-9.506825496832723,-9.506825496832723,False,2,2,False,-9.666086433108596,0.7231280539469104,-9.583926548758141,0.19550954304294538,1.0
RZJRJXONCZWCBN-UHFFFAOYSA-N,0.23048308110112958,0.23048308110112958,2,0.1908177915479421,0.1908177915479421,0.23048308110112958,0.23048308110112958,True,2,2,False,-0.6310691757268819,0.9638346123868675,-0.26749191689087426,0.27134361628910053,1.0
RZKKOBGFCAHLCZ-UHFFFAOYSA-N,-4.514799061489239,-4.514799061489239,1,-4.5166955803905156,-4.5166955803905156,-4.514799061489239,-4.514799061489239,False,1,1,False,-4.735168360135805,1.0605269289471333,-4.569824033794601,0.2822083981229334,1.0
RZKSECIXORKHQS-UHFFFAOYSA-N,-4.0066266328316145,-4.008679653578054,6,-4.009894669988145,-4.009894669988145,-4.008679653578054,-4.008679653578054,False,3,3,False,-4.274844153515225,0.5294888151993109,-4.028465725180969,0.08019657000430178,1.0
RZVAJINKPMORJF-UHFFFAOYSA-N,-10.19638109805716,-10.19638109805716,1,-10.273815158262257,-10.273815158262257,-10.19638109805716,-10.19638109805716,False,1,1,False,-9.654618375034437,2.0389244389701053,-10.320247479099935,0.9213777947093068,1.0
RZVHIXYEVGDQDX-UHFFFAOYSA-N,-4.740632060520751,-4.740632060520751,2,-4.780297350073938,-4.780297350073938,-4.740632060520751,-4.740632060520751,True,2,2,False,-7.159564140849325,0.9638346123868675,-8.193605152111454,0.282788380912676,0.11579511240138599
RZXIRSKYBISPGF-UHFFFAOYSA-N,-5.44079308945234,-5.428741454931911,5,-5.430637973833188,-5.430637973833188,-5.428741454931911,-5.428741454931911,True,1,1,False,-5.658989672536836,0.48605923627515846,-5.519684160408448,0.1455152125944869,0.6170602433589997
RZXMPPFPUUCRFN-UHFFFAOYSA-N,-5.494702908215032,-5.568063544365402,14,-5.567568031213817,-5.567568031213817,-5.5600000000000005,-5.5600000000000005,False,4,4,False,-5.597322599694428,0.1605224251502012,-5.561969473386583,0.01904416959696049,1.0
RZXZIZDRFQFCTA-UHFFFAOYSA-N,0.507034893433331,0.5047713291250974,9,0.5057623554282668,0.5057623554282668,0.51,0.51,False,4,4,False,0.4919777336160118,0.14832214966302387,0.5094026251735376,0.01396946926631063,1.0
SAHIWKUIJWWKJX-UHFFFAOYSA-M,-11.171088265530958,-11.171088265530958,1,-11.172984784432234,-11.172984784432234,-11.171088265530958,-11.171088265530958,False,1,1,False,-10.993139008361178,1.0605269289471333,-11.199778999964764,0.282464641478852,1.0
SAOKZLXYCUGLFA-UHFFFAOYSA-N,-4.347732854631671,-4.347732854631671,2,-4.387398144184858,-4.387398144184858,-4.347732854631671,-4.347732854631671,True,2,2,False,-5.910428719622243,0.9638346123868675,-6.326224829832859,0.2819264285704722,0.31358120190415356
SATCULPHIDQDRE-UHFFFAOYSA-N,-6.243823379782963,-6.243823379782963,2,-6.28348866933615,-6.28348866933615,-6.243823379782963,-6.243823379782963,False,2,2,False,-6.550837590886671,0.9638346123868675,-6.391997267769516,0.2702178204376318,1.0
SBASXUCJHJRPEV-UHFFFAOYSA-N,-8.029679208698933,-8.029679208698933,1,-8.107113268904032,-8.107113268904032,-8.029679208698933,-8.029679208698933,False,1,1,False,-7.967160149075117,2.0389244389701053,-8.246198331866292,0.9174207152333357,1.0
SBNFWQZLDJGRLK-UHFFFAOYSA-N,-5.733775615885456,-5.733775615885456,2,-5.773440905438644,-5.773440905438644,-5.733775615885456,-5.733775615885456,True,2,2,False,-5.438061897596058,0.9638346123868675,-4.92974245446466,0.27913447972930167,0.6088632771347843
SBPBAQFWLVIOKP-UHFFFAOYSA-N,-4.948986725724048,-5.142598130164413,8,-5.14449464906569,-5.14449464906569,-5.142598130164413,-5.142598130164413,True,3,3,False,-5.233482898238116,0.42013522420534183,-5.163178811533567,0.09107414134536,0.2593373844625698
SCKHCCSZFPSHGR-UHFFFAOYSA-N,-4.92088083811022,-4.92088083811022,2,-4.960546127663408,-4.960546127663408,-4.92088083811022,-4.92088083811022,False,2,2,False,-5.219884204828356,0.9638346123868675,-4.972035874734339,0.2707788306293946,1.0
SCLCXTQIVCULDR-UHFFFAOYSA-N,-2.3659709493480254,-2.3659709493480254,1,-2.4434050095531235,-2.4434050095531235,-2.3659709493480254,-2.3659709493480254,False,1,1,False,-3.556183660516152,2.0389244389701053,-2.8185010280779044,0.9150759867018656,1.0
SCPJGKZEYHOCRB-UHFFFAOYSA-N,-4.147648018645146,-4.147648018645146,1,-4.149544537546423,-4.149544537546423,-4.147648018645146,-4.147648018645146,False,1,1,False,-4.389987978221429,1.0605269289471333,-4.204122846627122,0.2822084455666794,1.0
SCWPFSIZUZUCCE-UHFFFAOYSA-N,0.028245886961033,0.028245886961033,1,0.026349368059756045,0.026349368059756045,0.028245886961033,0.028245886961033,False,1,1,False,-0.4639834597400389,1.0605269289471333,-0.04473208623870595,0.28231312491940114,1.0
SCYULBFZEHDVBN-UHFFFAOYSA-N,-0.5446691009594531,-0.8085513598140277,59,-0.8104478787153047,-0.8104478787153047,-0.8460803059273422,-0.8460803059273422,True,5,5,False,-0.8225876004658423,0.11223888158906031,-0.8377702177311308,0.014827074702977021,0.0028663754266820695
SDDBCEWUYXVGCQ-UHFFFAOYSA-N,-2.5081466400443078,-2.5094274509863363,4,-2.5113239698876133,-2.5113239698876133,-2.5094274509863363,-2.5094274509863363,False,1,1,False,-2.768794043589938,0.542578892102387,-2.5656681800481262,0.14132797193130595,1.0
SDJHPPZKZZWAKF-UHFFFAOYSA-N,0.4970501317517109,0.3967495219885277,13,0.3967495219885277,0.3967495219885277,0.39837476099426383,0.39837476099426383,False,5,5,False,0.39167159689808473,0.1315725570732337,0.3995119148324101,0.013778324254193335,0.47072468179602583
SDKQRNRRDYRQKY-UHFFFAOYSA-N,-12.52528047726718,-12.52528047726718,2,-12.564945766820367,-12.564945766820367,-12.52528047726718,-12.52528047726718,False,2,2,False,-12.502532745843132,0.9638346123868675,-12.62400303396309,0.27032920012092343,1.0
SDXUIOOHCIQXRP-UHFFFAOYSA-N,-0.1917845755027738,-0.1917845755027738,1,-0.19368109440405076,-0.19368109440405076,-0.1917845755027738,-0.1917845755027738,False,1,1,False,-0.6708470940571706,1.0605269289471333,-0.26389182013268225,0.2823028193225088,1.0
SDYWXFYBZPNOFX-UHFFFAOYSA-N,-4.202818804706087,-4.139501672453406,4,-4.17772318940437,-4.17772318940437,-4.139501672453406,-4.139501672453406,False,3,3,False,-4.546004856460515,0.7264233182696221,-4.16592201974651,0.08854253653510823,1.0
SECXISVLQFMRJM-UHFFFAOYSA-N,-8.12735095175307,-8.517994090583818,7,-8.519890609485095,-8.519890609485095,-8.517994090583818,-8.517994090583818,True,2,2,False,-8.761217109552241,0.4361871210788301,-8.819412132872129,0.16370240008605236,0.23800440494511763
SEEOMASXHIJCDV-UHFFFAOYSA-N,3.9075174278710096,3.9075174278710096,2,3.867852138317822,3.867852138317822,3.9075174278710096,3.9075174278710096,True,2,2,False,2.801000057887918,0.9638346123868675,3.3043156795320727,0.2719584556859405,1.0
SEOVTRFCIGRIMH-UHFFFAOYSA-N,-6.887914345975473,-6.887914345975473,1,-6.965348406180571,-6.965348406180571,-6.887914345975473,-6.887914345975473,False,1,1,False,-7.077937446507254,2.0389244389701053,-7.1524431778714295,0.9160398123001808,1.0
SEQRDAAUNCRFIT-UHFFFAOYSA-N,0.027431745287124554,-0.6956362891259812,8,-0.6951407759743965,-0.6951407759743965,-0.6977533460803059,-0.6977533460803059,True,5,5,False,-0.6417410932743981,0.2015992507226708,-0.6981867056663548,0.019462112004037215,0.0031805968913387497
SESFRYSPDFLNCH-UHFFFAOYSA-N,-3.7309183879513377,-3.7309183879513377,1,-3.8083524481564357,-3.8083524481564357,-3.7309183879513377,-3.7309183879513377,False,1,1,False,-4.619224125190087,2.0389244389701053,-4.126764482018556,0.9146193404519444,1.0
SEWHDNLIHDBVDZ-UHFFFAOYSA-N,-2.569266167551429,-2.787378602314012,3,-2.789275121215289,-2.789275121215289,-2.787378602314012,-2.787378602314012,True,2,2,False,-3.1565848521133866,0.7231280539469104,-2.9490280058703133,0.20022052907888951,1.0
SFNPDDSJBGRXLW-UHFFFAOYSA-N,-4.192881569552077,-4.192881569552077,2,-4.232546859105265,-4.232546859105265,-4.192881569552077,-4.192881569552077,True,2,2,False,-8.185390340620234,0.9638346123868675,-10.227370294476291,0.2829339955334548,0.0387043880237438
SFTBUGPDOJDENF-UHFFFAOYSA-N,-1.9157694936418572,-1.9157694936418572,1,-1.9932035538469552,-1.9932035538469552,-1.9157694936418572,-1.9157694936418572,False,1,1,False,-3.2055603682665406,2.0389244389701053,-2.3870476073297606,0.9153688995606982,1.0
SFTUSTXGTCCSHX-UHFFFAOYSA-N,-2.1942414368022236,-2.4283952747545356,5,-2.4302917936558126,-2.4302917936558126,-2.4283952747545356,-2.4283952747545356,True,2,2,False,-2.5746777819483775,0.5282086176564232,-2.4816755818630587,0.15530329286001582,0.4576781522787546
SFVWPXMPRCIVOK-UHFFFAOYSA-N,-5.348127297894652,-5.348127297894652,1,-5.350023816795929,-5.350023816795929,-5.348127297894652,-5.348127297894652,False,1,1,False,-5.518629457438482,1.0605269289471333,-5.399861360330654,0.2822137751435842,1.0
SFZCNBIFKDRMGX-UHFFFAOYSA-N,3.001334798229468,3.0422704431053167,22,3.043261469408486,3.043261469408486,3.0422704431053167,3.0422704431053167,False,2,2,False,2.7529826612616124,0.32471001380735115,3.0262144909519484,0.03409182949902788,0.20945033790573903
SGHBRHKBCLLVCI-UHFFFAOYSA-N,-9.64545260464568,-9.658867595150513,10,-9.659320341449567,-9.659320341449567,-9.665391969407263,-9.665391969407263,False,4,4,False,-9.668330415027112,0.1337423706974155,-9.661576563595967,0.013899993839201012,0.9895981900127374
SGVYKUFIHHTIFL-UHFFFAOYSA-N,4.068766121982317,4.068766121982317,2,4.02910083242913,4.02910083242913,4.068766121982317,4.068766121982317,True,2,2,False,2.939322238994256,0.9638346123868675,3.4429587589033432,0.27216122402870835,1.0
SGWJUIFOPCZXMR-UHFFFAOYSA-N,4.510333982197155,4.510333982197155,1,4.511325008500324,4.511325008500324,4.510333982197155,4.510333982197155,False,1,1,False,3.2832521424748333,1.4704237627620684,4.49985888135827,0.1306159295981803,1.0
SHOJXDKTYKFBRD-UHFFFAOYSA-N,-3.852477934583499,-3.852477934583499,1,-3.854374453484776,-3.854374453484776,-3.852477934583499,-3.852477934583499,False,1,1,False,-4.112481147362818,1.0605269289471333,-3.910118385520527,0.282209555479385,1.0
SHZIWNPUGXLXDT-UHFFFAOYSA-N,-2.7163640964432956,-2.237364810176107,10,-2.237817556475161,-2.237817556475161,-2.23,-2.23,True,3,3,False,-2.3820771321967733,0.2252841969446465,-2.243210264176722,0.026190885988292705,0.06942410062341609
SIKFMUYSQCEQOO-UHFFFAOYSA-N,3.613029374172678,3.613029374172678,1,3.6111328552714013,3.6111328552714013,3.613029374172678,3.613029374172678,False,1,1,False,2.906283239247709,1.0605269289471333,3.5258305292184513,0.28255674838405703,1.0
SIKJAQJRHWYJAI-UHFFFAOYSA-N,-6.1377099537065085,-6.1377099537065085,2,-6.1773752432596964,-6.1773752432596964,-6.1377099537065085,-6.1377099537065085,False,2,2,False,-6.534907226106327,0.9638346123868675,-6.403229021461573,0.2702805664121328,1.0
SJRJJKPEHAURKC-UHFFFAOYSA-N,-6.326816207642377,-6.330675176367446,13,-6.332571695268723,-6.332571695268723,-6.3380210325047805,-6.3380210325047805,False,4,4,False,-6.337808040138557,0.10611214392558228,-6.332421911764964,0.010093654099224506,0.9898676430413892
SJWFXCIHNDVPSH-UHFFFAOYSA-N,-3.314469160807876,-3.135922226591235,3,-3.137818745492512,-3.137818745492512,-3.135922226591235,-3.135922226591235,True,3,3,False,-3.664022514646055,0.8204025530984671,-3.7749808722683738,0.1266311359634122,0.6752327558520806
SKGXYFVQZVPEFP-UHFFFAOYSA-N,-4.781128793566693,-4.785421505400892,3,-4.787371884115178,-4.787371884115178,-4.785421505400892,-4.785421505400892,False,2,2,False,-5.06970246904457,0.7231280539469104,-4.8538375696089195,0.19545873947886966,1.0
SKKTUOZKZKCGTB-UHFFFAOYSA-N,-7.537211737942283,-7.537211737942283,1,-7.614645798147381,-7.614645798147381,-7.537211737942283,-7.537211737942283,False,1,1,False,-7.583619483593059,2.0389244389701053,-7.774492257437543,0.9167671855760808,1.0
SLAMLWHELXOEJZ-UHFFFAOYSA-N,-8.36038177354442,-8.36038177354442,1,-8.437815833749518,-8.437815833749518,-8.36038177354442,-8.36038177354442,False,1,1,False,-8.224716006729192,2.0389244389701053,-8.562906430301052,0.9179095818366398,1.0
SLBTUZZYJLBZQV-UHFFFAOYSA-N,4.556049570204751,4.556049570204751,1,4.55704059650792,4.55704059650792,4.556049570204751,4.556049570204751,False,1,1,False,3.3237087169350166,1.4704237627620684,4.545535745520179,0.1306163767051006,1.0
SLGBZMMZGDRARJ-UHFFFAOYSA-N,-3.5375029015231694,-4.495371587491383,3,-4.49726810639266,-4.49726810639266,-4.495371587491383,-4.495371587491383,True,2,2,False,-4.507565829052415,0.7231280539469104,-4.503666529467397,0.19844356265643281,0.5143599090456948
SLGOCMATMKJJCE-UHFFFAOYSA-N,0.6385255340516803,1.0641125316691242,5,1.0605311416031442,1.0605311416031442,1.0641125316691242,1.0641125316691242,True,3,3,False,0.03569495417335049,0.6051215941283965,1.034142212171172,0.08741962073942992,0.0991666627114494
SLZWEMYSYKOWCG-UHFFFAOYSA-N,-9.19192292632972,-9.19192292632972,1,-9.269356986534818,-9.269356986534818,-9.19192292632972,-9.19192292632972,False,1,1,False,-8.872332074903143,2.0389244389701053,-9.35904304035011,0.9193196529531287,1.0
SMDHCQAYESWHAE-UHFFFAOYSA-N,-3.42500782720639,-3.3085512416957785,4,-3.3482165312489665,-3.3482165312489665,-3.3085512416957785,-3.3085512416957785,True,2,2,False,-3.5882886035379906,0.6032128259600282,-2.847935919887009,0.19682490669097633,0.1575467826050371
SMKRKQBMYOFFMU-UHFFFAOYSA-N,-5.64597593841538,-5.64597593841538,1,-5.723409998620478,-5.723409998620478,-5.64597593841538,-5.64597593841538,False,1,1,False,-6.110698163491333,2.0389244389701053,-5.962322598342467,0.9150661337394655,1.0
SMNDYUVBFMFKNZ-UHFFFAOYSA-N,-7.305717244132309,-7.305717244132309,1,-7.307613763033586,-7.307613763033586,-7.305717244132309,-7.305717244132309,False,1,1,False,-7.359075395000476,1.0605269289471333,-7.349717084185446,0.28225638551073023,1.0
SMQUZDBALVYZAC-UHFFFAOYSA-N,-4.930309718638118,-4.934584833047111,6,-4.936481351948388,-4.936481351948388,-4.934584833047111,-4.934584833047111,False,1,1,False,-5.156199563156137,0.4441748617004943,-4.988187818030411,0.11869662984821089,1.0
SMTWTJYCBGXSQW-UHFFFAOYSA-O,-14.38637775495105,-14.38637775495105,2,-14.426043044504238,-14.426043044504238,-14.38637775495105,-14.38637775495105,True,2,2,False,-13.02696283014272,0.9638346123868675,-12.47432466719307,0.2804301511833541,0.23801996429798725
SMWDFEZZVXVKRB-UHFFFAOYSA-N,-5.707858152428186,-5.714219294217127,11,-5.72,-5.72,-5.72,-5.72,False,4,4,False,-5.7775794964484195,0.2173376567120123,-5.720575734002977,0.02505876028286248,1.0
SMYMJHWAQXWPDB-UHFFFAOYSA-N,-7.671728785152333,-7.671728785152333,1,-7.67362530405361,-7.67362530405361,-7.671728785152333,-7.671728785152333,False,1,1,False,-7.703184463943012,1.0605269289471333,-7.714281600191078,0.28226902652252334,1.0
SNGREZUHAYWORS-UHFFFAOYSA-N,-3.4644504607545823,-3.4644504607545823,2,-3.464903207053636,-3.464903207053636,-3.4644504607545823,-3.4644504607545823,True,2,2,False,-3.926926378570671,0.8775947309896613,-2.909276596816593,0.13016594729334216,0.2621367620344024
SNHMUERNLJLMHN-UHFFFAOYSA-N,-1.7880765151153812,-1.7462359494057424,16,-1.745244923102573,-1.745244923102573,-1.73,-1.73,False,5,5,False,-1.773142025162527,0.14791550707899773,-1.7289768906667504,0.012550203590127266,0.969912723918568
SNICXCGAKADSCV-UHFFFAOYSA-N,-7.35,-7.35,1,-7.35,-7.35,-7.35,-7.35,False,1,1,False,-7.3250521518353615,0.40899538467915797,-7.349882935332431,0.028283758735676172,1.0
SNIOPGDIGTZGOP-UHFFFAOYSA-N,-6.95133298394329,-6.95133298394329,1,-7.028767044148388,-7.028767044148388,-6.95133298394329,-6.95133298394329,False,1,1,False,-7.127328783102077,2.0389244389701053,-7.213205967462163,0.9161041895202616,1.0
SNMVRZFUUCLYTO-UHFFFAOYSA-N,-0.10431179970720054,-0.33,19,-0.33,-0.33,-0.33,-0.33,True,5,5,False,-0.325164628587152,0.11413250524571168,-0.3223455609905675,0.012594426548466478,0.004186798707378117
SNRUBQQJIBEYMU-UHFFFAOYSA-N,3.419851976398237,3.4471156640691314,5,3.4452191451678544,3.4452191451678544,3.4471156640691314,3.4471156640691314,False,2,2,False,3.045999950760415,0.5282086176564232,3.360136956658436,0.13994380103753784,1.0
SOGAXMICEFXMKE-UHFFFAOYSA-N,-2.3097663140839297,-2.3097663140839297,1,-2.3116628329852067,-2.3116628329852067,-2.3097663140839297,-2.3097663140839297,False,1,1,False,-2.6620868294746436,1.0605269289471333,-2.373500097085458,0.2822309063950193,1.0
SOYLPZSOEXZMLE-UHFFFAOYSA-N,3.490247158980087,3.490247158980087,1,3.48835064007881,3.48835064007881,3.490247158980087,3.490247158980087,False,1,1,False,2.7908484263593545,1.0605269289471333,3.4035367232868188,0.28254602975871795,1.0
SPANOECCGNXGNR-UITAMQMPSA-N,-5.328412949266413,-5.324039929267908,4,-5.325936448169185,-5.325936448169185,-5.324039929267908,-5.324039929267908,False,2,2,False,-5.553894708836525,0.6032128259600282,-5.3486520369346575,0.1636641924884567,1.0
SPEUIVXLLWOEMJ-UHFFFAOYSA-N,-4.83508604206501,-4.83508604206501,1,-4.83508604206501,-4.83508604206501,-4.83508604206501,-4.83508604206501,False,1,1,False,-4.834102653602519,0.2532417579784302,-4.8350687330913695,0.028283711346346465,1.0
SPNQRCTZKIBOAX-UHFFFAOYSA-N,-2.9966359700823397,-5.040653866560186,3,-5.042550385461463,-5.042550385461463,-5.040653866560186,-5.040653866560186,True,2,2,False,-4.7200871854650535,0.7231280539469104,-5.0669004127962625,0.1994778213066184,0.144433641673759
SPSSULHKWOKEEL-UHFFFAOYSA-N,-6.681820027784998,-6.332990421400715,3,-6.334886940301992,-6.334886940301992,-6.332990421400715,-6.332990421400715,True,2,2,False,-7.363734295115078,0.7231280539469104,-6.512265650623981,0.2639497157286553,0.12481126345360362
SPVXKVOXSXTJOY-UHFFFAOYSA-N,-0.4213047255162837,-0.4213047255162837,1,-0.4203136992131143,-0.4203136992131143,-0.4213047255162837,-0.4213047255162837,False,1,1,False,-1.08106246627921,1.4704237627620684,-0.4276062361003816,0.13058117335997807,1.0
SQCZQTSHSZLZIQ-UHFFFAOYSA-N,1.2213191381777302,-0.0163373974423431,25,-0.020308008481740056,-0.020308008481740056,-0.07,-0.07,True,5,5,False,0.25522728158902314,0.11782473348410392,-0.06773928923549158,0.01370320884670023,0.0051940531485468126
SQNZJJAZBFDUTD-UHFFFAOYSA-N,-0.4945759595567061,0.0128107398823556,4,0.010914220981078644,0.010914220981078644,0.0128107398823556,0.0128107398823556,True,2,2,False,-0.4874026270957759,0.6032128259600282,-0.07991760511877873,0.16232815472219145,0.5589931094587457
SQYNKIJPMDEDEG-UHFFFAOYSA-N,-4.30495761955847,-4.30495761955847,1,-4.306854138459747,-4.306854138459747,-4.30495761955847,-4.30495761955847,False,1,1,False,-4.53788402585738,1.0605269289471333,-4.360811241808093,0.2822082442716866,1.0
SRXOCFMDUSFFAK-UHFFFAOYSA-N,-5.28,-5.28,1,-5.28,-5.28,-5.28,-5.28,False,1,1,False,-5.277498507188194,0.2532417579784302,-5.279965043286877,0.028283714607226864,1.0
SSNXYMVLSOMJLU-UHFFFAOYSA-N,-1.0309338892372817,-1.0309338892372817,1,-1.0328304081385586,-1.0328304081385586,-1.0309338892372817,-1.0309338892372817,False,1,1,False,-1.4597809299909164,1.0605269289471333,-1.0997219809712728,0.2822684196559426,1.0
SSTJUBQGYXNFFP-UHFFFAOYSA-N,-1.7111324683208733,-1.7111324683208733,1,-1.7885665285259713,-1.7885665285259713,-1.7111324683208733,-1.7111324683208733,False,1,1,False,-3.0461861445167187,2.0389244389701053,-2.1909452561082245,0.9155255695593408,1.0
STCOOQWBFONSKY-UHFFFAOYSA-N,-7.111083553863801,-7.111083553863801,1,-7.112980072765078,-7.112980072765078,-7.111083553863801,-7.111083553863801,False,1,1,False,-7.176088766337087,1.0605269289471333,-7.155852725322818,0.28225026385423047,1.0
STEPQTYSZVCJPV-UHFFFAOYSA-N,-13.809391166372668,-12.820329126123484,3,-12.897763186328582,-12.897763186328582,-12.820329126123484,-12.820329126123484,True,2,2,False,-14.179287340006482,0.7231280539469104,-10.408981572689317,0.2817585744273354,0.007715482086867483
STJLVHWMYQXCPB-UHFFFAOYSA-N,-9.31227671847006,-9.253593593404652,4,-9.25549011230593,-9.25549011230593,-9.253593593404652,-9.253593593404652,False,2,2,False,-9.447815054014427,0.6032128259600282,-9.312705607429105,0.16094242508789627,1.0
STMIIPIFODONDC-UHFFFAOYSA-N,-7.780309856295098,-7.780309856295098,2,-7.819975145848286,-7.819975145848286,-7.780309856295098,-7.780309856295098,True,2,2,False,-8.819851387198675,0.9638346123868675,-9.147185189709544,0.2813800334521342,0.5358729238905963
STMMVKNOSKBEEI-UHFFFAOYSA-N,-9.268431888541246,-9.268431888541246,1,-9.345865948746344,-9.345865948746344,-9.268431888541246,-9.268431888541246,False,1,1,False,-8.93191834206687,2.0389244389701053,-9.432277372679554,0.919462589475645,1.0
STNJBCKSHOAVAJ-UHFFFAOYSA-N,-2.1501498482952344,-2.759959163574403,5,-2.76185568247568,-2.76185568247568,-2.759959163574403,-2.759959163574403,True,2,2,False,-2.2260210870215924,0.54396672246196,-2.8628413276269717,0.08964334115816361,0.0413793924592648
STUSTWKEFDQFFZ-UHFFFAOYSA-N,-6.617597498274217,-6.617597498274217,1,-6.619494017175494,-6.619494017175494,-6.617597498274217,-6.617597498274217,False,1,1,False,-6.712133376701529,1.0605269289471333,-6.664316861362,0.28223660967669206,1.0
SUAKHGWARZSWIH-UHFFFAOYSA-N,-7.530642531812263,-7.530642531812263,1,-7.53253905071354,-7.53253905071354,-7.530642531812263,-7.530642531812263,False,1,1,False,-7.570540943626296,1.0605269289471333,-7.573753177002295,0.28226397911978207,1.0
SUBRHHYLRGOTHL-UHFFFAOYSA-N,-2.8201045252376638,-2.8201045252376638,2,-2.859769814790851,-2.859769814790851,-2.8201045252376638,-2.8201045252376638,False,2,2,False,-3.295743521387042,0.9638346123868675,-2.979871293422177,0.2703030415073764,1.0
SUPCQIBBMFXVTL-UHFFFAOYSA-N,-2.2242649465468833,-2.2242649465468833,1,-2.2261614654481603,-2.2261614654481603,-2.2242649465468833,-2.2242649465468833,False,1,1,False,-2.5817019435377357,1.0605269289471333,-2.2883365381842333,0.282232853707072,1.0
SUSRORUBZHMPCO-UHFFFAOYSA-N,-6.317428894252609,-6.317428894252609,2,-6.357094183805797,-6.357094183805797,-6.317428894252609,-6.317428894252609,True,2,2,False,-7.1639675529511075,0.9638346123868675,-7.255766815482183,0.277798554862467,0.8088998327173051
SUVIGLJNEAMWEG-UHFFFAOYSA-N,-0.9271955291311711,-1.06,17,-1.0596110559534624,-1.0596110559534624,-1.05,-1.05,False,4,4,False,-1.0561112935474388,0.13268003808920414,-1.0509550930723683,0.01333376749761464,0.5341538678332372
SUWJESCICIOQHO-UHFFFAOYSA-N,1.8258660197027383,1.8258660197027383,1,1.8239695008014614,1.8239695008014614,1.8258660197027383,1.8258660197027383,False,1,1,False,1.2260654072061097,1.0605269289471333,1.7457660803854527,0.2824174008201584,1.0
SUYHYHLFUHHVJQ-UHFFFAOYSA-N,-9.805053778203895,-9.805053778203895,1,-9.806950297105171,-9.806950297105171,-9.805053778203895,-9.805053778203895,False,1,1,False,-9.708849299169213,1.0605269289471333,-9.83916284687361,0.28237212289412567,1.0
SVEMKBCPZYWEPH-UHFFFAOYSA-N,3.312895070368566,3.312895070368566,1,3.310998551467289,3.310998551467289,3.312895070368566,3.312895070368566,False,1,1,False,2.6241092521872873,1.0605269289471333,3.2268899201886465,0.28253084646968546,1.0
SVOAUHHKPGKPQK-UHFFFAOYSA-N,6.13023032091946,6.13023032091946,1,6.052796260714362,6.052796260714362,6.13023032091946,6.13023032091946,False,1,1,False,3.0607786421130645,2.0389244389701053,5.307631188876993,0.9336886562554862,1.0
SVONRAPFKPVNKG-UHFFFAOYSA-N,-4.133986201148557,-5.083826848495679,3,-5.08283582219251,-5.08283582219251,-5.083826848495679,-5.083826848495679,True,3,3,False,-5.1368665961406546,0.8204025530984671,-5.1207217152930475,0.1209811899338056,0.44757789900106826
SVTDYSXXLJYUTM-UHFFFAOYSA-N,-9.759198758288822,-9.759198758288822,2,-9.798864047842008,-9.798864047842008,-9.759198758288822,-9.759198758288822,True,2,2,False,-8.822792530782595,0.9638346123868675,-8.194704729022964,0.2806528201993245,0.3100403592915338
SVYKKECYCPFKGB-UHFFFAOYSA-N,-4.116593668988504,-4.116593668988504,1,-4.118490187889781,-4.118490187889781,-4.116593668988504,-4.116593668988504,False,1,1,False,-4.360791949819749,1.0605269289471333,-4.173191129059223,0.28220851737253033,1.0
SWJPEBQEEAHIGZ-UHFFFAOYSA-N,-2.063625633940238,-2.13225772154073,12,-2.131762208389145,-2.131762208389145,-2.3,-2.3,False,5,5,False,-2.2911766815413457,0.12130269454852577,-2.297080983429937,0.01150869709699989,0.44933559893888525
SWQJXJOGLNCZEY-UHFFFAOYSA-N,1.3017435203715577,2.735909779224813,14,2.7369008055279824,2.7369008055279824,2.735909779224813,2.735909779224813,True,1,1,False,1.0406324418774515,0.41582362732817424,2.740102683611824,0.043817989927244415,0.00608529991415624
SXHLTVKPNQVZGL-UHFFFAOYSA-N,-2.335788711168401,-2.0197062044342693,3,-2.0216027233355462,-2.0216027233355462,-2.0197062044342693,-2.0197062044342693,True,1,1,False,-2.609252294581706,0.624886973339966,-2.23898045360374,0.1882643064863975,0.48296382186886355
SXKBHOQOOGRFJF-UHFFFAOYSA-N,-1.931271500849658,-1.931271500849658,1,-1.9331680197509349,-1.9331680197509349,-1.931271500849658,-1.931271500849658,False,1,1,False,-2.3062414989731703,1.0605269289471333,-1.9965007965025574,0.2822401358366452,1.0
SXQBHARYMNFBPS-UHFFFAOYSA-N,-5.766545055431965,-6.609035443507027,10,-6.610931962408305,-6.610931962408305,-6.609035443507027,-6.609035443507027,True,2,2,False,-6.649478258806973,0.35889333548838115,-6.6726895559721155,0.09442047753183827,0.07559212027965562
SXSWMAUXEHKFGX-UHFFFAOYSA-N,-3.9097417765278033,-3.9097417765278033,2,-3.9092462633762186,-3.9092462633762186,-3.91,-3.91,False,2,2,False,-3.928679240058348,0.3956744446931711,-3.910127096302333,0.02764324678259174,1.0
SXZSFWHOSHAKMN-UHFFFAOYSA-N,-2.9213540157603295,-2.892354913997391,3,-2.894251432898668,-2.894251432898668,-2.892354913997391,-2.892354913997391,True,2,2,False,-3.4147078118457754,0.7231280539469104,-3.1860442582251696,0.2104542225306156,1.0
SYBYTAAJFKOIEJ-UHFFFAOYSA-N,-3.2103736038132675,-3.246907468426302,19,-3.2459164421231326,-3.2459164421231326,-3.2404588910133842,-3.2404588910133842,False,5,5,False,-3.2566321016997257,0.10995625810027189,-3.245117278505513,0.00991326695673988,0.7836307437111747
SYDNSSSQVSOXTN-UHFFFAOYSA-N,-4.391922342383215,-4.307060819149398,3,-4.308957338050675,-4.308957338050675,-4.307060819149398,-4.307060819149398,False,2,2,False,-4.629933983325856,0.7231280539469104,-4.385537558430699,0.1957593140165467,1.0
SYTBZMRGLBWNTM-UHFFFAOYSA-N,-5.007039888978908,-5.007039888978908,1,-5.084473949184006,-5.084473949184006,-5.007039888978908,-5.007039888978908,False,1,1,False,-5.613085687230059,2.0389244389701053,-5.3499405688570825,0.9147757391277332,1.0
SYUHGPGVQRZVTB-UHFFFAOYSA-N,-0.23506431468456615,-0.5392253077468219,8,-0.5411218266480988,-0.5411218266480988,-0.5392253077468219,-0.5392253077468219,True,2,2,False,-0.7638642854235596,0.4279356285043858,0.7996586374523051,0.07636540452602959,0.10113179318184606
SZIFAVKTNFCBPC-UHFFFAOYSA-N,-5.999223649164967,-6.150821247967694,6,-6.151273994266748,-6.151273994266748,-6.150821247967694,-6.150821247967694,True,3,3,False,-6.338062158952616,0.5294888151993109,-6.163482291560263,0.08016650770706667,1.0
SZXWCBDQKUTCNH-UHFFFAOYSA-N,-2.2999129127577107,-2.2999129127577107,1,-2.3018094316589877,-2.3018094316589877,-2.2999129127577107,-2.2999129127577107,False,1,1,False,-2.6528230648763116,1.0605269289471333,-2.3636856250011204,0.2822311267149032,1.0
TUAMRELNJMMDMT-UHFFFAOYSA-N,-5.04330054641048,-6.240544541934838,14,-6.241492801385476,-6.241492801385476,-6.27,-6.27,True,4,4,False,-5.914886293965829,0.20190122621390616,-6.263846483946681,0.026071803497866575,0.03411294375015053
TUKXCRDJHKVZLR-UHFFFAOYSA-N,-9.635048041808284,-9.635048041808284,1,-9.712482102013382,-9.712482102013382,-9.635048041808284,-9.635048041808284,False,1,1,False,-9.217444212810108,2.0389244389701053,-9.783158204258589,0.9201789030656776,1.0
TULCXSBAPHCWCF-UHFFFAOYSA-N,-2.9181475204662384,-3.0035583685437137,4,-3.0054548874449907,-3.0054548874449907,-3.0035583685437137,-3.0035583685437137,True,2,2,False,-3.3442994465211733,0.6032128259600282,-3.1536931151748857,0.17004613011956715,0.9781288598322239
TUNFSRHWOTWDNC-UHFFFAOYSA-N,-6.380964916521307,-6.380964916521307,2,-6.420630206074495,-6.420630206074495,-6.380964916521307,-6.380964916521307,False,2,2,False,-6.6426155752948945,0.9638346123868675,-6.475256895655462,0.2704099844653395,1.0
TUXJTJITXCHUEL-UHFFFAOYSA-N,-32.83711596488497,-32.83711596488497,1,-32.91455002509007,-32.91455002509007,-32.83711596488497,-32.83711596488497,False,1,1,False,-27.287544473653796,2.0389244389701053,-8.439035710627625,4.1642217408397295,0.008818446548492018
TUXYZHVUPGXXQG-UHFFFAOYSA-N,-5.144089550432761,-5.144089550432761,1,-5.221523610637859,-5.221523610637859,-5.144089550432761,-5.144089550432761,False,1,1,False,-5.719821911406125,2.0389244389701053,-5.481298543887789,0.9148260677442712,1.0
TVBNRFCUTVWHQB-UHFFFAOYSA-N,-30.89910367942398,-30.89910367942398,1,-30.97653773962908,-30.97653773962908,-30.89910367942398,-30.89910367942398,False,1,1,False,-25.77819296148983,2.0389244389701053,-8.856423362279848,4.1016867233655345,0.010751288023798683
TVDSBUOJIPERQY-UHFFFAOYSA-N,-5.90421621103784,-5.90421621103784,2,-5.9061127299391165,-5.9061127299391165,-5.90421621103784,-5.90421621103784,False,1,1,False,-6.087538645758119,0.7613827475557001,-5.956830849864158,0.19975103253080995,1.0
TVLSRXXIMLFWEO-UHFFFAOYSA-N,-8.407581157953826,-8.408971990924776,3,-8.424358811339559,-8.424358811339559,-8.408971990924776,-8.408971990924776,False,2,2,False,-8.59784894962064,0.7231280539469104,-8.47674566171416,0.19543609748546456,1.0
TVMXDCGIABBOFY-UHFFFAOYSA-N,2.6250486825691275,2.878560822848528,33,2.8795518491516976,2.8795518491516976,2.89,2.89,True,5,5,False,2.814606659789807,0.09017883136364849,2.884745140438217,0.009107513622638706,0.0031630126935234637
TVQGDYNRXLTQAP-UHFFFAOYSA-N,-2.3082383054515487,-2.3050047746611595,7,-2.3040152963671128,-2.3040152963671128,-2.3040152963671128,-2.3040152963671128,False,4,4,False,-2.318364274130724,0.15987937000079216,-2.3035492751731215,0.015944044307641504,1.0
TWCRBBJSQAZZQB-UHFFFAOYSA-N,1.9077208298311332,1.9077208298311332,1,1.9058243109298563,1.9058243109298563,1.9077208298311332,1.9077208298311332,False,1,1,False,1.3030219491316797,1.0605269289471333,1.8272961914760455,0.28242300333094944,1.0
TWFZGCMQGLPBSX-UHFFFAOYSA-N,-12.28393492036733,-12.347785647238693,3,-12.359997901873065,-12.359997901873065,-12.347785647238693,-12.347785647238693,False,2,2,False,-12.339182355357737,0.7231280539469104,-12.310814310547416,0.19811248611342128,1.0
TWKZFDYCHGKRKU-UHFFFAOYSA-N,-15.75578807551816,-15.75578807551816,1,-15.757684594419437,-15.757684594419437,-15.75578807551816,-15.75578807551816,False,1,1,False,-15.303486104518466,1.0605269289471333,-15.7661927679923,0.28292868256469167,1.0
TWSRVQVEYJNFKQ-UHFFFAOYSA-N,-2.061145764532939,-2.0561741600216754,14,-2.0886297467901453,-2.0886297467901453,-2.0504588910133843,-2.0504588910133843,False,5,5,False,-2.076215746461522,0.13159227573628246,-2.0442274758001044,0.019692537392677123,0.14328297879097207
TXCDCPKCNAJMEE-UHFFFAOYSA-N,-2.9027355040093923,-2.9027355040093923,2,-2.94240079356258,-2.94240079356258,-2.9027355040093923,-2.9027355040093923,False,2,2,False,-3.267081912109965,0.9638346123868675,-2.91309342299486,0.27136584743563946,1.0
TXEYQDLBPFQVAA-UHFFFAOYSA-N,3.246052151630419,3.124125253233711,33,3.1251162795368805,3.1251162795368805,3.1171223709369027,3.1171223709369027,True,5,5,False,3.097390546444516,0.11429044783995167,3.1254915646848085,0.01149362984103578,0.27200651234837453
TXTORVZCRUFBBO-UHFFFAOYSA-N,5.559157299820708,5.559157299820708,1,5.560148326123877,5.560148326123877,5.559157299820708,5.559157299820708,False,1,1,False,4.2114212964615145,1.4704237627620684,5.547793574687947,0.13062676649105964,1.0
TXVHTIQJNYSSKO-UHFFFAOYSA-N,-6.560221328935475,-6.560221328935475,2,-6.599886618488663,-6.599886618488663,-6.560221328935475,-6.560221328935475,False,2,2,False,-6.88377320861156,0.9638346123868675,-6.751588840814404,0.2701639651596063,1.0
TYEDCFVCFDKSBK-UHFFFAOYSA-N,-1.9839818354155203,-1.9839818354155203,1,-2.0614158956206183,-2.0614158956206183,-1.9839818354155203,-1.9839818354155203,False,1,1,False,-3.2586851095164833,2.0389244389701053,-2.452416955928753,0.9153199504955418,1.0
TYIHVCIQMMTVHE-UHFFFAOYSA-N,-13.276099103757982,-13.276099103757982,1,-13.35353316396308,-13.35353316396308,-13.276099103757982,-13.276099103757982,False,1,1,False,-12.053146528759449,2.0389244389701053,-13.262729595282362,0.9303150397186577,1.0
TYMLOMAKGOJONV-UHFFFAOYSA-N,-9.661637300412224,-10.2864211394682,9,-10.285430113165031,-10.285430113165031,-10.27,-10.27,True,4,4,False,-10.238178033829492,0.22402588029638745,-10.268985928062799,0.025677388734728353,0.22017403872263977
TYSIILFJZXHVPU-UHFFFAOYSA-N,3.490247158980087,3.490247158980087,1,3.48835064007881,3.48835064007881,3.490247158980087,3.490247158980087,False,1,1,False,2.7908484263593545,1.0605269289471333,3.4035367232868188,0.28254602975871795,1.0
TZBPRYIIJAJUOY-UHFFFAOYSA-N,-3.894395646558327,-3.894395646558327,2,-3.9340609361115146,-3.9340609361115146,-3.894395646558327,-3.894395646558327,False,2,2,False,-4.287799929791044,0.9638346123868675,-4.010008628738614,0.2704431825577506,1.0
TZIHFWKZFHZASV-UHFFFAOYSA-N,-2.7837072075243268,-2.783063544365402,19,-2.7820725180622325,-2.7820725180622325,-2.78,-2.78,False,5,5,False,-2.797686222386198,0.10455763609073487,-2.7832082946550734,0.009829736561907328,1.0
TZMHVHLTPWKZCI-UHFFFAOYSA-N,-2.9210149336922715,-2.5910716772011084,3,-2.6685057374062064,-2.6685057374062064,-2.5910716772011084,-2.5910716772011084,True,2,2,False,-3.3703088542348434,0.7231280539469104,-3.1032340637316094,0.2535658171038347,0.6746274952605393
TZTDJBMGPQLSLI-UHFFFAOYSA-N,-0.2809895447143269,-0.2809895447143269,1,-0.35842360491942493,-0.35842360491942493,-0.2809895447143269,-0.2809895447143269,False,1,1,False,-1.9323705095231138,2.0389244389701053,-0.8207523991887805,0.9170364400142221,1.0
TZYRSLHNPKPEFV-UHFFFAOYSA-N,-3.736720372978429,-3.656181519068273,4,-3.6551904927651035,-3.6551904927651035,-3.656181519068273,-3.656181519068273,False,3,3,False,-3.9946295121557487,0.7264233182696221,-3.669703744565952,0.0875056548857885,1.0
UAEPNZWRGJTJPN-UHFFFAOYSA-N,1.5459822110295318,1.7,26,1.6983749213982011,1.6983749213982011,1.71,1.71,True,5,5,False,1.6581285778767454,0.09861002150727957,1.705681620525163,0.009282005732164181,0.00899395305029387
UAHWPYUMFXYFJY-UHFFFAOYSA-N,0.19060880026577695,0.5526176252435971,3,0.5507211063423202,0.5507211063423202,0.5526176252435971,0.5526176252435971,True,2,2,False,0.018938124692573517,0.7231280539469104,0.4526782005636204,0.19737712715071729,0.8663539057111681
UAOMVDZJSHZZME-UHFFFAOYSA-N,-3.119372123476441,-3.219622531716837,11,-3.22,-3.22,-3.22,-3.22,True,4,4,False,-3.241240629371481,0.2173376567120123,-3.2235322330658023,0.025187099068318987,0.23546535311395742
UBCKGWBNUIFUST-BJMVGYQFSA-N,-9.552330999033693,-9.552330999033693,2,-9.59199628858688,-9.59199628858688,-9.552330999033693,-9.552330999033693,False,2,2,False,-9.647251386456768,0.9638346123868675,-9.621209311592178,0.2704079415423888,1.0
UBCKGWBNUIFUST-YHYXMXQVSA-N,-9.545699469201676,-9.545699469201676,1,-9.547595988102952,-9.547595988102952,-9.545699469201676,-9.545699469201676,False,1,1,False,-9.465014993976892,1.0605269289471333,-9.580836117355298,0.2823569007567233,1.0
UBJVUCKUDDKUJF-UHFFFAOYSA-N,-1.3982628741650676,-1.3982628741650676,1,-1.4756969343701656,-1.4756969343701656,-1.3982628741650676,-1.3982628741650676,False,1,1,False,-2.8025188578891393,2.0389244389701053,-1.8911423841903399,0.9157936845959694,1.0
UBOXGVDOUJQMTN-UHFFFAOYSA-N,-1.4593502701870553,-1.9680130832199794,58,-1.987298209181799,-1.987298209181799,-1.97,-1.97,True,5,5,False,-1.786371377282661,0.09812745870286792,-1.976983275483715,0.01258135227125258,0.0015498975115000645
UCCUXODGPMAHRL-UHFFFAOYSA-N,-0.255493098718408,-0.255493098718408,1,-0.332927158923506,-0.332927158923506,-0.255493098718408,-0.255493098718408,False,1,1,False,-1.9125135150099994,2.0389244389701053,-0.7963305938740926,0.9170700636647123,1.0
UCLKLGIYGBLTSM-UHFFFAOYSA-N,-3.332706432690467,-3.211820159988006,5,-3.213716678889283,-3.213716678889283,-3.211820159988006,-3.211820159988006,True,2,2,False,-3.7208060091267323,0.5282086176564232,-3.7177058125713294,0.18815977498870273,0.26569604882290465
UCNVFOCBFJOQAL-UHFFFAOYSA-N,-3.3084026180300268,-3.776988787845133,17,-3.77888530674641,-3.77888530674641,-3.776988787845133,-3.776988787845133,True,2,2,False,-3.5577096442177742,0.27101308987004424,-3.881125427711601,0.10684223445594136,0.06434128768520007
UDHXJZHVNHGCEC-UHFFFAOYSA-N,-13.397382270182357,-13.397382270182357,1,-13.399278789083635,-13.399278789083635,-13.397382270182357,-13.397382270182357,False,1,1,False,-13.086209502799575,1.0605269289471333,-13.41721592921562,0.2826601920570561,1.0
UDMZPLROONOSEF-UHFFFAOYSA-N,-2.285307281441177,-2.285307281441177,2,-2.3249725709943645,-2.3249725709943645,-2.285307281441177,-2.285307281441177,True,2,2,False,-3.352882755571284,0.9638346123868675,-3.2752184691003916,0.27714620822117975,0.7768567077391272
UDPGUMQDCGORJQ-UHFFFAOYSA-N,-12.776080496357192,-12.776080496357192,1,-12.85351455656229,-12.85351455656229,-12.776080496357192,-12.776080496357192,False,1,1,False,-11.66372493073744,2.0389244389701053,-12.785573877645314,0.9285751673876895,1.0
UDSJPFPDKCMYBD-UHFFFAOYSA-N,-12.730848941882916,-12.730848941882916,1,-12.808283002088015,-12.808283002088015,-12.730848941882916,-12.730848941882916,False,1,1,False,-11.628497953253634,2.0389244389701053,-12.742397772941741,0.928423613974637,1.0
UDYXCMRDCOVQLG-UHFFFAOYSA-N,-2.5019138934518175,-2.5019138934518175,1,-2.5793479536569155,-2.5793479536569155,-2.5019138934518175,-2.5019138934518175,False,1,1,False,-3.6620579574906276,2.0389244389701053,-2.9487894316159053,0.9150014749005292,1.0
UEMBNLWZFIWQFL-UHFFFAOYSA-N,-8.820284367506702,-8.820284367506702,2,-8.85900139760925,-8.85900139760925,-8.39,-8.39,True,2,2,False,-8.398048607656515,0.25173405562532325,-8.390683533350275,0.028275795618177398,0.9227586411673467
UEMGWPRHOOEKTA-UHFFFAOYSA-N,-0.6860389263147381,-0.6860389263147381,1,-0.687935445216015,-0.687935445216015,-0.6860389263147381,-0.6860389263147381,False,1,1,False,-1.135524803412236,1.0605269289471333,-0.7561909161874246,0.28228161833057164,1.0
UETIKWAWMZLQQZ-UHFFFAOYSA-N,-1.956696898706055,-1.956696898706055,1,-2.034130958911153,-2.034130958911153,-1.956696898706055,-1.956696898706055,False,1,1,False,-3.237435213016506,2.0389244389701053,-2.4262691070413003,0.9153393339301803,1.0
UEXCJVNBTNXOEH-UHFFFAOYSA-N,-1.7104163318621826,-2.190112296987457,3,-2.192008815888734,-2.192008815888734,-2.190112296987457,-2.190112296987457,True,1,1,False,-1.9968725309738165,0.624886973339966,-2.122782836417889,0.19429768358089358,0.23422041132062152
UFBJCMHMOXMLKC-UHFFFAOYSA-N,-7.35201660707506,-7.306042796790019,3,-7.3079393156912955,-7.3079393156912955,-7.306042796790019,-7.306042796790019,False,2,2,False,-7.533897481081537,0.7231280539469104,-7.374277014499568,0.1955754343919536,1.0
UFFBMTHBGFGIHF-UHFFFAOYSA-N,-5.31340633655375,-5.2114229115077615,9,-5.2133194304090384,-5.2133194304090384,-5.21,-5.21,False,4,4,False,-5.2896340418609835,0.22402588029638745,-5.221533531306287,0.026199149465418264,0.7851446196350017
UFGXCDQXRUFDMA-UHFFFAOYSA-N,-1.861199620222928,-1.861199620222928,1,-1.938633680428026,-1.938633680428026,-1.861199620222928,-1.861199620222928,False,1,1,False,-3.1630605752665883,2.0389244389701053,-2.3347527954940306,0.9154092365675166,1.0
UFHFLCQGNIYNRP-UHFFFAOYSA-N,2.2555836442695534,2.2455041248959087,50,2.246495151199078,2.246495151199078,2.315,2.315,False,5,5,False,2.1769562106294575,0.1554759791083827,2.276047494197632,0.015238471287565107,0.7234976080614105
UFHLMYOGRXOCSL-UHFFFAOYSA-N,-4.560536017856235,-4.560536017856235,2,-4.600201307409422,-4.600201307409422,-4.560536017856235,-4.560536017856235,True,2,2,False,-4.1104766080219415,0.9638346123868675,-3.405868893299177,0.28097270566693566,0.43751765232893736
UFLHIIWVXFIJGU-ARJAWSKDSA-N,-6.475759286032507,-6.476398739568674,4,-6.475407713265506,-6.475407713265506,-6.476398739568674,-6.476398739568674,False,1,1,False,-6.617692693435347,0.7691402364010834,-6.478257023823542,0.06546649615864111,1.0
UFNIBRDIUNVOMX-UHFFFAOYSA-N,-2.408900043129787,-2.522548404443114,6,-2.562213693996301,-2.562213693996301,-2.522548404443114,-2.522548404443114,True,2,2,False,-2.6867131200048497,0.4756471605486157,-2.5343607726485966,0.1437251826544467,0.6902193020414293
UFWIBTONFRDIAS-UHFFFAOYSA-N,-2.2993484426651922,-2.39,74,-2.39,-2.39,-2.3924474187380493,-2.3924474187380493,True,5,5,False,-2.419935018094758,0.07265288404112372,-2.3961019161324724,0.006716995106876176,0.0044169658803638314
UFYNVPISRBFSHO-UHFFFAOYSA-N,-4.111918688230321,-4.111918688230321,1,-4.113815207131598,-4.113815207131598,-4.111918688230321,-4.111918688230321,False,1,1,False,-4.356396724271562,1.0605269289471333,-4.168534609585244,0.2822085290980453,1.0
UGAYZIDINJCENU-UHFFFAOYSA-N,-8.962450309236225,-8.962450309236225,2,-9.002115598789413,-9.002115598789413,-8.962450309236225,-8.962450309236225,True,2,2,False,-10.781790734573994,0.9638346123868675,-11.740587259133372,0.28369932646905244,0.17288812415290833
UGCSPKPEHQEOSR-UHFFFAOYSA-N,0.645607118757289,0.82,4,0.82,0.82,0.82,0.82,True,3,3,False,0.374685466060551,0.18804872510470882,0.8175171396150406,0.01993311832429918,0.008130052587455458
UGFAIRIUMAVXCW-UHFFFAOYSA-N,2.218196561166815,2.218196561166815,2,2.2191875874699845,2.2191875874699845,2.218196561166815,2.218196561166815,False,1,1,False,1.6088683403296538,1.071004194705422,2.212451839022678,0.09238811745931286,1.0
UGNWTBMOAKPKBL-UHFFFAOYSA-N,-5.984321952359973,-5.984321952359973,1,-6.061756012565071,-6.061756012565071,-5.984321952359973,-5.984321952359973,False,1,1,False,-6.374206847937287,2.0389244389701053,-6.286583085204427,0.9152775850422441,1.0
UHCBBWUQDAVSMS-UHFFFAOYSA-N,-0.0550370162457523,-0.0550370162457523,2,-0.05693353514702926,-0.05693353514702926,-0.0550370162457523,-0.0550370162457523,False,1,1,False,-0.41876751431869896,0.7613827475557001,-0.11922510202000827,0.19976660584096462,1.0
UHCLFIWDCYOTOL-UHFFFAOYSA-N,-3.011592835756698,-2.931302599122555,5,-2.933199118023832,-2.933199118023832,-2.931302599122555,-2.931302599122555,True,2,2,False,-3.4154747860363615,0.5282086176564232,-3.2354289272537975,0.16444613253939105,0.695833327678313
UHHYOKRQTQBKSB-UHFFFAOYSA-N,-0.1344025186898053,-0.1344025186898053,1,-0.13629903759108225,-0.13629903759108225,-0.1344025186898053,-0.1344025186898053,False,1,1,False,-0.6168988330572858,1.0605269289471333,-0.2067368235450508,0.2823054553914921,1.0
UHOVQNZJYSORNB-MZWXYZOWSA-N,-1.1644105589353055,-1.1381184341878925,3,-1.137127407884723,-1.137127407884723,-1.1381184341878925,-1.1381184341878925,False,1,1,False,-1.5054287130697963,0.883504020380547,-1.1440593730799877,0.09219648043394012,0.5513010491168636
UHOVQNZJYSORNB-UHFFFAOYSA-N,-0.6709853462783061,-0.8718893975594046,124,-0.8737859164606816,-0.8737859164606816,-0.87,-0.87,True,5,5,False,-0.8629419951334798,0.060785279842087606,-0.8776768806599783,0.006527374098217404,0.0012213618734988633
UHXUZOCRWCRNSJ-UHFFFAOYSA-N,-12.914731348384567,-12.402803504759621,4,-12.404700023660897,-12.404700023660897,-12.402803504759621,-12.402803504759621,True,2,2,False,-13.315316352802391,0.6032128259600282,-12.493805656983549,0.19343500627579724,0.06392845940771663
UHZZMRAGKVHANO-UHFFFAOYSA-M,-16.3339591480572,-16.3339591480572,1,-16.335855666958476,-16.335855666958476,-16.3339591480572,-16.3339591480572,False,1,1,False,-15.8470588806841,1.0605269289471333,-16.342043577943528,0.28300426916339533,1.0
UIHCLUNTQKBZGK-UHFFFAOYSA-N,-3.2880835271314894,-3.443415319273081,3,-3.445311838174358,-3.445311838174358,-3.443415319273081,-3.443415319273081,False,2,2,False,-3.603828619006557,0.6844953500444738,-3.1296302338837383,0.12397444402580482,0.9308872041403452
UISUNVFOGSJSKD-UHFFFAOYSA-N,-13.82429496688068,-13.82429496688068,1,-13.826191485781958,-13.826191485781958,-13.82429496688068,-13.82429496688068,False,1,1,False,-13.487575345448155,1.0605269289471333,-13.842425707291895,0.2827040848837214,1.0
UJEUVDLASLOZIV-UHFFFAOYSA-N,3.517532095689552,3.517532095689552,1,3.515635576788275,3.515635576788275,3.517532095689552,3.517532095689552,False,1,1,False,2.816500607001211,1.0605269289471333,3.430713134213195,0.2825483970244003,1.0
UJOBWOGCFQCDNV-UHFFFAOYSA-N,-3.3192460565905697,-3.3192460565905697,2,-3.358911346143757,-3.358911346143757,-3.3192460565905697,-3.3192460565905697,True,2,2,False,-4.072368564244272,0.9638346123868675,-3.9006324901620246,0.27274322835142756,1.0
UKFXDFUAPNAMPJ-UHFFFAOYSA-N,-13.004584610322352,-13.004584610322352,1,-13.00648112922363,-13.00648112922363,-13.004584610322352,-13.004584610322352,False,1,1,False,-12.716917221357996,1.0605269289471333,-13.025983733396815,0.28262163209847985,1.0
UKSLKNUCVPZQCQ-UHFFFAOYSA-N,-6.422188436525419,-6.422188436525419,2,-6.461853726078607,-6.461853726078607,-6.422188436525419,-6.422188436525419,True,2,2,False,-5.864535671543929,0.9638346123868675,-5.233304999613898,0.28057511466444973,0.4257155336130403
ULBXWWGWDPVHAO-UHFFFAOYSA-N,-6.698524722425259,-8.646734111862761,3,-8.648630630764039,-8.648630630764039,-8.646734111862761,-8.646734111862761,True,2,2,False,-8.3033757801361,0.7231280539469104,-8.736392607874713,0.20100583818266435,0.14796074742194923
ULDHMXUKGWMISQ-UHFFFAOYSA-N,-4.413573134913414,-4.413573134913414,2,-4.453238424466601,-4.453238424466601,-4.413573134913414,-4.413573134913414,False,2,2,False,-4.63197769230114,0.9638346123868675,-4.316736225860029,0.27231655242895136,1.0
ULTHEAFYOOPTTB-UHFFFAOYSA-N,-1.9646764453254209,-1.9646764453254209,1,-1.9665729642266978,-1.9665729642266978,-1.9646764453254209,-1.9646764453254209,False,1,1,False,-2.3376474604070556,1.0605269289471333,-2.0297737389294177,0.2822392579404512,1.0
ULYZAYCEDJDHCC-UHFFFAOYSA-N,0.04644405945026392,-0.2414462947087582,19,-0.2445734040820131,-0.2445734040820131,-0.25,-0.25,True,5,5,False,-0.24376285596268946,0.11413250524571168,-0.2499601377765718,0.010808144761498883,0.004512630766238463
UMFJAHHVKNCGLG-UHFFFAOYSA-N,-5.670131528233439,-5.670131528233439,2,-5.672028047134715,-5.672028047134715,-5.670131528233439,-5.670131528233439,False,1,1,False,-5.860673910040117,0.7613827475557001,-5.722164129224379,0.21077093723587592,1.0
UMGDCJDMYOKAJW-UHFFFAOYSA-N,-12.582949736322071,-12.582949736322071,2,-12.622615025875257,-12.622615025875257,-12.582949736322071,-12.582949736322071,True,2,2,False,-10.772359632534998,0.9638346123868675,-9.768240320851167,0.2813546034927271,0.1309426018729922
UMIPWJGWASORKV-UHFFFAOYSA-N,0.708960920087953,0.7096276953874774,14,0.71,0.71,0.7098470363288719,0.7098470363288719,False,5,5,False,0.6834630903495076,0.12530334124215114,0.7056253016812454,0.012460758919285707,1.0
UMJSXTUELCDYKZ-UHFFFAOYSA-N,4.531229820943104,4.531229820943104,1,4.532220847246274,4.532220847246274,4.531229820943104,4.531229820943104,False,1,1,False,3.3017441731579567,1.4704237627620684,4.520737020173904,0.13061613367798974,1.0
UMKANAFDOQQUKE-UHFFFAOYSA-N,-7.079309173040225,-8.842104980313177,4,-8.844001499214455,-8.844001499214455,-8.842104980313177,-8.842104980313177,True,2,2,False,-6.869305819847276,0.6032128259600282,-8.878984491329831,0.19662810061129368,0.009800745816924285
UMNKXPULIDJLSU-UHFFFAOYSA-N,-0.43168309791857773,-0.4878059637682465,6,-0.48825871006730037,-0.48825871006730037,-0.4878059637682465,-0.4878059637682465,False,3,3,False,-0.7895257635141152,0.5294888151993109,-0.5071872197680886,0.080174211517657,1.0
UMPSXRYVXUPCOS-UHFFFAOYSA-N,-5.079328979551909,-5.079328979551909,1,-5.156763039757007,-5.156763039757007,-5.079328979551909,-5.079328979551909,False,1,1,False,-5.669385458386238,2.0389244389701053,-5.419227720603375,0.9148014731981993,1.0
UNAHYJYOSSSJHH-UHFFFAOYSA-N,-9.705197076956642,-9.705197076956642,2,-9.74486236650983,-9.74486236650983,-9.705197076956642,-9.705197076956642,False,2,2,False,-9.784398338804948,0.9638346123868675,-9.762142870204803,0.2704563829005131,1.0
UNBOSJFEZZJZLR-UHFFFAOYSA-N,-6.396989890075819,-6.396989890075819,2,-6.436655179629007,-6.436655179629007,-6.396989890075819,-6.396989890075819,True,2,2,False,-9.316203545211211,0.9638346123868675,-10.816799956618855,0.28321645025048514,0.071659248448246
UNCGJRRROFURDV-UHFFFAOYSA-N,-2.913039383910185,-2.913039383910185,1,-2.914935902811462,-2.914935902811462,-2.913039383910185,-2.913039383910185,False,1,1,False,-3.22925947599144,1.0605269289471333,-2.9743900424661356,0.28221944790089937,1.0
UNFUYWDGSFDHCW-UHFFFAOYSA-N,-1.1073947416719445,-1.1967457910906882,6,-1.1957547647875189,-1.1957547647875189,-1.1967457910906882,-1.1967457910906882,False,3,3,False,-1.4225516705430827,0.6070485976857052,-1.247334417117243,0.06637288194417315,0.9487784956885004
UNLYSVIDNRIVFJ-UHFFFAOYSA-N,-9.124876923276227,-9.152966241191704,3,-9.194945243575155,-9.194945243575155,-9.152966241191704,-9.152966241191704,False,2,2,False,-9.280143357764366,0.7231280539469104,-9.173579762619923,0.1970411481371507,1.0
UNMYTEORJFXQBK-UHFFFAOYSA-N,-13.62259377882276,-13.62259377882276,1,-13.624490297724037,-13.624490297724037,-13.62259377882276,-13.62259377882276,False,1,1,False,-13.297944144656546,1.0605269289471333,-13.64152928644456,0.2826830891535182,1.0
UNXHWFMMPAWVPI-UHFFFAOYSA-N,-15.959107592853076,-15.959107592853076,1,-16.036541653058173,-16.036541653058173,-15.959107592853076,-15.959107592853076,False,1,1,False,-14.142711672667286,2.0389244389701053,-15.817803514809674,0.9418551398986685,1.0
UOAMTSKGCBMZTC-UHFFFAOYSA-N,-6.946056099798728,-6.946056099798728,2,-6.985721389351916,-6.985721389351916,-6.946056099798728,-6.946056099798728,False,2,2,False,-7.094764758834164,0.9638346123868675,-6.919097370096022,0.27123043881617676,1.0
UOCLXMDMGBRAIB-UHFFFAOYSA-N,0.6564784369312958,-0.1743778795118809,101,-0.17627439841315787,-0.17627439841315787,-0.25,-0.25,True,5,5,False,0.18215440917183182,0.086710494940846,-0.23442044174535262,0.012594778739770836,0.004793791358076898
UOORRWUZONOOLO-OWOJBTEDSA-N,-1.5074979828477262,-1.5179615151645027,11,-1.5198580340657797,-1.5198580340657797,-1.5179615151645027,-1.5179615151645027,False,2,2,False,-1.766988001200447,0.34100479671977335,-1.538954902698257,0.09677118066087383,0.722151907451687
UOORRWUZONOOLO-UPHRSURJSA-N,-1.3310058360806365,-1.271936596321895,7,-1.2738331152231719,-1.2738331152231719,-1.271936596321895,-1.271936596321895,False,1,1,False,-1.5902437066586559,0.4115346917445161,-1.3696614660921744,0.11489193955585779,0.8610946044669863
UPMXNNIRAGDFEH-UHFFFAOYSA-N,-9.693517319213761,-9.0,3,-9.0,-9.0,-9.0,-9.0,True,3,3,False,-9.07589068215303,0.21150683826603325,-9.00076990724685,0.01999725171493709,0.1007508547759004
UPNBETHEXPIWQX-UHFFFAOYSA-N,-3.6409741757035703,-3.697547987474848,5,-3.6994445063761248,-3.6994445063761248,-3.697547987474848,-3.697547987474848,True,1,1,False,-3.8817943823612158,0.48605923627515846,-3.7756759044736543,0.14872122785558806,0.3955017398773155
UQDUPQYQJKYHQI-UHFFFAOYSA-N,-2.8367700493291923,-2.8367700493291923,1,-2.9142041095342903,-2.9142041095342903,-2.8367700493291923,-2.8367700493291923,False,1,1,False,-3.9228486908737796,2.0389244389701053,-3.2697280398105235,0.9148454038462553,1.0
UQEAIHBTYFGYIE-UHFFFAOYSA-N,3.089555456337172,3.089555456337172,1,3.087658937435895,3.087658937435895,3.089555456337172,3.089555456337172,False,1,1,False,2.414134489019577,1.0605269289471333,3.0044381531949735,0.2825122285597299,1.0
UQMGJOKDKOLIDP-UHFFFAOYSA-N,-3.295050549670338,-3.38703233075552,6,-3.3874850770545737,-3.3874850770545737,-3.38703233075552,-3.38703233075552,True,3,3,False,-3.953082519218945,0.5004085170150036,-3.506126842828867,0.106257143352338,0.26844131046128067
UQMRAFJOBWOFNS-UHFFFAOYSA-N,-6.4121409331407655,-6.4121409331407655,1,-6.4140374520420425,-6.4140374520420425,-6.4121409331407655,-6.4121409331407655,False,1,1,False,-6.518971524102091,1.0605269289471333,-6.459672076485081,0.2822317139979646,1.0
UQPQKLGBEKEZBV-UHFFFAOYSA-N,-2.8047255422958353,-2.8047255422958353,2,-2.844390831849023,-2.844390831849023,-2.8047255422958353,-2.8047255422958353,True,2,2,False,-3.8390135403189496,0.9638346123868675,-3.780281054260326,0.277150731938242,0.7866357079241401
UQXKXGWGFRWILX-UHFFFAOYSA-N,-5.500121616460415,-5.500121616460415,2,-5.500574362759469,-5.500574362759469,-5.500121616460415,-5.500121616460415,False,2,2,False,-5.63825903308871,0.8775947309896613,-5.588249746358846,0.11967086670221556,1.0
URAYPUMNDPQOKB-UHFFFAOYSA-N,-8.569056694875712,-8.569056694875712,2,-8.608721984428898,-8.608721984428898,-8.569056694875712,-8.569056694875712,False,2,2,False,-8.723229536999698,0.9638346123868675,-8.656323175857986,0.2703587391830358,1.0
URDNHJIVMYZFRT-UHFFFAOYSA-N,-10.007122457885648,-10.007122457885648,1,-10.084556518090746,-10.084556518090746,-10.007122457885648,-10.007122457885648,False,1,1,False,-9.507221056206285,2.0389244389701053,-10.13918432408896,0.920959615749008,1.0
URLKBWYHVLBVBO-UHFFFAOYSA-N,-0.786037231536731,-0.8,51,-0.8,-0.8,-0.8054493307839388,-0.8054493307839388,True,5,5,False,-0.8301194746910376,0.07771774100546418,-0.805742907688766,0.006947754008806102,0.10080968226695104
URUJZHZLCCIILC-UHFFFAOYSA-N,-3.716330715214972,-3.716330715214972,2,-3.7559960047681593,-3.7559960047681593,-3.716330715214972,-3.716330715214972,False,2,2,False,-4.095838079535028,0.9638346123868675,-3.801112757136411,0.27064407389660133,1.0
URYYVOIYTNXXBN-UHFFFAOYSA-N,0.2484819258751394,0.2484819258751394,1,0.17104786567004138,0.17104786567004138,0.2484819258751394,0.2484819258751394,False,1,1,False,-1.520010603047187,2.0389244389701053,-0.3136485275599499,0.917783636272284,1.0
USIUVYZYUHIAEV-UHFFFAOYSA-N,0.07795938765601496,0.07795938765601496,2,0.03829409810282747,0.03829409810282747,0.07795938765601496,0.07795938765601496,True,2,2,False,-2.1332370016029474,0.9638346123868675,-2.645321277348824,0.2816377841973227,0.181532178406008
USMNOWBWPHYOEA-UHFFFAOYSA-N,-3.271422836511512,-3.271422836511512,1,-3.34885689671661,-3.34885689671661,-3.271422836511512,-3.271422836511512,False,1,1,False,-4.261362459089581,2.0389244389701053,-3.6863335189872486,0.9147009206881191,1.0
USSIUIGPBLPCDF-UHFFFAOYSA-N,-9.399944076451586,-9.399944076451586,2,-9.439609366004774,-9.439609366004774,-9.399944076451586,-9.399944076451586,True,2,2,False,-9.837314052670184,0.9638346123868675,-9.935829751341167,0.273423097400035,1.0
UTKDCNDVTOWUHW-UHFFFAOYSA-N,4.478917786846876,4.478917786846876,1,4.479908813150045,4.479908813150045,4.478917786846876,4.478917786846876,False,1,1,False,3.2554499922272404,1.4704237627620684,4.468469296949884,0.13061562367523988,1.0
UTMWFJSRHLYRPY-UHFFFAOYSA-N,-0.2377458860097794,-0.2377458860097794,1,-0.31517994621487744,-0.31517994621487744,-0.2377458860097794,-0.2377458860097794,False,1,1,False,-1.8986917335179938,2.0389244389701053,-0.7793315425685655,0.9170936080473657,1.0
UUIQMZJEGPQKFD-UHFFFAOYSA-N,-2.518075468806438,-2.83,24,-2.83,-2.83,-2.83,-2.83,True,5,5,False,-2.7735734652640973,0.09495063642199175,-2.824907325695809,0.008943228020019903,0.0029162171547324105
UUTNFLRSJBQQJM-UHFFFAOYSA-N,-2.8036985947393136,-3.2986595595356833,4,-3.3005560784369603,-3.3005560784369603,-3.2986595595356833,-3.2986595595356833,True,2,2,False,-3.533446398069829,0.6032128259600282,-3.4480855240873995,0.17621958928978787,0.6371614019355899
UVJHQYIOXKWHFD-UHFFFAOYSA-N,-0.5307928196452159,-0.5307928196452159,2,-0.5704581091984033,-0.5704581091984033,-0.5307928196452159,-0.5307928196452159,False,2,2,False,-1.072864091080286,0.9638346123868675,-0.6343479110373785,0.27082367586557476,1.0
UVVYAKOLFKEZEE-UHFFFAOYSA-N,3.5584595007537487,3.5584595007537487,1,3.5565629818524718,3.5565629818524718,3.5584595007537487,3.5584595007537487,False,1,1,False,2.8549788779639957,1.0605269289471333,3.471477740332746,0.2825519636186484,1.0
UWEZBKLLMKVIPI-UHFFFAOYSA-N,-6.129560106286579,-6.129560106286579,1,-6.131456625187856,-6.131456625187856,-6.129560106286579,-6.129560106286579,False,1,1,False,-6.25330059755476,1.0605269289471333,-6.1782076260171,0.2822257379151109,1.0
UWKAYLJWKGQEPM-UHFFFAOYSA-N,-3.2049418341868137,-3.2049418341868137,1,-3.2823758943919117,-3.2823758943919117,-3.2049418341868137,-3.2049418341868137,False,1,1,False,-4.2095861096093765,2.0389244389701053,-3.6226118381864456,0.9147187759904852,1.0
UWKQJZCTQGMHKD-UHFFFAOYSA-N,-0.4063097514340343,-0.4063097514340343,1,-0.4063097514340343,-0.4063097514340343,-0.4063097514340343,-0.4063097514340343,False,1,1,False,-0.42043792427242066,0.2532417579784302,-0.4064681130356939,0.028283798947269633,1.0
UWKZWXCTDPYXHU-UHFFFAOYSA-N,-1.8339146835134643,-1.8339146835134643,1,-1.9113487437185623,-1.9113487437185623,-1.8339146835134643,-1.8339146835134643,False,1,1,False,-3.1418106787666127,2.0389244389701053,-2.308605617353893,0.9154297979781851,1.0
UWNADWZGEHDQAB-UHFFFAOYSA-N,2.955101788505983,2.971833361500257,3,2.96993684259898,2.96993684259898,2.971833361500257,2.971833361500257,False,2,2,False,2.4842953433938573,0.7231280539469104,2.910153939050431,0.1959445745298292,1.0
UWSDONTXWQOZFN-UHFFFAOYSA-N,-6.319254393947411,-6.22071490020111,4,-6.221167646500164,-6.221167646500164,-6.22071490020111,-6.22071490020111,True,3,3,False,-6.510110563446153,0.7264233182696221,-6.120872959577832,0.08874086684885196,1.0
UWTUEMKLYAGTNQ-UPHRSURJSA-N,-1.1860135710828503,-1.1860135710828503,2,-1.2256788606360378,-1.2256788606360378,-1.1860135710828503,-1.1860135710828503,False,2,2,False,-1.6172872703171706,0.9638346123868675,-1.1775046474780584,0.271829953533729,1.0
UWVKRNOCDUPIDM-UHFFFAOYSA-N,-8.559549399366865,-8.559549399366865,1,-8.561445918268141,-8.561445918268141,-8.559549399366865,-8.559549399366865,False,1,1,False,-8.53787706432918,1.0605269289471333,-8.598590419083628,0.2823058227200674,1.0
UWVQIROCRJWDKL-UHFFFAOYSA-N,-13.412794861259457,-13.412794861259457,2,-13.452460150812644,-13.452460150812644,-13.412794861259457,-13.412794861259457,False,2,2,False,-13.27710869820195,0.9638346123868675,-13.411875362628953,0.27064528165288454,1.0
UXADOQPNKNTIHB-UHFFFAOYSA-N,-8.868802725974371,-8.868802725974371,2,-8.908468015527559,-8.908468015527559,-8.868802725974371,-8.868802725974371,True,2,2,False,-10.059554221860248,0.9638346123868675,-10.576246369929649,0.2828404642910397,0.39168038170464503
UXFSPRAGHGMRSQ-UHFFFAOYSA-N,-3.655922599383702,-3.6810306437263,8,-3.6815391969407267,-3.6815391969407267,-3.683078393881453,-3.683078393881453,False,4,4,False,-3.6997531146250684,0.1573603889768699,-3.680518261069533,0.01603633389396084,0.9987616168145684
UYJUZNLFJAWNEZ-UHFFFAOYSA-N,-12.098444057293584,-12.098444057293584,1,-12.10034057619486,-12.10034057619486,-12.098444057293584,-12.098444057293584,False,1,1,False,-11.865000964387441,1.0605269289471333,-12.123449844998888,0.28253932388659503,1.0
UYVBJPIPRAJEKW-UHFFFAOYSA-N,-2.9389546202467853,-2.9389546202467853,1,-3.0163886804518834,-3.0163886804518834,-2.9389546202467853,-2.9389546202467853,False,1,1,False,-4.002431487015657,2.0389244389701053,-3.367668184259327,0.9148055425681819,1.0
UZFLPKAIBPNNCA-UHFFFAOYSA-N,-3.503578595790816,-3.503578595790816,1,-3.581012655995914,-3.581012655995914,-3.503578595790816,-3.503578595790816,False,1,1,False,-4.442168663959661,2.0389244389701053,-3.9088558029769107,0.9146505724773187,1.0
UZGLIIJVICEWHF-UHFFFAOYSA-N,-4.5361571651680075,-4.5361571651680075,1,-4.6135912253731055,-4.6135912253731055,-4.5361571651680075,-4.5361571651680075,False,1,1,False,-5.24635552944532,2.0389244389701053,-4.898601767492964,0.9146524409153547,1.0
UZILCZKGXMQEQR-UHFFFAOYSA-N,1.086130216086339,1.086130216086339,1,1.0842336971850621,1.0842336971850621,1.086130216086339,1.086130216086339,False,1,1,False,0.5305960841992392,1.0605269289471333,1.0089629573650718,0.28237015026536233,1.0
UZKWTJUDCOPSNM-UHFFFAOYSA-N,-1.438050683272256,-1.438050683272256,1,-1.439947202173533,-1.439947202173533,-1.438050683272256,-1.438050683272256,False,1,1,False,-1.8425354752596972,1.0605269289471333,-1.5052292837589158,0.28225452567137027,1.0
UZYYBZNZSSNYSA-UHFFFAOYSA-N,-1.6191354361437174,-1.6165046461813923,3,-1.6184011650826693,-1.6184011650826693,-1.6165046461813923,-1.6165046461813923,False,2,2,False,-1.9131951399760958,0.6844953500444738,-1.6424032521053227,0.1094638092945932,1.0
VAHKBZSAUKPEOV-UHFFFAOYSA-N,-2.4544143783461365,-2.4424432219066374,6,-2.4443397408079144,-2.4443397408079144,-2.4424432219066374,-2.4424432219066374,True,2,2,False,-2.782837218275443,0.4756471605486157,-2.622927497075381,0.1417288215251987,0.6147957044102595
VAIYLVSTCHKPAY-UHFFFAOYSA-N,-4.71554282247944,-4.71554282247944,1,-4.792976882684538,-4.792976882684538,-4.71554282247944,-4.71554282247944,False,1,1,False,-5.386063628901013,2.0389244389701053,-5.070543865754349,0.9146903560397331,1.0
VAIZTNZGPYBOGF-UHFFFAOYSA-N,-6.83452028222865,-6.791541019265601,3,-6.793437538166878,-6.793437538166878,-6.791541019265601,-6.791541019265601,True,2,2,False,-6.817465834536712,0.7231280539469104,-6.610039153443171,0.21953972615539838,0.8884161743920699
VAJVDSVGBWFCLW-UHFFFAOYSA-N,-6.775704126784416,-6.930373924204039,8,-6.92938289790087,-6.92938289790087,-6.92,-6.92,True,4,4,False,-6.955650431549226,0.22636288206411329,-6.9226465920956795,0.026157149726126403,1.0
VAYGXNSJCAHWJZ-UHFFFAOYSA-N,-5.069228602055532,-5.069228602055532,1,-5.071125120956809,-5.071125120956809,-5.069228602055532,-5.069228602055532,False,1,1,False,-5.2564203197511095,1.0605269289471333,-5.122064112948102,0.282211127704544,1.0
VBLJFQYCTRKKKF-UHFFFAOYSA-N,-8.249389740300842,-8.249389740300842,1,-8.32682380050594,-8.32682380050594,-8.249389740300842,-8.249389740300842,False,1,1,False,-8.138273833750656,2.0389244389701053,-8.456616320387916,0.9177409928115474,1.0
VBNJGYOQZAENPO-UHFFFAOYSA-N,-3.9896909835887353,-3.9896909835887353,2,-4.029356273141923,-4.029356273141923,-3.9896909835887353,-3.9896909835887353,False,2,2,False,-4.355994922258698,0.9638346123868675,-4.073900991911871,0.2706249174085946,1.0
VBZCRMTUDYIWIH-UHFFFAOYSA-N,3.599386905817945,3.599386905817945,1,3.597490386916668,3.597490386916668,3.599386905817945,3.599386905817945,False,1,1,False,2.8934571489267795,1.0605269289471333,3.5122423340694233,0.2825555490521785,1.0
VCZQFJFZMMALHB-UHFFFAOYSA-N,2.797605705607488,2.797605705607488,2,2.797152959308434,2.797152959308434,2.797605705607488,2.797605705607488,False,2,2,False,2.2903657918560625,0.8775947309896613,2.7621201928566967,0.11855677702642649,1.0
VDIFKDMFGPIVCQ-UHFFFAOYSA-N,-6.380541655236721,-6.884166438079054,5,-6.886062956980331,-6.886062956980331,-6.884166438079054,-6.884166438079054,True,2,2,False,-6.46093112672758,0.5282086176564232,-6.845336647426767,0.20218548477309234,0.06875679719042298
VEDTXTNSFWUXGQ-UHFFFAOYSA-N,-6.739640083095816,-6.801248599340521,4,-6.838582880585056,-6.838582880585056,-6.801248599340521,-6.801248599340521,False,2,2,False,-6.949778810710183,0.6032128259600282,-6.785067816450675,0.16720154739207987,1.0
VEENJGZXVHKXNB-SREVYHEPSA-N,-11.857230720206214,-11.857230720206214,2,-11.896896009759402,-11.896896009759402,-11.857230720206214,-11.857230720206214,False,2,2,False,-11.832158975648696,0.9638346123868675,-11.909260931462983,0.27043579788251493,1.0
VEENJGZXVHKXNB-VOTSOKGWSA-N,-11.515005315374314,-11.515005315374314,2,-11.554670604927502,-11.554670604927502,-11.515005315374314,-11.515005315374314,False,2,2,False,-11.711751740441724,0.9638346123868675,-11.851011535995305,0.27132462176495525,1.0
VEFLKXRACNJHOV-UHFFFAOYSA-N,-2.0906979646731454,-1.9645712970665425,8,-1.965519556517181,-1.965519556517181,-1.9623135755258125,-1.9623135755258125,True,5,5,False,-2.0179198160018963,0.19987395519672094,-1.9644858657652127,0.01943397267064855,0.9289735594889375
VEFNQGLEDJPUJF-UHFFFAOYSA-N,-4.693045207930195,-4.693045207930195,1,-4.694941726831472,-4.694941726831472,-4.693045207930195,-4.693045207930195,False,1,1,False,-4.902748090882702,1.0605269289471333,-4.747366292884399,0.28220890804382875,1.0
VEMKTZHHVJILDY-UHFFFAOYSA-N,-7.312818780892613,-7.312818780892613,1,-7.31471529979389,-7.31471529979389,-7.312818780892613,-7.312818780892613,False,1,1,False,-7.365751969175813,1.0605269289471333,-7.356790548682014,0.2822566167505058,1.0
VEUUMBGHMNQHGO-UHFFFAOYSA-N,-3.792642110227771,-3.792642110227771,1,-3.794538629129048,-3.794538629129048,-3.792642110227771,-3.792642110227771,False,1,1,False,-4.056225954559123,1.0605269289471333,-3.8505188561129353,0.28220989693787235,1.0
VEVZCONIUDBCDC-UHFFFAOYSA-N,-9.74361370435008,-9.74361370435008,1,-9.745510223251358,-9.745510223251358,-9.74361370435008,-9.74361370435008,False,1,1,False,-9.651085856654047,1.0605269289471333,-9.777966232983442,0.28236844938049405,1.0
VEXZGXHMUGYJMC-UHFFFAOYSA-N,-10.502218544611296,-10.502218544611296,1,-10.501227518308127,-10.501227518308127,-10.502218544611296,-10.502218544611296,False,1,1,False,-10.002291708286236,1.4704237627620684,-10.499995956884023,0.1305929256347571,1.0
VFDYKPARTDCDCU-UHFFFAOYSA-N,-0.9730180161304605,-0.9730180161304605,2,-0.9749145350317374,-0.9749145350317374,-0.9730180161304605,-0.9730180161304605,False,1,1,False,-1.3084349391070587,0.7613827475557001,-1.0353901770781802,0.19976457183882199,1.0
VFWCMGCRMGJXDK-UHFFFAOYSA-N,1.25110719399158,-0.14,25,-0.14,-0.14,-0.14,-0.14,True,5,5,False,0.27400970300425875,0.13306726310279168,-0.14340509677359364,0.013707802913735476,0.004499677262997222
VGGGRWRBGXENKI-UHFFFAOYSA-N,-3.4765962368067718,-3.517851624915432,3,-3.542745638958511,-3.542745638958511,-3.517851624915432,-3.517851624915432,False,2,2,False,-3.7845428597440125,0.7231280539469104,-3.53089307492299,0.19721805019851013,1.0
VGGPULNMTUAGOK-UHFFFAOYSA-N,-1.7371857389567091,-1.7371857389567091,1,-1.739082257857986,-1.739082257857986,-1.7371857389567091,-1.7371857389567091,False,1,1,False,-2.1237700101401678,1.0605269289471333,-1.8031820286839169,0.28224547914572506,1.0
VGGSQFUCUMXWEO-UHFFFAOYSA-N,1.3483798332154333,1.281196012672421,30,1.2802477532217824,1.2802477532217824,1.27,1.27,True,5,5,False,1.256471912327556,0.09566200303704471,1.2749269671271777,0.0080836519821671,0.4287518011605106
VGPIBGGRCVEHQZ-UHFFFAOYSA-N,-10.636150968448675,-10.636150968448675,2,-10.675816258001863,-10.675816258001863,-10.636150968448675,-10.636150968448675,True,2,2,False,-13.113601945478731,0.9638346123868675,-14.65036330535983,0.2841915250223971,0.08611292439042761
VGPYEHKOIGNJKV-UHFFFAOYSA-N,-12.692897646643027,-12.692897646643027,2,-12.732562936196215,-12.732562936196215,-12.692897646643027,-12.692897646643027,True,2,2,False,-13.331315825866728,0.9638346123868675,-13.77586368293289,0.2814896848538409,0.6956364217933992
VGQXTTSVLMQFHM-UHFFFAOYSA-N,-2.6645751054416684,-2.6530238823286894,4,-2.653476628627743,-2.653476628627743,-2.6530238823286894,-2.6530238823286894,False,2,2,False,-2.9226088824874012,0.6872881966258096,-2.671261834228762,0.07954200040879394,0.9071421136290754
VGVIKVCCUATMNG-UHFFFAOYSA-N,-2.456473682023556,-2.794225682390671,4,-2.796122201291948,-2.796122201291948,-2.794225682390671,-2.794225682390671,True,2,2,False,-3.027479371251004,0.6032128259600282,-2.850033747194708,0.1619642250117794,0.9799134390004612
VGVRPFIJEJYOFN-UHFFFAOYSA-N,-4.574477617328901,-4.574477617328901,2,-4.614142906882089,-4.614142906882089,-4.574477617328901,-4.574477617328901,False,2,2,False,-4.9848589759118775,0.9638346123868675,-4.7574483075007645,0.2701775855952385,1.0
VHCNQEUWZYOAEV-UHFFFAOYSA-N,-15.558301710930914,-15.56499079900574,3,-15.642424859210838,-15.642424859210838,-15.56499079900574,-15.56499079900574,True,2,2,False,-15.541836398103412,0.7231280539469104,-14.48413563470202,0.2810996155929896,0.07626922489912384
VHGHHZZTMJLTJX-UHFFFAOYSA-N,-2.379613417702758,-2.379613417702758,1,-2.457047477907856,-2.457047477907856,-2.379613417702758,-2.379613417702758,False,1,1,False,-3.5668086087661397,2.0389244389701053,-2.831575912350459,0.9150682179061269,1.0
VHHHONWQHHHLTI-UHFFFAOYSA-N,-0.629378304051228,-1.0894914459456504,13,-1.0913879648469273,-1.0913879648469273,-1.4,-1.4,True,5,5,False,-1.3319559973050545,0.1428513998073181,-1.3965517497807454,0.014096152019078857,0.003135800502205814
VHNPZYZQKWIWOD-UHFFFAOYSA-N,-5.8360936173891735,-5.978500344751958,5,-5.980396863653235,-5.980396863653235,-5.978500344751958,-5.978500344751958,True,1,1,False,-6.0493212948387765,0.48605923627515846,-5.924038449591005,0.14242414069103998,0.7962636048819406
VISJRVXHPNMYRH-UHFFFAOYSA-N,-1.8537921170872105,-1.8537921170872105,1,-1.8556886359884874,-1.8556886359884874,-1.8537921170872105,-1.8537921170872105,False,1,1,False,-2.2333985538178465,1.0605269289471333,-1.9193275877261233,0.2822422192396152,1.0
VITXVDNQHXYQSK-UHFFFAOYSA-N,-3.130536964615593,-3.130536964615593,2,-3.17020225416878,-3.17020225416878,-3.130536964615593,-3.130536964615593,False,2,2,False,-3.5394995896314665,0.9638346123868675,-3.2181596788601197,0.27067621011167037,1.0
VIUDTWATMPPKEL-UHFFFAOYSA-N,-4.336130451727981,-4.336130451727981,1,-4.413564511933079,-4.413564511933079,-4.336130451727981,-4.336130451727981,False,1,1,False,-5.090571882113034,2.0389244389701053,-4.706873270222053,0.914623292368312,1.0
VIZORQUEIQEFRT-UHFFFAOYSA-N,-5.70344647806663,-5.70344647806663,1,-5.780880538271728,-5.780880538271728,-5.70344647806663,-5.70344647806663,False,1,1,False,-6.155457036579105,2.0389244389701053,-6.017401957218601,0.9150992268104944,1.0
VJRKXIWXOWSLKQ-UHFFFAOYSA-N,-4.390388753312387,-4.390388753312387,1,-4.392285272213664,-4.392285272213664,-4.390388753312387,-4.390388753312387,False,1,1,False,-4.6182028808662645,1.0605269289471333,-4.4459050139732,0.2822082486405277,1.0
VJRKXIWXOWSLKQ-ZBHICJROSA-N,-5.364042546774536,-5.364042546774536,1,-5.365939065675813,-5.365939065675813,-5.364042546774536,-5.364042546774536,False,1,1,False,-5.5335923229775945,1.0605269289471333,-5.415713753488035,0.28221395195009646,1.0
VJXRKZJMGVSXPX-UHFFFAOYSA-N,-4.846927461976276,-4.73393651909213,15,-4.732945492788961,-4.732945492788961,-4.737093690248566,-4.737093690248566,True,5,5,False,-4.755895492664673,0.11681088596419535,-4.733378790813155,0.012346531717393572,0.6142569804658614
VJYFKVYYMZPMAB-UHFFFAOYSA-N,-7.064562790992055,-7.064823661335631,3,-7.0673818201123755,-7.0673818201123755,-7.064823661335631,-7.064823661335631,False,2,2,False,-7.287078571097962,0.7231280539469104,-7.129674424449561,0.1954481091651046,1.0
VJYIFXVZLXQVHO-UHFFFAOYSA-N,-16.80625270940726,-16.80625270940726,2,-16.845917998960445,-16.845917998960445,-16.80625270940726,-16.80625270940726,True,2,2,False,-16.932159840495604,0.9638346123868675,-17.391599200014916,0.2764818992602028,1.0
VKCYHJWLYTUGCC-UHFFFAOYSA-N,-2.319071969597291,-2.4891308640126306,24,-2.4901429324690394,-2.4901429324690394,-2.4880497131931167,-2.4880497131931167,True,5,5,False,-2.4832135438696055,0.1185143973313563,-2.489857071388423,0.012217143290438739,0.02022240055092546
VKYKSIONXSXAKP-UHFFFAOYSA-N,-9.78670912791152,-9.78670912791152,1,-9.788605646812798,-9.788605646812798,-9.78670912791152,-9.78670912791152,False,1,1,False,-9.691602409864593,1.0605269289471333,-9.820890890347126,0.28237102167750483,1.0
VLHAGZNBWKUMRW-UHFFFAOYSA-N,3.353822475432763,3.353822475432763,1,3.351925956531486,3.351925956531486,3.353822475432763,3.353822475432763,False,1,1,False,2.662587523150072,1.0605269289471333,3.267654587230024,0.28253431894140346,1.0
VLIZIVHXZXQRDE-UHFFFAOYSA-N,3.613029374172678,3.613029374172678,1,3.6111328552714013,3.6111328552714013,3.613029374172678,3.613029374172678,False,1,1,False,2.906283239247709,1.0605269289471333,3.5258305292184513,0.28255674838405703,1.0
VLJXXKKOSFGPHI-UHFFFAOYSA-N,2.7386633572388543,2.7148512025917397,13,2.7129546836904628,2.7129546836904628,2.71,2.71,False,4,4,False,2.6050724124042186,0.20730622856841588,2.699560961647962,0.025685924577843352,0.8349754223155995
VLKZOEOYAKHREP-UHFFFAOYSA-N,2.284667197714021,2.48565965583174,34,2.48565965583174,2.48565965583174,2.49,2.49,True,5,5,False,2.4292643394475992,0.0901851794607741,2.4870829991436727,0.008799759005015666,0.004182476225718655
VLLVVZDKBSYMCG-UHFFFAOYSA-N,-2.0569816942674293,-2.0569816942674293,1,-2.0588782131687062,-2.0588782131687062,-2.0569816942674293,-2.0569816942674293,False,1,1,False,-2.424429077138113,1.0605269289471333,-2.1217142496342407,0.28223689587687395,1.0
VMKOFRJSULQZRM-UHFFFAOYSA-N,0.48960493435599545,0.5184137974798297,12,0.517961051180776,0.517961051180776,0.52,0.52,False,4,4,False,0.4309899607386567,0.2131699324188043,0.5158541391957185,0.024995790924618653,1.0
VMPITZXILSNTON-UHFFFAOYSA-N,-6.124680166322882,-6.125468291274831,7,-6.124477264971661,-6.124477264971661,-6.12,-6.12,False,3,3,False,-6.155200427066798,0.23000971377142393,-6.122256244392092,0.025754965417791948,1.0
VMVNZNXAVJHNDJ-UHFFFAOYSA-N,-0.6381014845701147,-0.6381014845701147,1,-0.6371104582669453,-0.6371104582669453,-0.6381014845701147,-0.6381014845701147,False,1,1,False,-1.2729194369022383,1.4704237627620684,-0.6442196541475227,0.1305802570474217,1.0
VNKYTQGIUYNRMY-UHFFFAOYSA-N,-1.6643196421265203,-1.66,21,-1.66,-1.66,-1.66,-1.66,False,5,5,False,-1.6761752545119517,0.09117499585818536,-1.6657217104344335,0.007951906861549583,0.9661833628713721
VNWKTOKETHGBQD-UHFFFAOYSA-N,2.042752268477281,1.994843248493431,45,1.9931753219347703,1.9931753219347703,2.0,2.0,True,5,5,False,1.9729590489202904,0.0785135710319914,1.9904137457892903,0.007219244015471363,0.3123214475474875
VOEYXMAFNDNNED-UHFFFAOYSA-N,-2.6776966535052793,-2.6776966535052793,2,-2.7173619430584672,-2.7173619430584672,-2.6776966535052793,-2.6776966535052793,True,2,2,False,-7.632429369575173,0.9638346123868675,-10.191598096472768,0.2828282414254526,0.024947235955237103
VOIZNVUXCQLQHS-UHFFFAOYSA-N,-5.933696662087179,-5.933696662087179,2,-5.973361951640367,-5.973361951640367,-5.933696662087179,-5.933696662087179,True,2,2,False,-6.018680263488645,0.9638346123868675,-5.745943489379377,0.2731381898367876,1.0
VOPWNXZWBYDODV-UHFFFAOYSA-N,0.187482018637004,0.12990768333143016,28,0.12945493703237632,0.12945493703237632,-0.5,-0.5,True,5,5,False,-0.3431053273564712,0.11649445307498435,0.10395398985184355,0.023927670309878607,0.01355893882214372
VOWAEIGWURALJQ-UHFFFAOYSA-N,-7.360868075183113,-7.360868075183113,2,-7.400533364736301,-7.400533364736301,-7.360868075183113,-7.360868075183113,False,2,2,False,-7.554630570304712,0.9638346123868675,-7.4245319100726626,0.27052079674042245,1.0
VOWZNBNDMFLQGM-UHFFFAOYSA-N,-5.1270094278147695,-5.1270094278147695,1,-5.1289059467160465,-5.1289059467160465,-5.1270094278147695,-5.1270094278147695,False,1,1,False,-5.310743486991495,1.0605269289471333,-5.179616751100437,0.28221160612523793,1.0
VPIAKHNXCOTPAY-UHFFFAOYSA-N,0.0032506633223452,0.0032506633223452,1,0.0013541444210682443,0.0013541444210682443,0.0032506633223452,0.0032506633223452,False,1,1,False,-0.487482945877414,1.0605269289471333,-0.06962838637842028,0.2823119272883681,1.0
VPOMSPZBQMDLTM-UHFFFAOYSA-N,-6.968154380260035,-6.968154380260035,2,-7.007819669813223,-7.007819669813223,-6.968154380260035,-6.968154380260035,False,2,2,False,-7.09951843242561,0.9638346123868675,-6.9179940233361705,0.2714457813907189,1.0
VPRAQYXPZIFIOH-UHFFFAOYSA-N,-11.741795542694131,-11.741795542694131,1,-11.743692061595407,-11.743692061595407,-11.741795542694131,-11.741795542694131,False,1,1,False,-11.529694629629429,1.0605269289471333,-11.768219207268986,0.282509461484976,1.0
VPUGDVKSAQVFFS-UHFFFAOYSA-N,0.6791766804400885,0.6791766804400885,1,0.6017426202349905,0.6017426202349905,0.6791766804400885,0.6791766804400885,False,1,1,False,-1.184579406887837,2.0389244389701053,0.09876542148086866,0.9184680636745722,1.0
VQOFJPFYTCHPTR-UHFFFAOYSA-N,-2.5921957483195492,-2.5921957483195492,1,-2.594092267220826,-2.594092267220826,-2.5921957483195492,-2.5921957483195492,False,1,1,False,-2.9276154228789406,1.0605269289471333,-2.654813770834583,0.2822250445805086,1.0
VQQKIXKPMJTUMP-UHFFFAOYSA-N,-3.9883572812730685,-3.9883572812730685,2,-3.9902538001743455,-3.9902538001743455,-3.9883572812730685,-3.9883572812730685,False,1,1,False,-4.230771152187253,0.7613827475557001,-4.044762344320363,0.19975207875635506,1.0
VQTUBCCKSQIDNK-UHFFFAOYSA-N,1.405956997713502,1.2665248171587111,19,1.2646282982574342,1.2646282982574342,1.16197896749522,1.16197896749522,True,5,5,False,1.2916858224792351,0.0985664900606498,1.1686735283469136,0.010058787750392421,0.0038943855552354715
VRHRGVJOUHJULC-UHFFFAOYSA-N,3.5038896273348197,3.5038896273348197,1,3.5019931084335427,3.5019931084335427,3.5038896273348197,3.5038896273348197,False,1,1,False,2.803674516680283,1.0605269289471333,3.4171249294330397,0.2825472123452996,1.0
VRVRZZWPKABUOE-UHFFFAOYSA-N,3.5584595007537487,3.5584595007537487,1,3.5565629818524718,3.5565629818524718,3.5584595007537487,3.5584595007537487,False,1,1,False,2.8549788779639957,1.0605269289471333,3.471477740332746,0.2825519636186484,1.0
VSKSUBSGORDMQX-UHFFFAOYSA-N,-3.784787658240192,-3.784787658240192,1,-3.86222171844529,-3.86222171844529,-3.784787658240192,-3.784787658240192,False,1,1,False,-4.661178278514925,2.0389244389701053,-4.178399247515733,0.9146145590144983,1.0
VSTCOEMHOLOHOQ-JTQLQIEISA-N,-8.775899006463396,-8.775899006463396,2,-8.815564296016582,-8.815564296016582,-8.775899006463396,-8.775899006463396,False,2,2,False,-9.07628063132354,0.9638346123868675,-9.078111972121272,0.27067663219139754,1.0
VTLYHLREPCPDKX-UHFFFAOYSA-N,-2.8431942279554194,-2.9658160077346483,8,-2.967712526635925,-2.967712526635925,-2.9658160077346483,-2.9658160077346483,True,2,2,False,-3.2449762955575845,0.4051574369535378,-3.0657285317560126,0.10999725596702127,0.9733055345702765
VTRWMTJQBQJKQH-UHFFFAOYSA-N,-5.414455478161768,-5.414455478161768,1,-5.491889538366866,-5.491889538366866,-5.414455478161768,-5.414455478161768,False,1,1,False,-5.9303867385317295,2.0389244389701053,-5.740430045647763,0.9149444923387033,1.0
VTTDWGUAWMLHPR-UHFFFAOYSA-N,-2.9116696835373195,-2.9116696835373195,1,-2.9891037437424175,-2.9891037437424175,-2.9116696835373195,-2.9116696835373195,False,1,1,False,-3.9811815905156793,2.0389244389701053,-3.3415164703626488,0.9148158312850267,1.0
VUNCWTMEJYMOOR-UHFFFAOYSA-N,-0.056004652828862,0.0545698734189294,7,0.05556089972209879,0.05556089972209879,0.0545698734189294,0.0545698734189294,False,3,3,False,-0.3319765534634906,0.4765813104286051,0.011686924969052484,0.07818716736825683,0.9963802980332882
VVGOCOMZRGWHPI-ARJAWSKDSA-N,-3.188611491862017,-3.192944378522538,3,-3.194840897423815,-3.194840897423815,-3.192944378522538,-3.192944378522538,False,1,1,False,-3.4443569939928946,0.624886973339966,-3.2458394952471394,0.16315781504017826,1.0
VVJKKWFAADXIJK-UHFFFAOYSA-N,-4.268201852964866,-4.268201852964866,2,-4.270098371866142,-4.270098371866142,-4.268201852964866,-4.268201852964866,False,1,1,False,-4.501984390227378,0.7613827475557001,-4.324053209143953,0.19974866709863065,1.0
VVQNEPGJFQJSBK-UHFFFAOYSA-N,-2.5567528910335344,-2.5567528910335344,2,-2.596418180586722,-2.596418180586722,-2.5567528910335344,-2.5567528910335344,False,2,2,False,-2.9828792749707955,0.9638346123868675,-2.6309114379804464,0.2708331582813709,1.0
VWONRLCRTWBFHH-UHFFFAOYSA-N,-14.439865288538009,-14.439865288538009,1,-14.517299348743107,-14.517299348743107,-14.439865288538009,-14.439865288538009,False,1,1,False,-12.959504173641562,2.0389244389701053,-14.37218823540831,0.9348429482147657,1.0
VXARVYMIZCGZGG-UHFFFAOYSA-N,3.490247158980087,3.490247158980087,1,3.48835064007881,3.48835064007881,3.490247158980087,3.490247158980087,False,1,1,False,2.7908484263593545,1.0605269289471333,3.4035367232868188,0.28254602975871795,1.0
VXKWYPOMXBVZSJ-UHFFFAOYSA-N,2.210079873466643,2.210079873466643,1,2.2110708997698123,2.2110708997698123,2.210079873466643,2.210079873466643,False,1,1,False,1.2476138474640261,1.4704237627620684,2.201552288342326,0.13059639853150165,1.0
VXNZUUAINFGPBY-UHFFFAOYSA-N,1.4262262672403239,1.37906309751434,23,1.37906309751434,1.37906309751434,1.38,1.38,False,5,5,False,1.3650872269027428,0.0973952822764058,1.3810117989734971,0.008835430973219413,0.6751308290134932
VXPLXMJHHKHSOA-UHFFFAOYSA-N,-6.035140592227834,-6.035140592227834,2,-6.074805881781021,-6.074805881781021,-6.035140592227834,-6.035140592227834,True,2,2,False,-7.4301895619925,0.9638346123868675,-7.8637210970821485,0.2821647764841604,0.35450196012673957
VXQBJTKSVGFQOL-UHFFFAOYSA-N,-7.054613714124952,-7.054613714124952,1,-7.056510233026229,-7.056510233026229,-7.054613714124952,-7.054613714124952,False,1,1,False,-7.1229981344905715,1.0605269289471333,-7.0996060763329885,0.2822485657409392,1.0
VZCYOOQTPOCHFL-UHFFFAOYSA-N,-13.99474224292658,-13.99474224292658,1,-13.996638761827857,-13.996638761827857,-13.99474224292658,-13.99474224292658,False,1,1,False,-13.647822897480228,1.0605269289471333,-14.012192633014282,0.28272218799734244,1.0
VZFMYOCAEQDWDY-UHFFFAOYSA-N,3.353822475432763,3.353822475432763,1,3.351925956531486,3.351925956531486,3.353822475432763,3.353822475432763,False,1,1,False,2.662587523150072,1.0605269289471333,3.267654587230024,0.28253431894140346,1.0
VZGDMQKNWNREIO-UHFFFAOYSA-N,0.6087093965650419,0.0947490378653475,74,0.0890196756484328,0.0890196756484328,0.0956022944550669,0.0956022944550669,True,5,5,False,0.2783280122764613,0.10430312494744048,0.08881142070745045,0.014580940510496382,0.005981027377208907
WBEJYOJJBDISQU-UHFFFAOYSA-N,-3.1203449915573302,-3.0286279747505844,11,-3.027636948447415,-3.027636948447415,-3.0286279747505844,-3.0286279747505844,True,3,3,False,-3.412003904972788,0.3696159659061429,-3.0537774677063334,0.0648122038235916,0.26041982014340787
WBHQEUPUMONIKF-UHFFFAOYSA-N,-3.6522890055858976,-4.240337071869854,4,-4.242233590771131,-4.242233590771131,-4.240337071869854,-4.240337071869854,True,2,2,False,-4.453185696740521,0.6032128259600282,-4.454889456478302,0.18315832880903388,0.4954303009483489
WBJINCZRORDGAQ-UHFFFAOYSA-N,-2.589977162177247,-2.601127254819419,20,-2.602075514270058,-2.602075514270058,-2.645793499043977,-2.645793499043977,False,5,5,False,-2.639336146294838,0.10110630678494674,-2.6357230108821397,0.009865425485571917,0.5136647998360463
WBNQDOYYEUMPFS-UHFFFAOYSA-N,-5.223217819945758,-5.223217819945758,1,-5.225114338847035,-5.225114338847035,-5.223217819945758,-5.223217819945758,False,1,1,False,-5.401194679181749,1.0605269289471333,-5.275445192331217,0.2822124839628148,1.0
WBRFDUJXCLCKPX-UHFFFAOYSA-N,3.9152272997714173,3.9152272997714173,2,3.8755620102182298,3.8755620102182298,3.9152272997714173,3.9152272997714173,True,2,2,False,2.8119032675154587,0.9638346123868675,3.317234636478424,0.27190778746585254,1.0
WBTYBAGIHOISOQ-UHFFFAOYSA-N,-9.078754893434905,-9.078754893434905,2,-9.11842018298809,-9.11842018298809,-9.078754893434905,-9.078754893434905,False,2,2,False,-9.183413154651856,0.9638346123868675,-9.130300165314102,0.27050512980110725,1.0
WBYWAXJHAXSJNI-VOTSOKGWSA-N,-7.356280408925497,-7.356280408925497,2,-7.395945698478685,-7.395945698478685,-7.356280408925497,-7.356280408925497,True,2,2,False,-8.183482884526455,0.9638346123868675,-8.341368696056803,0.278599305678246,0.7724573642428404
WCIBKXHMIXUQHK-UHFFFAOYSA-N,-3.8991650182550437,-4.123131007410151,3,-4.1250275263114276,-4.1250275263114276,-4.123131007410151,-4.123131007410151,True,1,1,False,-4.1401481976370995,0.624886973339966,-4.01733791272123,0.17967771754796277,0.7495973291726423
WCJYTPVNMWIZCG-UHFFFAOYSA-N,-5.122918731914247,-7.322408062582952,3,-7.324304581484229,-7.324304581484229,-7.322408062582952,-7.322408062582952,True,2,2,False,-6.89149339934673,0.7231280539469104,-7.344164777627124,0.19958887263098374,0.12604492962283534
WCLNVRQZUKYVAI-UHFFFAOYSA-N,-4.295081026994767,-4.213704841992157,4,-4.253370131545345,-4.253370131545345,-4.213704841992157,-4.213704841992157,True,2,2,False,-4.480596424929431,0.6032128259600282,-3.7426170106483174,0.22695150107095877,0.10044751494428626
WCVOGSZTONGSQY-UHFFFAOYSA-N,-1.4408911294307687,-1.4392377863974488,6,-1.4411343052987258,-1.4411343052987258,-1.4392377863974488,-1.4392377863974488,False,1,1,False,-1.7034092076381575,0.4441748617004943,-1.4985155968744641,0.11548485522669127,1.0
WCYYQNSQJHPVMG-UHFFFAOYSA-N,-3.319531893640202,-4.95586878144679,3,-4.957765300348067,-4.957765300348067,-4.95586878144679,-4.95586878144679,True,2,2,False,-4.829443702013605,0.7231280539469104,-5.080741204709002,0.2022675375095532,0.19443695231863856
WDBLKMRZRGLISL-UHFFFAOYSA-N,-1.902127025287126,-1.902127025287126,1,-1.979561085492224,-1.979561085492224,-1.902127025287126,-1.902127025287126,False,1,1,False,-3.1949354200165536,2.0389244389701053,-2.373973848043826,0.9153788856225881,1.0
WDCYWAQPCXBPJA-UHFFFAOYSA-N,-7.773731494311421,-7.773731494311421,2,-7.775628013212698,-7.775628013212698,-7.773731494311421,-7.773731494311421,False,1,1,False,-7.899391884421425,0.7613827475557001,-7.822646828062817,0.19976015484126808,1.0
WDECIBYCCFPHNR-UHFFFAOYSA-N,-3.4569988967608456,-5.006815754061816,4,-5.008712272963093,-5.008712272963093,-5.006815754061816,-5.006815754061816,True,2,2,False,-4.849445012267655,0.6032128259600282,-5.041652211669934,0.16295735660796132,0.14132845861019183
WDLTVNWWEZJMPF-UHFFFAOYSA-N,-2.790785314653693,-3.445028277106025,3,-3.446924796007302,-3.446924796007302,-3.445028277106025,-3.445028277106025,True,2,2,False,-3.701540290985936,0.7231280539469104,-3.6264031105948087,0.20625123105939888,0.6123951715447264
WDNBURPWRNALGP-UHFFFAOYSA-N,-6.066675047620824,-6.066675047620824,1,-6.144109107825922,-6.144109107825922,-6.066675047620824,-6.066675047620824,False,1,1,False,-6.438344608980313,2.0389244389701053,-6.365504679525905,0.9153351225908215,1.0
WEBQKRLKWNIYKK-UHFFFAOYSA-N,-8.102738958531551,-8.115293724650023,3,-8.118100613881658,-8.118100613881658,-8.115293724650023,-8.115293724650023,False,2,2,False,-8.304793971522141,0.7231280539469104,-8.17673996255567,0.19541742238008514,1.0
WEEGYLXZBRQIMU-UHFFFAOYSA-N,-3.307104699160618,-3.2021051506264544,5,-3.2040016695277314,-3.2040016695277314,-3.2021051506264544,-3.2021051506264544,False,2,2,False,-3.5092855162421372,0.5282086176564232,-3.268515748136887,0.1422979823823598,1.0
WEGYGNROSJDEIW-UHFFFAOYSA-N,-8.266672399710322,-8.26733582296781,7,-8.26634479666464,-8.26634479666464,-8.26,-8.26,False,3,3,False,-8.294750949479903,0.22745723600295786,-8.262732309458558,0.02616592678819736,1.0
WEHWNAOGRSTTBQ-UHFFFAOYSA-N,-3.6509355559021532,-3.656181519068273,22,-3.65807803796955,-3.65807803796955,-3.66,-3.66,False,5,5,False,-3.6769528878180613,0.10068591013158107,-3.661865765992556,0.009398863831757922,0.7703758048069348
WEJZHZJJXPXXMU-UHFFFAOYSA-N,-2.5152512489646033,-2.4887531645406176,5,-2.5661872247457156,-2.5661872247457156,-2.4887531645406176,-2.4887531645406176,False,2,2,False,-2.8144689214511804,0.5282086176564232,-2.5872194154323602,0.14202185007225615,1.0
WERYXYBDKMZEQL-UHFFFAOYSA-N,-10.182088091919859,-10.182088091919859,2,-10.221753381473047,-10.221753381473047,-10.182088091919859,-10.182088091919859,False,2,2,False,-10.428474129132557,0.9638346123868675,-10.500557911447048,0.27096795693643555,1.0
WEVYAHXRMPXWCK-UHFFFAOYSA-N,-3.918840695570115,-3.8891038273277454,35,-3.89,-3.89,-3.9,-3.9,False,5,5,False,-4.014116481571332,0.0894740768606296,-3.8998753104725825,0.008501939398929879,0.0041176856548336
WFDIJRYMOXRFFG-UHFFFAOYSA-N,-3.6088094270519013,-3.6088094270519013,2,-3.6484747166050893,-3.6484747166050893,-3.6088094270519013,-3.6088094270519013,True,2,2,False,-4.804760752709515,0.9638346123868675,-4.910690375748839,0.27973848518254235,0.5748468178666514
WFDSCHJVWDKDFK-UHFFFAOYSA-N,4.957299122662572,4.957299122662572,1,4.958290148965742,4.958290148965742,4.957299122662572,4.957299122662572,False,1,1,False,3.678799466143535,1.4704237627620684,4.946445380848855,0.13062039970283942,1.0
WFKSADNZWSKCRZ-UHFFFAOYSA-N,-8.429388483756313,-8.429388483756313,1,-8.50682254396141,-8.50682254396141,-8.429388483756313,-8.429388483756313,False,1,1,False,-8.27845941340889,2.0389244389701053,-8.62898717774743,0.9180167071243,1.0
WFRBDWRZVBPBDO-UHFFFAOYSA-N,-3.9127004452633503,-3.92903088616292,17,-3.9280398598597506,-3.9280398598597506,-3.9296271510516254,-3.9296271510516254,False,5,5,False,-3.9446427988430393,0.1195165541144434,-3.9279553323667367,0.011234745578114184,1.0
WFVUIONFJOAYPK-UHFFFAOYSA-N,-7.513887523625996,-7.513887523625996,2,-7.553552813179184,-7.553552813179184,-7.513887523625996,-7.513887523625996,False,2,2,False,-7.702322714803257,0.9638346123868675,-7.580109272291532,0.2704985727798686,1.0
WFYPICNXBKQZGB-UHFFFAOYSA-N,0.06402739637993414,0.0406309751434034,14,0.0406309751434034,0.0406309751434034,0.04,0.04,False,4,4,False,0.02422848818041377,0.1211358520715316,0.036877385299350675,0.011574036895712674,0.5517835380474071
WGCNASOHLSPBMP-UHFFFAOYSA-N,-8.187547461377125,-8.19305366044709,5,-8.19206263414392,-8.19206263414392,-8.19305366044709,-8.19305366044709,False,2,2,False,-8.3240904131519,0.6291542349883132,-8.191585390126088,0.06369237083116415,1.0
WGECXQBGLLYSFP-UHFFFAOYSA-N,2.576464435853369,2.5238566456254867,12,2.5219601267242098,2.5219601267242098,2.52,2.52,False,4,4,False,2.4346190780937595,0.2111332713614098,2.5175482876749156,0.025332780868537085,1.0
WGLLSSPDPJPLOR-UHFFFAOYSA-N,1.6386873403356597,1.6386873403356597,2,1.5990220507824722,1.5990220507824722,1.6386873403356597,1.6386873403356597,False,2,2,False,0.9920536427089969,0.9638346123868675,1.5308379245704309,0.27106015449946536,1.0
WGOWCPGHOCIHBW-UHFFFAOYSA-N,-2.0130440740273534,-1.928170591577571,5,-2.005604651782669,-2.005604651782669,-3.86,-3.86,True,4,4,False,-3.608846098555427,0.20682606088088684,-3.85822308420046,0.01999892822648671,0.01746636122563005
WGYKZJWCGVVSQN-UHFFFAOYSA-N,-4.076109882038572,-4.39287481022382,29,-4.391883783920651,-4.391883783920651,-4.390267686424474,-4.390267686424474,True,5,5,False,-4.383460076210218,0.08465056841070032,-4.395221278491355,0.007678538681685991,0.0011735325994924192
WHHGLZMJPXIBIX-UHFFFAOYSA-N,-6.40725720619931,-6.537755929245853,5,-6.53965244814713,-6.53965244814713,-6.537755929245853,-6.537755929245853,True,1,1,False,-6.61330538912687,0.48605923627515846,-6.494039053757051,0.1433233718612893,0.7564350353603151
WHKUVVPPKQRRBV-UHFFFAOYSA-N,-10.355151875354,-10.355151875354,2,-10.394817164907188,-10.394817164907188,-10.355151875354,-10.355151875354,False,2,2,False,-10.275241815100834,0.9638346123868675,-10.22920587960163,0.27179869592669054,1.0
WHOKDONDRZNCBC-UHFFFAOYSA-N,-5.533540544382315,-5.533540544382315,1,-5.535437063283592,-5.535437063283592,-5.533540544382315,-5.533540544382315,False,1,1,False,-5.692947402278894,1.0605269289471333,-5.584542319778804,0.282216007315918,1.0
WHPVYXDFIXRKLN-UHFFFAOYSA-N,-4.968547984487701,-4.933277150851406,5,-4.935173669752683,-4.935173669752683,-4.933277150851406,-4.933277150851406,True,1,1,False,-5.192680662257816,0.48605923627515846,-5.070156328856944,0.15307138512664686,0.4303225383193354
WHRDPXDGAMJNGH-UHFFFAOYSA-N,-1.9984479520417757,-1.9712078260847392,5,-1.9731043449860162,-1.9731043449860162,-1.9712078260847392,-1.9712078260847392,True,1,1,False,-2.2599146219126305,0.48605923627515846,-2.049773643273555,0.14409211824744025,0.8758573546296051
WHTBVLXUSXVMEV-UHFFFAOYSA-N,-7.522553279782867,-7.522553279782867,1,-7.524449798684144,-7.524449798684144,-7.522553279782867,-7.522553279782867,False,1,1,False,-7.562935759985038,1.0605269289471333,-7.565695906648141,0.28226369636801046,1.0
WIDHRBRBACOVOY-UHFFFAOYSA-N,-2.752344488757767,-2.638820316442674,3,-2.716254376647772,-2.716254376647772,-2.638820316442674,-2.638820316442674,True,2,2,False,-3.13293375996255,0.7231280539469104,-3.291145741918902,0.2767152243546588,0.26223728604910307
WIMBRKMSNRCNMP-UHFFFAOYSA-N,4.5373379665120215,4.5373379665120215,1,4.538328992815191,4.538328992815191,4.5373379665120215,4.5373379665120215,False,1,1,False,3.3071496520502217,1.4704237627620684,4.526839991774556,0.13061619342412512,1.0
WJCNZQLZVWNLKY-UHFFFAOYSA-N,-12.334277534552477,-12.358101382971787,3,-12.359997901873065,-12.359997901873065,-12.358101382971787,-12.358101382971787,False,2,2,False,-12.427633749311996,0.7231280539469104,-12.411878135164837,0.19540146621542312,1.0
WJIFKOVZNJTSGO-UHFFFAOYSA-N,-0.7668110012672221,-0.7639782278650123,5,-0.7658747467662892,-0.7658747467662892,-0.7639782278650123,-0.7639782278650123,False,3,3,False,-1.1065450707341216,0.6051215941283965,-0.7806329502869187,0.0836178597550805,1.0
WJNRPILHGGKWCK-UHFFFAOYSA-N,-9.341409395885055,-9.320132921026385,4,-9.359798210579573,-9.359798210579573,-9.320132921026385,-9.320132921026385,False,3,3,False,-9.437426176755258,0.6562977178022762,-9.461359135438077,0.11420011355953451,1.0
WJQOZHYUIDYNHM-UHFFFAOYSA-N,-7.859680447717656,-7.859680447717656,1,-7.861576966618933,-7.861576966618933,-7.859680447717656,-7.859680447717656,False,1,1,False,-7.879888923674833,1.0605269289471333,-7.901490039574725,0.2822760911322199,1.0
WJTCGQSWYFHTAC-UHFFFAOYSA-N,0.8697139937732388,0.8478202676864244,6,0.8382600382409178,0.8382600382409178,0.84,0.84,False,4,4,False,0.826398062074011,0.16029918759820289,0.8438639003832481,0.016413541462173654,1.0
WJYIASZWHGOTOU-UHFFFAOYSA-N,-3.673950067503949,-3.792606202615596,11,-3.7916151763124266,-3.7916151763124266,-3.79,-3.79,True,4,4,False,-3.8460865759693843,0.2173376567120123,-3.792319449709453,0.025063157823112615,1.0
WJZPRRFFZWVZJL-UHFFFAOYSA-N,-1.8475571518681964,-1.8475571518681964,1,-1.9249912120732944,-1.9249912120732944,-1.8475571518681964,-1.8475571518681964,False,1,1,False,-3.1524356270166005,2.0389244389701053,-2.3216791872365867,0.915419484518164,1.0
WKBPZYKAUNRMKP-UHFFFAOYSA-N,-8.583968721065443,-8.583968721065443,2,-8.62363401061863,-8.62363401061863,-8.583968721065443,-8.583968721065443,False,2,2,False,-8.677143230731247,0.9638346123868675,-8.586915947043469,0.27083850901741285,1.0
WKQBIIUOSATALN-UHFFFAOYSA-N,3.790381462784199,3.790381462784199,1,3.788484943882922,3.788484943882922,3.790381462784199,3.790381462784199,False,1,1,False,3.0730224134197757,1.0605269289471333,3.7024769391640984,0.2825725303198098,1.0
WLAMNBDJUVNPJU-UHFFFAOYSA-N,-5.758329079560453,-5.7588065168617595,3,-5.760703035763036,-5.760703035763036,-5.7588065168617595,-5.7588065168617595,False,2,2,False,-5.950497970237732,0.6844953500444738,-5.775557443582219,0.1094957598951538,1.0
WLFDQEVORAMCIM-UHFFFAOYSA-N,-7.358045282142316,-9.409470531845308,3,-9.411367050746584,-9.411367050746584,-9.409470531845308,-9.409470531845308,True,2,2,False,-8.964084176584082,0.7231280539469104,-9.425414404638373,0.1996338166512573,0.1440500947443813
WLJVXDMOQOGPHL-UHFFFAOYSA-N,-7.93125194757017,-7.885346709035305,6,-7.884355682732136,-7.884355682732136,-7.885346709035305,-7.885346709035305,False,3,3,False,-8.106990615237732,0.5294888151993109,-7.903422876489672,0.08021822997017711,1.0
WLVCBAMXYMWGLJ-UHFFFAOYSA-N,1.4191107062716837,1.4191107062716837,2,1.41865795997263,1.41865795997263,1.4191107062716837,1.4191107062716837,True,2,2,False,0.04763903831766788,0.8775947309896613,4.167768872981331,0.13078057914754487,0.015855070344168665
WMIYKQLTONQJES-UHFFFAOYSA-N,4.490511506457097,3.9610798418222686,6,3.9601315823716297,3.9601315823716297,3.94,3.94,True,5,5,False,3.9221512736692126,0.20503888243544238,3.9398148650836187,0.01967267268965559,0.4376167342965341
WMLPCIHUFDKWJU-UHFFFAOYSA-N,-16.131047846407025,-16.131047846407025,1,-16.20848190661212,-16.20848190661212,-16.131047846407025,-16.131047846407025,False,1,1,False,-14.276621185857898,2.0389244389701053,-15.981185377716786,0.9427344160930562,1.0
WMOVHXAZOJBABW-UHFFFAOYSA-N,-3.847902511217791,-4.406517278578553,3,-4.405526252275384,-4.405526252275384,-4.406517278578553,-4.406517278578553,True,3,3,False,-3.444973000124599,0.8204025530984671,-4.392839510494833,0.12889927185050823,0.08405958137842763
WMPDAIZRQDCGFH-UHFFFAOYSA-N,-5.978986659292969,-6.020564440134979,5,-6.022460959036256,-6.022460959036256,-6.020564440134979,-6.020564440134979,False,1,1,False,-6.1904181791588515,0.48605923627515846,-6.043200422518387,0.135810046883939,0.8407361282878848
WMPPDTMATNBGJN-UHFFFAOYSA-N,-1.6463843562561453,-1.6463843562561453,2,-1.6482808751574223,-1.6482808751574223,-1.6463843562561453,-1.6463843562561453,False,1,1,False,-1.9610324305954658,0.7613827475557001,-1.7074230204772856,0.19975575503927342,1.0
WMQUKDQWMMOHSA-UHFFFAOYSA-N,-7.625535038173175,-7.62613981029539,7,-7.625148783992221,-7.625148783992221,-7.62,-7.62,False,3,3,False,-7.656247539015709,0.22745723600295786,-7.622573342126091,0.0261631753076229,1.0
WMWJCKBJUQDYLM-UHFFFAOYSA-N,-4.184798228377276,-4.18570155560046,3,-4.187959787024301,-4.187959787024301,-4.18570155560046,-4.18570155560046,False,2,2,False,-4.486726574334013,0.7231280539469104,-4.254466459787737,0.1954776778912694,1.0
WNLRTRBMVRJNCN-UHFFFAOYSA-N,-12.792499697573612,-13.25438303139327,3,-13.256279550294547,-13.256279550294547,-13.25438303139327,-13.25438303139327,True,2,2,False,-13.16864113861506,0.7231280539469104,-13.254930207772473,0.1968578099602931,1.0
WNRZBFNPJUBEMS-UHFFFAOYSA-N,-4.713131364455704,-4.713131364455704,1,-4.7150278833569805,-4.7150278833569805,-4.713131364455704,-4.713131364455704,False,1,1,False,-4.921632273062762,1.0605269289471333,-4.767373129385499,0.28220898734596855,1.0
WNTGYJSOUMFZEP-UHFFFAOYSA-N,-7.959590230458369,-9.937306181582299,4,-9.939202700483575,-9.939202700483575,-9.937306181582299,-9.937306181582299,True,2,2,False,-10.53229795921363,0.6032128259600282,-10.013435117544452,0.19873120320294677,0.029497274189398397
WNXJIVFYUVYPPR-UHFFFAOYSA-N,-4.0902598430851125,-4.094230772085167,6,-4.095179031535805,-4.095179031535805,-4.096558317399618,-4.096558317399618,False,3,3,False,-4.090451908753496,0.14178569851683467,-4.09085928854545,0.012910948897183647,1.0
WNYADZVDBIBLJJ-UHFFFAOYSA-N,-8.112431699977039,-8.112431699977039,1,-8.114328218878317,-8.114328218878317,-8.112431699977039,-8.112431699977039,False,1,1,False,-8.117515305199994,1.0605269289471333,-8.153241647600634,0.2822862051600157,1.0
WOWBFOBYOAGEEA-UHFFFAOYSA-N,-8.260781013833185,-8.260781013833185,1,-8.338215074038283,-8.338215074038283,-8.260781013833185,-8.260781013833185,False,1,1,False,-8.147145519477572,2.0389244389701053,-8.467525267461204,0.9177580848370899,1.0
WOZVHXUHUFLZGK-UHFFFAOYSA-N,-3.6824427197963723,-3.6824427197963723,2,-3.7221080093495598,-3.7221080093495598,-3.6824427197963723,-3.6824427197963723,True,2,2,False,-3.703915158421155,0.9638346123868675,-3.2367819002941003,0.276751837950145,0.8522655096365673
WPDAVTSOEQEGMS-UHFFFAOYSA-N,-3.5326016820505672,-3.5326016820505672,1,-3.6100357422556653,-3.6100357422556653,-3.5326016820505672,-3.5326016820505672,False,1,1,False,-4.464772256033073,2.0389244389701053,-3.936674761236906,0.9146455898737756,1.0
WPTCSQBWLUUYDV-UHFFFAOYSA-N,-2.4535830669541214,-2.4535830669541214,1,-2.5310171271592194,-2.5310171271592194,-2.4535830669541214,-2.4535830669541214,False,1,1,False,-3.6244172229061817,2.0389244389701053,-2.9024686082857736,0.9150272267228527,1.0
WPYMKLBDIGXBTP-UHFFFAOYSA-N,-7.718460988098556,-7.922090766988989,7,-7.923987285890266,-7.923987285890266,-7.922090766988989,-7.922090766988989,True,3,3,False,-8.034092596055542,0.45504502398917196,-7.806277903035752,0.0957137910512731,1.0
WQAQPCDUOCURKW-UHFFFAOYSA-N,-0.7790432706117358,-0.99,17,-0.99,-0.99,-0.99,-0.99,True,4,4,False,-0.9917672897303708,0.19703035333029364,-0.9754260406170561,0.025071768314585473,0.4553599605170688
WQEPLUUGTLDZJY-UHFFFAOYSA-N,-4.161083625493089,-4.161083625493089,1,-4.162980144394366,-4.162980144394366,-4.161083625493089,-4.161083625493089,False,1,1,False,-4.402619585821121,1.0605269289471333,-4.217505396984422,0.28220841777702904,1.0
WQONPSCCEXUXTQ-UHFFFAOYSA-N,-1.874842088577661,-1.874842088577661,1,-1.876738607478938,-1.876738607478938,-1.874842088577661,-1.874842088577661,False,1,1,False,-2.2531888753761753,1.0605269289471333,-1.940294374779265,0.28224164668273877,1.0
WQOXQRCZOLPYPM-UHFFFAOYSA-N,-1.457689315247562,-1.83,10,-1.83,-1.83,-1.83,-1.83,True,4,4,False,-1.7845418506673876,0.13836437935499685,-1.824740508026046,0.012708256437471763,0.03907170150223327
WQRCEBAZAUAUQC-UHFFFAOYSA-N,-8.270359666684765,-8.270359666684765,1,-8.272256185586041,-8.272256185586041,-8.270359666684765,-8.270359666684765,False,1,1,False,-8.26599271504432,1.0605269289471333,-8.310544889071485,0.2822928823545843,1.0
WQZGKKKJIJFFOK-UHFFFAOYSA-N,-15.016181253870547,-15.016181253870547,1,-15.093615314075645,-15.093615314075645,-15.016181253870547,-15.016181253870547,False,1,1,False,-13.408347238406753,2.0389244389701053,-14.92097188747585,0.9373485269116983,1.0
WQZKKVJFBZPJSU-UHFFFAOYSA-N,-1.3568923422389496,-1.297128334837724,3,-1.299024853739001,-1.299024853739001,-1.297128334837724,-1.297128334837724,False,2,2,False,-1.6972580564363429,0.7231280539469104,-1.3797672568349226,0.19571823236838112,1.0
WRBHKVWLEIYLDZ-UHFFFAOYSA-N,3.613029374172678,3.613029374172678,1,3.6111328552714013,3.6111328552714013,3.613029374172678,3.613029374172678,False,1,1,False,2.906283239247709,1.0605269289471333,3.5258305292184513,0.28255674838405703,1.0
WRMNZCZEMHIOCP-UHFFFAOYSA-N,-6.685872324360547,-6.793949240656716,10,-6.792958214353547,-6.792958214353547,-6.79,-6.79,False,4,4,False,-6.829879453827686,0.21946956505281262,-6.788701570695916,0.02595610779525073,0.1788351717356773
WRNGAZFESPEMCN-UHFFFAOYSA-N,-4.892411045040408,-5.422606744342296,4,-5.424503263243572,-5.424503263243572,-5.422606744342296,-5.422606744342296,True,2,2,False,-5.558021165859131,0.6032128259600282,-5.476801829612087,0.16243237883180114,0.6879152953669829
WRQNANDWMGAFTP-UHFFFAOYSA-N,-6.296691864443775,-6.296691864443775,2,-6.298588383345052,-6.298588383345052,-6.296691864443775,-6.296691864443775,True,1,1,False,-6.467909049831451,0.7613827475557001,-6.333431343290059,0.24678476035211064,0.794740189313916
WRXCXOUDSPTXNX-UHFFFAOYSA-N,-13.6,-13.6,3,-13.6,-13.6,-13.6,-13.6,False,2,2,False,-13.582448063388453,0.19089122368373,-13.599878338473204,0.01632985387241675,1.0
WSFSSNUMVMOOMR-UHFFFAOYSA-N,-5.2543189841393705,-6.515054867244128,31,-6.514063840940959,-6.514063840940959,-2.77,-2.77,True,5,5,False,-3.670258027270952,0.15652881194454538,-6.668078912448014,0.037927211190358925,0.0003256195714442036
WSGCRAOTEDLMFQ-UHFFFAOYSA-N,-2.578596120004286,-2.6466388608180784,17,-2.645647834514909,-2.645647834514909,-2.67,-2.67,False,5,5,False,-2.679821481822174,0.10810685609747227,-2.669750620843514,0.010765314750700796,1.0
WSLDOOZREJYCGB-UHFFFAOYSA-N,-0.9824015874506442,-1.6913054330515984,52,-1.6932019519528754,-1.6932019519528754,-1.75,-1.75,True,5,5,False,-1.4842856220355138,0.11661931560548516,-1.7531001297686648,0.01569513726287428,0.0016815242571193803
WSLPXBSKHRXHDU-UHFFFAOYSA-N,-13.475819944923101,-13.475819944923101,2,-13.515485234476287,-13.515485234476287,-13.475819944923101,-13.475819944923101,True,2,2,False,-14.607773603078227,0.9638346123868675,-15.44880755734772,0.2849204708372948,0.3099136824827891
WSOKFYJGNBQDPW-UHFFFAOYSA-N,3.312895070368566,3.312895070368566,1,3.310998551467289,3.310998551467289,3.312895070368566,3.312895070368566,False,1,1,False,2.6241092521872873,1.0605269289471333,3.2268899201886465,0.28253084646968546,1.0
WSSSPWUEQFSQQG-UHFFFAOYSA-N,1.918250603629469,1.9213632981858653,11,1.9194667792845883,1.9194667792845883,1.9096558317399617,1.9096558317399617,False,5,5,False,1.8719937788872336,0.15385864842951147,1.9092161630257143,0.015951339167290735,1.0
WSTVMACYLXUQIM-UHFFFAOYSA-N,-2.024909240479716,-2.024909240479716,1,-2.1023433006848142,-2.1023433006848142,-2.024909240479716,-2.024909240479716,False,1,1,False,-3.2905599542664468,2.0389244389701053,-2.4916389979541256,0.9152913655393742,1.0
WTARULDDTDQWMU-UHFFFAOYSA-N,0.8459393010803358,0.6026364005574347,4,0.6007398816561578,0.6007398816561578,0.6026364005574347,0.6026364005574347,True,3,3,False,0.21726855245430246,0.6562977178022762,0.11523210128160452,0.13621892961216003,0.7202624990263468
WTEVQBCEXWBHNA-UHFFFAOYSA-N,-4.712653617726012,-4.712653617726012,1,-4.79008767793111,-4.79008767793111,-4.712653617726012,-4.712653617726012,False,1,1,False,-5.383813475175852,2.0389244389701053,-5.067774563131876,0.9146896571088291,1.0
WTTJVINHCBCLGX-NQLNTKRDSA-N,-2.9811076395592644,-2.9811076395592644,1,-3.0585416997643624,-3.0585416997643624,-2.9811076395592644,-2.9811076395592644,False,1,1,False,-4.035260857561383,2.0389244389701053,-3.4080706138161916,0.9147901554221725,1.0
WUKDMTQXKGFHBU-UHFFFAOYSA-N,-7.533492930743615,-7.533492930743615,1,-7.532501904440446,-7.532501904440446,-7.533492930743615,-7.533492930743615,False,1,1,False,-7.375081295301158,1.4704237627620684,-7.533781390282005,0.13057792053682243,1.0
WUOACPNHFRMFPN-UHFFFAOYSA-N,-4.225461310895101,-4.968598556490875,4,-4.970495075392151,-4.970495075392151,-4.968598556490875,-4.968598556490875,True,2,2,False,-5.159960363307067,0.6032128259600282,-5.321336887406379,0.19096319348106383,0.33047903330430217
WURBVZBTWMNKQT-UHFFFAOYSA-N,-11.551546479131462,-11.566838218397312,3,-11.570070533842486,-11.570070533842486,-11.566838218397312,-11.566838218397312,False,2,2,False,-11.659650166098887,0.7231280539469104,-11.621584135990837,0.19541053270533615,1.0
WURFKUQACINBSI-UHFFFAOYSA-N,0.5068294393142079,0.5068294393142079,2,0.5078204656173773,0.5078204656173773,0.5068294393142079,0.5068294393142079,False,1,1,False,0.0019444936679673338,1.071004194705422,0.5007317218220855,0.09871520764291399,1.0
WURGXGVFSMYFCG-UHFFFAOYSA-N,-7.42662673663661,-7.42662673663661,2,-7.466292026189798,-7.466292026189798,-7.42662673663661,-7.42662673663661,True,2,2,False,-7.838767521235488,0.9638346123868675,-7.796263595862596,0.27105695504289923,1.0
WVDDGKGOMKODPV-UHFFFAOYSA-N,-6.569598231457629,-6.630239620399928,9,-6.629248594096759,-6.629248594096759,-6.62,-6.62,False,4,4,False,-6.663524518982167,0.22402588029638745,-6.617471393843992,0.025879540371086033,0.6722566086769286
WVHNUGRFECMVLQ-UHFFFAOYSA-N,-2.5517845717761087,-2.5517845717761087,2,-2.5536810906773857,-2.5536810906773857,-2.5517845717761087,-2.5517845717761087,True,1,1,False,-2.8385071040861347,0.7613827475557001,-2.6339368109759347,0.2558806593388064,0.7297297081461984
WVLBCYQITXONBZ-UHFFFAOYSA-N,-8.725125466500701,-8.724791399673475,4,-8.725739659124113,-8.725739659124113,-8.7,-8.7,False,3,3,False,-8.710845091771542,0.20765981369395808,-8.700937397550392,0.019905307340471978,1.0
WVQBLGZPHOPPFO-UHFFFAOYSA-N,-8.265827405297994,-8.434262776813735,6,-8.473928066366922,-8.473928066366922,-8.434262776813735,-8.434262776813735,True,3,3,False,-8.527700927102332,0.5004085170150036,-8.012909916960126,0.12740584185803688,0.4614332795826238
WVYWICLMDOOCFB-UHFFFAOYSA-N,-3.73301458145652,-3.7380363291966674,19,-3.7380497131931167,-3.7380497131931167,-3.74,-3.74,False,5,5,False,-3.756835568638056,0.11413250524571168,-3.738153358934656,0.010433787023045161,1.0
WWGQHTJIFOQAOC-UHFFFAOYSA-N,-3.9409830233695056,-3.9409830233695056,1,-4.018417083574604,-4.018417083574604,-3.9409830233695056,-3.9409830233695056,False,1,1,False,-4.782825448824196,2.0389244389701053,-4.328115909302248,0.9146063663155656,1.0
WWGUMAYGTYQSGA-UHFFFAOYSA-N,-2.6153861844027566,-2.7820267686424476,15,-2.7820267686424476,-2.7820267686424476,-2.7820267686424476,-2.7820267686424476,True,4,4,False,-2.775534603400926,0.11519930435264393,-2.7821571784714942,0.010585312090442556,0.13623558427159163
WWNGLKDLYKNGGT-UHFFFAOYSA-N,3.653956779236875,3.653956779236875,1,3.652060260335598,3.652060260335598,3.653956779236875,3.653956779236875,False,1,1,False,2.944761510210493,1.0605269289471333,3.5665951063415755,0.28256035894439463,1.0
WWRCMNKATXZARA-UHFFFAOYSA-N,0.3418229457032217,-0.450201455706168,4,-0.4492104294029986,-0.4492104294029986,-0.450201455706168,-0.450201455706168,True,3,3,False,-0.535516305561018,0.7264233182696221,-0.4510552539064917,0.08768228577428569,0.44960276350873785
WWUVJRULCWHUSA-UHFFFAOYSA-N,1.4577925811843582,1.469885277246654,12,1.469885277246654,1.469885277246654,1.469885277246654,1.469885277246654,False,4,4,False,1.4350348159138802,0.13831996299492796,1.46851812857199,0.015837849831232362,1.0
WWZKQHOCKIZLMA-UHFFFAOYSA-N,-6.120845849764643,-6.098183354565365,8,-6.097192328262196,-6.097192328262196,-6.098183354565365,-6.098183354565365,False,3,3,False,-6.322038733341154,0.47752098590272235,-6.098038837174044,0.06064225365081566,1.0
WXEHBUMAEPOYKP-UHFFFAOYSA-N,-1.4959715126748068,-1.5,10,-1.4996804927173906,-1.4996804927173906,-1.49,-1.49,False,4,4,False,-1.5147010732253665,0.15395135728804654,-1.4944948901914596,0.012487452091406644,1.0
WXLQUFLKMICSSY-UHFFFAOYSA-N,-2.1067640506081107,-2.1067640506081107,1,-2.1841981108132087,-2.1841981108132087,-2.1067640506081107,-2.1067640506081107,False,1,1,False,-3.3543096437663764,2.0389244389701053,-2.5700840249575876,0.9152359589660007,1.0
WXNZTHHGJRFXKQ-UHFFFAOYSA-N,-4.89957088550458,-6.2636457771811775,13,-6.2655422960824545,-6.2655422960824545,-7.03,-7.03,True,4,4,False,-6.14309242160052,0.20730622856841588,-7.017439814409801,0.026578362819501076,0.0025440132594834203
WXYMNDFVLNUAIA-UHFFFAOYSA-N,-0.3059017116505775,-0.9174562422679086,3,-0.9948903024730066,-0.9948903024730066,-0.9174562422679086,-0.9174562422679086,True,3,3,False,-1.070461220441269,0.8204025530984671,1.649570008971408,0.13155168357116928,0.04159414350772813
WXZMFSXDPGVJKK-UHFFFAOYSA-N,-20.269249250284457,-20.269249250284457,1,-20.346683310489553,-20.346683310489553,-20.269249250284457,-20.269249250284457,False,1,1,False,-17.49951125391324,2.0389244389701053,-19.89426890812081,0.9704635255708292,1.0
WXZOXVVKILCOPG-UHFFFAOYSA-N,-5.485048127337606,-5.485048127337606,1,-5.562482187542704,-5.562482187542704,-5.485048127337606,-5.485048127337606,False,1,1,False,-5.985365297016908,2.0389244389701053,-5.8080878661671695,0.9149796014197238,1.0
WXZVAROIGSFCFJ-UHFFFAOYSA-N,-10.161748856208057,-10.161748856208057,2,-10.201414145761245,-10.201414145761245,-10.161748856208057,-10.161748856208057,False,2,2,False,-10.235275032398523,0.9638346123868675,-10.24055058290026,0.27035849280087626,1.0
WYACBZDAHNBPPB-UHFFFAOYSA-N,-5.51723259177543,-5.51723259177543,1,-5.519129110676707,-5.519129110676707,-5.51723259177543,-5.51723259177543,False,1,1,False,-5.677615332770171,1.0605269289471333,-5.568298776630319,0.28221579585974793,1.0
WYEHFWKAOXOVJD-UHFFFAOYSA-N,-6.246221360938444,-6.246221360938444,2,-6.285886650491632,-6.285886650491632,-6.246221360938444,-6.246221360938444,True,2,2,False,-6.74590604868505,0.9638346123868675,-6.661045525953347,0.2713287895700853,1.0
WYEMCZZCZXKDNC-UHFFFAOYSA-N,-6.638741443608494,-6.638741443608494,1,-6.716175503813592,-6.716175503813592,-6.638741443608494,-6.638741443608494,False,1,1,False,-6.883878048742176,2.0389244389701053,-6.9136946477936645,0.9158007528009253,1.0
WYKYKTKDBLFHCY-UHFFFAOYSA-N,-11.429149423681245,-11.754511328217587,3,-11.756407847118865,-11.756407847118865,-11.754511328217587,-11.754511328217587,True,2,2,False,-11.403510479375718,0.7231280539469104,-11.421153602475552,0.24718109458415036,0.6231733350448677
WYMSBXTXOHUIGT-UHFFFAOYSA-N,-10.199918236300004,-10.199918236300004,2,-10.201814755201282,-10.201814755201282,-10.199918236300004,-10.199918236300004,True,1,1,False,-10.25074698988846,0.7613827475557001,-9.218244666633389,0.2798201375602484,0.09297839123662166
WYUIWKFIFOJVKW-UHFFFAOYSA-N,-1.3361901674542087,-1.3369618987637717,5,-1.3369747075329654,-1.3369747075329654,-1.3369618987637717,-1.3369618987637717,False,3,3,False,-1.666089170404048,0.6051215941283965,-1.3529365686054797,0.08360771190971002,1.0
WYURNTSHIVDZCO-UHFFFAOYSA-N,-3.4631106681158266,-3.470363288718929,20,-3.470363288718929,-3.470363288718929,-3.4701816443594646,-3.4701816443594646,False,5,5,False,-3.467673920937268,0.09857477952668908,-3.477473094799543,0.009428413474821245,0.037940005369261495
WYVBETQIUHPLFO-UHFFFAOYSA-N,-1.9430544303513224,-1.9430544303513224,1,-2.0204884905564207,-2.0204884905564207,-1.9430544303513224,-1.9430544303513224,False,1,1,False,-3.226810264766518,2.0389244389701053,-2.4131952370750773,0.9153491237289265,1.0
WZCQRUWWHSTZEM-UHFFFAOYSA-N,-10.552512858028622,-10.264960126738064,3,-10.26685664563934,-10.26685664563934,-9.92,-9.92,True,2,2,False,-10.017814000576088,0.240668467739268,-9.924812775569997,0.028244521247459502,0.1682092510763459
WZDDLAZXUYIVMU-UHFFFAOYSA-N,0.6082441016051182,0.6082441016051182,1,0.5308100414000202,0.5308100414000202,0.6082441016051182,0.6082441016051182,False,1,1,False,-1.2398227074228414,2.0389244389701053,0.03084928823593213,0.9183505669943495,1.0
WZHKDGJSXCTSCK-ALCCZGGFSA-N,2.2650640349097015,2.2650640349097015,2,2.2253987453565145,2.2253987453565145,2.2650640349097015,2.2650640349097015,True,2,2,False,1.3826889201408663,0.9638346123868675,1.8721999730897474,0.2704770463662675,1.0
WZHKDGJSXCTSCK-FNORWQNLSA-N,1.9077208298311332,1.9077208298311332,1,1.9058243109298563,1.9058243109298563,1.9077208298311332,1.9077208298311332,False,1,1,False,1.3030219491316797,1.0605269289471333,1.8272961914760455,0.28242300333094944,1.0
WZHKDGJSXCTSCK-UHFFFAOYSA-N,2.9045814980841493,2.9045814980841493,1,2.8271474378790513,2.8271474378790513,2.9045814980841493,2.9045814980841493,False,1,1,False,0.5485974939433501,2.0389244389701053,2.2281303505485566,0.9231456765128713,1.0
WZJZMXBKUWKXTQ-UHFFFAOYSA-N,-11.115427284031876,-11.130279231045876,3,-11.13505880649037,-11.13505880649037,-11.130279231045876,-11.130279231045876,False,2,2,False,-11.235891034785451,0.7231280539469104,-11.186583566390857,0.19540951228700704,1.0
WZRRHANUNWPJEQ-UHFFFAOYSA-N,-7.248250793775632,-7.248250793775632,1,-7.250147312676909,-7.250147312676909,-7.248250793775632,-7.248250793775632,False,1,1,False,-7.305047790645273,1.0605269289471333,-7.2924777927657445,0.28225453470547784,1.0
WZXXZHONLFRKGG-UHFFFAOYSA-N,0.515996446217592,0.515996446217592,1,0.438562386012494,0.438562386012494,0.515996446217592,0.515996446217592,False,1,1,False,-1.3116664925202224,2.0389244389701053,-0.05747893274515182,0.9182005889825281,1.0
WZZLDXDUQPOXNW-UHFFFAOYSA-N,-9.847530161301668,-9.847530161301668,1,-9.849426680202946,-9.849426680202946,-9.847530161301668,-9.847530161301668,False,1,1,False,-9.748783855874956,1.0605269289471333,-9.881470903595588,0.2823746870585369,1.0
XAIPTRIXGHTTNT-UHFFFAOYSA-N,-8.890900114509725,-8.890900114509725,2,-8.93056540406291,-8.93056540406291,-8.890900114509725,-8.890900114509725,False,2,2,False,-9.014922547416756,0.9638346123868675,-8.957186621477376,0.2704393342603727,1.0
XAMUDJHXFNRLCY-UHFFFAOYSA-N,-7.8756750244962905,-7.8756750244962905,2,-7.9153403140494785,-7.9153403140494785,-7.8756750244962905,-7.8756750244962905,True,2,2,False,-8.77049569413249,0.9638346123868675,-9.00995738290796,0.2800461244731203,0.6690675410902591
XBBZAULFUPBZSP-UHFFFAOYSA-N,-2.6756576687925735,-2.6756576687925735,1,-2.7530917289976715,-2.7530917289976715,-2.6756576687925735,-2.6756576687925735,False,1,1,False,-3.7973720790815904,2.0389244389701053,-3.115310159300942,0.9149156241913187,1.0
XBCXJKGHPABGSD-UHFFFAOYSA-N,-14.0,-14.0,1,-14.0,-14.0,-14.0,-14.0,False,1,1,False,-13.91586691168526,0.40899538467915797,-13.999619146416103,0.028284223079257226,1.0
XBDQKXXYIPTUBI-UHFFFAOYSA-N,-6.156312925851615,-6.47,36,-6.47,-6.47,-6.47,-6.47,True,5,5,False,-6.457917284084798,0.08061469756137546,-6.475492459326848,0.007082228584998433,0.0005735362989765491
XBTHILIDLBPRPM-UHFFFAOYSA-N,-2.1083213109508545,-2.1083213109508545,2,-2.1479866005040416,-2.1479866005040416,-2.1083213109508545,-2.1083213109508545,True,2,2,False,-2.8930681567091923,0.9638346123868675,-2.653299339284707,0.27211806447350595,1.0
XBVSGJGMWSKAKL-UHFFFAOYSA-N,-1.083578924003184,-1.083578924003184,1,-1.161012984208282,-1.161012984208282,-1.083578924003184,-1.083578924003184,False,1,1,False,-2.5574385250172607,2.0389244389701053,-1.5896256517303902,0.9160984029080923,1.0
XCBOKUAJQWDYNI-UHFFFAOYSA-N,-9.054303168564788,-9.054303168564788,1,-9.131737228769886,-9.131737228769886,-9.054303168564788,-9.054303168564788,False,1,1,False,-8.765151851617444,2.0389244389701053,-9.2273058519253,0.9190681955966853,1.0
XCIXKGXIYUWCLL-UHFFFAOYSA-N,-5.33833684809709,-5.49,17,-5.49,-5.49,-5.49,-5.49,True,4,4,False,-5.479173270652076,0.0990601085813168,-5.491654862194672,0.008867096629646682,0.19568029581648605
XCSGPAVHZFQHGE-UHFFFAOYSA-N,-8.130903503491277,-8.111255013568673,22,-8.110263987265503,-8.110263987265503,-8.111255013568673,-8.111255013568673,True,3,3,False,-8.471351760804232,0.29083941720146866,-8.078857894468669,0.04226189371726127,0.03438881880157781
XCYJPXQACVEIOS-UHFFFAOYSA-N,0.4579436266983807,-0.4760484594299715,3,-0.47794497833124844,-0.47794497833124844,-0.4760484594299715,-0.4760484594299715,True,2,2,False,-0.6927115171289185,0.7231280539469104,-0.6148330026619527,0.20236891949088007,0.4450129213339722
XDNBJTQLKCIJBV-UHFFFAOYSA-N,-8.619367185715463,-8.70572168023241,3,-8.711563430651658,-8.711563430651658,-8.70572168023241,-8.70572168023241,False,2,2,False,-8.768937495190633,0.7231280539469104,-8.644565652142662,0.19966383796990286,1.0
XDOTVMNBCQVZKG-UHFFFAOYSA-N,-6.07535443850172,-6.028157533520268,3,-6.030054052421545,-6.030054052421545,-6.028157533520268,-6.028157533520268,False,2,2,False,-6.292922535195621,0.7231280539469104,-6.10026702192176,0.19558948915426158,1.0
XDRDDPSGUQMOBO-UHFFFAOYSA-N,3.667599247591608,3.667599247591608,1,3.665702728690331,3.665702728690331,3.667599247591608,3.667599247591608,False,1,1,False,2.9575876005314217,1.0605269289471333,3.5801832959331152,0.2825615666533616,1.0
XDTMQSROBMDMFD-UHFFFAOYSA-N,1.2401925913097411,1.219311655554533,43,1.217415136653256,1.217415136653256,1.23,1.23,True,5,5,False,1.1760951700023856,0.08925691177791542,1.2255468483015146,0.008413850507704957,0.04469178094209609
XEBWQGVWTUSTLN-UHFFFAOYSA-M,-10.295177924887142,-10.295177924887142,2,-10.33484321444033,-10.33484321444033,-10.295177924887142,-10.295177924887142,False,2,2,False,-10.311888604768443,0.9638346123868675,-10.303278573522798,0.27069953182818124,1.0
XEGGRYVFLWGFHI-UHFFFAOYSA-N,-7.722857945956771,-7.909204312562114,3,-7.911100831463391,-7.911100831463391,-7.909204312562114,-7.909204312562114,False,2,2,False,-8.05354672799649,0.7231280539469104,-7.948794083867104,0.1954447378992218,1.0
XEKOWRVHYACXOJ-UHFFFAOYSA-N,-2.8983905433467303,-3.081685013399754,48,-3.081103410933172,-3.081103410933172,-3.1,-3.1,True,5,5,False,-3.065588069779638,0.07851880204428599,-3.090355978880419,0.007232529910784431,0.002502023076409065
XERJKGMBORTKEO-UHFFFAOYSA-N,-10.734882307705794,-10.734882307705794,1,-10.736778826607072,-10.736778826607072,-10.734882307705794,-10.734882307705794,False,1,1,False,-10.583036022001542,1.0605269289471333,-10.765304414167465,0.28243283914830125,1.0
XFNJYAKDBJUJAJ-UHFFFAOYSA-N,-1.7356466912712256,-1.670017494203154,8,-1.671914013104431,-1.671914013104431,-1.9379732313575526,-1.9379732313575526,False,5,5,False,-1.9417220366988732,0.19987395519672094,-1.928249057913013,0.019840363067792507,0.6952217205233606
XGCHAIDDPMFRLJ-UHFFFAOYSA-N,-3.8816207332672152,-3.8816207332672152,1,-3.9590547934723133,-3.9590547934723133,-3.8816207332672152,-3.8816207332672152,False,1,1,False,-4.736593253598408,2.0389244389701053,-4.271215821093831,0.9146084864856003,1.0
XGCKOSFYXBAPQM-UHFFFAOYSA-N,4.507408125028471,4.507408125028471,1,4.50839915133164,4.50839915133164,4.507408125028471,4.507408125028471,False,1,1,False,3.2806628690220876,1.4704237627620684,4.496935502539075,0.13061590106106155,1.0
XGEGHDBEHXKFPX-UHFFFAOYSA-N,-10.243175940469383,-10.243175940469383,1,-10.320610000674481,-10.320610000674481,-10.243175940469383,-10.243175940469383,False,1,1,False,-9.691062863382745,2.0389244389701053,-10.365012455171756,0.9214834020267411,1.0
XGWFJBFNAQHLEF-UHFFFAOYSA-N,-6.6314808519441595,-6.6314808519441595,1,-6.7089149121492575,-6.7089149121492575,-6.6314808519441595,-6.6314808519441595,False,1,1,False,-6.878223396761906,2.0389244389701053,-6.9067375683673236,0.9157941179218272,1.0
XGWIJUOSCAQSSV-UHFFFAOYSA-N,-8.08716593629915,-8.08716593629915,2,-8.126831225852337,-8.126831225852337,-8.08716593629915,-8.08716593629915,False,2,2,False,-8.232534431808364,0.9638346123868675,-8.13073172342374,0.2705982644144156,1.0
XGXUGXPKRBQINS-UHFFFAOYSA-N,-3.129443662209003,-3.129443662209003,1,-3.13134018111028,-3.13134018111028,-3.129443662209003,-3.129443662209003,False,1,1,False,-3.4327139203869885,1.0605269289471333,-3.189939580981153,0.28221631095547184,1.0
XHIUFYZDQBSEMF-UHFFFAOYSA-N,-2.210148749873248,-2.210079873466643,3,-2.2090888471634735,-2.2090888471634735,-2.210079873466643,-2.210079873466643,False,2,2,False,-2.4970165827393322,0.765232003170312,-2.2189385691808527,0.08782485865594959,1.0
XHQZJYCNDZAGLW-UHFFFAOYSA-N,-7.182612580780161,-7.182612580780161,1,-7.260046640985259,-7.260046640985259,-7.182612580780161,-7.182612580780161,False,1,1,False,-7.3074526202094185,2.0389244389701053,-7.434790220500429,0.9163511601949449,1.0
XIABRRSOFYFDSF-UHFFFAOYSA-N,-9.17902345913836,-9.17902345913836,1,-9.256457519343458,-9.256457519343458,-9.17902345913836,-9.17902345913836,False,1,1,False,-8.86228578651919,2.0389244389701053,-9.346695376427041,0.9192957751846668,1.0
XIFFTDRFWYFAPO-UHFFFAOYSA-N,-0.6879473417159451,-0.6879473417159451,1,-0.7653814019210431,-0.7653814019210431,-0.6879473417159451,-0.6879473417159451,False,1,1,False,-2.2493150257676033,2.0389244389701053,-1.2105883056766604,0.9165317513675064,1.0
XIFJZJPMHNUGRA-UHFFFAOYSA-N,-5.163002944060149,-5.164919183785563,3,-5.16681570268684,-5.16681570268684,-5.164919183785563,-5.164919183785563,False,1,1,False,-5.377728870934225,0.624886973339966,-5.217587361984455,0.17036909725603375,1.0
XIFRTJZLSYOLIU-UHFFFAOYSA-N,-1.4655680379356897,-1.4655680379356897,1,-1.5430020981407877,-1.5430020981407877,-1.4655680379356897,-1.4655680379356897,False,1,1,False,-2.85493707601693,2.0389244389701053,-1.9556346423420228,0.9157330813574576,1.0
XIGAUIHYSDTJHW-UHFFFAOYSA-N,-9.229743961811764,-9.229743961811764,2,-9.269409251364952,-9.269409251364952,-9.229743961811764,-9.229743961811764,True,2,2,False,-10.005532036541469,0.9638346123868675,-10.273158108372435,0.27979078355662873,0.7279053903298474
XIUROWKZWPIAIB-UHFFFAOYSA-N,-5.361141195118188,-5.361141195118188,2,-5.400806484671376,-5.400806484671376,-5.361141195118188,-5.361141195118188,False,2,2,False,-5.662913845547469,0.9638346123868675,-5.44486557069361,0.27052561998673036,1.0
XIXPEFLLHQAIOY-UHFFFAOYSA-N,-2.4614682278311535,-2.4614682278311535,1,-2.5389022880362515,-2.5389022880362515,-2.4614682278311535,-2.4614682278311535,False,1,1,False,-3.6305582982660702,2.0389244389701053,-2.9100258144402766,0.9150229696953234,1.0
XJCLWVXTCRQIDI-UHFFFAOYSA-N,-4.857032994295055,-4.857032994295055,2,-4.896698283848243,-4.896698283848243,-4.857032994295055,-4.857032994295055,False,2,2,False,-5.1940722097845,0.9638346123868675,-4.956966000241215,0.27046594787741984,1.0
XJCVRTZCHMZPBD-UHFFFAOYSA-N,-8.476448408773438,-8.853961962221303,9,-8.852970935918133,-8.852970935918133,-8.84,-8.84,True,4,4,False,-8.850802304767528,0.22402588029638745,-8.837038176110168,0.025948958268408547,0.4838835645877542
XJHGAJLIKDAOPE-UHFFFAOYSA-N,-6.369706247915462,-6.369706247915462,1,-6.44714030812056,-6.44714030812056,-6.369706247915462,-6.369706247915462,False,1,1,False,-6.674349614639387,2.0389244389701053,-6.655897326466246,0.9155673801552423,1.0
XJKSTNDFUHDPQJ-UHFFFAOYSA-N,0.3088465748632242,0.3088465748632242,1,0.23141251465812618,0.23141251465812618,0.3088465748632242,0.3088465748632242,False,1,1,False,-1.4729977564749885,2.0389244389701053,-0.25584116409143964,0.9178753939181793,1.0
XJMMNTGIMDZPMU-UHFFFAOYSA-N,-12.836825282821044,-12.836825282821044,1,-12.838721801722322,-12.838721801722322,-12.836825282821044,-12.836825282821044,False,1,1,False,-12.55919676852194,1.0605269289471333,-12.85889261171096,0.28260569542562275,1.0
XKEFYDZQGKAQCN-UHFFFAOYSA-N,-1.1859925782525256,-1.341952986065428,25,-1.343849504966705,-1.343849504966705,-0.78,-0.78,True,4,4,False,-1.1454618755841426,0.17555606197111315,-0.8390727506427195,0.031133139582195934,0.03266170219606908
XKIRHOWVQWCYBT-UHFFFAOYSA-N,-4.456722843311033,-4.456722843311033,2,-4.496388132864221,-4.496388132864221,-4.456722843311033,-4.456722843311033,False,2,2,False,-4.933926236917321,0.9638346123868675,-4.724095462026909,0.27021666353688645,1.0
XKJCHHZQLQNZHY-UHFFFAOYSA-N,-6.297702529156465,-6.297702529156465,1,-6.375136589361563,-6.375136589361563,-6.297702529156465,-6.297702529156465,False,1,1,False,-6.618272095107837,2.0389244389701053,-6.586898440238913,0.9155092623138612,1.0
XKJMBINCVNINCA-UHFFFAOYSA-N,-8.503781721474395,-8.988411699352893,3,-8.990308218254171,-8.990308218254171,-8.988411699352893,-8.988411699352893,True,2,2,False,-9.016480002066114,0.7231280539469104,-8.998368333869003,0.19680580354885316,0.9842653619510084
XKQUAQGQLZDDBV-UHFFFAOYSA-N,-2.106764050608112,-2.106764050608112,1,-2.18419811081321,-2.18419811081321,-2.106764050608112,-2.106764050608112,False,1,1,False,-3.3543096437663773,2.0389244389701053,-2.570084024957589,0.9152359589660007,1.0
XKRFYHLGVUSROY-UHFFFAOYSA-N,1.9391118931447944,1.9967878443665616,33,1.997778870669731,1.997778870669731,1.9967878443665616,1.9967878443665616,False,1,1,False,1.7052534868623828,0.2715622830775452,1.9408845993105677,0.024771759398835528,0.4833623711230402
XKYICAQFSCFURC-UHFFFAOYSA-N,-2.1268554452893302,-2.1282250633382485,12,-2.1286044523848844,-2.1286044523848844,-2.1285755258126193,-2.1285755258126193,False,5,5,False,-2.1493690030641637,0.13253498637684788,-2.1291731050999596,0.013775280801639004,1.0
XLDBTRJKXLKYTC-UHFFFAOYSA-N,-2.4593787593279974,-2.475110696185885,3,-2.552544756390983,-2.552544756390983,-2.475110696185885,-2.475110696185885,True,2,2,False,-2.804282354289775,0.7231280539469104,-2.58527634656813,0.238663034962855,0.7232649148018723
XLLIQLLCWZCATF-UHFFFAOYSA-N,-5.3817028248829235,-5.3817028248829235,1,-5.3835993437842005,-5.3835993437842005,-5.3817028248829235,-5.3817028248829235,False,1,1,False,-5.550195793568188,1.0605269289471333,-5.433304283772361,0.2822141513946288,1.0
XLNZEKHULJKQBA-UHFFFAOYSA-N,-4.145543637110858,-4.104408028358709,3,-4.106304547259986,-4.106304547259986,-4.104408028358709,-4.104408028358709,False,2,2,False,-4.420870898574041,0.7231280539469104,-4.179429063902832,0.1955977635420344,1.0
XLSMFKSTNGKWQX-UHFFFAOYSA-N,-6.6239887357667735,-6.6239887357667735,1,-6.622997709463604,-6.622997709463604,-6.6239887357667735,-6.6239887357667735,False,1,1,False,-6.5702043203005065,1.4704237627620684,-6.625046197762977,0.13057525339731949,1.0
XLSZMDLNRCVEIJ-UHFFFAOYSA-N,-10.09487615363405,-10.25,8,-10.25,-10.25,-10.25,-10.25,True,3,3,False,-10.072706173225875,0.1330331176690285,-10.257175974143712,0.013085706345173129,0.0117539274975045
XLYOFNOQVPJJNP-UHFFFAOYSA-N,-6.633403231919406,-6.32,17,-6.32,-6.32,-6.3149999999999995,-6.3149999999999995,True,5,5,False,-6.784289811714642,0.11041249002668546,-6.310070307294636,0.0106223507954304,0.0004911759530576998
XMBWDFGMSWQBCA-UHFFFAOYSA-N,-14.715435472492196,-14.715435472492196,1,-14.714444446189027,-14.714444446189027,-14.715435472492196,-14.715435472492196,False,1,1,False,-13.730830086298518,1.4704237627620684,-14.709645005431783,0.13063081915498498,1.0
XMGQYMWWDOXHJM-JTQLQIEISA-N,0.08728432690409726,0.08274439756682861,6,0.08084787866555165,0.08084787866555165,0.08274439756682861,0.08274439756682861,False,2,2,False,-0.2007303672918721,0.4756471605486157,0.05292012163246577,0.12633153554043555,1.0
XMGQYMWWDOXHJM-SNVBAGLBSA-N,0.0880210902104356,0.0880210902104356,1,0.08612457130915864,0.08612457130915864,0.0880210902104356,0.0880210902104356,False,1,1,False,-0.40778526041911245,1.0605269289471333,0.014806534649309117,0.2823160170093666,1.0
XMGQYMWWDOXHJM-UHFFFAOYSA-N,-1.502938102332627,-2.7488690821545685,6,-2.747878055851399,-2.747878055851399,-2.7488690821545685,-2.7488690821545685,True,3,3,False,-1.8637320342942176,0.6070485976857052,-2.7767754491446293,0.06574155671220551,0.060496005229883854
XMIIGOLPHOKFCH-UHFFFAOYSA-N,-7.718127125098375,-7.718127125098375,1,-7.795561185303473,-7.795561185303473,-7.718127125098375,-7.718127125098375,False,1,1,False,-7.724518958393252,2.0389244389701053,-7.947790916419192,0.9169969826985125,1.0
XMQFTWRPUQYINF-UHFFFAOYSA-N,-17.903357101627662,-17.903357101627662,2,-17.94302239118085,-17.94302239118085,-17.903357101627662,-17.903357101627662,True,2,2,False,-17.325185356419265,0.9638346123868675,-17.56193507949851,0.2730848622698177,0.9587175115341494
XMROPFQWHHUFFS-UHFFFAOYSA-N,3.326537538723299,3.326537538723299,1,3.324641019822022,3.324641019822022,3.326537538723299,3.326537538723299,False,1,1,False,2.6369353425082163,1.0605269289471333,3.240478143870821,0.28253200187002925,1.0
XMSXQFUHVRWGNA-UHFFFAOYSA-N,1.6555239539886224,1.6555239539886224,1,1.6536274350873454,1.6536274350873454,1.6555239539886224,1.6555239539886224,False,1,1,False,1.0659167696214116,1.0605269289471333,1.576099599532228,0.2824059810014404,1.0
XMTQQYYKAHVGBJ-UHFFFAOYSA-N,-9.715998635737643,-10.485767366719143,3,-10.487663885620421,-10.487663885620421,-10.485767366719143,-10.485767366719143,True,2,2,False,-10.38759572385037,0.7231280539469104,-10.482835159991748,0.1981972413068235,0.6757589356044648
XMWRWTSZNLOZFN-UHFFFAOYSA-N,-2.209791687630064,-2.209791687630064,1,-2.211688206531341,-2.211688206531341,-2.209791687630064,-2.209791687630064,False,1,1,False,-2.568094777937025,1.0605269289471333,-2.273920463280103,0.28223319128531854,1.0
XNLICIUVMPYHGG-UHFFFAOYSA-N,-3.1556965782498265,-3.3866404653381483,56,-3.3885369842394253,-3.3885369842394253,-3.527724665391969,-3.527724665391969,True,5,5,False,-3.480227208946262,0.08236132742093896,-3.518879228141391,0.007785566571347494,0.0019623501513012895
XNMQEEKYCVKGBD-UHFFFAOYSA-N,0.5641989166791198,0.5641989166791198,1,0.4867648564740218,0.4867648564740218,0.5641989166791198,0.5641989166791198,False,1,1,False,-1.274125723441021,2.0389244389701053,-0.011324015645798501,0.918278559433249,1.0
XNNQFQFUQLJSQT-UHFFFAOYSA-N,-0.93,-0.93,3,-0.93,-0.93,-0.93,-0.93,False,2,2,False,-0.9370123125097417,0.19089122368373,-0.9300458639631224,0.01632982795322527,1.0
XNWFRZJHXBZDAG-UHFFFAOYSA-N,-6.332513484595563,-6.766664303947252,17,-6.76625239005736,-6.76625239005736,-6.77,-6.77,True,4,4,False,-6.718018477049379,0.101630197564199,-6.772869668150978,0.009527954502062464,0.010543374974981302
XOBKSJJDNFUZPF-UHFFFAOYSA-N,-2.139690593527178,-2.1009401266287835,8,-2.0999745501628073,-2.0999745501628073,-2.1,-2.1,False,4,4,False,-2.152594704761142,0.22887828700768584,-2.1045781619463932,0.026192085066455446,0.30181947260061504
XOGPDSATLSAZEK-UHFFFAOYSA-N,-6.771636645544101,-6.771636645544101,2,-6.811301935097288,-6.811301935097288,-6.771636645544101,-6.771636645544101,True,2,2,False,-9.845580345706564,0.9638346123868675,-11.478896362501175,0.2833084273703546,0.06328518445992062
XOMKZKJEJBZBJJ-UHFFFAOYSA-N,-2.5796304958282246,-2.45,5,-2.45,-2.45,-2.45,-2.45,False,3,3,False,-2.4857831741267082,0.1853295386889642,-2.451884112601279,0.016297034493185116,0.9094905044246304
XOOGZRUBTYCLHG-UHFFFAOYSA-N,1.8834452770158971,1.8834452770158971,1,1.8815487581146202,1.8815487581146202,1.8834452770158971,1.8834452770158971,False,1,1,False,1.2801990680442792,1.0605269289471333,1.80311693818472,0.28242133401874153,1.0
XOPFESVZMSQIKC-UHFFFAOYSA-N,-18.709591286071316,-18.709591286071316,1,-18.787025346276415,-18.787025346276415,-18.709591286071316,-18.709591286071316,False,1,1,False,-16.284827464546172,2.0389244389701053,-18.42445949251447,0.9583562238044786,1.0
XORVNHCKWFPDLN-UHFFFAOYSA-N,-1.902127025287126,-1.902127025287126,1,-1.979561085492224,-1.979561085492224,-1.902127025287126,-1.902127025287126,False,1,1,False,-3.1949354200165536,2.0389244389701053,-2.373973848043826,0.9153788856225881,1.0
XPDWGBQVDMORPB-UHFFFAOYSA-N,1.0659661718112732,0.8054493307839388,11,0.8054493307839388,0.8054493307839388,0.8027246653919694,0.8027246653919694,True,4,4,False,0.7504602508584288,0.1876715062189966,0.8019298207089776,0.01968879476265966,0.49494739110288793
XPFVYQJUAUNWIW-UHFFFAOYSA-N,-7.493756563401679,-7.493984957412597,5,-7.495881476313874,-7.495881476313874,-7.493984957412597,-7.493984957412597,False,3,3,False,-7.703098910014834,0.6051215941283965,-7.504550227208079,0.08360678931846531,1.0
XQNAUQUKWRBODG-UHFFFAOYSA-N,1.828546748030598,1.828546748030598,1,1.7511126878255,1.7511126878255,1.828546748030598,1.828546748030598,False,1,1,False,-0.2894336626795719,2.0389244389701053,1.1989023467559845,0.9206397696840118,1.0
XQQBUAPQHNYYRS-UHFFFAOYSA-N,-1.3650333382769524,-1.3778893038279685,7,-1.376898277524799,-1.376898277524799,-1.38,-1.38,False,3,3,False,-1.4216640061193884,0.236844368776156,-1.3800897402152148,0.025448263711631294,1.0
XQTLDIFVVHJORV-UHFFFAOYSA-N,-2.088092531154084,-2.088092531154084,1,-2.165526591359182,-2.165526591359182,-2.088092531154084,-2.088092531154084,False,1,1,False,-3.3397679990442266,2.0389244389701053,-2.5521901865441152,0.9152483906261042,1.0
XQUXKZZNEFRCAW-UHFFFAOYSA-N,-4.165550645561178,-4.755908827602255,3,-4.833342887807353,-4.833342887807353,-4.755908827602255,-4.755908827602255,True,2,2,False,-4.2681040560168695,0.7231280539469104,-4.768079612035421,0.2664038600700771,0.12980145781730912
XRHGWAGWAHHFLF-UHFFFAOYSA-N,-6.57280339830805,-6.514265061813068,3,-6.591699122018166,-6.591699122018166,-6.514265061813068,-6.514265061813068,False,2,2,False,-6.828452438921896,0.7231280539469104,-6.6667127040832606,0.20760490931460615,1.0
XRHGYUZYPHTUJZ-UHFFFAOYSA-N,-5.096582987844868,-5.096582987844868,1,-5.174017048049966,-5.174017048049966,-5.096582987844868,-5.096582987844868,False,1,1,False,-5.682823125269589,2.0389244389701053,-5.435765147914702,0.9148078835559801,1.0
XRJLAOUDSILTFT-UHFFFAOYSA-N,-11.4636134441097,-11.4636134441097,2,-11.503278733662889,-11.503278733662889,-11.4636134441097,-11.4636134441097,False,2,2,False,-11.460300650292584,0.9638346123868675,-11.52028982207105,0.27042224039818435,1.0
XRMVWAKMXZNZIL-UHFFFAOYSA-N,-3.888103481098723,-3.888103481098723,1,-3.89,-3.89,-3.888103481098723,-3.888103481098723,False,1,1,False,-4.145974827938458,1.0605269289471333,-3.945603245581545,0.2822093708250119,1.0
XRXMNWGCKISMOH-UHFFFAOYSA-N,-7.050904289964173,-7.050904289964173,1,-7.128338350169271,-7.128338350169271,-7.050904289964173,-7.050904289964173,False,1,1,False,-7.204876331401035,2.0389244389701053,-7.308605122769689,0.9162081667132131,1.0
XSIFPSYPOVKYCO-UHFFFAOYSA-N,-3.4475091789545314,-3.4475091789545314,2,-3.487174468507719,-3.487174468507719,-3.4475091789545314,-3.4475091789545314,True,2,2,False,-4.056396856609366,0.9638346123868675,-3.831884715276134,0.27074827325396095,1.0
XSJVWZAETSBXKU-UHFFFAOYSA-N,-2.0006872412046928,-2.0006872412046928,1,-2.078121301409791,-2.078121301409791,-2.0006872412046928,-2.0006872412046928,False,1,1,False,-3.2716955169728017,2.0389244389701053,-2.468426242243159,0.9153082118943868,1.0
XSQUKJJJFZCRTK-UHFFFAOYSA-N,-12.57950341947425,-13.8,3,-13.8,-13.8,-13.8,-13.8,True,3,3,False,-13.752757926473778,0.2453204056433808,-13.799743414237614,0.028143308622853965,0.3542698713455187
XSTXAVWGXDQKEL-UHFFFAOYSA-N,0.3002915905167827,-0.4611416121245113,117,-0.4630381310257883,-0.4630381310257883,-0.43869024856596556,-0.43869024856596556,True,5,5,False,-0.10996922666303675,0.08079994285297684,-0.43838561066235915,0.011225101731524474,0.003843788900024066
XTCHLXABLZQNNN-UHFFFAOYSA-N,-3.068866548477267,-3.068866548477267,2,-3.1085318380304545,-3.1085318380304545,-3.068866548477267,-3.068866548477267,True,2,2,False,-5.377473040766379,0.9638346123868675,-6.204863301272625,0.28238837573842934,0.13922104447962633
XTDKZSUYCXHXJM-UHFFFAOYSA-N,-3.943622813576384,-3.943622813576384,1,-3.945519332477661,-3.945519332477661,-3.943622813576384,-3.943622813576384,False,1,1,False,-4.19817183176505,1.0605269289471333,-4.000903331434457,0.2822091108008515,1.0
XTDQDBVBDLYELW-UHFFFAOYSA-N,2.755207462442673,2.6135300706625952,3,2.6116335517613183,2.6116335517613183,2.6135300706625952,2.6135300706625952,False,1,1,False,2.375974326368961,0.624886973339966,2.6722435433612515,0.17070634479000504,1.0
XTFIVUDBNACUBN-UHFFFAOYSA-N,-6.177340791202442,-6.177340791202442,1,-6.25477485140754,-6.25477485140754,-6.177340791202442,-6.177340791202442,False,1,1,False,-6.524532662932683,2.0389244389701053,-6.471557094028884,0.9154161940701634,1.0
XTFNPKDYCLFGPV-UHFFFAOYSA-N,-8.079791312102943,-8.079791312102943,1,-8.15722537230804,-8.15722537230804,-8.079791312102943,-8.079791312102943,False,1,1,False,-8.006188167430825,2.0389244389701053,-8.29419268081366,0.9174921967685092,1.0
XTHFKEDIFFGKHM-UHFFFAOYSA-N,-4.826120671340557,-4.84,9,-4.84,-4.84,-4.84,-4.84,False,2,2,False,-4.830234421736268,0.11028239325253258,-4.827251522850523,0.009805843572363294,1.0
XTRDKALNCIHHNI-UHFFFAOYSA-N,-6.0775697624902145,-6.0775697624902145,2,-6.117235052043402,-6.117235052043402,-6.0775697624902145,-6.0775697624902145,False,2,2,False,-6.39011528874448,0.9638346123868675,-6.222639236898305,0.27022906894602683,1.0
XTXRWKRVRITETP-UHFFFAOYSA-N,-2.213252219232274,-2.2912054411446174,11,-2.2931019600458944,-2.2931019600458944,-2.2912054411446174,-2.2912054411446174,True,2,2,False,-2.5359432561568536,0.34100479671977335,-2.3477327206396255,0.09218561101996936,0.9645734341144551
XUAWBXBYHDRROL-UHFFFAOYSA-N,-2.941992142161025,-2.941992142161025,2,-2.9816574317142126,-2.9816574317142126,-2.941992142161025,-2.941992142161025,False,2,2,False,-3.493264002036158,0.9638346123868675,-3.213750737640304,0.2701897469863632,1.0
XUDJOVURIXHNRW-UHFFFAOYSA-N,-23.305774494566165,-23.305774494566165,1,-23.383208554771265,-23.383208554771265,-23.305774494566165,-23.305774494566165,False,1,1,False,-19.86440027116241,2.0389244389701053,-22.72877847709517,1.0023732043750841,1.0
XUPYJHCZDLZNFP-UHFFFAOYSA-N,-2.1146330622346556,-2.114582594983516,4,-2.116123748992715,-2.116123748992715,-2.114582594983516,-2.114582594983516,False,3,3,False,-2.466355405077958,0.7264233182696221,-2.126842817108927,0.08747335523909223,1.0
XVEASTGLHPVZNA-UHFFFAOYSA-N,-0.6222037722694452,-0.6222037722694452,1,-0.6241002911707222,-0.6241002911707222,-0.6222037722694452,-0.6222037722694452,False,1,1,False,-1.075509604538692,1.0605269289471333,-0.6926082432290533,0.2822842049966049,1.0
XVIZMMSINIOIQP-UHFFFAOYSA-N,-2.241826247300495,-2.034336203859037,7,-2.036232722760314,-2.036232722760314,-1.99,-1.99,True,4,4,False,-2.0883400886639065,0.19980487917214665,-1.9941431143317534,0.019903515746000765,0.4073145104753716
XVWLQUXGMQFTPO-UHFFFAOYSA-N,-3.602076902018263,-3.602076902018263,2,-3.60397342091954,-3.60397342091954,-3.602076902018263,-3.602076902018263,False,1,1,False,-3.856404939486713,0.7613827475557001,-3.6594250089004534,0.203569454380242,1.0
XWCDCDSDNJVCLO-UHFFFAOYSA-N,-0.7136563702299431,-0.77,13,-0.77,-0.77,-0.77,-0.77,False,4,4,False,-0.7840490791631857,0.11649890115518226,-0.7771426831631338,0.010817350873698835,0.28845959095158924
XWKFPIODWVPXLX-UHFFFAOYSA-N,-4.615870992609958,-4.7179732313575515,19,-4.7179732313575515,-4.7179732313575515,-4.7179732313575515,-4.7179732313575515,True,5,5,False,-4.709116231674447,0.11120211343151384,-4.713064070817752,0.011279205122762426,0.06658665467721399
XWPZUHJBOLQNMN-UHFFFAOYSA-N,-9.346530499740956,-9.346530499740956,1,-9.348427018642234,-9.348427018642234,-9.346530499740956,-9.346530499740956,False,1,1,False,-9.277764481459245,1.0605269289471333,-9.382456047863979,0.28234571729029295,1.0
XXJWXESWEXIICW-UHFFFAOYSA-N,-8.194348925408525,-8.194348925408525,1,-8.271782985613623,-8.271782985613623,-8.194348925408525,-8.194348925408525,False,1,1,False,-8.095407264837911,2.0389244389701053,-8.403905271334358,0.9176590840540098,1.0
XXOYNJXVWVNOOJ-UHFFFAOYSA-N,-10.035393536493634,-9.66617490586762,5,-9.668071424768897,-9.668071424768897,-10.75,-10.75,True,4,4,False,-10.210478773898146,0.20682606088088684,-9.633449383418375,0.028027651574106235,0.0009987697831912124
XXPBFNVKTVJZKF-UHFFFAOYSA-N,-3.7703150061196227,-3.7971423006944027,6,-3.7990388195956797,-3.7990388195956797,-3.7971423006944027,-3.7971423006944027,False,1,1,False,-4.008381250895259,0.4441748617004943,-3.840312587284374,0.12406941629092737,0.8227003213796277
XXROGKLTLUQVRX-UHFFFAOYSA-N,-5.024191117493502,-5.034070822896242,17,-5.033460803059273,-5.033460803059273,-5.033460803059273,-5.033460803059273,False,5,5,False,-5.045224484487326,0.10810685609747228,-5.043174500635434,0.01205030632917749,0.07919683291016219
XXXSILNSXNPGKG-ZHACJKMWSA-N,-8.984998860757699,-9.034130157673456,3,-9.044878091673102,-9.044878091673102,-9.034130157673456,-9.034130157673456,False,2,2,False,-9.137020682272299,0.7231280539469104,-9.024803200810236,0.19708064303659054,1.0
XYBSIYMGXVUVGY-UHFFFAOYSA-N,-4.636347951599748,-4.726910703472176,5,-4.728807222373453,-4.728807222373453,-4.726910703472176,-4.726910703472176,True,1,1,False,-4.86465636529398,0.48605923627515846,-4.694560599786517,0.1438508175634918,0.6675626033918853
XYDYODCWVCBIOQ-UHFFFAOYSA-N,3.572101969108481,3.572101969108481,1,3.570205450207204,3.570205450207204,3.572101969108481,3.572101969108481,False,1,1,False,2.867804968284924,1.0605269289471333,3.4850659396241173,0.28255315666965913,1.0
XYFCBTPGUUZFHI-UHFFFAOYSA-N,1.0053498170034287,1.0210686332252066,6,1.022059659528376,1.022059659528376,0.6,0.6,False,2,2,False,0.6166345091380027,0.23809875238323436,1.0138426772702396,0.05999912921232396,0.028528104727051667
XYHVYEUZLSYHDP-UHFFFAOYSA-N,-3.533553393622402,-4.10411984252213,3,-4.106016361423407,-4.106016361423407,-4.10411984252213,-4.10411984252213,True,2,2,False,-4.245259433498634,0.7231280539469104,-4.12281317991871,0.19707292161528756,0.8782206133298304
XYIBRDXRRQCHLP-UHFFFAOYSA-N,-5.8257112630762276,-5.8257112630762276,2,-5.8276077819775045,-5.8276077819775045,-5.8257112630762276,-5.8257112630762276,False,1,1,False,-6.011455050460479,0.7613827475557001,-5.878418138715918,0.20045878254713675,1.0
XYLMUPLGERFSHI-UHFFFAOYSA-N,-1.0634637172783845,-1.241464620280645,6,-1.2404735939774756,-1.2404735939774756,-1.24,-1.24,True,4,4,False,-1.2772421990667484,0.2367294590105795,-1.2413785400389294,0.026370070907323788,1.0
XYWDPYKBIRQXQS-UHFFFAOYSA-N,-1.2093590550033004,-1.21208984178559,8,-1.2115943286340054,-1.2115943286340054,-1.21,-1.21,False,3,3,False,-1.2609550259329765,0.2275591596617137,-1.2119013829854748,0.025263839601396415,1.0
XZIDTOHMJBOSOX-UHFFFAOYSA-N,-8.270359666684765,-8.270359666684765,1,-8.272256185586041,-8.272256185586041,-8.270359666684765,-8.270359666684765,False,1,1,False,-8.26599271504432,1.0605269289471333,-8.310544889071485,0.2822928823545843,1.0
XZMCDFZZKTWFGF-UHFFFAOYSA-N,-8.555900031830742,-10.880213107955036,3,-10.882109626856312,-10.882109626856312,-3.23,-3.23,True,3,3,False,-4.428268952455959,0.3779280975370597,-3.2309964825191506,0.028285568672944284,0.008361547383449457
XZYCSFIRWAPGJV-UHFFFAOYSA-N,-1.5088193037359863,-1.5513982327574043,5,-1.5532947516586812,-1.5532947516586812,-1.5513982327574043,-1.5513982327574043,False,1,1,False,-1.7764405784647421,0.48605923627515846,-1.5567918068918447,0.13289850030047679,0.9309812859341857
XZZNDPSIHUTMOC-UHFFFAOYSA-N,-5.27789496581285,-5.27789496581285,1,-5.279791484714127,-5.279791484714127,-5.27789496581285,-5.27789496581285,False,1,1,False,-5.452599893630248,1.0605269289471333,-5.329906401242086,0.28221302809707477,1.0
YAHNWSSFXMVPOU-UHFFFAOYSA-N,-2.6842112140423815,-2.6842112140423815,2,-2.723876503595569,-2.723876503595569,-2.6842112140423815,-2.6842112140423815,False,2,2,False,-3.1874361822665827,0.9638346123868675,-2.873222384153022,0.27021612317773636,1.0
YAIMUUJMEBJXAA-UHFFFAOYSA-N,-5.046354172906282,-5.0466812315887095,11,-5.046722264947804,-5.046722264947804,-5.045411089866156,-5.045411089866156,False,4,4,False,-5.060361031766428,0.1327535947053867,-5.045826724917686,0.01379397293111269,1.0
YASYVMFAVPKPKE-UHFFFAOYSA-N,-13.295550248563053,-14.571686427361616,4,-14.583830934680485,-14.583830934680485,-14.571686427361616,-14.571686427361616,True,2,2,False,-13.101385211082619,0.6032128259600282,-14.59414432112734,0.19517946563539898,0.019057013905350556
YAYNEUUHHLGGAH-UHFFFAOYSA-N,4.07805510985329,4.07805510985329,1,4.079046136156459,4.079046136156459,4.07805510985329,4.07805510985329,False,1,1,False,2.9007016132409555,1.4704237627620684,4.067946136493526,0.1306118154961487,1.0
YBOXGRMAQIYMGV-UHFFFAOYSA-N,3.722169121010537,3.722169121010537,1,3.7202726021092603,3.7202726021092603,3.722169121010537,3.722169121010537,False,1,1,False,3.0088919618151344,1.0605269289471333,3.6345360403195905,0.28256641843848423,1.0
YBRBMKDOPFTVDT-UHFFFAOYSA-N,-3.7753057181532204,-3.860818544389258,7,-3.862715063290535,-3.862715063290535,-3.238527724665392,-3.238527724665392,False,4,4,False,-3.405620937680382,0.22877458135423093,-3.2626148758841675,0.02970822745608773,0.238749055797749
YBUGOACXDPDUIR-UHFFFAOYSA-N,-5.508259049967528,-5.508259049967528,2,-5.5101555688688055,-5.5101555688688055,-5.508259049967528,-5.508259049967528,False,1,1,False,-5.703794115250215,0.7613827475557001,-5.561657070817019,0.19975014087144977,1.0
YBVRUEQFTLCXCN-UHFFFAOYSA-N,-8.66864363846653,-8.66864363846653,1,-8.746077698671629,-8.746077698671629,-8.66864363846653,-8.66864363846653,False,1,1,False,-8.464794728341628,2.0389244389701053,-8.858081339633364,0.9184019006723629,1.0
YCIMNLLNPGFGHC-UHFFFAOYSA-N,-8.454018785412167,-8.328218154067013,3,-8.405652214272111,-8.405652214272111,-8.328218154067013,-8.328218154067013,True,2,2,False,-8.68014065447489,0.7231280539469104,-8.062921467848001,0.2831174329251528,0.2131190369758966
YCIYTXRUZSDMRZ-UHFFFAOYSA-N,-3.510384067426697,-3.5102215362581193,3,-3.51355996958106,-3.51355996958106,-3.5102215362581193,-3.5102215362581193,False,2,2,False,-3.8314373159384947,0.7231280539469104,-3.581800076663221,0.19548418938468243,1.0
YCOXTKKNXUZSKD-UHFFFAOYSA-N,-5.338757433232009,-6.503728702603668,14,-6.503233189452083,-6.503233189452083,-6.5,-6.5,True,4,4,False,-6.182450593314134,0.20190122621390616,-6.496661316728338,0.026077155302249987,0.037009994029038824
YCOZIPAWZNQLMR-UHFFFAOYSA-N,3.643294788566793,3.643294788566793,2,3.6036294990136053,3.6036294990136053,3.643294788566793,3.643294788566793,False,2,2,False,2.933797098903358,0.9638346123868675,3.5782487129965372,0.2718338661784858,1.0
YCWRSOTXXJYCKF-UHFFFAOYSA-N,-2.2022613290912374,-2.2022613290912374,1,-2.2796953892963354,-2.2796953892963354,-2.2022613290912374,-2.2022613290912374,False,1,1,False,-3.4286842815162935,2.0389244389701053,-2.6616047526065723,0.9151742862747053,1.0
YDGFMDPEJCJZEV-UHFFFAOYSA-N,-1.6019927214830132,-1.6019927214830132,1,-1.6794267816881112,-1.6794267816881112,-1.6019927214830132,-1.6019927214830132,False,1,1,False,-2.9611865585168125,2.0389244389701053,-2.0863610407129998,0.9156151647185421,1.0
YDVYLSIVXYLBBX-UHFFFAOYSA-N,-2.7616025316352637,-2.7616025316352637,1,-2.8390365918403617,-2.8390365918403617,-2.7616025316352637,-2.7616025316352637,False,1,1,False,-3.8643071597658096,2.0389244389701053,-3.1976834801659644,0.914877042088328,1.0
YEJRWHAVMIAJKC-UHFFFAOYSA-N,-7.73083448464354,-7.73083448464354,1,-7.732731003544817,-7.732731003544817,-7.73083448464354,-7.73083448464354,False,1,1,False,-7.758753223235233,1.0605269289471333,-7.773153588144927,0.2822712062027408,1.0
YESXTECNXIKUMM-UHFFFAOYSA-N,-10.84526423264007,-10.84526423264007,1,-10.922698292845167,-10.922698292845167,-10.84526423264007,-10.84526423264007,False,1,1,False,-10.159977782581972,2.0389244389701053,-10.940852549400194,0.9229215075315853,1.0
YEYKMVJDLWJFOA-UHFFFAOYSA-N,-6.412208552845852,-6.41196012672421,8,-6.412412873023264,-6.412412873023264,-6.41491395793499,-6.41491395793499,False,4,4,False,-6.417548879904978,0.13525714474533843,-6.412748683167371,0.013974997332728244,1.0
YFBPRJGDJKVWAH-UHFFFAOYSA-N,-9.741890363577461,-9.804497457080569,3,-9.806393975981845,-9.806393975981845,-9.804497457080569,-9.804497457080569,False,2,2,False,-9.99296552112339,0.7231280539469104,-9.933004862323479,0.19728190555136874,1.0
YFGYUFNIOHWBOB-UHFFFAOYSA-N,-10.147055761042605,-10.176903820474251,4,-10.21656911002744,-10.21656911002744,-10.176903820474251,-10.176903820474251,True,2,2,False,-10.305187910090217,0.6032128259600282,-10.234554103081956,0.19353937270783966,0.5876962337668084
YFSLABAYQDPWPF-UHFFFAOYSA-N,-3.618274900315999,-3.847654421869704,3,-3.849550940770981,-3.849550940770981,-3.847654421869704,-3.847654421869704,True,1,1,False,-3.8650937985059257,0.624886973339966,-3.7409170307942157,0.18015958476448587,0.7335294050400085
YFTHZRPMJXBUME-UHFFFAOYSA-N,-2.4674935418872574,-2.467668351429515,6,-2.4682957459033883,-2.4682957459033883,-2.467668351429515,-2.467668351429515,False,3,3,False,-2.7574752729301593,0.5294888151993109,-2.487646752873318,0.08020539761172359,1.0
YFXPPSKYMBTNAV-UHFFFAOYSA-N,-5.813959129409707,-5.813959129409707,1,-5.815855648310984,-5.815855648310984,-5.813959129409707,-5.813959129409707,False,1,1,False,-5.956585477567563,1.0605269289471333,-5.863853321990119,0.28222009981085217,1.0
YGAUDDDVMBIHGB-UHFFFAOYSA-N,4.574796969243237,4.574796969243237,1,4.497362909038139,4.497362909038139,4.574796969243237,4.574796969243237,False,1,1,False,1.8493850410325963,2.0389244389701053,3.823940260812448,0.9280038903540707,1.0
YGHRJJRRZDOVPD-UHFFFAOYSA-N,-2.4298563972523697,-2.4298563972523697,1,-2.4317529161536466,-2.4317529161536466,-2.4298563972523697,-2.4298563972523697,False,1,1,False,-2.7749906100307404,1.0605269289471333,-2.4931157375413133,0.2822283068949774,1.0
YGJHZCLPZAZIHH-UHFFFAOYSA-N,-4.662088960096433,-4.662088960096433,1,-4.66398547899771,-4.66398547899771,-4.662088960096433,-4.662088960096433,False,1,1,False,-4.873644293799299,1.0605269289471333,-4.716532290701271,0.28220879448818526,1.0
YGSDEFSMJLZEOE-UHFFFAOYSA-N,-8.471841421056943,-8.898786057509335,3,-8.900682576410613,-8.900682576410613,-8.898786057509335,-8.898786057509335,True,2,2,False,-8.944394772057965,0.7231280539469104,-8.9103383410106,0.19647446274838212,1.0
YGYNBBAUIYTWBF-UHFFFAOYSA-N,-2.4237911334864792,-2.6329963924633457,13,-2.6320053661601763,-2.6320053661601763,-2.63,-2.63,True,5,5,False,-2.6321653673447294,0.12093906024657515,-2.632604957068614,0.011425431018058714,0.4804225930865249
YHEDXPYACAPROW-UHFFFAOYSA-N,-3.879034283554778,-3.879034283554778,2,-3.9186995731079657,-3.9186995731079657,-3.879034283554778,-3.879034283554778,True,2,2,False,-6.376375035928188,0.9638346123868675,-7.395614586725942,0.28262968870110683,0.11193535523692903
YHQGMYUVUMAZJR-UHFFFAOYSA-N,0.11962725057999,0.2028374232515259,3,0.20094090435024894,0.20094090435024894,0.2028374232515259,0.2028374232515259,False,2,2,False,-0.1822529864168681,0.6844953500444738,-0.003480180414667662,0.11209287066327951,1.0
YHQRYZGDQCSHFO-UHFFFAOYSA-N,-2.1340489873175765,-2.1340489873175765,1,-2.2114830475226745,-2.2114830475226745,-2.1340489873175765,-2.1340489873175765,False,1,1,False,-3.375559540266353,2.0389244389701053,-2.596232639481021,0.9152180121835936,1.0
YHQXBTXEYZIYOV-UHFFFAOYSA-N,1.8321873472402266,1.8282423204936458,16,1.8290817858373059,1.8290817858373059,1.8283938814531548,1.8283938814531548,False,5,5,False,1.797158808188646,0.12369047923353976,1.8265110699214366,0.012368289575586324,1.0
YHRUOJUYPBUZOS-UHFFFAOYSA-N,-0.6563423003522267,-1.877250971236594,28,-1.8781992306872324,-1.8781992306872324,-1.8953154875717015,-1.8953154875717015,True,5,5,False,-1.5637373216628745,0.1241062624677209,-1.8948470199197056,0.012450203223154087,0.0015826922323957623
YIJZJEYQBAAWRJ-UHFFFAOYSA-N,-6.369174155689819,-6.369174155689819,2,-6.408839445243007,-6.408839445243007,-6.369174155689819,-6.369174155689819,False,2,2,False,-6.657772104504025,0.9638346123868675,-6.500017682301287,0.2702631958606014,1.0
YIKSCQDJHCMVMK-UHFFFAOYSA-N,-12.400593474914572,-12.400593474914572,1,-12.402489993815848,-12.402489993815848,-12.400593474914572,-12.400593474914572,False,1,1,False,-12.149069478973978,1.0605269289471333,-12.42439733007413,0.28256574126671363,1.0
YIWUKEYIRIRTPP-UHFFFAOYSA-N,-3.769487189462353,-3.855453292264763,3,-3.85734981116604,-3.85734981116604,-3.855453292264763,-3.855453292264763,False,2,2,False,-4.206009267586801,0.7231280539469104,-3.997018396506152,0.19748285081235145,1.0
YJEMGEBDXDPBSP-UHFFFAOYSA-N,-2.253113450751483,-2.253113450751483,1,-2.25500996965276,-2.25500996965276,-2.253113450751483,-2.253113450751483,False,1,1,False,-2.6088241263371206,1.0605269289471333,-2.3170710628338504,0.2822321877005899,1.0
YJTKZCDBKVTVBY-UHFFFAOYSA-N,-5.243135153312239,-5.243135153312239,1,-5.245031672213516,-5.245031672213516,-5.243135153312239,-5.243135153312239,False,1,1,False,-5.4199201407381175,1.0605269289471333,-5.295283866277891,0.28221267837879566,1.0
YKFLAYDHMOASIY-UHFFFAOYSA-N,-1.1327359544728086,-0.2432991168519759,5,-0.32073317705707394,-0.32073317705707394,-0.2432991168519759,-0.2432991168519759,True,3,3,False,-1.1877543763514817,0.6051215941283965,-2.6628607078233717,0.0924701405953597,0.0678697620060235
YKHFZRXJMPLNTJ-UHFFFAOYSA-N,2.06546210360008,2.06546210360008,1,2.0635655846988032,2.0635655846988032,2.06546210360008,2.06546210360008,False,1,1,False,1.4513238379168543,1.0605269289471333,1.9844116319192013,0.2824340103982695,1.0
YKKYCYQDUUXNLN-UHFFFAOYSA-N,-1.9741107389856323,-1.9741107389856323,2,-2.0137760285388198,-2.0137760285388198,-1.9741107389856323,-1.9741107389856323,True,2,2,False,-2.7601390246351203,0.9638346123868675,-2.5118631763954,0.2720182433541082,1.0
YKPNYFKOKKKGNM-UHFFFAOYSA-N,3.5857444374632133,3.5857444374632133,1,3.5838479185619363,3.5838479185619363,3.5857444374632133,3.5857444374632133,False,1,1,False,2.880631058605852,1.0605269289471333,3.4986541375371614,0.2825543518141075,1.0
YKYONYBAUNKHLG-UHFFFAOYSA-N,-2.598969145053998,-2.797037136107561,30,-2.7993595682388963,-2.7993595682388963,-2.86,-2.86,True,5,5,False,-2.841927489389072,0.09122258472513686,-2.8546725462327367,0.008327399708085414,0.0029187023706375454
YLAYOOJLJKJGCF-UHFFFAOYSA-N,-2.1749763923817715,-2.1749763923817715,1,-2.2524104525868696,-2.2524104525868696,-2.1749763923817715,-2.1749763923817715,False,1,1,False,-3.407434385016316,2.0389244389701053,-2.635455809698295,0.9151915810943051,1.0
YLKFDHTUAUWZPQ-UHFFFAOYSA-N,-5.215263858300677,-5.215263858300677,1,-5.217160377201954,-5.217160377201954,-5.215263858300677,-5.215263858300677,False,1,1,False,-5.393716690021992,1.0605269289471333,-5.267522643134748,0.2822124075387546,1.0
YLPGTOIOYRQOHV-UHFFFAOYSA-N,-8.703859977726246,-8.703859977726246,2,-8.743525267279434,-8.743525267279434,-8.703859977726246,-8.703859977726246,False,2,2,False,-8.828371543798559,0.9638346123868675,-8.758620103745555,0.2705040063359357,1.0
YLQBMQCUIZJEEH-UHFFFAOYSA-N,-0.9016882906643161,-0.900402911412336,5,-0.8994118851091666,-0.8994118851091666,-0.900402911412336,-0.900402911412336,False,3,3,False,-1.2379437102855633,0.6051215941283965,-0.9163374421982118,0.08360587866544338,1.0
YMBNRMDSLJNNPF-UHFFFAOYSA-N,4.128517236456204,4.128517236456204,2,4.088851946903017,4.088851946903017,4.128517236456204,4.128517236456204,True,2,2,False,2.992998348498968,0.9638346123868675,3.497876184527892,0.2722022596621244,1.0
YMWUJEATGCHHMB-UHFFFAOYSA-N,-0.8591246000807473,-1.3096769620543065,76,-1.3086859357511371,-1.3086859357511371,-1.38,-1.38,True,5,5,False,-1.2380397318518352,0.08816455037619841,-1.3722383965125957,0.01046163081090429,0.0020974249892591525
YNAVUWVOSKDBBP-UHFFFAOYSA-N,-7.175304229706806,-7.174952198852772,15,-7.174947328286052,-7.174947328286052,-7.17,-7.17,False,4,4,False,-7.179078962805042,0.09967092368262775,-7.174817939693169,0.008952163455886954,1.0
YNJBWRMUSHSURL-UHFFFAOYSA-N,-8.137540596524794,-8.53715952052294,3,-8.536168494219769,-8.536168494219769,-8.53715952052294,-8.53715952052294,True,3,3,False,-8.546323949787205,0.8204025530984671,-8.535132314628163,0.11782409434485822,1.0
YNLBBDHDNIXQNL-UHFFFAOYSA-N,3.3947498804969607,3.3947498804969607,1,3.3928533615956837,3.3928533615956837,3.3947498804969607,3.3947498804969607,False,1,1,False,2.701065794112857,1.0605269289471333,3.3084192422192666,0.28253781022786756,1.0
YNPNZTXNASCQKK-UHFFFAOYSA-N,-3.731387298161899,-3.8236314690196354,44,-3.8255279879209123,-3.8255279879209123,-3.95,-3.95,True,5,5,False,-3.88049496965527,0.09610478974814687,-3.940442692587827,0.011425411385098684,0.016887424485111643
YNQLUTRBYVCPMQ-UHFFFAOYSA-N,-0.5971627673313217,-0.6692851588838431,60,-0.6697379051828969,-0.6697379051828969,-0.8,-0.8,False,5,5,False,-0.7888944045521671,0.07657150876074464,-0.7908627334759157,0.007411580076975123,0.050859457873858864
YNWVFADWVLCOPU-MAUPQMMJSA-N,-5.404339602924888,-5.457869196497162,3,-5.529857793788828,-5.529857793788828,-5.457869196497162,-5.457869196497162,False,2,2,False,-5.654490186187996,0.7231280539469104,-5.451279466079904,0.20073775105625033,1.0
YNXWXVHBJGJPPY-UHFFFAOYSA-N,-13.515743091755006,-13.515743091755006,1,-13.517639610656282,-13.517639610656282,-13.515743091755006,-13.515743091755006,False,1,1,False,-13.197487502387052,1.0605269289471333,-13.535104778224472,0.2826721539675582,1.0
YOYAIZYFCNQIRF-UHFFFAOYSA-N,-4.159615767799086,-4.616926405330672,9,-4.6188229242319485,-4.6188229242319485,-5.22,-5.22,True,4,4,False,-4.983436776507692,0.19345339870214054,-5.213198934955048,0.020021751675897044,0.09751228987269665
YPDBBDKYNWRFMF-UHFFFAOYSA-N,-1.4246406328714938,-1.4246406328714938,1,-1.5020746930765918,-1.5020746930765918,-1.4246406328714938,-1.4246406328714938,False,1,1,False,-2.823062231266967,2.0389244389701053,-1.9164175956077578,0.9157697419437552,1.0
YPFDHNVEDLHUCE-UHFFFAOYSA-N,-9.942357255097228,-9.942357255097228,2,-9.944253773998506,-9.944253773998506,-9.942357255097228,-9.942357255097228,False,1,1,False,-10.001130042586267,0.7613827475557001,-9.986326213414053,0.20168461304104196,1.0
YPMNDMUOGQJCLW-UHFFFAOYSA-N,4.143141096581811,4.143141096581811,2,4.103475807028623,4.103475807028623,4.143141096581811,4.143141096581811,True,2,2,False,3.0063081102541602,0.9638346123868675,3.511571317994272,0.2722098073777137,1.0
YPPCTMGCORMZAD-UHFFFAOYSA-N,-10.259876231813776,-10.259876231813776,1,-10.261772750715053,-10.261772750715053,-10.259876231813776,-10.259876231813776,False,1,1,False,-10.136454752837935,1.0605269289471333,-10.292182429926761,0.282400620586254,1.0
YPVPQMCSLFDIKA-UHFFFAOYSA-N,1.7985810829932742,1.7985810829932742,1,1.7966845640919973,1.7966845640919973,1.7985810829932742,1.7985810829932742,False,1,1,False,1.2004132265642538,1.0605269289471333,1.7185893681238553,0.28241554989835344,1.0
YQHLDYVWEZKEOX-UHFFFAOYSA-N,-6.8950380251652,-6.8950380251652,1,-6.896934544066477,-6.896934544066477,-6.8950380251652,-6.8950380251652,False,1,1,False,-6.97297160363099,1.0605269289471333,-6.940661049940418,0.282243956669278,1.0
YQUQWHNMBPIWGK-UHFFFAOYSA-N,-0.301094648015939,-0.301094648015939,1,-0.378528708221037,-0.378528708221037,-0.301094648015939,-0.301094648015939,False,1,1,False,-1.948028649720756,2.0389244389701053,-0.8400102663382384,0.9170100935040688,1.0
YREQHYQNNWYQCJ-UHFFFAOYSA-N,-2.30292867159139,-2.30292867159139,1,-2.380362731796488,-2.380362731796488,-2.30292867159139,-2.30292867159139,False,1,1,False,-3.507085438602865,2.0389244389701053,-2.758081955448689,0.9151127310351289,1.0
YRGAYAGBVIXNAQ-UHFFFAOYSA-N,-2.9115722927045913,-2.9115722927045913,1,-2.9134688116058682,-2.9134688116058682,-2.9115722927045913,-2.9115722927045913,False,1,1,False,-3.227880176892281,1.0605269289471333,-2.972928746083527,0.2822194709211311,1.0
YRHYCMZPEVDGFQ-UHFFFAOYSA-N,-1.4916620191175167,-1.4916620191175167,2,-1.5313273086707042,-1.5313273086707042,-1.4916620191175167,-1.4916620191175167,False,2,2,False,-1.9658947380022354,0.9638346123868675,-1.5634233203612615,0.27097319891464205,1.0
YRKCREAYFQTBPV-UHFFFAOYSA-N,-4.6116461769017105,-4.438380979593853,8,-4.44027749849513,-4.44027749849513,-4.438380979593853,-4.438380979593853,True,2,2,False,-4.8209686423172515,0.3979722561499478,-4.6967820861223215,0.10353519683418894,0.45291994772420346
YRMLFORXOOIJDR-UHFFFAOYSA-N,-6.64573262968702,-6.64573262968702,1,-6.647629148588297,-6.647629148588297,-6.64573262968702,-6.64573262968702,False,1,1,False,-6.738584875602505,1.0605269289471333,-6.692340821234239,0.2822373161904203,1.0
YRRKLBAKDXSTNC-UHFFFAOYSA-N,-9.380455186592194,-9.359991745166704,3,-9.361888264067982,-9.361888264067982,-9.359991745166704,-9.359991745166704,False,2,2,False,-9.523160590033601,0.7231280539469104,-9.42128061319991,0.1954881505047393,1.0
YRSIFCHKXFKNME-UHFFFAOYSA-N,-4.542941962125877,-4.542941962125877,1,-4.544838481027154,-4.544838481027154,-4.542941962125877,-4.542941962125877,False,1,1,False,-4.761627163343014,1.0605269289471333,-4.597855799639284,0.2822084554741384,1.0
YRYFQXDUMYOCJQ-UHFFFAOYSA-N,-10.08099532402876,-10.08099532402876,1,-10.082891842930039,-10.082891842930039,-10.08099532402876,-10.08099532402876,False,1,1,False,-9.968278245457995,1.0605269289471333,-10.114010718833239,0.28238913827483036,1.0
YSHMQTRICHYLGF-UHFFFAOYSA-N,-4.4634471513669105,-4.464627151051625,3,-4.464627151051625,-4.464627151051625,-4.464627151051625,-4.464627151051625,False,2,2,False,-4.467434991618108,0.17805529963300232,-4.4646121585544485,0.019769435405640343,1.0
YSMRWXYRXBRSND-UHFFFAOYSA-N,-3.545783541146655,-3.545783541146655,1,-3.623217601351753,-3.623217601351753,-3.545783541146655,-3.545783541146655,False,1,1,False,-4.47503847524596,2.0389244389701053,-3.9493097358539924,0.9146434230818862,1.0
YTBRNEUEFCNVHC-UHFFFAOYSA-N,-3.009334101551002,-2.9650615738950776,6,-3.0047268634482647,-3.0047268634482647,-2.9650615738950776,-2.9650615738950776,False,3,3,False,-3.2797889002211056,0.5004085170150036,-3.0977536964920858,0.09777699718078034,1.0
YTDHEFNWWHSXSU-UHFFFAOYSA-N,-1.215947621128545,-1.215947621128545,1,-1.2178441400298219,-1.2178441400298219,-1.215947621128545,-1.215947621128545,False,1,1,False,-1.6337232675610958,1.0605269289471333,-1.284004222464548,0.2822618793854954,1.0
YTHJCZRFJGXPTL-UHFFFAOYSA-N,-5.848390137336707,-5.848390137336707,1,-5.850286656237984,-5.850286656237984,-5.848390137336707,-5.848390137336707,False,1,1,False,-5.988956101858519,1.0605269289471333,-5.8981483291699215,0.2822206617818413,1.0
YTKRILODNOEEPX-IHWYPQMZSA-N,-0.7715591883086801,-0.7688642661638585,4,-0.7678732398606891,-0.7678732398606891,-0.7688642661638585,-0.7688642661638585,False,1,1,False,-1.0930324088875136,0.7691402364010834,-0.7749734411042565,0.06766147792430564,1.0
YTKRILODNOEEPX-NSCUHMNNSA-N,-1.3140666116802366,-1.3033466801767215,4,-1.3023556538735521,-1.3023556538735521,-1.3033466801767215,-1.3033466801767215,False,1,1,False,-1.618464400161661,0.7691402364010834,-1.3165766833292913,0.0676648505753624,1.0
YTKRILODNOEEPX-UHFFFAOYSA-N,-0.6255278214651815,-0.6255278214651815,1,-0.6274243403664584,-0.6274243403664584,-0.6255278214651815,-0.6255278214651815,False,1,1,False,-1.0786347395294529,1.0605269289471333,-0.695919144786924,0.28228406919386384,1.0
YTPLMLYBLZKORZ-UHFFFAOYSA-N,-1.3035317689643315,-1.3904395449324738,18,-1.3913878043831123,-1.3913878043831123,-1.42,-1.42,False,5,5,False,-1.4356250980123848,0.1468239602994782,-1.4097737946244813,0.01564880951023942,0.6521362737253512
YTWXDQVNPCIEOX-UHFFFAOYSA-N,-2.585437789047293,-2.585437789047293,2,-2.58733430794857,-2.58733430794857,-2.585437789047293,-2.585437789047293,True,1,1,False,-2.871122344651307,0.7613827475557001,-2.651224289589459,0.2330687281271518,0.9045559346496247
YTZKOQUCBOVLHL-UHFFFAOYSA-N,-0.26166733098038747,-0.43320820640801255,20,-0.43366095270706634,-0.43366095270706634,-0.44,-0.44,True,5,5,False,-0.46005672075970855,0.1206431960612645,-0.43787313579121967,0.01230967673233337,0.570984576163599
YTZLCBMMJHXCMG-UHFFFAOYSA-N,-3.855453292264763,-3.855453292264763,1,-3.85734981116604,-3.85734981116604,-3.855453292264763,-3.855453292264763,False,1,1,False,-4.115278456864636,1.0605269289471333,-3.9130819933951475,0.2822095395248875,1.0
YUAUPYJCVKNAEC-UHFFFAOYSA-N,-7.838135911983201,-7.838135911983201,1,-7.840032430884478,-7.840032430884478,-7.838135911983201,-7.838135911983201,False,1,1,False,-7.859633633058254,1.0605269289471333,-7.880030703782104,0.2822752615798766,1.0
YUBJPYNSGLJZPQ-UHFFFAOYSA-N,-5.689912872993319,-5.689912872993319,1,-5.767346933198417,-5.767346933198417,-5.689912872993319,-5.689912872993319,False,1,1,False,-6.1449168725999215,2.0389244389701053,-6.004431492680307,0.9150913299287342,1.0
YUGWDVYLFSETPE-JLHYYAGUSA-N,-2.8797147946029606,-2.8797147946029606,2,-2.919380084156148,-2.919380084156148,-2.8797147946029606,-2.8797147946029606,True,2,2,False,-3.0837271982304824,0.9638346123868675,-2.656474972111266,0.2742373618696979,1.0
YUIKUTLBPMDDNQ-UHFFFAOYSA-N,-8.808566308652455,-8.808566308652455,1,-8.886000368857554,-8.886000368857554,-8.808566308652455,-8.808566308652455,False,1,1,False,-8.573768492551235,2.0389244389701053,-8.992049433901999,0.9186371350157282,1.0
YUKILTJWFRTXGB-UHFFFAOYSA-N,-2.815607916071958,-2.815607916071958,1,-2.8175044349732348,-2.8175044349732348,-2.815607916071958,-2.815607916071958,False,1,1,False,-3.1376583980853128,1.0605269289471333,-2.877343422787814,0.2822210280076247,1.0
YUWFEBAXEOLKSG-UHFFFAOYSA-N,-2.295666015228846,-2.0407786422162832,3,-2.04267516111756,-2.04267516111756,-2.0407786422162832,-2.0407786422162832,True,2,2,False,-2.477559449655235,0.7231280539469104,-2.139539374468876,0.19663817344539128,0.9978664433799119
YUWYAYLMKPCSHB-UHFFFAOYSA-N,-3.243136181524459,-3.243136181524459,1,-3.2450327004257358,-3.2450327004257358,-3.243136181524459,-3.243136181524459,False,1,1,False,-3.5396029732795378,1.0605269289471333,-3.3031830664151114,0.2822148687695755,1.0
YVBCULSIZWMTFY-UHFFFAOYSA-N,-4.007868068833652,-4.007868068833652,4,-4.007868068833652,-4.007868068833652,-4.007868068833652,-4.007868068833652,False,2,2,False,-4.007581484252772,0.15252950237187504,-4.007871957939595,0.014150097859535145,1.0
YVGGHNCTFXOJCH-UHFFFAOYSA-N,-4.4034295770450536,-4.474729620352215,21,-4.476626139253492,-4.476626139253492,-4.474729620352215,-4.474729620352215,True,3,3,False,-4.691487964130303,0.2459440402558948,-4.5961720280606535,0.06194655872297703,0.41434434781636037
YVJHBXCFAIENBX-UHFFFAOYSA-N,-11.154346731415465,-11.154346731415465,2,-11.194012020968652,-11.194012020968652,-11.154346731415465,-11.154346731415465,False,2,2,False,-11.20808721036626,0.9638346123868675,-11.270125138617319,0.27027820030256505,1.0
YVXHZKKCZYLQOP-UHFFFAOYSA-N,0.6081462833027431,0.6002686076082239,15,0.6012596339113933,0.6012596339113933,0.6,0.6,False,5,5,False,0.5755793322573463,0.12448907492233377,0.6029830945739754,0.012449680971778156,1.0
YVYHOOYMDHZALB-UHFFFAOYSA-N,3.613029374172678,3.613029374172678,1,3.6111328552714013,3.6111328552714013,3.613029374172678,3.613029374172678,False,1,1,False,2.906283239247709,1.0605269289471333,3.5258305292184513,0.28255674838405703,1.0
YWAKXRMUMFPDSH-UHFFFAOYSA-N,1.6607628994722021,1.66,26,1.66,1.66,1.66,1.66,False,5,5,False,1.6372133548269334,0.0899399971766297,1.6662129921731752,0.008234800755855578,0.0667829962333391
YWBVHLJPRPCRSD-UHFFFAOYSA-N,-9.03714190230464,-9.03714190230464,2,-9.076807191857828,-9.076807191857828,-9.03714190230464,-9.03714190230464,False,2,2,False,-9.035276652288054,0.9638346123868675,-8.934817330458596,0.27171560423864266,1.0
YWDUZLFWHVQCHY-UHFFFAOYSA-N,-2.0333015059173216,-2.0327277848551217,4,-2.035315446486441,-2.035315446486441,-2.0327277848551217,-2.0327277848551217,False,3,3,False,-2.38772197670146,0.7264233182696221,-2.0452169175188772,0.08747712035562008,1.0
YWSCPYYRJXKUDB-UHFFFAOYSA-N,-13.47491872206047,-13.47491872206047,2,-13.514584011613659,-13.514584011613659,-13.47491872206047,-13.47491872206047,True,2,2,False,-11.65916255530032,0.9638346123868675,-10.721971057828735,0.28123304340311817,0.1359264777464953
YWTYJOPNNQFBPC-UHFFFAOYSA-N,-15.79429316486784,-15.79429316486784,2,-15.833958454421026,-15.833958454421026,-15.79429316486784,-15.79429316486784,True,2,2,False,-16.699505481631604,0.9638346123868675,-17.566363218711864,0.28569219991740746,0.3652527597836047
YXFVVABEGXRONW-UHFFFAOYSA-N,-0.5645189562783748,-0.7846262406789655,134,-0.7865227595802424,-0.7865227595802424,-0.89,-0.89,True,5,5,False,-0.8205885484610093,0.06333106690007531,-0.8844849389790143,0.00650081329513278,0.026896198282931154
YXMNEYKMHSBVTD-UHFFFAOYSA-N,-7.048065849391671,-7.048065849391671,2,-7.048518595690725,-7.048518595690725,-7.048065849391671,-7.048065849391671,False,2,2,False,-7.160923432640969,0.8775947309896613,-7.058779946734749,0.11862494061745431,1.0
YXMNUPKWUMIZAV-UHFFFAOYSA-N,-4.15306003006008,-4.15306003006008,2,-4.192725319613267,-4.192725319613267,-4.15306003006008,-4.15306003006008,False,2,2,False,-4.511084009206982,0.9638346123868675,-4.2363874559200765,0.27061738953604536,1.0
YXTRCOAFNXQTKL-UHFFFAOYSA-N,-2.0212645071927873,-2.0480308313497133,6,-2.0499273502509903,-2.0499273502509903,-2.0480308313497133,-2.0480308313497133,True,1,1,False,-2.277690438194477,0.4441748617004943,-2.0901131304923553,0.12734730926124777,0.8819440822611015
YXVFYQXJAXKLAK-UHFFFAOYSA-N,-5.562369916640924,-5.562369916640924,1,-5.639803976846022,-5.639803976846022,-5.562369916640924,-5.562369916640924,False,1,1,False,-6.045584605472131,2.0389244389701053,-5.882194272344949,0.9150200504050354,1.0
YXWWHNCQZBVZPV-UHFFFAOYSA-N,-4.808478586492557,-4.846591978374804,5,-4.848488497276081,-4.848488497276081,-4.846591978374804,-4.846591978374804,False,1,1,False,-5.034623327686475,0.48605923627515846,-4.870382355800878,0.1343177646147176,0.9203581324154962
YXZFFTJAHVMMLF-UHFFFAOYSA-N,0.20628986150429104,0.2049469628920209,8,0.20340770254948753,0.20340770254948753,0.2027724665391969,0.2027724665391969,False,5,5,False,0.15724290116165188,0.19987395519672094,0.20173041529525487,0.01942509837309956,1.0
YYLLIJHXUHJATK-UHFFFAOYSA-N,-3.928017190489591,-3.928017190489591,1,-4.005451250694689,-4.005451250694689,-3.928017190489591,-3.928017190489591,False,1,1,False,-4.772727473898764,2.0389244389701053,-4.315687864537511,0.9146067254350801,1.0
YYVYAPXYZVYDHN-UHFFFAOYSA-N,-13.523800255046728,-13.523800255046728,1,-13.601234315251826,-13.601234315251826,-13.523800255046728,-13.523800255046728,False,1,1,False,-12.24605970586735,2.0389244389701053,-13.499005145914207,0.931221625908176,1.0
YYZUSRORWSJGET-UHFFFAOYSA-N,-3.5374266319298897,-3.540391365952753,4,-3.5394003396495837,-3.5394003396495837,-3.540391365952753,-3.540391365952753,True,1,1,False,-3.7718441189106904,0.7691402364010834,-3.8181693484621557,0.09230779544528386,0.19088641691191638
YZANRISAORXTHU-UHFFFAOYSA-N,-2.521744847046388,-2.4777928640651323,6,-2.4796893829664093,-2.4796893829664093,-2.4777928640651323,-2.4777928640651323,True,2,2,False,-2.927297405817701,0.4756471605486157,-2.908521096559828,0.15807797303826743,0.43672834533317606
YZKLGRAIIIGOHB-UHFFFAOYSA-N,-4.211231146219141,-4.211231146219141,2,-4.213127665120418,-4.213127665120418,-4.211231146219141,-4.211231146219141,False,1,1,False,-4.446770848808538,0.7613827475557001,-4.267195213225741,0.19974887749114145,1.0
YZWKKMVJZFACSU-UHFFFAOYSA-N,-0.09942760250059177,-0.1,15,-0.1,-0.1,-0.09,-0.09,False,5,5,False,-0.1289164689701674,0.14228346338561845,-0.09096524458338673,0.013831894008381916,1.0
YZZVKLJKDFFSFL-UHFFFAOYSA-N,-4.637826761031851,-4.637826761031851,2,-4.677492050585038,-4.677492050585038,-4.637826761031851,-4.637826761031851,False,2,2,False,-5.095872517324293,0.9638346123868675,-4.890485357916073,0.27018840389898957,1.0
ZAFNJMIOTHYJRJ-UHFFFAOYSA-N,-0.7636890690651442,-0.5320562658345621,22,-0.5310652395313927,-0.5310652395313927,-0.53,-0.53,True,5,5,False,-0.5910982152526005,0.10547930799936847,-0.5323970633912081,0.009294206177454405,0.12514373515824043
ZAGRQXMWMRUYRB-UHFFFAOYSA-N,-3.594144127300821,-4.382589882917328,3,-4.384486401818605,-4.384486401818605,-4.382589882917328,-4.382589882917328,True,2,2,False,-4.451949609238404,0.7231280539469104,-4.396600474486165,0.19798251101986275,0.6496495837101306
ZAIDIVBQUMFXEC-UHFFFAOYSA-N,-0.021694522609548537,-0.0391194216843885,5,-0.041015940585665454,-0.041015940585665454,-0.0391194216843885,-0.0391194216843885,False,1,1,False,-0.30800887306803587,0.48605923627515846,-0.08163210017567653,0.12807275337650795,1.0
ZAJNGDIORYACQU-UHFFFAOYSA-N,-2.345713094455438,-2.346504557013966,7,-2.3455135307107966,-2.3455135307107966,-2.34,-2.34,False,3,3,False,-2.3860665691167298,0.23000971377142396,-2.3425673218394114,0.025759258822894853,1.0
ZALHPSXXQIPKTQ-UHFFFAOYSA-N,4.131445026554172,4.131445026554172,2,4.091779737000984,4.091779737000984,4.131445026554172,4.131445026554172,True,2,2,False,2.985797790261854,0.9638346123868675,3.486016902395564,0.27234873517413394,1.0
ZAZKJZBWRNNLDS-UHFFFAOYSA-N,-1.4889759233791136,-1.4889759233791136,1,-1.5664099835842116,-1.5664099835842116,-1.4889759233791136,-1.4889759233791136,False,1,1,False,-2.8731674698878282,2.0389244389701053,-1.9780644949405006,0.9157123807445733,1.0
ZBTMRBYMKUEVEU-UHFFFAOYSA-N,-1.3911120475005434,-1.391531772182701,13,-1.3905407458795316,-1.3905407458795316,-1.39,-1.39,False,5,5,False,-1.4139470297025314,0.13206110756635206,-1.3909947134842067,0.013696792289765291,1.0
ZCJLOOJRNPHKAV-UHFFFAOYSA-N,-8.564690669946595,-8.564690669946595,1,-8.566587188847873,-8.566587188847873,-8.564690669946595,-8.564690669946595,False,1,1,False,-8.542710676480977,1.0605269289471333,-8.603711344925125,0.2823060611297867,1.0
ZCJPOPBZHLUFHF-UHFFFAOYSA-N,-9.90987108743032,-9.966869488253783,3,-9.968766007155061,-9.968766007155061,-9.966869488253783,-9.966869488253783,False,2,2,False,-10.092774032276568,0.7231280539469104,-10.020423224110127,0.19536154637950487,1.0
ZCNQYNHDVRPZIH-UHFFFAOYSA-N,-7.795231507795737,-7.795231507795737,1,-7.872665568000835,-7.872665568000835,-7.795231507795737,-7.795231507795737,False,1,1,False,-7.784568947493836,2.0389244389701053,-8.021645574246536,0.9170985425661499,1.0
ZCVAOQKBXKSDMS-UHFFFAOYSA-N,-7.221868588794253,-7.221868588794253,1,-7.22376510769553,-7.22376510769553,-7.221868588794253,-7.221868588794253,False,1,1,False,-7.280244321422708,1.0605269289471333,-7.266199870937962,0.28225369719069154,1.0
ZCXHZKNWIYVQNC-UHFFFAOYSA-N,-1.6165046461813923,-1.6165046461813923,2,-1.6184011650826693,-1.6184011650826693,-1.6165046461813923,-1.6165046461813923,False,1,1,False,-1.932074309764025,0.7613827475557001,-1.6776024355676986,0.19975590861225567,1.0
ZDLMBNHYTPHDLF-UHFFFAOYSA-N,-3.801030367682059,-4.016552228946312,4,-4.0184487478475885,-4.0184487478475885,-4.016552228946312,-4.016552228946312,True,2,2,False,-4.341074168156178,0.6032128259600282,-4.263161194344933,0.18320906001181334,0.6599958737023891
ZDOOQPFIGYHZFV-UHFFFAOYSA-N,-7.593030506494605,-7.593030506494605,1,-7.594927025395882,-7.594927025395882,-7.593030506494605,-7.593030506494605,False,1,1,False,-7.629195563700083,1.0605269289471333,-7.635894488018039,0.28226618403526765,1.0
ZDPHROOEEOARMN-UHFFFAOYSA-N,-6.282934837170723,-6.282934837170723,1,-6.360368897375821,-6.360368897375821,-6.282934837170723,-6.282934837170723,False,1,1,False,-6.606770806701635,2.0389244389701053,-6.572746887557831,0.9154975686077514,1.0
ZDWSNKPLZUXBPE-UHFFFAOYSA-N,-3.985053404996504,-3.985053404996504,1,-4.0624874652016025,-4.0624874652016025,-3.985053404996504,-3.985053404996504,False,1,1,False,-4.817148088391226,2.0389244389701053,-4.370358376694563,0.914605580082921,1.0
ZDXPYRJPNDTMRX-UHFFFAOYSA-N,-9.413303164765331,-9.413303164765331,1,-9.415199683666607,-9.415199683666607,-9.413303164765331,-9.413303164765331,False,1,1,False,-9.340541407914394,1.0605269289471333,-9.448964250010764,0.28234941763917093,1.0
ZDYJWDIWLRZXDB-UHFFFAOYSA-N,-4.258333640836812,-4.258333640836812,1,-4.260230159738089,-4.260230159738089,-4.258333640836812,-4.258333640836812,False,1,1,False,-4.4940500695192975,1.0605269289471333,-4.314371377997798,0.2822082756407683,1.0
ZEATXTCWXKQPHO-UHFFFAOYSA-N,-3.9883572812730685,-3.9883572812730685,2,-3.9902538001743455,-3.9902538001743455,-3.9883572812730685,-3.9883572812730685,False,1,1,False,-4.230771152187253,0.7613827475557001,-4.044762344320363,0.19975207875635506,1.0
ZEMGGZBWXRYJHK-UHFFFAOYSA-N,-7.857043485681915,-7.857043485681915,1,-7.934477545887013,-7.934477545887013,-7.857043485681915,-7.857043485681915,False,1,1,False,-7.832708994382217,2.0389244389701053,-8.080850778004507,0.9171815280494641,1.0
ZEOVXNVKXIPWMS-UHFFFAOYSA-N,-0.4481325757040173,-0.3709830784990734,9,-0.37287959740035037,-0.37287959740035037,-0.3709830784990734,-0.3709830784990734,False,2,2,False,-0.6672248161838871,0.4127465400599846,-0.5344938631282803,0.06249792126625309,0.7556487918788901
ZERULLAPCVRMCO-UHFFFAOYSA-N,-1.273714204866093,-1.282392025344842,12,-1.2814009990416726,-1.2814009990416726,-1.275,-1.275,False,5,5,False,-1.3025098415487744,0.14603877760435782,-1.2803380424348614,0.013943228116436624,1.0
ZEYHEAKUIGZSGI-UHFFFAOYSA-N,-6.726403054399144,-6.726403054399144,1,-6.803837114604242,-6.803837114604242,-6.726403054399144,-6.726403054399144,False,1,1,False,-6.9521501571277655,2.0389244389701053,-6.997690712274144,0.9158823375221503,1.0
ZFFMLCVRJBZUDZ-UHFFFAOYSA-N,2.356362944048331,2.346504557013966,14,2.344608038112689,2.344608038112689,2.465,2.465,False,5,5,False,2.312796995154798,0.18507806288027973,2.3470932481342004,0.024741783045328297,0.07936043098278507
ZFHGXWPMULPQSE-SZGBIDFHSA-N,-1.232741115341482,-1.232741115341482,2,-1.2724064048946695,-1.2724064048946695,-1.232741115341482,-1.232741115341482,False,2,2,False,-1.9329171825353748,0.9638346123868675,-1.599868582238074,0.2704836974965567,1.0
ZFLIKDUSUDBGCD-UHFFFAOYSA-N,-10.412530053305003,-10.412530053305003,1,-10.489964113510101,-10.489964113510101,-10.412530053305003,-10.412530053305003,False,1,1,False,-9.82295825342607,2.0389244389701053,-10.527008404312229,0.9218729791288977,1.0
ZFRKQXVRDFCRJG-UHFFFAOYSA-N,-5.060603583280472,-5.91,9,-5.91,-5.91,-5.91,-5.91,True,4,4,False,-5.861686241053512,0.12699761668443293,-5.9084113956762225,0.010711921582691273,0.001831107651480249
ZFSLODLOARCGLH-UHFFFAOYSA-N,-8.016438443977714,-8.016438443977714,1,-8.093872504182812,-8.093872504182812,-8.016438443977714,-8.016438443977714,False,1,1,False,-7.956848053324173,2.0389244389701053,-8.233516960932285,0.9174019825682229,1.0
ZFTBZKVVGZNMJR-UHFFFAOYSA-N,-11.880380616068976,-11.880380616068976,2,-11.919097646171526,-11.919097646171526,-13.599426386233269,-13.599426386233269,True,2,2,False,-13.444454089719734,0.4027336709368692,-13.598168538684446,0.028285167678125694,0.39862956389819926
ZFXYFBGIUFBOJW-UHFFFAOYSA-N,-8.352753159911304,-8.352753159911304,1,-8.430187220116402,-8.430187220116402,-8.352753159911304,-8.352753159911304,False,1,1,False,-8.218774734009076,2.0389244389701053,-8.555601152652136,0.9178978480607126,1.0
ZGEGCLOFRBLKSE-UHFFFAOYSA-N,1.3660447769163677,1.664381139277348,11,1.6653721655805174,1.6653721655805174,1.66,1.66,True,4,4,False,1.5182138441379758,0.2173376567120123,1.6584594612012187,0.02552836307584493,0.009568115769692862
ZGHQUYZPMWMLBM-UHFFFAOYSA-N,-2.6992004990938887,-3.041108088918735,5,-3.043004607820012,-3.043004607820012,-3.041108088918735,-3.041108088918735,True,2,2,False,-3.204247384808514,0.5282086176564232,-3.0320700882141267,0.14159300701814825,0.9678505803170426
ZGJCTUKRTSBTIQ-UHFFFAOYSA-N,3.6403143108821423,3.6403143108821423,1,3.6384177919808653,3.6384177919808653,3.6403143108821423,3.6403143108821423,False,1,1,False,2.9319354198895646,1.0605269289471333,3.5530069153569817,0.28255915332997916,1.0
ZHBBDTRJIVXKEX-UHFFFAOYSA-N,-2.626991188779836,-2.65678975210238,6,-2.6964550416555673,-2.6964550416555673,-2.65678975210238,-2.65678975210238,False,2,2,False,-2.9126003197373307,0.4756471605486157,-2.6980861474672393,0.12731427172571694,1.0
ZHKKNUKCXPWZOP-UHFFFAOYSA-N,3.9233701505812935,3.9233701505812935,1,3.924361176884463,3.924361176884463,3.9233701505812935,3.9233701505812935,False,1,1,False,2.7638112472761085,1.4704237627620684,3.913392174252269,0.13061039325216237,1.0
ZHLICBPIXDOFFG-UHFFFAOYSA-N,-3.1437210969862943,-3.1437210969862943,1,-3.1456176158875713,-3.1456176158875713,-3.1437210969862943,-3.1437210969862943,False,1,1,False,-3.4461369801473714,1.0605269289471333,-3.2041606256019444,0.2822161220609836,1.0
ZIBGPFATKBEMQZ-UHFFFAOYSA-N,-10.788849734044742,-10.788849734044742,1,-10.86628379424984,-10.86628379424984,-10.788849734044742,-10.788849734044742,False,1,1,False,-10.116041369277669,2.0389244389701053,-10.88690815226814,0.9227804473800361,1.0
ZINJLDJMHCUBIP-UHFFFAOYSA-N,-16.861094672403862,-16.861094672403862,1,-16.938528732608958,-16.938528732608958,-16.861094672403862,-16.861094672403862,False,1,1,False,-14.845192029827922,2.0389244389701053,-16.674314508978533,0.9466781487067646,1.0
ZISSAWUMDACLOM-UHFFFAOYSA-N,2.92213121066587,2.721244887893734,4,2.719348368992457,2.719348368992457,2.721244887893734,2.721244887893734,True,2,2,False,2.3593081282260697,0.6032128259600282,2.667308872770447,0.1608485247969256,1.0
ZIUSEGSNTOUIPT-UHFFFAOYSA-N,-6.72253707332795,-6.72253707332795,1,-6.724433592229227,-6.724433592229227,-6.72253707332795,-6.72253707332795,False,1,1,False,-6.810793269682855,1.0605269289471333,-6.768841775598057,0.2822392891429354,1.0
ZJMWRROPUADPEA-UHFFFAOYSA-N,-0.1596560673061015,-0.3397935942171211,18,-0.34169011311839803,-0.34169011311839803,-0.44966539196940725,-0.44966539196940725,True,5,5,False,-0.45345825589086564,0.12662108193260058,-0.44649741751829564,0.013764172994885172,0.463283569150974
ZJMZZNVGNSWOOM-UHFFFAOYSA-N,-9.41452625012778,-9.343115876575936,5,-9.347261449240843,-9.347261449240843,-9.343115876575936,-9.343115876575936,False,3,3,False,-9.5530359268021,0.5627608353377608,-9.6171555040483,0.12544825111901362,0.6590835427709383
ZJRUTGDCLVIVRD-UHFFFAOYSA-N,-11.473823163924514,-11.473823163924514,1,-11.47571968282579,-11.47571968282579,-11.473823163924514,-11.473823163924514,False,1,1,False,-11.27775796800464,1.0605269289471333,-11.501311587696437,0.28248796248110086,1.0
ZKFARSBUEBZZJT-UHFFFAOYSA-N,-9.57825256612213,-9.57825256612213,1,-9.580149085023407,-9.580149085023407,-9.57825256612213,-9.57825256612213,False,1,1,False,-9.495620083207891,1.0605269289471333,-9.61326025482476,0.282358770436332,1.0
ZKXDGKXYMTYWTB-UHFFFAOYSA-N,-8.538380912882367,-8.538380912882367,1,-8.540277431783643,-8.540277431783643,-8.538380912882367,-8.538380912882367,False,1,1,False,-8.517975319824613,1.0605269289471333,-8.57750569822361,0.28230484417563734,1.0
ZLAQATDNGLKIEV-UHFFFAOYSA-N,-7.230711776781126,-7.230711776781126,1,-7.308145836986224,-7.308145836986224,-7.230711776781126,-7.230711776781126,False,1,1,False,-7.344912957670933,2.0389244389701053,-7.480871065876013,0.9164049335840933,1.0
ZLCSFXXPPANWQY-UHFFFAOYSA-N,3.141539936944812,3.141539936944812,1,3.064105876739714,3.064105876739714,3.141539936944812,3.141539936944812,False,1,1,False,0.7331440939300887,2.0389244389701053,2.454672527587237,0.9237614292846539,1.0
ZLGYJAIAVPVCNF-UHFFFAOYSA-N,-3.6006815642432457,-3.6006815642432457,2,-3.6025780831445227,-3.6025780831445227,-3.6006815642432457,-3.6006815642432457,False,1,1,False,-3.85505263855111,0.7613827475557001,-3.6578535536049586,0.19974969895339434,1.0
ZLIBICFPKPWGIZ-UHFFFAOYSA-N,-7.960299015007035,-7.960299015007035,2,-7.999964304560223,-7.999964304560223,-7.960299015007035,-7.960299015007035,False,2,2,False,-8.129966353823104,0.9638346123868675,-8.02948578486468,0.270461785049125,1.0
ZMANZCXQSJIPKH-UHFFFAOYSA-N,-2.5439160039460353,-3.0300732053567985,21,-3.03,-3.03,-3.023422562141491,-3.023422562141491,True,5,5,False,-2.687137462247076,0.11321798247777301,-3.037790513941416,0.012353341354698606,0.00020256904061120265
ZMEDGZAGMLTROM-UHFFFAOYSA-N,3.531174564044284,3.531174564044284,1,3.5292780451430072,3.5292780451430072,3.531174564044284,3.531174564044284,False,1,1,False,2.8293266973221396,1.0605269289471333,3.4443013376248324,0.282549583796203,1.0
ZMFNQNZKRXIAGJ-UHFFFAOYSA-N,-3.6834664557777375,-3.6834664557777375,1,-3.682475429474568,-3.682475429474568,-3.6834664557777375,-3.6834664557777375,False,1,1,False,-3.9679527961062067,1.4704237627620684,-3.687009810401597,0.13057281763691317,1.0
ZMHWQAHZKUPENF-UHFFFAOYSA-N,-2.8271407753489917,-2.7932041393864777,3,-2.7951006582877547,-2.7951006582877547,-2.7932041393864777,-2.7932041393864777,False,2,2,False,-3.234347053501894,0.7231280539469104,-2.9864986365975175,0.19941194892218264,1.0
ZMRFCSWFCKICQE-UHFFFAOYSA-N,-2.747642904251361,-2.747642904251361,2,-2.787308193804548,-2.787308193804548,-2.747642904251361,-2.747642904251361,False,2,2,False,-3.1749854149776775,0.9638346123868675,-2.835910509082571,0.2707073125339438,1.0
ZMWGIGHRZQTQRE-UHFFFAOYSA-N,-7.076560107257426,-7.076560107257426,1,-7.078456626158703,-7.078456626158703,-7.076560107257426,-7.076560107257426,False,1,1,False,-7.143631234983569,1.0605269289471333,-7.121465729748727,0.2822492215279824,1.0
ZMXDDKWLCZADIW-UHFFFAOYSA-N,-6.935222520310492,-6.711355611031718,20,-6.713252129932995,-6.713252129932995,-6.355,-6.355,True,5,5,False,-7.064972000952741,0.1720495247336544,-7.774726599903844,0.02796389746442571,0.0006047372924881533
ZMXIYERNXPIYFR-UHFFFAOYSA-N,-2.347617577330352,-2.4010744304328955,20,-2.400083404129726,-2.400083404129726,-2.4,-2.4,False,5,5,False,-2.411829765887894,0.12295529611780613,-2.4019007976951663,0.012190959138555368,0.4215070472234308
ZMYFCFLJBGAQRS-UHFFFAOYSA-N,-13.24471506477596,-13.24471506477596,1,-13.322149124981058,-13.322149124981058,-13.24471506477596,-13.24471506477596,False,1,1,False,-12.02870419315059,2.0389244389701053,-13.232788361086808,0.9302023118734654,1.0
ZMYIIHDQURVDRB-UHFFFAOYSA-N,-1.8230493126013751,-1.8230493126013751,1,-1.9004833728064732,-1.9004833728064732,-1.8230493126013751,-1.8230493126013751,False,1,1,False,-3.1333485734748066,2.0389244389701053,-2.2981933660324985,0.9154380588764323,1.0
ZNOLGFHPUIJIMJ-UHFFFAOYSA-N,-5.23385437680953,-6.027996066375972,7,-6.028979986488535,-6.028979986488535,-6.027996066375972,-6.027996066375972,True,3,3,False,-5.279610992116938,0.45504502398917196,-6.01457442162795,0.09597956511350182,0.017349422026555043
ZNQVEEAIQZEUHB-UHFFFAOYSA-N,-6.399467604336987,-6.65,12,-6.65,-6.65,-6.608059273422562,-6.608059273422562,True,5,5,False,-6.6355216451874455,0.13303437734872076,-6.620718162426576,0.01504491340822455,0.39978659145063317
ZNSMNVMLTJELDZ-UHFFFAOYSA-N,-4.308432614110008,-4.308432614110008,1,-4.310329133011285,-4.310329133011285,-4.308432614110008,-4.308432614110008,False,1,1,False,-4.5411510734930305,1.0605269289471333,-4.364272513847406,0.2822082428880872,1.0
ZOCHHNOQQHDWHG-UHFFFAOYSA-N,-3.85130994945734,-4.062727784855122,16,-4.062232271703537,-4.062232271703537,-4.0675239005736135,-4.0675239005736135,True,4,4,False,-3.7245641651466443,0.11931283680192196,-4.065468311602661,0.013867345293473268,0.0024593326718613377
ZOCSXAVNDGMNBV-UHFFFAOYSA-N,-8.521122738880344,-8.521122738880344,2,-8.560788028433532,-8.560788028433532,-8.521122738880344,-8.521122738880344,True,2,2,False,-9.663798029551282,0.9638346123868675,-10.119779889008738,0.282461079763076,0.4318574988168251
ZOGDSYNXUXQGHF-UHFFFAOYSA-N,-10.227358314026318,-10.227358314026318,1,-10.229254832927595,-10.229254832927595,-10.227358314026318,-10.227358314026318,False,1,1,False,-10.105882737587795,1.0605269289471333,-10.259793446587112,0.28239850681313206,1.0
ZOJBYZNEUISWFT-UHFFFAOYSA-N,-2.737409448935694,-2.737409448935694,1,-2.739305967836971,-2.739305967836971,-2.737409448935694,-2.737409448935694,False,1,1,False,-3.0641394001761153,1.0605269289471333,-2.7994538442908175,0.28222237156384405,1.0
ZOKXUAHZSKEQSS-UHFFFAOYSA-N,-6.541014436764619,-6.712792773192384,4,-6.713369151664896,-6.713369151664896,-6.712792773192384,-6.712792773192384,True,3,3,False,-6.885316046630574,0.6562977178022762,-6.726306715538247,0.108715556726179,1.0
ZOMSMJKLGFBRBS-UHFFFAOYSA-N,-11.74998041899014,-12.25349482726562,3,-12.330928887470717,-12.330928887470717,-12.25349482726562,-12.25349482726562,True,2,2,False,-11.670973865806351,0.7231280539469104,-13.384665597770288,0.28240660845775756,0.03230331011495366
ZOTBXTZVPHCKPN-UHFFFAOYSA-N,-9.203894754122171,-9.203894754122171,2,-9.243560043675359,-9.243560043675359,-9.203894754122171,-9.203894754122171,False,2,2,False,-9.287594039224386,0.9638346123868675,-9.234316208159639,0.2706176067061627,1.0
ZOUXTTNTFFBAQN-UHFFFAOYSA-N,4.367658655411752,4.367658655411752,1,4.368649681714921,4.368649681714921,4.367658655411752,4.367658655411752,False,1,1,False,3.1569898491676662,1.4704237627620684,4.357304404049486,0.13061454899524091,1.0
ZOWSJJBOQDKOHI-UHFFFAOYSA-N,-1.571582944550734,-1.571582944550734,1,-1.5705919182475647,-1.5705919182475647,-1.571582944550734,-1.571582944550734,False,1,1,False,-2.0990153888263783,1.4704237627620684,-1.5769117663848635,0.13057689893040833,1.0
ZPAKPRAICRBAOD-UHFFFAOYSA-N,-3.9304233504746375,-3.9304233504746375,1,-4.007857410679735,-4.007857410679735,-3.9304233504746375,-3.9304233504746375,False,1,1,False,-4.774601425492975,2.0389244389701053,-4.317994223336038,0.9146066543996756,1.0
ZPOBHUZRVVTGKB-UHFFFAOYSA-N,-2.666105253152137,-2.666105253152137,1,-2.743539313357235,-2.743539313357235,-2.666105253152137,-2.666105253152137,False,1,1,False,-3.789932522015892,2.0389244389701053,-3.106154762347856,0.9149200711379215,1.0
ZPQAKYPOZRXKFA-UHFFFAOYSA-N,-2.7242645933063017,-2.7242645933063017,1,-2.7261611122075786,-2.7261611122075786,-2.7242645933063017,-2.7242645933063017,False,1,1,False,-3.051781144970805,1.0605269289471333,-2.7863609125061277,0.2822226039995128,1.0
ZPQOPVIELGIULI-UHFFFAOYSA-N,-0.9298410098783223,-1.132324873442786,33,-1.1313338471396166,-1.1313338471396166,-0.98,-0.98,True,5,5,False,-1.0662802365810915,0.12066772032963965,-0.9930060872772646,0.012352988684212734,0.0024994391097070572
ZPTVNYMJQHSSEA-UHFFFAOYSA-N,-4.401179249921773,-4.294509258119567,3,-4.296405777020844,-4.296405777020844,-4.294509258119567,-4.294509258119567,True,2,2,False,-4.851820193652771,0.7231280539469104,-4.6508222008229,0.21973429125657828,0.93362172097075
ZPUCINDJVBIVPJ-LJISPDSOSA-N,-11.937537463859154,-11.937537463859154,2,-11.977202753412342,-11.977202753412342,-11.937537463859154,-11.937537463859154,False,2,2,False,-11.919813955990174,0.9638346123868675,-12.005044307317977,0.2703845588903606,1.0
ZPVFWPFBNIEHGJ-UHFFFAOYSA-N,-2.630397516653269,-2.88,24,-2.880457341749805,-2.880457341749805,-2.88,-2.88,True,5,5,False,-2.884127272568991,0.10508132200076861,-2.88405033996648,0.010472862843966027,0.0029075531276000137
ZQCCHNBMSHOJAT-UHFFFAOYSA-N,-1.8475571518681968,-1.8475571518681968,1,-1.9249912120732948,-1.9249912120732948,-1.8475571518681968,-1.8475571518681968,False,1,1,False,-3.1524356270166005,2.0389244389701053,-2.3216791872365867,0.915419484518164,1.0
ZQDPJFUHLCOCRG-AATRIKPKSA-N,2.0599634018487425,2.0599634018487425,2,2.020298112295555,2.020298112295555,2.0599634018487425,2.0599634018487425,True,2,2,False,1.1222479479539105,0.9638346123868675,1.5755567364497607,0.27106683560457595,1.0
ZQDPJFUHLCOCRG-WAYWQWQTSA-N,1.6075865260270203,1.6075865260270203,1,1.6056900071257434,1.6056900071257434,1.6075865260270203,1.6075865260270203,False,1,1,False,1.0208479620712576,1.0605269289471333,1.528352264362761,0.2824028254747668,1.0
ZQEIXNIJLIKNTD-UHFFFAOYSA-N,-10.09539079698869,-10.069489232201402,4,-10.071385751102678,-10.071385751102678,-10.069489232201402,-10.069489232201402,True,2,2,False,-10.094725241149321,0.6032128259600282,-9.683053445090447,0.1924579508406564,0.3222778743802174
ZQUPQXINXTWCQR-UHFFFAOYSA-N,-2.831850716979776,-2.6524627847974047,3,-2.7298968450025027,-2.7298968450025027,-2.6524627847974047,-2.6524627847974047,True,2,2,False,-3.232565320326976,0.7231280539469104,-3.3122839430102027,0.27899200217082637,0.31076486327302755
ZQWPRMPSCMSAJU-UHFFFAOYSA-N,-3.3011080063839238,-3.3014773418452315,4,-3.300486315542062,-3.300486315542062,-3.3,-3.3,False,2,2,False,-3.319325239532725,0.24382352465348642,-3.300582986859138,0.026483903649094698,1.0
ZRDUSMYWDRPZRM-UHFFFAOYSA-N,-7.047686747624394,-7.047686747624394,1,-7.049583266525671,-7.049583266525671,-7.047686747624394,-7.047686747624394,False,1,1,False,-7.1164856841277775,1.0605269289471333,-7.0927064873431505,0.28224835985384394,1.0
ZRKMQKLGEQPLNS-UHFFFAOYSA-N,-0.3856755095846966,-0.3856755095846966,2,-0.38757202848597355,-0.38757202848597355,-0.3856755095846966,-0.3856755095846966,False,1,1,False,-0.7392080211937933,0.7613827475557001,-0.44926739323866244,0.2000107032064425,1.0
ZRSNZINYAWTAHE-UHFFFAOYSA-N,-6.691596529293673,-6.785932789454835,6,-6.787829308356111,-6.787829308356111,-6.785932789454835,-6.785932789454835,True,2,2,False,-7.046245306765654,0.4756471605486157,-6.894016082473755,0.13320141452064704,0.9130716924039526
ZRTXVJYJVBTXHE-UHFFFAOYSA-N,3.653956779236875,3.653956779236875,1,3.652060260335598,3.652060260335598,3.653956779236875,3.653956779236875,False,1,1,False,2.944761510210493,1.0605269289471333,3.5665951063415755,0.28256035894439463,1.0
ZRVPDCMGGOSDKG-UHFFFAOYSA-N,-4.676273391066964,-4.676273391066964,2,-4.715938680620152,-4.715938680620152,-4.676273391066964,-4.676273391066964,True,2,2,False,-4.737074284851587,0.9638346123868675,-4.363764412180597,0.27494386791079073,0.9604074652387892
ZRWRPGGXCSSBAO-UHFFFAOYSA-N,-2.529680569604814,-2.529680569604814,1,-2.607114629809912,-2.607114629809912,-2.529680569604814,-2.529680569604814,False,1,1,False,-3.6836830395160103,2.0389244389701053,-2.975401487163403,0.9149870485878906,1.0
ZSDSQXJSNMTJDA-UHFFFAOYSA-N,-3.406950402219021,-3.4301889319938077,7,-3.5076229921989057,-3.5076229921989057,-3.4301889319938077,-3.4301889319938077,False,2,2,False,-3.6697363274708956,0.4361871210788301,-3.464673449505203,0.12030710487115111,1.0
ZSIAUFGUXNUGDI-UHFFFAOYSA-N,-3.691087828216629,-4.311020000095426,35,-4.310028973792257,-4.310028973792257,-4.362122370936903,-4.362122370936903,True,5,5,False,-4.294144082665956,0.09050615515343884,-4.364995973778462,0.008988445446843086,0.0013178230065226894
ZSIQJIWKELUFRJ-UHFFFAOYSA-N,-4.910364175850342,-4.910233213985668,4,-4.909737700834084,-4.909737700834084,-4.909177820267686,-4.909177820267686,False,3,3,False,-4.9173208200101834,0.17574183038105765,-4.909564532975859,0.019722109298556723,1.0
ZSWFCLXCOIISFI-UHFFFAOYSA-N,-1.4765979438871324,-1.4765979438871324,2,-1.4775462033377709,-1.4775462033377709,-1.4818355640535372,-1.4818355640535372,False,2,2,False,-1.5030510178080452,0.24671514835395747,-1.482395986306718,0.028145060803627518,1.0
ZTEHOZMYMCEYRM-UHFFFAOYSA-N,3.8823477188207782,3.8823477188207782,1,3.8833387451239476,3.8833387451239476,3.8823477188207782,3.8823477188207782,False,1,1,False,2.727507939424499,1.4704237627620684,3.872404481458232,0.1306100204868554,1.0
ZTMKADLOSYKWCA-UHFFFAOYSA-N,-11.599505071878308,-11.599505071878308,2,-11.639170361431496,-11.639170361431496,-11.599505071878308,-11.599505071878308,False,2,2,False,-11.588700542990741,0.9638346123868675,-11.654605984224187,0.2704267332676837,1.0
ZTNANFDSJRRZRJ-UHFFFAOYSA-N,0.2992574191712975,0.2992574191712975,1,0.22182335896619948,0.22182335896619948,0.2992574191712975,0.2992574191712975,False,1,1,False,-1.48046592721496,2.0389244389701053,-0.26502398207810907,0.9178607274516449,1.0
ZTQSAGDEMFDKMZ-UHFFFAOYSA-N,-2.9814760767229243,-3.17869512665264,35,-3.177704100349471,-3.177704100349471,-3.18,-3.18,True,5,5,False,-3.1854285307138306,0.09029814674319979,-3.1851493274538347,0.008059370115592063,0.0024078653440470217
ZUBZATZOEPUUQF-UHFFFAOYSA-N,3.8757505823789375,3.8757505823789375,2,3.83608529282575,3.83608529282575,3.8757505823789375,3.8757505823789375,True,2,2,False,2.7735037023652778,0.9638346123868675,3.276625972751068,0.2719225968984796,1.0
ZUOUZKKEUPVFJK-UHFFFAOYSA-N,-2.5193037889013064,-2.607615102388498,41,-2.6223674254984495,-2.6223674254984495,-2.6434034416826004,-2.6434034416826004,True,5,5,False,-2.6601409281929658,0.10320894867679072,-2.6452279584042846,0.01069631088187518,0.20184897042034938
ZUTDUGMNROUBOX-UHFFFAOYSA-N,-1.438283101226226,-1.438283101226226,1,-1.515717161431324,-1.515717161431324,-1.438283101226226,-1.438283101226226,False,1,1,False,-2.8336871795169545,2.0389244389701053,-1.9294898987599787,0.9157574557496656,1.0
ZVFDTKUVRCTHQE-UHFFFAOYSA-N,-5.925236930927857,-5.925236930927857,1,-5.927133449829134,-5.927133449829134,-5.925236930927857,-5.925236930927857,False,1,1,False,-6.0612043116285585,1.0605269289471333,-5.974691575812468,0.28222196297258795,1.0
ZVFHTYGIYIXYOJ-UHFFFAOYSA-N,-2.1340489873175756,-2.1340489873175756,1,-2.2114830475226737,-2.2114830475226737,-2.1340489873175756,-2.1340489873175756,False,1,1,False,-3.375559540266353,2.0389244389701053,-2.59623263948102,0.9152180121835936,1.0
ZVJHJDDKYZXRJI-UHFFFAOYSA-N,-4.890861265118023,-4.890861265118023,1,-4.8927577840193,-4.8927577840193,-4.890861265118023,-4.890861265118023,False,1,1,False,-5.088726650660036,1.0605269289471333,-4.944401169667985,0.28220988179657164,1.0
ZWEHNKRNPOVVGH-UHFFFAOYSA-N,-3.416646734451353,-3.5879691772946107,106,-3.5888932976082275,-3.5888932976082275,-3.64,-3.64,True,5,5,False,-3.6338657143135915,0.07345911067785138,-3.634206269446277,0.00749830115598835,0.06536802770335191
ZWJINEZUASEZBH-UHFFFAOYSA-N,-2.76520686849872,-2.76520686849872,1,-2.842640928703818,-2.842640928703818,-2.76520686849872,-2.76520686849872,False,1,1,False,-3.867114268542167,2.0389244389701053,-3.2011380539962357,0.9148754801751742,1.0
ZWLPBLYKEWSWPD-UHFFFAOYSA-N,-7.128699530240228,-7.128699530240228,1,-7.206133590445326,-7.206133590445326,-7.128699530240228,-7.128699530240228,False,1,1,False,-7.265464370202808,2.0389244389701053,-7.383138643597041,0.9162918752382387,1.0
ZWPVHELAQPIZHO-UHFFFAOYSA-N,-2.6983439490639185,-2.710821526606169,4,-2.712718045507446,-2.712718045507446,-2.710821526606169,-2.710821526606169,False,2,2,False,-3.0511234840193,0.6032128259600282,-2.8220011832030867,0.1630876638800247,1.0
ZWRUINPWMLAQRD-UHFFFAOYSA-N,-3.280149914284106,-3.888103481098723,16,-3.887112454795554,-3.887112454795554,-3.88,-3.88,True,4,4,False,-3.809529742801437,0.20753795197322383,-3.8775947020464363,0.0250333753589509,0.020854541845562017
ZXAGXLDEMUNQSH-UHFFFAOYSA-N,0.0435154052600461,0.0435154052600461,1,-0.03391865494505192,-0.03391865494505192,0.0435154052600461,0.0435154052600461,False,1,1,False,-1.6796414424150548,2.0389244389701053,-0.509943122645973,0.9174821460088366,1.0
ZXEKIIBDNHEJCQ-UHFFFAOYSA-N,-4.3057567898204505,-4.502014557061679,42,-4.50102353075851,-4.50102353075851,-4.52,-4.52,True,5,5,False,-4.497992156304658,0.09724543510618336,-4.514291721240934,0.00923574550349742,0.23393184797742833
ZXFXBSWRVIQKOD-UHFFFAOYSA-N,-4.0826672460433295,-4.137134640644015,7,-4.139031159545292,-4.139031159545292,-4.137134640644015,-4.137134640644015,False,2,2,False,-4.3506291814981175,0.4361871210788301,-4.1572317890840536,0.11634188594830522,1.0
ZXIJMRYMVAMXQP-UHFFFAOYSA-N,-0.0471276806193508,-0.0471276806193508,1,-0.12456174082444882,-0.12456174082444882,-0.0471276806193508,-0.0471276806193508,False,1,1,False,-1.750235565974356,2.0389244389701053,-0.5967565734653543,0.9173537594814447,1.0
ZXKRJDVULNWTML-UHFFFAOYSA-N,-6.354085118660223,-6.354085118660223,1,-6.3559816375615,-6.3559816375615,-6.354085118660223,-6.354085118660223,False,1,1,False,-6.464389823722027,1.0605269289471333,-6.401845631632468,0.2822304146491376,1.0
ZXNBBWHRUSXUFZ-UHFFFAOYSA-N,-3.888103481098723,-3.888103481098723,1,-3.89,-3.89,-3.888103481098723,-3.888103481098723,False,1,1,False,-4.145974827938458,1.0605269289471333,-3.945603245581545,0.2822093708250119,1.0
ZXQYGBMAQZUVMI-UNOMPAQXSA-N,-5.985091256197033,-5.985091256197033,2,-6.02475654575022,-6.02475654575022,-5.985091256197033,-5.985091256197033,True,2,2,False,-6.049768970025141,0.9638346123868675,-5.770794332464673,0.27345092550657035,1.0
ZXVONLUNISGICL-UHFFFAOYSA-N,-4.969842237376647,-5.787713951063818,3,-5.789610469965095,-5.789610469965095,-5.787713951063818,-5.787713951063818,True,2,2,False,-6.12689773626156,0.7231280539469104,-6.102910996811058,0.24406384099731,0.3523846736699452
ZYGHJZDHTFUPRJ-UHFFFAOYSA-N,-6.749846593069666,-6.749846593069666,2,-6.789511882622854,-6.789511882622854,-6.749846593069666,-6.749846593069666,False,2,2,False,-7.014860169172214,0.9638346123868675,-6.8727155228620616,0.27027864363532045,1.0
ZYNDJIBBPLNPOW-KHPPLWFESA-N,-1.5108770051312723,-1.5108770051312723,1,-1.5883110653363703,-1.5883110653363703,-1.5108770051312723,-1.5108770051312723,False,1,1,False,-2.890224343628329,2.0389244389701053,-1.9990506211664305,0.9156931884467844,1.0
ZYVYEJXMYBUCMN-UHFFFAOYSA-N,-1.4225997898045737,-1.4214945024281116,6,-1.4233910213293886,-1.4233910213293886,-1.4214945024281116,-1.4214945024281116,False,3,3,False,-1.727786886828938,0.5294888151993109,-1.4390953181964077,0.08023577474872225,1.0
ZYWUVGFIXPNBDL-UHFFFAOYSA-N,-5.737573770370676,-5.737573770370676,1,-5.739470289271953,-5.739470289271953,-5.737573770370676,-5.737573770370676,False,1,1,False,-5.884771089675559,1.0605269289471333,-5.7877696755925845,0.2822188995207711,1.0
ZZCSBXFJFLSDRR-UHFFFAOYSA-N,-5.5142744308627085,-5.5142744308627085,1,-5.5917084910678065,-5.5917084910678065,-5.5142744308627085,-5.5142744308627085,False,1,1,False,-6.008127157584827,2.0389244389701053,-5.836098910394189,0.914994645375506,1.0
ZZYSLNWGKKDOML-UHFFFAOYSA-N,-7.9308084632196465,-7.9308084632196465,1,-8.008242523424745,-8.008242523424745,-7.9308084632196465,-7.9308084632196465,False,1,1,False,-7.89015820728276,2.0389244389701053,-8.151503015148007,0.9172823915084866,1.0
